,allpair,ligpair,recpair,LRScore,type_gene_A,type_gene_B,gene_A,gene_B,source,target,cellpair,interaction_type
113,BCells/Fn1|L@BCells/Cd79a|R,BCells/Fn1|L,BCells/Cd79a|R,1.2374537,Ligand,Receptor,Fn1|L,Cd79a|R,BCells,BCells,BCells@BCells,LR
115,BCells/Fn1|L@OsteoCAR/Sdc2|R,BCells/Fn1|L,OsteoCAR/Sdc2|R,0.6372901,Ligand,Receptor,Fn1|L,Sdc2|R,BCells,OsteoCAR,BCells@OsteoCAR,LR
182,BCells/Lamc1|L@Fibro/Dag1|R,BCells/Lamc1|L,Fibro/Dag1|R,0.28423554,Ligand,Receptor,Lamc1|L,Dag1|R,BCells,Fibro,BCells@Fibro,LR
189,BCells/Lamc1|L@OsteoCAR/Dag1|R,BCells/Lamc1|L,OsteoCAR/Dag1|R,0.3926493,Ligand,Receptor,Lamc1|L,Dag1|R,BCells,OsteoCAR,BCells@OsteoCAR,LR
190,BCells/Lamc1|L@OsteoCAR/Itga1|R,BCells/Lamc1|L,OsteoCAR/Itga1|R,0.5818368,Ligand,Receptor,Lamc1|L,Itga1|R,BCells,OsteoCAR,BCells@OsteoCAR,LR
191,BCells/Lamc1|L@OsteoCAR/Itga9_Itgb1|R,BCells/Lamc1|L,OsteoCAR/Itga9_Itgb1|R,0.18759136,Ligand,Receptor,Lamc1|L,Itga9_Itgb1|R,BCells,OsteoCAR,BCells@OsteoCAR,LR
924,Baso/Igfbp4|L@DC/Lrp6|R,Baso/Igfbp4|L,DC/Lrp6|R,0.28473806,Ligand,Receptor,Igfbp4|L,Lrp6|R,Baso,DC,Baso@DC,LR
927,Baso/Igfbp4|L@Fibro/Lrp6|R,Baso/Igfbp4|L,Fibro/Lrp6|R,-0.10153729,Ligand,Receptor,Igfbp4|L,Lrp6|R,Baso,Fibro,Baso@Fibro,LR
928,Baso/Igfbp4|L@MK/Lrp6|R,Baso/Igfbp4|L,MK/Lrp6|R,-0.1436458,Ligand,Receptor,Igfbp4|L,Lrp6|R,Baso,MK,Baso@MK,LR
929,Baso/Igfbp4|L@MonoPro/Lrp6|R,Baso/Igfbp4|L,MonoPro/Lrp6|R,-0.120146096,Ligand,Receptor,Igfbp4|L,Lrp6|R,Baso,MonoPro,Baso@MonoPro,LR
930,Baso/Igfbp4|L@Neut1/Lrp6|R,Baso/Igfbp4|L,Neut1/Lrp6|R,0.27386066,Ligand,Receptor,Igfbp4|L,Lrp6|R,Baso,Neut1,Baso@Neut1,LR
931,Baso/Igfbp4|L@OsteoCAR/Lrp6|R,Baso/Igfbp4|L,OsteoCAR/Lrp6|R,-0.15361416,Ligand,Receptor,Igfbp4|L,Lrp6|R,Baso,OsteoCAR,Baso@OsteoCAR,LR
932,Baso/Igfbp4|L@Spp1+Mac/Lrp6|R,Baso/Igfbp4|L,Spp1+Mac/Lrp6|R,-0.46506914,Ligand,Receptor,Igfbp4|L,Lrp6|R,Baso,Spp1+Mac,Baso@Spp1+Mac,LR
1004,Baso/Lama5|L@Baso/Itga2_Itgb1|R,Baso/Lama5|L,Baso/Itga2_Itgb1|R,0.25881857,Ligand,Receptor,Lama5|L,Itga2_Itgb1|R,Baso,Baso,Baso@Baso,LR
1005,Baso/Lama5|L@Baso/Itga6_Itgb1|R,Baso/Lama5|L,Baso/Itga6_Itgb1|R,0.27514833,Ligand,Receptor,Lama5|L,Itga6_Itgb1|R,Baso,Baso,Baso@Baso,LR
1006,Baso/Lama5|L@DC/Cd44|R,Baso/Lama5|L,DC/Cd44|R,0.48546022,Ligand,Receptor,Lama5|L,Cd44|R,Baso,DC,Baso@DC,LR
1010,Baso/Lama5|L@Fibro/Dag1|R,Baso/Lama5|L,Fibro/Dag1|R,0.3020574,Ligand,Receptor,Lama5|L,Dag1|R,Baso,Fibro,Baso@Fibro,LR
1011,Baso/Lama5|L@InfiltMac/Cd44|R,Baso/Lama5|L,InfiltMac/Cd44|R,0.5761729,Ligand,Receptor,Lama5|L,Cd44|R,Baso,InfiltMac,Baso@InfiltMac,LR
1012,Baso/Lama5|L@Ly6ClowMac/Cd44|R,Baso/Lama5|L,Ly6ClowMac/Cd44|R,0.47506648,Ligand,Receptor,Lama5|L,Cd44|R,Baso,Ly6ClowMac,Baso@Ly6ClowMac,LR
1013,Baso/Lama5|L@MK/Dag1|R,Baso/Lama5|L,MK/Dag1|R,0.14743818,Ligand,Receptor,Lama5|L,Dag1|R,Baso,MK,Baso@MK,LR
1014,Baso/Lama5|L@MK/Itga6_Itgb1|R,Baso/Lama5|L,MK/Itga6_Itgb1|R,0.22206314,Ligand,Receptor,Lama5|L,Itga6_Itgb1|R,Baso,MK,Baso@MK,LR
1015,Baso/Lama5|L@MonoPro/Itga6_Itgb1|R,Baso/Lama5|L,MonoPro/Itga6_Itgb1|R,0.18908304,Ligand,Receptor,Lama5|L,Itga6_Itgb1|R,Baso,MonoPro,Baso@MonoPro,LR
1016,Baso/Lama5|L@Neut1/Itga6_Itgb1|R,Baso/Lama5|L,Neut1/Itga6_Itgb1|R,0.12610681,Ligand,Receptor,Lama5|L,Itga6_Itgb1|R,Baso,Neut1,Baso@Neut1,LR
1017,Baso/Lama5|L@Neut2/Cd44|R,Baso/Lama5|L,Neut2/Cd44|R,0.40124065,Ligand,Receptor,Lama5|L,Cd44|R,Baso,Neut2,Baso@Neut2,LR
1018,Baso/Lama5|L@OsteoCAR/Dag1|R,Baso/Lama5|L,OsteoCAR/Dag1|R,0.41047114,Ligand,Receptor,Lama5|L,Dag1|R,Baso,OsteoCAR,Baso@OsteoCAR,LR
1019,Baso/Lama5|L@OsteoCAR/Itga9_Itgb1|R,Baso/Lama5|L,OsteoCAR/Itga9_Itgb1|R,0.20541322,Ligand,Receptor,Lama5|L,Itga9_Itgb1|R,Baso,OsteoCAR,Baso@OsteoCAR,LR
1020,Baso/Lama5|L@OsteoCAR/Sdc1|R,Baso/Lama5|L,OsteoCAR/Sdc1|R,0.25456527,Ligand,Receptor,Lama5|L,Sdc1|R,Baso,OsteoCAR,Baso@OsteoCAR,LR
1021,Baso/Lama5|L@Spp1+Mac/Dag1|R,Baso/Lama5|L,Spp1+Mac/Dag1|R,0.14192924,Ligand,Receptor,Lama5|L,Dag1|R,Baso,Spp1+Mac,Baso@Spp1+Mac,LR
1842,DC/Fn1|L@Baso/Cd44|R,DC/Fn1|L,Baso/Cd44|R,-0.903563,Ligand,Receptor,Fn1|L,Cd44|R,DC,Baso,DC@Baso,LR
1843,DC/Fn1|L@Baso/Dpp4|R,DC/Fn1|L,Baso/Dpp4|R,0.8709537,Ligand,Receptor,Fn1|L,Dpp4|R,DC,Baso,DC@Baso,LR
1844,DC/Fn1|L@Baso/Itga2|R,DC/Fn1|L,Baso/Itga2|R,-0.10096514,Ligand,Receptor,Fn1|L,Itga2|R,DC,Baso,DC@Baso,LR
1845,DC/Fn1|L@Baso/Itga4_Itgb1|R,DC/Fn1|L,Baso/Itga4_Itgb1|R,-1.0999166,Ligand,Receptor,Fn1|L,Itga4_Itgb1|R,DC,Baso,DC@Baso,LR
1846,DC/Fn1|L@Baso/Itga4_Itgb7|R,DC/Fn1|L,Baso/Itga4_Itgb7|R,-1.083818,Ligand,Receptor,Fn1|L,Itga4_Itgb7|R,DC,Baso,DC@Baso,LR
1847,DC/Fn1|L@Baso/Itga6|R,DC/Fn1|L,Baso/Itga6|R,-0.10741311,Ligand,Receptor,Fn1|L,Itga6|R,DC,Baso,DC@Baso,LR
1848,DC/Fn1|L@Baso/Nt5e|R,DC/Fn1|L,Baso/Nt5e|R,0.66087973,Ligand,Receptor,Fn1|L,Nt5e|R,DC,Baso,DC@Baso,LR
1849,DC/Fn1|L@DC/Cd44|R,DC/Fn1|L,DC/Cd44|R,-0.14487028,Ligand,Receptor,Fn1|L,Cd44|R,DC,DC,DC@DC,LR
1850,DC/Fn1|L@DC/Itga4_Itgb1|R,DC/Fn1|L,DC/Itga4_Itgb1|R,-0.15255165,Ligand,Receptor,Fn1|L,Itga4_Itgb1|R,DC,DC,DC@DC,LR
1851,DC/Fn1|L@DC/Itga4_Itgb7|R,DC/Fn1|L,DC/Itga4_Itgb7|R,-0.23856646,Ligand,Receptor,Fn1|L,Itga4_Itgb7|R,DC,DC,DC@DC,LR
1852,DC/Fn1|L@DC/Itga5_Itgb1|R,DC/Fn1|L,DC/Itga5_Itgb1|R,0.64044285,Ligand,Receptor,Fn1|L,Itga5_Itgb1|R,DC,DC,DC@DC,LR
1853,DC/Fn1|L@DC/Plaur|R,DC/Fn1|L,DC/Plaur|R,0.7329108,Ligand,Receptor,Fn1|L,Plaur|R,DC,DC,DC@DC,LR
1858,DC/Fn1|L@Ery/Cd44|R,DC/Fn1|L,Ery/Cd44|R,-0.9673625,Ligand,Receptor,Fn1|L,Cd44|R,DC,Ery,DC@Ery,LR
1859,DC/Fn1|L@Ery/Itga4_Itgb1|R,DC/Fn1|L,Ery/Itga4_Itgb1|R,-0.24379945,Ligand,Receptor,Fn1|L,Itga4_Itgb1|R,DC,Ery,DC@Ery,LR
1860,DC/Fn1|L@Ery/Itga4_Itgb7|R,DC/Fn1|L,Ery/Itga4_Itgb7|R,0.6399979,Ligand,Receptor,Fn1|L,Itga4_Itgb7|R,DC,Ery,DC@Ery,LR
1861,DC/Fn1|L@Ery/Itga5_Itgb1|R,DC/Fn1|L,Ery/Itga5_Itgb1|R,0.6493643,Ligand,Receptor,Fn1|L,Itga5_Itgb1|R,DC,Ery,DC@Ery,LR
1862,DC/Fn1|L@Fibro/Cd44|R,DC/Fn1|L,Fibro/Cd44|R,-0.2092799,Ligand,Receptor,Fn1|L,Cd44|R,DC,Fibro,DC@Fibro,LR
1863,DC/Fn1|L@Fibro/Dpp4|R,DC/Fn1|L,Fibro/Dpp4|R,-0.17092192,Ligand,Receptor,Fn1|L,Dpp4|R,DC,Fibro,DC@Fibro,LR
1864,DC/Fn1|L@Fibro/Itga4_Itgb1|R,DC/Fn1|L,Fibro/Itga4_Itgb1|R,-0.87421596,Ligand,Receptor,Fn1|L,Itga4_Itgb1|R,DC,Fibro,DC@Fibro,LR
1865,DC/Fn1|L@Fibro/Itgav_Itgb1|R,DC/Fn1|L,Fibro/Itgav_Itgb1|R,-0.15774506,Ligand,Receptor,Fn1|L,Itgav_Itgb1|R,DC,Fibro,DC@Fibro,LR
1866,DC/Fn1|L@Fibro/Sdc2|R,DC/Fn1|L,Fibro/Sdc2|R,-0.23425508,Ligand,Receptor,Fn1|L,Sdc2|R,DC,Fibro,DC@Fibro,LR
1867,DC/Fn1|L@InfiltMac/C5ar1|R,DC/Fn1|L,InfiltMac/C5ar1|R,0.7114764,Ligand,Receptor,Fn1|L,C5ar1|R,DC,InfiltMac,DC@InfiltMac,LR
1868,DC/Fn1|L@InfiltMac/Cd44|R,DC/Fn1|L,InfiltMac/Cd44|R,-0.16130948,Ligand,Receptor,Fn1|L,Cd44|R,DC,InfiltMac,DC@InfiltMac,LR
1869,DC/Fn1|L@InfiltMac/Itga4_Itgb1|R,DC/Fn1|L,InfiltMac/Itga4_Itgb1|R,-0.07939565,Ligand,Receptor,Fn1|L,Itga4_Itgb1|R,DC,InfiltMac,DC@InfiltMac,LR
1870,DC/Fn1|L@InfiltMac/Itga4_Itgb7|R,DC/Fn1|L,InfiltMac/Itga4_Itgb7|R,-0.33695114,Ligand,Receptor,Fn1|L,Itga4_Itgb7|R,DC,InfiltMac,DC@InfiltMac,LR
1871,DC/Fn1|L@InfiltMac/Plaur|R,DC/Fn1|L,InfiltMac/Plaur|R,-0.08255267,Ligand,Receptor,Fn1|L,Plaur|R,DC,InfiltMac,DC@InfiltMac,LR
1872,DC/Fn1|L@Ly6ClowMac/C5ar1|R,DC/Fn1|L,Ly6ClowMac/C5ar1|R,0.6858588,Ligand,Receptor,Fn1|L,C5ar1|R,DC,Ly6ClowMac,DC@Ly6ClowMac,LR
1873,DC/Fn1|L@Ly6ClowMac/Cd44|R,DC/Fn1|L,Ly6ClowMac/Cd44|R,-0.1497559,Ligand,Receptor,Fn1|L,Cd44|R,DC,Ly6ClowMac,DC@Ly6ClowMac,LR
1874,DC/Fn1|L@Ly6ClowMac/Itga4_Itgb1|R,DC/Fn1|L,Ly6ClowMac/Itga4_Itgb1|R,-0.08093953,Ligand,Receptor,Fn1|L,Itga4_Itgb1|R,DC,Ly6ClowMac,DC@Ly6ClowMac,LR
1875,DC/Fn1|L@Ly6ClowMac/Itga4_Itgb7|R,DC/Fn1|L,Ly6ClowMac/Itga4_Itgb7|R,-0.23416716,Ligand,Receptor,Fn1|L,Itga4_Itgb7|R,DC,Ly6ClowMac,DC@Ly6ClowMac,LR
1876,DC/Fn1|L@Ly6ClowMac/Itgav_Itgb1|R,DC/Fn1|L,Ly6ClowMac/Itgav_Itgb1|R,0.7113113,Ligand,Receptor,Fn1|L,Itgav_Itgb1|R,DC,Ly6ClowMac,DC@Ly6ClowMac,LR
1877,DC/Fn1|L@Ly6ClowMac/Plaur|R,DC/Fn1|L,Ly6ClowMac/Plaur|R,0.7019643,Ligand,Receptor,Fn1|L,Plaur|R,DC,Ly6ClowMac,DC@Ly6ClowMac,LR
1878,DC/Fn1|L@MK/Cd44|R,DC/Fn1|L,MK/Cd44|R,-0.21854389,Ligand,Receptor,Fn1|L,Cd44|R,DC,MK,DC@MK,LR
1879,DC/Fn1|L@MK/Dpp4|R,DC/Fn1|L,MK/Dpp4|R,0.73354125,Ligand,Receptor,Fn1|L,Dpp4|R,DC,MK,DC@MK,LR
1880,DC/Fn1|L@MK/Itga2b_Itgb3|R,DC/Fn1|L,MK/Itga2b_Itgb3|R,0.65910023,Ligand,Receptor,Fn1|L,Itga2b_Itgb3|R,DC,MK,DC@MK,LR
1881,DC/Fn1|L@MK/Itga4_Itgb1|R,DC/Fn1|L,MK/Itga4_Itgb1|R,-0.13955033,Ligand,Receptor,Fn1|L,Itga4_Itgb1|R,DC,MK,DC@MK,LR
1882,DC/Fn1|L@MK/Itga4_Itgb7|R,DC/Fn1|L,MK/Itga4_Itgb7|R,-0.2115835,Ligand,Receptor,Fn1|L,Itga4_Itgb7|R,DC,MK,DC@MK,LR
1883,DC/Fn1|L@MK/Itga6|R,DC/Fn1|L,MK/Itga6|R,-0.21465999,Ligand,Receptor,Fn1|L,Itga6|R,DC,MK,DC@MK,LR
1895,DC/Fn1|L@Neut2/C5ar1|R,DC/Fn1|L,Neut2/C5ar1|R,-0.114243746,Ligand,Receptor,Fn1|L,C5ar1|R,DC,Neut2,DC@Neut2,LR
1896,DC/Fn1|L@Neut2/Cd44|R,DC/Fn1|L,Neut2/Cd44|R,-0.18930477,Ligand,Receptor,Fn1|L,Cd44|R,DC,Neut2,DC@Neut2,LR
1897,DC/Fn1|L@Neut2/Itga4_Itgb1|R,DC/Fn1|L,Neut2/Itga4_Itgb1|R,-0.94457734,Ligand,Receptor,Fn1|L,Itga4_Itgb1|R,DC,Neut2,DC@Neut2,LR
1898,DC/Fn1|L@Neut2/Plaur|R,DC/Fn1|L,Neut2/Plaur|R,-0.07509655,Ligand,Receptor,Fn1|L,Plaur|R,DC,Neut2,DC@Neut2,LR
1899,DC/Fn1|L@OsteoCAR/Cd44|R,DC/Fn1|L,OsteoCAR/Cd44|R,-0.1428513,Ligand,Receptor,Fn1|L,Cd44|R,DC,OsteoCAR,DC@OsteoCAR,LR
1900,DC/Fn1|L@OsteoCAR/Itga4_Itgb1|R,DC/Fn1|L,OsteoCAR/Itga4_Itgb1|R,-0.87494427,Ligand,Receptor,Fn1|L,Itga4_Itgb1|R,DC,OsteoCAR,DC@OsteoCAR,LR
1901,DC/Fn1|L@OsteoCAR/Itga9|R,DC/Fn1|L,OsteoCAR/Itga9|R,0.7258035,Ligand,Receptor,Fn1|L,Itga9|R,DC,OsteoCAR,DC@OsteoCAR,LR
1902,DC/Fn1|L@OsteoCAR/Itgav_Itgb1|R,DC/Fn1|L,OsteoCAR/Itgav_Itgb1|R,-0.17771351,Ligand,Receptor,Fn1|L,Itgav_Itgb1|R,DC,OsteoCAR,DC@OsteoCAR,LR
1903,DC/Fn1|L@OsteoCAR/Sdc1|R,DC/Fn1|L,OsteoCAR/Sdc1|R,-0.17697829,Ligand,Receptor,Fn1|L,Sdc1|R,DC,OsteoCAR,DC@OsteoCAR,LR
1904,DC/Fn1|L@OsteoCAR/Sdc2|R,DC/Fn1|L,OsteoCAR/Sdc2|R,-0.14929247,Ligand,Receptor,Fn1|L,Sdc2|R,DC,OsteoCAR,DC@OsteoCAR,LR
1905,DC/Fn1|L@ResMac/Cd44|R,DC/Fn1|L,ResMac/Cd44|R,-0.23215753,Ligand,Receptor,Fn1|L,Cd44|R,DC,ResMac,DC@ResMac,LR
1906,DC/Fn1|L@ResMac/Dpp4|R,DC/Fn1|L,ResMac/Dpp4|R,-0.18638045,Ligand,Receptor,Fn1|L,Dpp4|R,DC,ResMac,DC@ResMac,LR
1907,DC/Fn1|L@ResMac/Itga4_Itgb1|R,DC/Fn1|L,ResMac/Itga4_Itgb1|R,-0.04822707,Ligand,Receptor,Fn1|L,Itga4_Itgb1|R,DC,ResMac,DC@ResMac,LR
1908,DC/Fn1|L@ResMac/Itga4_Itgb7|R,DC/Fn1|L,ResMac/Itga4_Itgb7|R,-0.2802217,Ligand,Receptor,Fn1|L,Itga4_Itgb7|R,DC,ResMac,DC@ResMac,LR
1909,DC/Fn1|L@ResMac/Itgav_Itgb1|R,DC/Fn1|L,ResMac/Itgav_Itgb1|R,0.6907045,Ligand,Receptor,Fn1|L,Itgav_Itgb1|R,DC,ResMac,DC@ResMac,LR
1910,DC/Fn1|L@ResMac/Plaur|R,DC/Fn1|L,ResMac/Plaur|R,0.6787311,Ligand,Receptor,Fn1|L,Plaur|R,DC,ResMac,DC@ResMac,LR
1911,DC/Fn1|L@Spp1+Mac/Cd44|R,DC/Fn1|L,Spp1+Mac/Cd44|R,-1.0812383,Ligand,Receptor,Fn1|L,Cd44|R,DC,Spp1+Mac,DC@Spp1+Mac,LR
1912,DC/Fn1|L@Spp1+Mac/Itga4_Itgb1|R,DC/Fn1|L,Spp1+Mac/Itga4_Itgb1|R,-1.1201675,Ligand,Receptor,Fn1|L,Itga4_Itgb1|R,DC,Spp1+Mac,DC@Spp1+Mac,LR
1913,DC/Fn1|L@Spp1+Mac/Itga5_Itgb1|R,DC/Fn1|L,Spp1+Mac/Itga5_Itgb1|R,-0.1888085,Ligand,Receptor,Fn1|L,Itga5_Itgb1|R,DC,Spp1+Mac,DC@Spp1+Mac,LR
1914,DC/Fn1|L@Spp1+Mac/Itgav_Itgb1|R,DC/Fn1|L,Spp1+Mac/Itgav_Itgb1|R,-0.18827677,Ligand,Receptor,Fn1|L,Itgav_Itgb1|R,DC,Spp1+Mac,DC@Spp1+Mac,LR
1915,DC/Fn1|L@Spp1+Mac/Itgav_Itgb3|R,DC/Fn1|L,Spp1+Mac/Itgav_Itgb3|R,0.6918278,Ligand,Receptor,Fn1|L,Itgav_Itgb3|R,DC,Spp1+Mac,DC@Spp1+Mac,LR
1916,DC/Fn1|L@Spp1+Mac/Plaur|R,DC/Fn1|L,Spp1+Mac/Plaur|R,0.7813704,Ligand,Receptor,Fn1|L,Plaur|R,DC,Spp1+Mac,DC@Spp1+Mac,LR
1917,DC/Fn1|L@Spp1+Mac/Sdc1|R,DC/Fn1|L,Spp1+Mac/Sdc1|R,-0.8483423,Ligand,Receptor,Fn1|L,Sdc1|R,DC,Spp1+Mac,DC@Spp1+Mac,LR
2116,DC/Igfbp4|L@Fibro/Lrp6|R,DC/Igfbp4|L,Fibro/Lrp6|R,-0.08675185,Ligand,Receptor,Igfbp4|L,Lrp6|R,DC,Fibro,DC@Fibro,LR
2117,DC/Igfbp4|L@OsteoCAR/Lrp6|R,DC/Igfbp4|L,OsteoCAR/Lrp6|R,-0.13882872,Ligand,Receptor,Igfbp4|L,Lrp6|R,DC,OsteoCAR,DC@OsteoCAR,LR
2548,DC/Thbs1|L@Baso/Cd47|R,DC/Thbs1|L,Baso/Cd47|R,1.1198235,Ligand,Receptor,Thbs1|L,Cd47|R,DC,Baso,DC@Baso,LR
2549,DC/Thbs1|L@Baso/Itga6|R,DC/Thbs1|L,Baso/Itga6|R,0.2756881,Ligand,Receptor,Thbs1|L,Itga6|R,DC,Baso,DC@Baso,LR
2550,DC/Thbs1|L@DC/Scarb1|R,DC/Thbs1|L,DC/Scarb1|R,0.18042788,Ligand,Receptor,Thbs1|L,Scarb1|R,DC,DC,DC@DC,LR
2554,DC/Thbs1|L@Fibro/Lrp1|R,DC/Thbs1|L,Fibro/Lrp1|R,0.7057945,Ligand,Receptor,Thbs1|L,Lrp1|R,DC,Fibro,DC@Fibro,LR
2555,DC/Thbs1|L@Fibro/Sdc4|R,DC/Thbs1|L,Fibro/Sdc4|R,0.50813293,Ligand,Receptor,Thbs1|L,Sdc4|R,DC,Fibro,DC@Fibro,LR
2556,DC/Thbs1|L@InfiltMac/Itga4|R,DC/Thbs1|L,InfiltMac/Itga4|R,0.78431463,Ligand,Receptor,Thbs1|L,Itga4|R,DC,InfiltMac,DC@InfiltMac,LR
2557,DC/Thbs1|L@InfiltMac/Lrp1|R,DC/Thbs1|L,InfiltMac/Lrp1|R,0.4523453,Ligand,Receptor,Thbs1|L,Lrp1|R,DC,InfiltMac,DC@InfiltMac,LR
2558,DC/Thbs1|L@InfiltMac/Ptprj|R,DC/Thbs1|L,InfiltMac/Ptprj|R,0.28161797,Ligand,Receptor,Thbs1|L,Ptprj|R,DC,InfiltMac,DC@InfiltMac,LR
2559,DC/Thbs1|L@InfiltMac/Scarb1|R,DC/Thbs1|L,InfiltMac/Scarb1|R,0.18026915,Ligand,Receptor,Thbs1|L,Scarb1|R,DC,InfiltMac,DC@InfiltMac,LR
2560,DC/Thbs1|L@Ly6ClowMac/Cd36|R,DC/Thbs1|L,Ly6ClowMac/Cd36|R,0.26911834,Ligand,Receptor,Thbs1|L,Cd36|R,DC,Ly6ClowMac,DC@Ly6ClowMac,LR
2561,DC/Thbs1|L@Ly6ClowMac/Cd47|R,DC/Thbs1|L,Ly6ClowMac/Cd47|R,1.0946972,Ligand,Receptor,Thbs1|L,Cd47|R,DC,Ly6ClowMac,DC@Ly6ClowMac,LR
2562,DC/Thbs1|L@Ly6ClowMac/Itga4|R,DC/Thbs1|L,Ly6ClowMac/Itga4|R,1.0366197,Ligand,Receptor,Thbs1|L,Itga4|R,DC,Ly6ClowMac,DC@Ly6ClowMac,LR
2563,DC/Thbs1|L@Ly6ClowMac/Lrp1|R,DC/Thbs1|L,Ly6ClowMac/Lrp1|R,0.50350285,Ligand,Receptor,Thbs1|L,Lrp1|R,DC,Ly6ClowMac,DC@Ly6ClowMac,LR
2564,DC/Thbs1|L@Ly6ClowMac/Ptprj|R,DC/Thbs1|L,Ly6ClowMac/Ptprj|R,0.43029037,Ligand,Receptor,Thbs1|L,Ptprj|R,DC,Ly6ClowMac,DC@Ly6ClowMac,LR
2565,DC/Thbs1|L@MK/Cd47|R,DC/Thbs1|L,MK/Cd47|R,0.98096776,Ligand,Receptor,Thbs1|L,Cd47|R,DC,MK,DC@MK,LR
2566,DC/Thbs1|L@MK/Itga2b_Itgb3|R,DC/Thbs1|L,MK/Itga2b_Itgb3|R,0.13924976,Ligand,Receptor,Thbs1|L,Itga2b_Itgb3|R,DC,MK,DC@MK,LR
2567,DC/Thbs1|L@MK/Itga6|R,DC/Thbs1|L,MK/Itga6|R,0.2226029,Ligand,Receptor,Thbs1|L,Itga6|R,DC,MK,DC@MK,LR
2569,DC/Thbs1|L@OsteoCAR/Lrp1|R,DC/Thbs1|L,OsteoCAR/Lrp1|R,0.63853574,Ligand,Receptor,Thbs1|L,Lrp1|R,DC,OsteoCAR,DC@OsteoCAR,LR
2570,DC/Thbs1|L@OsteoCAR/Sdc1|R,DC/Thbs1|L,OsteoCAR/Sdc1|R,0.25510502,Ligand,Receptor,Thbs1|L,Sdc1|R,DC,OsteoCAR,DC@OsteoCAR,LR
2571,DC/Thbs1|L@OsteoCAR/Sdc4|R,DC/Thbs1|L,OsteoCAR/Sdc4|R,0.2741255,Ligand,Receptor,Thbs1|L,Sdc4|R,DC,OsteoCAR,DC@OsteoCAR,LR
2572,DC/Thbs1|L@ResMac/Cd47|R,DC/Thbs1|L,ResMac/Cd47|R,0.94947195,Ligand,Receptor,Thbs1|L,Cd47|R,DC,ResMac,DC@ResMac,LR
2573,DC/Thbs1|L@ResMac/Itga4|R,DC/Thbs1|L,ResMac/Itga4|R,0.72175,Ligand,Receptor,Thbs1|L,Itga4|R,DC,ResMac,DC@ResMac,LR
2574,DC/Thbs1|L@ResMac/Lrp1|R,DC/Thbs1|L,ResMac/Lrp1|R,0.50916684,Ligand,Receptor,Thbs1|L,Lrp1|R,DC,ResMac,DC@ResMac,LR
2575,DC/Thbs1|L@ResMac/Ptprj|R,DC/Thbs1|L,ResMac/Ptprj|R,0.32793465,Ligand,Receptor,Thbs1|L,Ptprj|R,DC,ResMac,DC@ResMac,LR
2576,DC/Thbs1|L@ResMac/Scarb1|R,DC/Thbs1|L,ResMac/Scarb1|R,0.17310964,Ligand,Receptor,Thbs1|L,Scarb1|R,DC,ResMac,DC@ResMac,LR
2577,DC/Thbs1|L@Spp1+Mac/Itgav_Itgb3|R,DC/Thbs1|L,Spp1+Mac/Itgav_Itgb3|R,0.17197728,Ligand,Receptor,Thbs1|L,Itgav_Itgb3|R,DC,Spp1+Mac,DC@Spp1+Mac,LR
2578,DC/Thbs1|L@Spp1+Mac/Sdc4|R,DC/Thbs1|L,Spp1+Mac/Sdc4|R,0.23073445,Ligand,Receptor,Thbs1|L,Sdc4|R,DC,Spp1+Mac,DC@Spp1+Mac,LR
3310,EC/Fbln2|L@Spp1+Mac/Itgb3|R,EC/Fbln2|L,Spp1+Mac/Itgb3|R,0.4296263,Ligand,Receptor,Fbln2|L,Itgb3|R,EC,Spp1+Mac,EC@Spp1+Mac,LR
3312,EC/Fbn1|L@EC/Itgb1|R,EC/Fbn1|L,EC/Itgb1|R,1.0258114,Ligand,Receptor,Fbn1|L,Itgb1|R,EC,EC,EC@EC,LR
3314,EC/Fbn1|L@Fibro/Itgb1|R,EC/Fbn1|L,Fibro/Itgb1|R,0.69297874,Ligand,Receptor,Fbn1|L,Itgb1|R,EC,Fibro,EC@Fibro,LR
3315,EC/Fbn1|L@InfiltMac/Itgb1|R,EC/Fbn1|L,InfiltMac/Itgb1|R,0.5732596,Ligand,Receptor,Fbn1|L,Itgb1|R,EC,InfiltMac,EC@InfiltMac,LR
3316,EC/Fbn1|L@Ly6ClowMac/Itgb1|R,EC/Fbn1|L,Ly6ClowMac/Itgb1|R,0.881562,Ligand,Receptor,Fbn1|L,Itgb1|R,EC,Ly6ClowMac,EC@Ly6ClowMac,LR
3319,EC/Fbn1|L@OsteoCAR/Itgb1|R,EC/Fbn1|L,OsteoCAR/Itgb1|R,0.9351908,Ligand,Receptor,Fbn1|L,Itgb1|R,EC,OsteoCAR,EC@OsteoCAR,LR
3321,EC/Fbn1|L@Spp1+Mac/Itga5|R,EC/Fbn1|L,Spp1+Mac/Itga5|R,0.19814353,Ligand,Receptor,Fbn1|L,Itga5|R,EC,Spp1+Mac,EC@Spp1+Mac,LR
3322,EC/Fbn1|L@Spp1+Mac/Itgb3|R,EC/Fbn1|L,Spp1+Mac/Itgb3|R,0.19227292,Ligand,Receptor,Fbn1|L,Itgb3|R,EC,Spp1+Mac,EC@Spp1+Mac,LR
3329,EC/Fn1|L@EC/Itga6|R,EC/Fn1|L,EC/Itga6|R,0.063533425,Ligand,Receptor,Fn1|L,Itga6|R,EC,EC,EC@EC,LR
3330,EC/Fn1|L@EC/Robo4|R,EC/Fn1|L,EC/Robo4|R,0.44463658,Ligand,Receptor,Fn1|L,Robo4|R,EC,EC,EC@EC,LR
3331,EC/Fn1|L@Fibro/Sdc2|R,EC/Fn1|L,Fibro/Sdc2|R,-0.037635982,Ligand,Receptor,Fn1|L,Sdc2|R,EC,Fibro,EC@Fibro,LR
3332,EC/Fn1|L@InfiltMac/Cd44|R,EC/Fn1|L,InfiltMac/Cd44|R,0.7381971,Ligand,Receptor,Fn1|L,Cd44|R,EC,InfiltMac,EC@InfiltMac,LR
3333,EC/Fn1|L@Ly6ClowMac/Itga4_Itgb1|R,EC/Fn1|L,Ly6ClowMac/Itga4_Itgb1|R,0.1156795,Ligand,Receptor,Fn1|L,Itga4_Itgb1|R,EC,Ly6ClowMac,EC@Ly6ClowMac,LR
3334,EC/Fn1|L@OsteoCAR/Itgav_Itgb1|R,EC/Fn1|L,OsteoCAR/Itgav_Itgb1|R,0.47492558,Ligand,Receptor,Fn1|L,Itgav_Itgb1|R,EC,OsteoCAR,EC@OsteoCAR,LR
3335,EC/Fn1|L@OsteoCAR/Sdc1|R,EC/Fn1|L,OsteoCAR/Sdc1|R,0.41658944,Ligand,Receptor,Fn1|L,Sdc1|R,EC,OsteoCAR,EC@OsteoCAR,LR
3336,EC/Fn1|L@OsteoCAR/Sdc2|R,EC/Fn1|L,OsteoCAR/Sdc2|R,0.047326684,Ligand,Receptor,Fn1|L,Sdc2|R,EC,OsteoCAR,EC@OsteoCAR,LR
3337,EC/Fn1|L@Spp1+Mac/Itgav_Itgb1|R,EC/Fn1|L,Spp1+Mac/Itgav_Itgb1|R,0.008342326,Ligand,Receptor,Fn1|L,Itgav_Itgb1|R,EC,Spp1+Mac,EC@Spp1+Mac,LR
3338,EC/Gas6|L@Fibro/Axl|R,EC/Gas6|L,Fibro/Axl|R,-0.025903702,Ligand,Receptor,Gas6|L,Axl|R,EC,Fibro,EC@Fibro,LR
3339,EC/Gas6|L@OsteoCAR/Axl|R,EC/Gas6|L,OsteoCAR/Axl|R,0.715806,Ligand,Receptor,Gas6|L,Axl|R,EC,OsteoCAR,EC@OsteoCAR,LR
3341,EC/Gas6|L@Spp1+Mac/Axl|R,EC/Gas6|L,Spp1+Mac/Axl|R,-0.28372157,Ligand,Receptor,Gas6|L,Axl|R,EC,Spp1+Mac,EC@Spp1+Mac,LR
3598,EC/Igfbp4|L@EC/Lrp6|R,EC/Igfbp4|L,EC/Lrp6|R,-0.38976124,Ligand,Receptor,Igfbp4|L,Lrp6|R,EC,EC,EC@EC,LR
3599,EC/Igfbp4|L@Fibro/Lrp6|R,EC/Igfbp4|L,Fibro/Lrp6|R,-0.14325282,Ligand,Receptor,Igfbp4|L,Lrp6|R,EC,Fibro,EC@Fibro,LR
3601,EC/Igfbp4|L@OsteoCAR/Lrp6|R,EC/Igfbp4|L,OsteoCAR/Lrp6|R,-0.1953297,Ligand,Receptor,Igfbp4|L,Lrp6|R,EC,OsteoCAR,EC@OsteoCAR,LR
3602,EC/Igfbp4|L@Spp1+Mac/Lrp6|R,EC/Igfbp4|L,Spp1+Mac/Lrp6|R,-0.38968384,Ligand,Receptor,Igfbp4|L,Lrp6|R,EC,Spp1+Mac,EC@Spp1+Mac,LR
3687,EC/Lama4|L@EC/Cd44|R,EC/Lama4|L,EC/Cd44|R,0.51372683,Ligand,Receptor,Lama4|L,Cd44|R,EC,EC,EC@EC,LR
3688,EC/Lama4|L@EC/Dag1|R,EC/Lama4|L,EC/Dag1|R,0.30735362,Ligand,Receptor,Lama4|L,Dag1|R,EC,EC,EC@EC,LR
3689,EC/Lama4|L@EC/Itga6_Itgb1|R,EC/Lama4|L,EC/Itga6_Itgb1|R,0.2777474,Ligand,Receptor,Lama4|L,Itga6_Itgb1|R,EC,EC,EC@EC,LR
3691,EC/Lama4|L@Fibro/Cd44|R,EC/Lama4|L,Fibro/Cd44|R,0.5350656,Ligand,Receptor,Lama4|L,Cd44|R,EC,Fibro,EC@Fibro,LR
3692,EC/Lama4|L@Fibro/Dag1|R,EC/Lama4|L,Fibro/Dag1|R,0.22313648,Ligand,Receptor,Lama4|L,Dag1|R,EC,Fibro,EC@Fibro,LR
3693,EC/Lama4|L@InfiltMac/Cd44|R,EC/Lama4|L,InfiltMac/Cd44|R,0.24952364,Ligand,Receptor,Lama4|L,Cd44|R,EC,InfiltMac,EC@InfiltMac,LR
3694,EC/Lama4|L@Ly6ClowMac/Cd44|R,EC/Lama4|L,Ly6ClowMac/Cd44|R,0.26107717,Ligand,Receptor,Lama4|L,Cd44|R,EC,Ly6ClowMac,EC@Ly6ClowMac,LR
3703,EC/Lama4|L@OsteoCAR/Cd44|R,EC/Lama4|L,OsteoCAR/Cd44|R,0.556877,Ligand,Receptor,Lama4|L,Cd44|R,EC,OsteoCAR,EC@OsteoCAR,LR
3704,EC/Lama4|L@OsteoCAR/Dag1|R,EC/Lama4|L,OsteoCAR/Dag1|R,0.17552304,Ligand,Receptor,Lama4|L,Dag1|R,EC,OsteoCAR,EC@OsteoCAR,LR
3705,EC/Lama4|L@OsteoCAR/Itga9_Itgb1|R,EC/Lama4|L,OsteoCAR/Itga9_Itgb1|R,0.51459086,Ligand,Receptor,Lama4|L,Itga9_Itgb1|R,EC,OsteoCAR,EC@OsteoCAR,LR
3707,EC/Lama4|L@Spp1+Mac/Cd44|R,EC/Lama4|L,Spp1+Mac/Cd44|R,0.12023255,Ligand,Receptor,Lama4|L,Cd44|R,EC,Spp1+Mac,EC@Spp1+Mac,LR
3708,EC/Lama4|L@Spp1+Mac/Dag1|R,EC/Lama4|L,Spp1+Mac/Dag1|R,0.17835522,Ligand,Receptor,Lama4|L,Dag1|R,EC,Spp1+Mac,EC@Spp1+Mac,LR
3714,EC/Lama5|L@EC/Bcam|R,EC/Lama5|L,EC/Bcam|R,0.5037759,Ligand,Receptor,Lama5|L,Bcam|R,EC,EC,EC@EC,LR
3715,EC/Lama5|L@EC/Dag1|R,EC/Lama5|L,EC/Dag1|R,0.31472126,Ligand,Receptor,Lama5|L,Dag1|R,EC,EC,EC@EC,LR
3716,EC/Lama5|L@EC/Itga6_Itgb1|R,EC/Lama5|L,EC/Itga6_Itgb1|R,0.605003,Ligand,Receptor,Lama5|L,Itga6_Itgb1|R,EC,EC,EC@EC,LR
3717,EC/Lama5|L@Fibro/Dag1|R,EC/Lama5|L,Fibro/Dag1|R,0.347603,Ligand,Receptor,Lama5|L,Dag1|R,EC,Fibro,EC@Fibro,LR
3718,EC/Lama5|L@InfiltMac/Cd44|R,EC/Lama5|L,InfiltMac/Cd44|R,0.6217185,Ligand,Receptor,Lama5|L,Cd44|R,EC,InfiltMac,EC@InfiltMac,LR
3719,EC/Lama5|L@Ly6ClowMac/Cd44|R,EC/Lama5|L,Ly6ClowMac/Cd44|R,0.5206121,Ligand,Receptor,Lama5|L,Cd44|R,EC,Ly6ClowMac,EC@Ly6ClowMac,LR
3727,EC/Lama5|L@OsteoCAR/Dag1|R,EC/Lama5|L,OsteoCAR/Dag1|R,0.45601678,Ligand,Receptor,Lama5|L,Dag1|R,EC,OsteoCAR,EC@OsteoCAR,LR
3728,EC/Lama5|L@OsteoCAR/Itga9_Itgb1|R,EC/Lama5|L,OsteoCAR/Itga9_Itgb1|R,0.25095883,Ligand,Receptor,Lama5|L,Itga9_Itgb1|R,EC,OsteoCAR,EC@OsteoCAR,LR
3729,EC/Lama5|L@OsteoCAR/Sdc1|R,EC/Lama5|L,OsteoCAR/Sdc1|R,0.30011088,Ligand,Receptor,Lama5|L,Sdc1|R,EC,OsteoCAR,EC@OsteoCAR,LR
3731,EC/Lama5|L@Spp1+Mac/Dag1|R,EC/Lama5|L,Spp1+Mac/Dag1|R,0.18747485,Ligand,Receptor,Lama5|L,Dag1|R,EC,Spp1+Mac,EC@Spp1+Mac,LR
3737,EC/Lamb1|L@EC/Dag1|R,EC/Lamb1|L,EC/Dag1|R,0.37283295,Ligand,Receptor,Lamb1|L,Dag1|R,EC,EC,EC@EC,LR
3738,EC/Lamb1|L@EC/Itga1|R,EC/Lamb1|L,EC/Itga1|R,0.83630115,Ligand,Receptor,Lamb1|L,Itga1|R,EC,EC,EC@EC,LR
3739,EC/Lamb1|L@EC/Itga6_Itgb1|R,EC/Lamb1|L,EC/Itga6_Itgb1|R,0.6631147,Ligand,Receptor,Lamb1|L,Itga6_Itgb1|R,EC,EC,EC@EC,LR
3740,EC/Lamb1|L@Fibro/Dag1|R,EC/Lamb1|L,Fibro/Dag1|R,0.4057147,Ligand,Receptor,Lamb1|L,Dag1|R,EC,Fibro,EC@Fibro,LR
3741,EC/Lamb1|L@InfiltMac/Cd44|R,EC/Lamb1|L,InfiltMac/Cd44|R,0.6798302,Ligand,Receptor,Lamb1|L,Cd44|R,EC,InfiltMac,EC@InfiltMac,LR
3742,EC/Lamb1|L@InfiltMac/Itga1|R,EC/Lamb1|L,InfiltMac/Itga1|R,0.2871502,Ligand,Receptor,Lamb1|L,Itga1|R,EC,InfiltMac,EC@InfiltMac,LR
3743,EC/Lamb1|L@Ly6ClowMac/Cd44|R,EC/Lamb1|L,Ly6ClowMac/Cd44|R,0.5787238,Ligand,Receptor,Lamb1|L,Cd44|R,EC,Ly6ClowMac,EC@Ly6ClowMac,LR
3752,EC/Lamb1|L@OsteoCAR/Dag1|R,EC/Lamb1|L,OsteoCAR/Dag1|R,0.51412845,Ligand,Receptor,Lamb1|L,Dag1|R,EC,OsteoCAR,EC@OsteoCAR,LR
3753,EC/Lamb1|L@OsteoCAR/Itga1|R,EC/Lamb1|L,OsteoCAR/Itga1|R,0.703316,Ligand,Receptor,Lamb1|L,Itga1|R,EC,OsteoCAR,EC@OsteoCAR,LR
3754,EC/Lamb1|L@OsteoCAR/Itga9_Itgb1|R,EC/Lamb1|L,OsteoCAR/Itga9_Itgb1|R,0.30907053,Ligand,Receptor,Lamb1|L,Itga9_Itgb1|R,EC,OsteoCAR,EC@OsteoCAR,LR
3756,EC/Lamb1|L@Spp1+Mac/Dag1|R,EC/Lamb1|L,Spp1+Mac/Dag1|R,0.24558654,Ligand,Receptor,Lamb1|L,Dag1|R,EC,Spp1+Mac,EC@Spp1+Mac,LR
3763,EC/Lamb2|L@EC/Dag1|R,EC/Lamb2|L,EC/Dag1|R,0.1805779,Ligand,Receptor,Lamb2|L,Dag1|R,EC,EC,EC@EC,LR
3764,EC/Lamb2|L@EC/Itga6_Itgb1|R,EC/Lamb2|L,EC/Itga6_Itgb1|R,0.15097165,Ligand,Receptor,Lamb2|L,Itga6_Itgb1|R,EC,EC,EC@EC,LR
3766,EC/Lamb2|L@Fibro/Dag1|R,EC/Lamb2|L,Fibro/Dag1|R,0.0963608,Ligand,Receptor,Lamb2|L,Dag1|R,EC,Fibro,EC@Fibro,LR
3767,EC/Lamb2|L@InfiltMac/Cd44|R,EC/Lamb2|L,InfiltMac/Cd44|R,0.1227479,Ligand,Receptor,Lamb2|L,Cd44|R,EC,InfiltMac,EC@InfiltMac,LR
3768,EC/Lamb2|L@InfiltMac/Rpsa|R,EC/Lamb2|L,InfiltMac/Rpsa|R,0.30477476,Ligand,Receptor,Lamb2|L,Rpsa|R,EC,InfiltMac,EC@InfiltMac,LR
3769,EC/Lamb2|L@Ly6ClowMac/Cd44|R,EC/Lamb2|L,Ly6ClowMac/Cd44|R,0.13430142,Ligand,Receptor,Lamb2|L,Cd44|R,EC,Ly6ClowMac,EC@Ly6ClowMac,LR
3770,EC/Lamb2|L@Ly6ClowMac/Rpsa|R,EC/Lamb2|L,Ly6ClowMac/Rpsa|R,1.7870426,Ligand,Receptor,Lamb2|L,Rpsa|R,EC,Ly6ClowMac,EC@Ly6ClowMac,LR
3781,EC/Lamb2|L@OsteoCAR/Dag1|R,EC/Lamb2|L,OsteoCAR/Dag1|R,0.0487473,Ligand,Receptor,Lamb2|L,Dag1|R,EC,OsteoCAR,EC@OsteoCAR,LR
3782,EC/Lamb2|L@OsteoCAR/Itga9_Itgb1|R,EC/Lamb2|L,OsteoCAR/Itga9_Itgb1|R,0.3898607,Ligand,Receptor,Lamb2|L,Itga9_Itgb1|R,EC,OsteoCAR,EC@OsteoCAR,LR
3785,EC/Lamb2|L@Spp1+Mac/Cd44|R,EC/Lamb2|L,Spp1+Mac/Cd44|R,-0.46123812,Ligand,Receptor,Lamb2|L,Cd44|R,EC,Spp1+Mac,EC@Spp1+Mac,LR
3786,EC/Lamb2|L@Spp1+Mac/Dag1|R,EC/Lamb2|L,Spp1+Mac/Dag1|R,0.051579475,Ligand,Receptor,Lamb2|L,Dag1|R,EC,Spp1+Mac,EC@Spp1+Mac,LR
3787,EC/Lamb2|L@Spp1+Mac/Rpsa|R,EC/Lamb2|L,Spp1+Mac/Rpsa|R,0.13923693,Ligand,Receptor,Lamb2|L,Rpsa|R,EC,Spp1+Mac,EC@Spp1+Mac,LR
3794,EC/Lamc1|L@EC/Dag1|R,EC/Lamc1|L,EC/Dag1|R,0.10909471,Ligand,Receptor,Lamc1|L,Dag1|R,EC,EC,EC@EC,LR
3795,EC/Lamc1|L@EC/Itga1|R,EC/Lamc1|L,EC/Itga1|R,0.0045868754,Ligand,Receptor,Lamc1|L,Itga1|R,EC,EC,EC@EC,LR
3796,EC/Lamc1|L@EC/Itga6_Itgb1|R,EC/Lamc1|L,EC/Itga6_Itgb1|R,0.079488456,Ligand,Receptor,Lamc1|L,Itga6_Itgb1|R,EC,EC,EC@EC,LR
3797,EC/Lamc1|L@Fibro/Dag1|R,EC/Lamc1|L,Fibro/Dag1|R,0.024877578,Ligand,Receptor,Lamc1|L,Dag1|R,EC,Fibro,EC@Fibro,LR
3798,EC/Lamc1|L@Fibro/Itga1|R,EC/Lamc1|L,Fibro/Itga1|R,-0.27041838,Ligand,Receptor,Lamc1|L,Itga1|R,EC,Fibro,EC@Fibro,LR
3799,EC/Lamc1|L@InfiltMac/Cd44|R,EC/Lamc1|L,InfiltMac/Cd44|R,0.051264703,Ligand,Receptor,Lamc1|L,Cd44|R,EC,InfiltMac,EC@InfiltMac,LR
3800,EC/Lamc1|L@InfiltMac/Itga1|R,EC/Lamc1|L,InfiltMac/Itga1|R,-0.054365218,Ligand,Receptor,Lamc1|L,Itga1|R,EC,InfiltMac,EC@InfiltMac,LR
3801,EC/Lamc1|L@Ly6ClowMac/Cd44|R,EC/Lamc1|L,Ly6ClowMac/Cd44|R,0.06281823,Ligand,Receptor,Lamc1|L,Cd44|R,EC,Ly6ClowMac,EC@Ly6ClowMac,LR
3811,EC/Lamc1|L@OsteoCAR/Dag1|R,EC/Lamc1|L,OsteoCAR/Dag1|R,-0.022735834,Ligand,Receptor,Lamc1|L,Dag1|R,EC,OsteoCAR,EC@OsteoCAR,LR
3812,EC/Lamc1|L@OsteoCAR/Itga1|R,EC/Lamc1|L,OsteoCAR/Itga1|R,-0.37144053,Ligand,Receptor,Lamc1|L,Itga1|R,EC,OsteoCAR,EC@OsteoCAR,LR
3813,EC/Lamc1|L@OsteoCAR/Itga9_Itgb1|R,EC/Lamc1|L,OsteoCAR/Itga9_Itgb1|R,0.33157375,Ligand,Receptor,Lamc1|L,Itga9_Itgb1|R,EC,OsteoCAR,EC@OsteoCAR,LR
3815,EC/Lamc1|L@Spp1+Mac/Cd44|R,EC/Lamc1|L,Spp1+Mac/Cd44|R,-0.47443438,Ligand,Receptor,Lamc1|L,Cd44|R,EC,Spp1+Mac,EC@Spp1+Mac,LR
3816,EC/Lamc1|L@Spp1+Mac/Dag1|R,EC/Lamc1|L,Spp1+Mac/Dag1|R,-0.01990372,Ligand,Receptor,Lamc1|L,Dag1|R,EC,Spp1+Mac,EC@Spp1+Mac,LR
3884,EC/Mfge8|L@Fibro/Itgav|R,EC/Mfge8|L,Fibro/Itgav|R,0.113729686,Ligand,Receptor,Mfge8|L,Itgav|R,EC,Fibro,EC@Fibro,LR
3885,EC/Mfge8|L@Fibro/Itgb5|R,EC/Mfge8|L,Fibro/Itgb5|R,0.09112719,Ligand,Receptor,Mfge8|L,Itgb5|R,EC,Fibro,EC@Fibro,LR
3886,EC/Mfge8|L@Fibro/Pdgfrb|R,EC/Mfge8|L,Fibro/Pdgfrb|R,0.054227352,Ligand,Receptor,Mfge8|L,Pdgfrb|R,EC,Fibro,EC@Fibro,LR
3887,EC/Mfge8|L@InfiltMac/Itgb5|R,EC/Mfge8|L,InfiltMac/Itgb5|R,0.3760318,Ligand,Receptor,Mfge8|L,Itgb5|R,EC,InfiltMac,EC@InfiltMac,LR
3888,EC/Mfge8|L@Ly6ClowMac/Itgav|R,EC/Mfge8|L,Ly6ClowMac/Itgav|R,0.42599052,Ligand,Receptor,Mfge8|L,Itgav|R,EC,Ly6ClowMac,EC@Ly6ClowMac,LR
3889,EC/Mfge8|L@Ly6ClowMac/Itgb5|R,EC/Mfge8|L,Ly6ClowMac/Itgb5|R,0.45803112,Ligand,Receptor,Mfge8|L,Itgb5|R,EC,Ly6ClowMac,EC@Ly6ClowMac,LR
3892,EC/Mfge8|L@OsteoCAR/Itgav|R,EC/Mfge8|L,OsteoCAR/Itgav|R,0.093761295,Ligand,Receptor,Mfge8|L,Itgav|R,EC,OsteoCAR,EC@OsteoCAR,LR
3893,EC/Mfge8|L@OsteoCAR/Itgb5|R,EC/Mfge8|L,OsteoCAR/Itgb5|R,0.22925675,Ligand,Receptor,Mfge8|L,Itgb5|R,EC,OsteoCAR,EC@OsteoCAR,LR
3894,EC/Mfge8|L@OsteoCAR/Pdgfrb|R,EC/Mfge8|L,OsteoCAR/Pdgfrb|R,-0.090729356,Ligand,Receptor,Mfge8|L,Pdgfrb|R,EC,OsteoCAR,EC@OsteoCAR,LR
3897,EC/Mfge8|L@Spp1+Mac/Itgav|R,EC/Mfge8|L,Spp1+Mac/Itgav|R,0.08319801,Ligand,Receptor,Mfge8|L,Itgav|R,EC,Spp1+Mac,EC@Spp1+Mac,LR
3898,EC/Mfge8|L@Spp1+Mac/Itgb3|R,EC/Mfge8|L,Spp1+Mac/Itgb3|R,0.40650702,Ligand,Receptor,Mfge8|L,Itgb3|R,EC,Spp1+Mac,EC@Spp1+Mac,LR
3899,EC/Mfge8|L@Spp1+Mac/Itgb5|R,EC/Mfge8|L,Spp1+Mac/Itgb5|R,0.47687572,Ligand,Receptor,Mfge8|L,Itgb5|R,EC,Spp1+Mac,EC@Spp1+Mac,LR
3907,EC/Mmrn2|L@EC/Cd93|R,EC/Mmrn2|L,EC/Cd93|R,0.03622091,Ligand,Receptor,Mmrn2|L,Cd93|R,EC,EC,EC@EC,LR
3908,EC/Mmrn2|L@EC/Clec14a|R,EC/Mmrn2|L,EC/Clec14a|R,0.062432945,Ligand,Receptor,Mmrn2|L,Clec14a|R,EC,EC,EC@EC,LR
3909,EC/Mmrn2|L@Fibro/Cd248|R,EC/Mmrn2|L,Fibro/Cd248|R,-0.00031089783,Ligand,Receptor,Mmrn2|L,Cd248|R,EC,Fibro,EC@Fibro,LR
3910,EC/Mmrn2|L@InfiltMac/Cd93|R,EC/Mmrn2|L,InfiltMac/Cd93|R,-0.056506872,Ligand,Receptor,Mmrn2|L,Cd93|R,EC,InfiltMac,EC@InfiltMac,LR
3916,EC/Nid1|L@EC/Itgb1|R,EC/Nid1|L,EC/Itgb1|R,0.118501544,Ligand,Receptor,Nid1|L,Itgb1|R,EC,EC,EC@EC,LR
3918,EC/Nid1|L@Fibro/Itgav|R,EC/Nid1|L,Fibro/Itgav|R,0.049141318,Ligand,Receptor,Nid1|L,Itgav|R,EC,Fibro,EC@Fibro,LR
3919,EC/Nid1|L@Fibro/Itgb1|R,EC/Nid1|L,Fibro/Itgb1|R,0.015746713,Ligand,Receptor,Nid1|L,Itgb1|R,EC,Fibro,EC@Fibro,LR
3920,EC/Nid1|L@Fibro/Ptprf|R,EC/Nid1|L,Fibro/Ptprf|R,0.24869053,Ligand,Receptor,Nid1|L,Ptprf|R,EC,Fibro,EC@Fibro,LR
3921,EC/Nid1|L@InfiltMac/Itgb1|R,EC/Nid1|L,InfiltMac/Itgb1|R,0.1274907,Ligand,Receptor,Nid1|L,Itgb1|R,EC,InfiltMac,EC@InfiltMac,LR
3922,EC/Nid1|L@Ly6ClowMac/Itgav|R,EC/Nid1|L,Ly6ClowMac/Itgav|R,0.28245595,Ligand,Receptor,Nid1|L,Itgav|R,EC,Ly6ClowMac,EC@Ly6ClowMac,LR
3923,EC/Nid1|L@Ly6ClowMac/Itgb1|R,EC/Nid1|L,Ly6ClowMac/Itgb1|R,0.12594676,Ligand,Receptor,Nid1|L,Itgb1|R,EC,Ly6ClowMac,EC@Ly6ClowMac,LR
3927,EC/Nid1|L@OsteoCAR/Itgav|R,EC/Nid1|L,OsteoCAR/Itgav|R,0.029172927,Ligand,Receptor,Nid1|L,Itgav|R,EC,OsteoCAR,EC@OsteoCAR,LR
3928,EC/Nid1|L@OsteoCAR/Itgb1|R,EC/Nid1|L,OsteoCAR/Itgb1|R,-0.0048593283,Ligand,Receptor,Nid1|L,Itgb1|R,EC,OsteoCAR,EC@OsteoCAR,LR
3929,EC/Nid1|L@OsteoCAR/Ptprf|R,EC/Nid1|L,OsteoCAR/Ptprf|R,0.2640994,Ligand,Receptor,Nid1|L,Ptprf|R,EC,OsteoCAR,EC@OsteoCAR,LR
3932,EC/Nid1|L@Spp1+Mac/Itgav|R,EC/Nid1|L,Spp1+Mac/Itgav|R,0.018609583,Ligand,Receptor,Nid1|L,Itgav|R,EC,Spp1+Mac,EC@Spp1+Mac,LR
3933,EC/Nid1|L@Spp1+Mac/Itgb1|R,EC/Nid1|L,Spp1+Mac/Itgb1|R,-0.7592821,Ligand,Receptor,Nid1|L,Itgb1|R,EC,Spp1+Mac,EC@Spp1+Mac,LR
3934,EC/Nid1|L@Spp1+Mac/Itgb3|R,EC/Nid1|L,Spp1+Mac/Itgb3|R,0.26297244,Ligand,Receptor,Nid1|L,Itgb3|R,EC,Spp1+Mac,EC@Spp1+Mac,LR
4066,EC/Sparc|L@EC/Eng|R,EC/Sparc|L,EC/Eng|R,0.3796314,Ligand,Receptor,Sparc|L,Eng|R,EC,EC,EC@EC,LR
4068,EC/Sparc|L@Fibro/Fgfr1|R,EC/Sparc|L,Fibro/Fgfr1|R,0.12904811,Ligand,Receptor,Sparc|L,Fgfr1|R,EC,Fibro,EC@Fibro,LR
4071,EC/Sparc|L@OsteoCAR/Eng|R,EC/Sparc|L,OsteoCAR/Eng|R,-1.1813565,Ligand,Receptor,Sparc|L,Eng|R,EC,OsteoCAR,EC@OsteoCAR,LR
4072,EC/Sparc|L@OsteoCAR/Fgfr1|R,EC/Sparc|L,OsteoCAR/Fgfr1|R,0.3606583,Ligand,Receptor,Sparc|L,Fgfr1|R,EC,OsteoCAR,EC@OsteoCAR,LR
4073,EC/Sparc|L@Spp1+Mac/Eng|R,EC/Sparc|L,Spp1+Mac/Eng|R,1.3229873,Ligand,Receptor,Sparc|L,Eng|R,EC,Spp1+Mac,EC@Spp1+Mac,LR
4263,EC/Vwf|L@EC/Itgb1|R,EC/Vwf|L,EC/Itgb1|R,0.06360817,Ligand,Receptor,Vwf|L,Itgb1|R,EC,EC,EC@EC,LR
4266,EC/Vwf|L@Fibro/Itgb1|R,EC/Vwf|L,Fibro/Itgb1|R,-0.03914678,Ligand,Receptor,Vwf|L,Itgb1|R,EC,Fibro,EC@Fibro,LR
4267,EC/Vwf|L@Fibro/Lrp1|R,EC/Vwf|L,Fibro/Lrp1|R,-0.017571628,Ligand,Receptor,Vwf|L,Lrp1|R,EC,Fibro,EC@Fibro,LR
4268,EC/Vwf|L@Fibro/Scara5|R,EC/Vwf|L,Fibro/Scara5|R,-0.034427255,Ligand,Receptor,Vwf|L,Scara5|R,EC,Fibro,EC@Fibro,LR
4269,EC/Vwf|L@InfiltMac/Itga4|R,EC/Vwf|L,InfiltMac/Itga4|R,0.050379157,Ligand,Receptor,Vwf|L,Itga4|R,EC,InfiltMac,EC@InfiltMac,LR
4270,EC/Vwf|L@InfiltMac/Itgb1|R,EC/Vwf|L,InfiltMac/Itgb1|R,0.072597265,Ligand,Receptor,Vwf|L,Itgb1|R,EC,InfiltMac,EC@InfiltMac,LR
4271,EC/Vwf|L@InfiltMac/Lrp1|R,EC/Vwf|L,InfiltMac/Lrp1|R,-0.047029406,Ligand,Receptor,Vwf|L,Lrp1|R,EC,InfiltMac,EC@InfiltMac,LR
4272,EC/Vwf|L@InfiltMac/Sirpa|R,EC/Vwf|L,InfiltMac/Sirpa|R,0.0074505806,Ligand,Receptor,Vwf|L,Sirpa|R,EC,InfiltMac,EC@InfiltMac,LR
4273,EC/Vwf|L@Ly6ClowMac/Itga4|R,EC/Vwf|L,Ly6ClowMac/Itga4|R,0.19898927,Ligand,Receptor,Vwf|L,Itga4|R,EC,Ly6ClowMac,EC@Ly6ClowMac,LR
4274,EC/Vwf|L@Ly6ClowMac/Itgb1|R,EC/Vwf|L,Ly6ClowMac/Itgb1|R,0.07105327,Ligand,Receptor,Vwf|L,Itgb1|R,EC,Ly6ClowMac,EC@Ly6ClowMac,LR
4275,EC/Vwf|L@Ly6ClowMac/Lrp1|R,EC/Vwf|L,Ly6ClowMac/Lrp1|R,-0.008974433,Ligand,Receptor,Vwf|L,Lrp1|R,EC,Ly6ClowMac,EC@Ly6ClowMac,LR
4276,EC/Vwf|L@Ly6ClowMac/Sirpa|R,EC/Vwf|L,Ly6ClowMac/Sirpa|R,0.043192744,Ligand,Receptor,Vwf|L,Sirpa|R,EC,Ly6ClowMac,EC@Ly6ClowMac,LR
4286,EC/Vwf|L@OsteoCAR/Itga9|R,EC/Vwf|L,OsteoCAR/Itga9|R,0.23450911,Ligand,Receptor,Vwf|L,Itga9|R,EC,OsteoCAR,EC@OsteoCAR,LR
4287,EC/Vwf|L@OsteoCAR/Itgb1|R,EC/Vwf|L,OsteoCAR/Itgb1|R,-0.059752822,Ligand,Receptor,Vwf|L,Itgb1|R,EC,OsteoCAR,EC@OsteoCAR,LR
4288,EC/Vwf|L@OsteoCAR/Lrp1|R,EC/Vwf|L,OsteoCAR/Lrp1|R,0.024113417,Ligand,Receptor,Vwf|L,Lrp1|R,EC,OsteoCAR,EC@OsteoCAR,LR
4289,EC/Vwf|L@OsteoCAR/Scara5|R,EC/Vwf|L,OsteoCAR/Scara5|R,0.22097117,Ligand,Receptor,Vwf|L,Scara5|R,EC,OsteoCAR,EC@OsteoCAR,LR
4294,EC/Vwf|L@Spp1+Mac/Itgav_Itgb3|R,EC/Vwf|L,Spp1+Mac/Itgav_Itgb3|R,0.2005334,Ligand,Receptor,Vwf|L,Itgav_Itgb3|R,EC,Spp1+Mac,EC@Spp1+Mac,LR
4295,EC/Vwf|L@Spp1+Mac/Itgb1|R,EC/Vwf|L,Spp1+Mac/Itgb1|R,-0.7517365,Ligand,Receptor,Vwf|L,Itgb1|R,EC,Spp1+Mac,EC@Spp1+Mac,LR
4296,EC/Vwf|L@Spp1+Mac/Sirpa|R,EC/Vwf|L,Spp1+Mac/Sirpa|R,-0.24016303,Ligand,Receptor,Vwf|L,Sirpa|R,EC,Spp1+Mac,EC@Spp1+Mac,LR
5606,Fibro/Comp|L@BCells/Cd47|R,Fibro/Comp|L,BCells/Cd47|R,-0.8105372,Ligand,Receptor,Comp|L,Cd47|R,Fibro,BCells,Fibro@BCells,LR
5607,Fibro/Comp|L@BCells/Sdc1|R,Fibro/Comp|L,BCells/Sdc1|R,-0.05706635,Ligand,Receptor,Comp|L,Sdc1|R,Fibro,BCells,Fibro@BCells,LR
5608,Fibro/Comp|L@Baso/Cd47|R,Fibro/Comp|L,Baso/Cd47|R,-0.0068386793,Ligand,Receptor,Comp|L,Cd47|R,Fibro,Baso,Fibro@Baso,LR
5609,Fibro/Comp|L@DC/Cd47|R,Fibro/Comp|L,DC/Cd47|R,-0.8889277,Ligand,Receptor,Comp|L,Cd47|R,Fibro,DC,Fibro@DC,LR
5610,Fibro/Comp|L@DC/Itga5|R,Fibro/Comp|L,DC/Itga5|R,0.21933001,Ligand,Receptor,Comp|L,Itga5|R,Fibro,DC,Fibro@DC,LR
5611,Fibro/Comp|L@EC/Cd36|R,Fibro/Comp|L,EC/Cd36|R,0.2258631,Ligand,Receptor,Comp|L,Cd36|R,Fibro,EC,Fibro@EC,LR
5612,Fibro/Comp|L@Ery/Cd47|R,Fibro/Comp|L,Ery/Cd47|R,-0.008408785,Ligand,Receptor,Comp|L,Cd47|R,Fibro,Ery,Fibro@Ery,LR
5613,Fibro/Comp|L@Ery/Itga5|R,Fibro/Comp|L,Ery/Itga5|R,0.22825146,Ligand,Receptor,Comp|L,Itga5|R,Fibro,Ery,Fibro@Ery,LR
5614,Fibro/Comp|L@Fibro/Cd47|R,Fibro/Comp|L,Fibro/Cd47|R,-0.8603511,Ligand,Receptor,Comp|L,Cd47|R,Fibro,Fibro,Fibro@Fibro,LR
5615,Fibro/Comp|L@InfiltMac/Cd47|R,Fibro/Comp|L,InfiltMac/Cd47|R,0.030922651,Ligand,Receptor,Comp|L,Cd47|R,Fibro,InfiltMac,Fibro@InfiltMac,LR
5616,Fibro/Comp|L@Ly6ClowMac/Cd36|R,Fibro/Comp|L,Ly6ClowMac/Cd36|R,-0.24530464,Ligand,Receptor,Comp|L,Cd36|R,Fibro,Ly6ClowMac,Fibro@Ly6ClowMac,LR
5617,Fibro/Comp|L@Ly6ClowMac/Cd47|R,Fibro/Comp|L,Ly6ClowMac/Cd47|R,0.15534115,Ligand,Receptor,Comp|L,Cd47|R,Fibro,Ly6ClowMac,Fibro@Ly6ClowMac,LR
5618,Fibro/Comp|L@MK/Cd47|R,Fibro/Comp|L,MK/Cd47|R,-0.11838758,Ligand,Receptor,Comp|L,Cd47|R,Fibro,MK,Fibro@MK,LR
5619,Fibro/Comp|L@MonoPro/Cd47|R,Fibro/Comp|L,MonoPro/Cd47|R,-0.04581797,Ligand,Receptor,Comp|L,Cd47|R,Fibro,MonoPro,Fibro@MonoPro,LR
5620,Fibro/Comp|L@MonoPro/Itga5|R,Fibro/Comp|L,MonoPro/Itga5|R,-0.05175543,Ligand,Receptor,Comp|L,Itga5|R,Fibro,MonoPro,Fibro@MonoPro,LR
5621,Fibro/Comp|L@Neut1/Cd47|R,Fibro/Comp|L,Neut1/Cd47|R,-0.04606521,Ligand,Receptor,Comp|L,Cd47|R,Fibro,Neut1,Fibro@Neut1,LR
5622,Fibro/Comp|L@Neut2/Cd47|R,Fibro/Comp|L,Neut2/Cd47|R,-0.94205785,Ligand,Receptor,Comp|L,Cd47|R,Fibro,Neut2,Fibro@Neut2,LR
5625,Fibro/Comp|L@ResMac/Cd47|R,Fibro/Comp|L,ResMac/Cd47|R,0.14387691,Ligand,Receptor,Comp|L,Cd47|R,Fibro,ResMac,Fibro@ResMac,LR
5626,Fibro/Comp|L@Spp1+Mac/Itga5|R,Fibro/Comp|L,Spp1+Mac/Itga5|R,-0.045631796,Ligand,Receptor,Comp|L,Itga5|R,Fibro,Spp1+Mac,Fibro@Spp1+Mac,LR
5627,Fibro/Comp|L@Spp1+Mac/Itgav_Itgb3|R,Fibro/Comp|L,Spp1+Mac/Itgav_Itgb3|R,0.27071497,Ligand,Receptor,Comp|L,Itgav_Itgb3|R,Fibro,Spp1+Mac,Fibro@Spp1+Mac,LR
5628,Fibro/Comp|L@Spp1+Mac/Sdc1|R,Fibro/Comp|L,Spp1+Mac/Sdc1|R,-0.28405285,Ligand,Receptor,Comp|L,Sdc1|R,Fibro,Spp1+Mac,Fibro@Spp1+Mac,LR
5629,Fibro/Comp|L@TCells/Cd47|R,Fibro/Comp|L,TCells/Cd47|R,-0.79392624,Ligand,Receptor,Comp|L,Cd47|R,Fibro,TCells,Fibro@TCells,LR
5757,Fibro/Edil3|L@Fibro/Itgav|R,Fibro/Edil3|L,Fibro/Itgav|R,0.26417536,Ligand,Receptor,Edil3|L,Itgav|R,Fibro,Fibro,Fibro@Fibro,LR
5758,Fibro/Edil3|L@Fibro/Itgb5|R,Fibro/Edil3|L,Fibro/Itgb5|R,0.30445632,Ligand,Receptor,Edil3|L,Itgb5|R,Fibro,Fibro,Fibro@Fibro,LR
5759,Fibro/Edil3|L@InfiltMac/Itgb5|R,Fibro/Edil3|L,InfiltMac/Itgb5|R,0.19082016,Ligand,Receptor,Edil3|L,Itgb5|R,Fibro,InfiltMac,Fibro@InfiltMac,LR
5760,Fibro/Edil3|L@Ly6ClowMac/Itgav|R,Fibro/Edil3|L,Ly6ClowMac/Itgav|R,0.2407789,Ligand,Receptor,Edil3|L,Itgav|R,Fibro,Ly6ClowMac,Fibro@Ly6ClowMac,LR
5761,Fibro/Edil3|L@Ly6ClowMac/Itgb5|R,Fibro/Edil3|L,Ly6ClowMac/Itgb5|R,0.27281952,Ligand,Receptor,Edil3|L,Itgb5|R,Fibro,Ly6ClowMac,Fibro@Ly6ClowMac,LR
5762,Fibro/Edil3|L@MK/Itgb3|R,Fibro/Edil3|L,MK/Itgb3|R,0.18856786,Ligand,Receptor,Edil3|L,Itgb3|R,Fibro,MK,Fibro@MK,LR
5765,Fibro/Edil3|L@ResMac/Itgav|R,Fibro/Edil3|L,ResMac/Itgav|R,0.22017214,Ligand,Receptor,Edil3|L,Itgav|R,Fibro,ResMac,Fibro@ResMac,LR
5766,Fibro/Edil3|L@ResMac/Itgb5|R,Fibro/Edil3|L,ResMac/Itgb5|R,0.2425617,Ligand,Receptor,Edil3|L,Itgb5|R,Fibro,ResMac,Fibro@ResMac,LR
5767,Fibro/Edil3|L@Spp1+Mac/Itgav|R,Fibro/Edil3|L,Spp1+Mac/Itgav|R,0.46226907,Ligand,Receptor,Edil3|L,Itgav|R,Fibro,Spp1+Mac,Fibro@Spp1+Mac,LR
5768,Fibro/Edil3|L@Spp1+Mac/Itgb3|R,Fibro/Edil3|L,Spp1+Mac/Itgb3|R,0.22129539,Ligand,Receptor,Edil3|L,Itgb3|R,Fibro,Spp1+Mac,Fibro@Spp1+Mac,LR
5769,Fibro/Edil3|L@Spp1+Mac/Itgb5|R,Fibro/Edil3|L,Spp1+Mac/Itgb5|R,0.2916641,Ligand,Receptor,Edil3|L,Itgb5|R,Fibro,Spp1+Mac,Fibro@Spp1+Mac,LR
5770,Fibro/Efemp1|L@Fibro/Egfr|R,Fibro/Efemp1|L,Fibro/Egfr|R,0.15373912,Ligand,Receptor,Efemp1|L,Egfr|R,Fibro,Fibro,Fibro@Fibro,LR
5772,Fibro/Efemp2|L@EC/Aqp1|R,Fibro/Efemp2|L,EC/Aqp1|R,0.7783356,Ligand,Receptor,Efemp2|L,Aqp1|R,Fibro,EC,Fibro@EC,LR
5773,Fibro/Efemp2|L@EC/Plscr4|R,Fibro/Efemp2|L,EC/Plscr4|R,0.21437216,Ligand,Receptor,Efemp2|L,Plscr4|R,Fibro,EC,Fibro@EC,LR
5774,Fibro/Efemp2|L@Ery/Aqp1|R,Fibro/Efemp2|L,Ery/Aqp1|R,0.5961355,Ligand,Receptor,Efemp2|L,Aqp1|R,Fibro,Ery,Fibro@Ery,LR
5775,Fibro/Efemp2|L@Fibro/Plscr4|R,Fibro/Efemp2|L,Fibro/Plscr4|R,0.19736314,Ligand,Receptor,Efemp2|L,Plscr4|R,Fibro,Fibro,Fibro@Fibro,LR
5797,Fibro/Fbln1|L@Baso/Itgb1|R,Fibro/Fbln1|L,Baso/Itgb1|R,0.16698247,Ligand,Receptor,Fbln1|L,Itgb1|R,Fibro,Baso,Fibro@Baso,LR
5798,Fibro/Fbln1|L@DC/Itgb1|R,Fibro/Fbln1|L,DC/Itgb1|R,0.0602234,Ligand,Receptor,Fbln1|L,Itgb1|R,Fibro,DC,Fibro@DC,LR
5799,Fibro/Fbln1|L@EC/Itgb1|R,Fibro/Fbln1|L,EC/Itgb1|R,0.14241576,Ligand,Receptor,Fbln1|L,Itgb1|R,Fibro,EC,Fibro@EC,LR
5800,Fibro/Fbln1|L@Ery/Itgb1|R,Fibro/Fbln1|L,Ery/Itgb1|R,-0.01299876,Ligand,Receptor,Fbln1|L,Itgb1|R,Fibro,Ery,Fibro@Ery,LR
5801,Fibro/Fbln1|L@Fibro/Itgb1|R,Fibro/Fbln1|L,Fibro/Itgb1|R,0.03966093,Ligand,Receptor,Fbln1|L,Itgb1|R,Fibro,Fibro,Fibro@Fibro,LR
5802,Fibro/Fbln1|L@InfiltMac/Itgb1|R,Fibro/Fbln1|L,InfiltMac/Itgb1|R,0.15140492,Ligand,Receptor,Fbln1|L,Itgb1|R,Fibro,InfiltMac,Fibro@InfiltMac,LR
5803,Fibro/Fbln1|L@Ly6ClowMac/Itgb1|R,Fibro/Fbln1|L,Ly6ClowMac/Itgb1|R,0.14986104,Ligand,Receptor,Fbln1|L,Itgb1|R,Fibro,Ly6ClowMac,Fibro@Ly6ClowMac,LR
5804,Fibro/Fbln1|L@MK/Itgb1|R,Fibro/Fbln1|L,MK/Itgb1|R,0.09125024,Ligand,Receptor,Fbln1|L,Itgb1|R,Fibro,MK,Fibro@MK,LR
5805,Fibro/Fbln1|L@MonoPro/Itgb1|R,Fibro/Fbln1|L,MonoPro/Itgb1|R,0.034903288,Ligand,Receptor,Fbln1|L,Itgb1|R,Fibro,MonoPro,Fibro@MonoPro,LR
5807,Fibro/Fbln1|L@ResMac/Itgb1|R,Fibro/Fbln1|L,ResMac/Itgb1|R,0.1825735,Ligand,Receptor,Fbln1|L,Itgb1|R,Fibro,ResMac,Fibro@ResMac,LR
5808,Fibro/Fbln1|L@Spp1+Mac/Itgb1|R,Fibro/Fbln1|L,Spp1+Mac/Itgb1|R,-0.8208283,Ligand,Receptor,Fbln1|L,Itgb1|R,Fibro,Spp1+Mac,Fibro@Spp1+Mac,LR
5809,Fibro/Fbln1|L@TCells/Itgb1|R,Fibro/Fbln1|L,TCells/Itgb1|R,0.11587089,Ligand,Receptor,Fbln1|L,Itgb1|R,Fibro,TCells,Fibro@TCells,LR
5810,Fibro/Fbln2|L@MK/Itgb3|R,Fibro/Fbln2|L,MK/Itgb3|R,0.4861539,Ligand,Receptor,Fbln2|L,Itgb3|R,Fibro,MK,Fibro@MK,LR
5811,Fibro/Fbln2|L@Spp1+Mac/Itgb3|R,Fibro/Fbln2|L,Spp1+Mac/Itgb3|R,0.51888144,Ligand,Receptor,Fbln2|L,Itgb3|R,Fibro,Spp1+Mac,Fibro@Spp1+Mac,LR
5812,Fibro/Fbn1|L@BCells/Itgb1|R,Fibro/Fbn1|L,BCells/Itgb1|R,-0.8281077,Ligand,Receptor,Fbn1|L,Itgb1|R,Fibro,BCells,Fibro@BCells,LR
5813,Fibro/Fbn1|L@Baso/Itgb1|R,Fibro/Fbn1|L,Baso/Itgb1|R,-0.032732427,Ligand,Receptor,Fbn1|L,Itgb1|R,Fibro,Baso,Fibro@Baso,LR
5814,Fibro/Fbn1|L@DC/Itga5|R,Fibro/Fbn1|L,DC/Itga5|R,0.5222574,Ligand,Receptor,Fbn1|L,Itga5|R,Fibro,DC,Fibro@DC,LR
5815,Fibro/Fbn1|L@DC/Itgb1|R,Fibro/Fbn1|L,DC/Itgb1|R,-0.13949144,Ligand,Receptor,Fbn1|L,Itgb1|R,Fibro,DC,Fibro@DC,LR
5816,Fibro/Fbn1|L@EC/Itgb1|R,Fibro/Fbn1|L,EC/Itgb1|R,-0.057299137,Ligand,Receptor,Fbn1|L,Itgb1|R,Fibro,EC,Fibro@EC,LR
5817,Fibro/Fbn1|L@Ery/Itga5|R,Fibro/Fbn1|L,Ery/Itga5|R,0.53117883,Ligand,Receptor,Fbn1|L,Itga5|R,Fibro,Ery,Fibro@Ery,LR
5818,Fibro/Fbn1|L@Ery/Itgb1|R,Fibro/Fbn1|L,Ery/Itgb1|R,-0.2127136,Ligand,Receptor,Fbn1|L,Itgb1|R,Fibro,Ery,Fibro@Ery,LR
5819,Fibro/Fbn1|L@Fibro/Itgb1|R,Fibro/Fbn1|L,Fibro/Itgb1|R,-0.16005397,Ligand,Receptor,Fbn1|L,Itgb1|R,Fibro,Fibro,Fibro@Fibro,LR
5820,Fibro/Fbn1|L@InfiltMac/Itgb1|R,Fibro/Fbn1|L,InfiltMac/Itgb1|R,-0.04831004,Ligand,Receptor,Fbn1|L,Itgb1|R,Fibro,InfiltMac,Fibro@InfiltMac,LR
5821,Fibro/Fbn1|L@Ly6ClowMac/Itgb1|R,Fibro/Fbn1|L,Ly6ClowMac/Itgb1|R,-0.04985404,Ligand,Receptor,Fbn1|L,Itgb1|R,Fibro,Ly6ClowMac,Fibro@Ly6ClowMac,LR
5822,Fibro/Fbn1|L@MK/Itgb1|R,Fibro/Fbn1|L,MK/Itgb1|R,-0.10846466,Ligand,Receptor,Fbn1|L,Itgb1|R,Fibro,MK,Fibro@MK,LR
5823,Fibro/Fbn1|L@MK/Itgb3|R,Fibro/Fbn1|L,MK/Itgb3|R,0.5409148,Ligand,Receptor,Fbn1|L,Itgb3|R,Fibro,MK,Fibro@MK,LR
5824,Fibro/Fbn1|L@MonoPro/Itga5|R,Fibro/Fbn1|L,MonoPro/Itga5|R,-0.16384643,Ligand,Receptor,Fbn1|L,Itga5|R,Fibro,MonoPro,Fibro@MonoPro,LR
5825,Fibro/Fbn1|L@MonoPro/Itgb1|R,Fibro/Fbn1|L,MonoPro/Itgb1|R,-0.16481161,Ligand,Receptor,Fbn1|L,Itgb1|R,Fibro,MonoPro,Fibro@MonoPro,LR
5826,Fibro/Fbn1|L@Neut1/Itgb1|R,Fibro/Fbn1|L,Neut1/Itgb1|R,-0.13623756,Ligand,Receptor,Fbn1|L,Itgb1|R,Fibro,Neut1,Fibro@Neut1,LR
5827,Fibro/Fbn1|L@Neut2/Itgb1|R,Fibro/Fbn1|L,Neut2/Itgb1|R,-0.1522699,Ligand,Receptor,Fbn1|L,Itgb1|R,Fibro,Neut2,Fibro@Neut2,LR
5829,Fibro/Fbn1|L@ResMac/Itgb1|R,Fibro/Fbn1|L,ResMac/Itgb1|R,-0.017141342,Ligand,Receptor,Fbn1|L,Itgb1|R,Fibro,ResMac,Fibro@ResMac,LR
5830,Fibro/Fbn1|L@Spp1+Mac/Itga5|R,Fibro/Fbn1|L,Spp1+Mac/Itga5|R,-0.15772283,Ligand,Receptor,Fbn1|L,Itga5|R,Fibro,Spp1+Mac,Fibro@Spp1+Mac,LR
5831,Fibro/Fbn1|L@Spp1+Mac/Itgb1|R,Fibro/Fbn1|L,Spp1+Mac/Itgb1|R,-0.33088154,Ligand,Receptor,Fbn1|L,Itgb1|R,Fibro,Spp1+Mac,Fibro@Spp1+Mac,LR
5832,Fibro/Fbn1|L@Spp1+Mac/Itgb3|R,Fibro/Fbn1|L,Spp1+Mac/Itgb3|R,0.5736423,Ligand,Receptor,Fbn1|L,Itgb3|R,Fibro,Spp1+Mac,Fibro@Spp1+Mac,LR
5833,Fibro/Fbn1|L@TCells/Itgb1|R,Fibro/Fbn1|L,TCells/Itgb1|R,-0.08384395,Ligand,Receptor,Fbn1|L,Itgb1|R,Fibro,TCells,Fibro@TCells,LR
5864,Fibro/Fn1|L@BCells/Cd44|R,Fibro/Fn1|L,BCells/Cd44|R,-0.92486036,Ligand,Receptor,Fn1|L,Cd44|R,Fibro,BCells,Fibro@BCells,LR
5865,Fibro/Fn1|L@BCells/Cd79a|R,Fibro/Fn1|L,BCells/Cd79a|R,-0.09496403,Ligand,Receptor,Fn1|L,Cd79a|R,Fibro,BCells,Fibro@BCells,LR
5866,Fibro/Fn1|L@BCells/Dpp4|R,Fibro/Fn1|L,BCells/Dpp4|R,-0.27729672,Ligand,Receptor,Fn1|L,Dpp4|R,Fibro,BCells,Fibro@BCells,LR
5867,Fibro/Fn1|L@BCells/Itga4_Itgb1|R,Fibro/Fn1|L,BCells/Itga4_Itgb1|R,-0.9580051,Ligand,Receptor,Fn1|L,Itga4_Itgb1|R,Fibro,BCells,Fibro@BCells,LR
5868,Fibro/Fn1|L@BCells/Itga4_Itgb7|R,Fibro/Fn1|L,BCells/Itga4_Itgb7|R,-0.23265767,Ligand,Receptor,Fn1|L,Itga4_Itgb7|R,Fibro,BCells,Fibro@BCells,LR
5869,Fibro/Fn1|L@BCells/Sdc1|R,Fibro/Fn1|L,BCells/Sdc1|R,-0.23252487,Ligand,Receptor,Fn1|L,Sdc1|R,Fibro,BCells,Fibro@BCells,LR
5870,Fibro/Fn1|L@Baso/Cd44|R,Fibro/Fn1|L,Baso/Cd44|R,-0.88418925,Ligand,Receptor,Fn1|L,Cd44|R,Fibro,Baso,Fibro@Baso,LR
5871,Fibro/Fn1|L@Baso/Dpp4|R,Fibro/Fn1|L,Baso/Dpp4|R,0.819298,Ligand,Receptor,Fn1|L,Dpp4|R,Fibro,Baso,Fibro@Baso,LR
5872,Fibro/Fn1|L@Baso/Itga2|R,Fibro/Fn1|L,Baso/Itga2|R,-0.13324702,Ligand,Receptor,Fn1|L,Itga2|R,Fibro,Baso,Fibro@Baso,LR
5873,Fibro/Fn1|L@Baso/Itga4_Itgb1|R,Fibro/Fn1|L,Baso/Itga4_Itgb1|R,-1.0805428,Ligand,Receptor,Fn1|L,Itga4_Itgb1|R,Fibro,Baso,Fibro@Baso,LR
5874,Fibro/Fn1|L@Baso/Itga4_Itgb7|R,Fibro/Fn1|L,Baso/Itga4_Itgb7|R,-1.0644442,Ligand,Receptor,Fn1|L,Itga4_Itgb7|R,Fibro,Baso,Fibro@Baso,LR
5875,Fibro/Fn1|L@Baso/Itga6|R,Fibro/Fn1|L,Baso/Itga6|R,-0.13969499,Ligand,Receptor,Fn1|L,Itga6|R,Fibro,Baso,Fibro@Baso,LR
5876,Fibro/Fn1|L@Baso/Nt5e|R,Fibro/Fn1|L,Baso/Nt5e|R,0.6092241,Ligand,Receptor,Fn1|L,Nt5e|R,Fibro,Baso,Fibro@Baso,LR
5877,Fibro/Fn1|L@DC/Cd44|R,Fibro/Fn1|L,DC/Cd44|R,-0.17715222,Ligand,Receptor,Fn1|L,Cd44|R,Fibro,DC,Fibro@DC,LR
5878,Fibro/Fn1|L@DC/Itga4_Itgb1|R,Fibro/Fn1|L,DC/Itga4_Itgb1|R,-0.1848334,Ligand,Receptor,Fn1|L,Itga4_Itgb1|R,Fibro,DC,Fibro@DC,LR
5879,Fibro/Fn1|L@DC/Itga4_Itgb7|R,Fibro/Fn1|L,DC/Itga4_Itgb7|R,-0.2708482,Ligand,Receptor,Fn1|L,Itga4_Itgb7|R,Fibro,DC,Fibro@DC,LR
5880,Fibro/Fn1|L@DC/Itga5_Itgb1|R,Fibro/Fn1|L,DC/Itga5_Itgb1|R,0.5887872,Ligand,Receptor,Fn1|L,Itga5_Itgb1|R,Fibro,DC,Fibro@DC,LR
5881,Fibro/Fn1|L@DC/Plaur|R,Fibro/Fn1|L,DC/Plaur|R,0.68125516,Ligand,Receptor,Fn1|L,Plaur|R,Fibro,DC,Fibro@DC,LR
5882,Fibro/Fn1|L@EC/Cd44|R,Fibro/Fn1|L,EC/Cd44|R,-0.87934256,Ligand,Receptor,Fn1|L,Cd44|R,Fibro,EC,Fibro@EC,LR
5883,Fibro/Fn1|L@EC/Flt4|R,Fibro/Fn1|L,EC/Flt4|R,-0.21550691,Ligand,Receptor,Fn1|L,Flt4|R,Fibro,EC,Fibro@EC,LR
5884,Fibro/Fn1|L@EC/Itga6|R,Fibro/Fn1|L,EC/Itga6|R,-0.1653676,Ligand,Receptor,Fn1|L,Itga6|R,Fibro,EC,Fibro@EC,LR
5885,Fibro/Fn1|L@EC/Robo4|R,Fibro/Fn1|L,EC/Robo4|R,-0.20094943,Ligand,Receptor,Fn1|L,Robo4|R,Fibro,EC,Fibro@EC,LR
5886,Fibro/Fn1|L@Ery/Cd44|R,Fibro/Fn1|L,Ery/Cd44|R,-0.94798875,Ligand,Receptor,Fn1|L,Cd44|R,Fibro,Ery,Fibro@Ery,LR
5887,Fibro/Fn1|L@Ery/Itga4_Itgb1|R,Fibro/Fn1|L,Ery/Itga4_Itgb1|R,-0.27608114,Ligand,Receptor,Fn1|L,Itga4_Itgb1|R,Fibro,Ery,Fibro@Ery,LR
5888,Fibro/Fn1|L@Ery/Itga4_Itgb7|R,Fibro/Fn1|L,Ery/Itga4_Itgb7|R,0.58834225,Ligand,Receptor,Fn1|L,Itga4_Itgb7|R,Fibro,Ery,Fibro@Ery,LR
5889,Fibro/Fn1|L@Ery/Itga5_Itgb1|R,Fibro/Fn1|L,Ery/Itga5_Itgb1|R,0.59770864,Ligand,Receptor,Fn1|L,Itga5_Itgb1|R,Fibro,Ery,Fibro@Ery,LR
5890,Fibro/Fn1|L@Fibro/Cd44|R,Fibro/Fn1|L,Fibro/Cd44|R,-0.9361843,Ligand,Receptor,Fn1|L,Cd44|R,Fibro,Fibro,Fibro@Fibro,LR
5891,Fibro/Fn1|L@Fibro/Dpp4|R,Fibro/Fn1|L,Fibro/Dpp4|R,-0.2032038,Ligand,Receptor,Fn1|L,Dpp4|R,Fibro,Fibro,Fibro@Fibro,LR
5892,Fibro/Fn1|L@Fibro/Itgav_Itgb1|R,Fibro/Fn1|L,Fibro/Itgav_Itgb1|R,-0.19002694,Ligand,Receptor,Fn1|L,Itgav_Itgb1|R,Fibro,Fibro,Fibro@Fibro,LR
5893,Fibro/Fn1|L@Fibro/Sdc2|R,Fibro/Fn1|L,Fibro/Sdc2|R,-0.26653695,Ligand,Receptor,Fn1|L,Sdc2|R,Fibro,Fibro,Fibro@Fibro,LR
5894,Fibro/Fn1|L@InfiltMac/C5ar1|R,Fibro/Fn1|L,InfiltMac/C5ar1|R,0.65982074,Ligand,Receptor,Fn1|L,C5ar1|R,Fibro,InfiltMac,Fibro@InfiltMac,LR
5895,Fibro/Fn1|L@InfiltMac/Cd44|R,Fibro/Fn1|L,InfiltMac/Cd44|R,-0.19359124,Ligand,Receptor,Fn1|L,Cd44|R,Fibro,InfiltMac,Fibro@InfiltMac,LR
5896,Fibro/Fn1|L@InfiltMac/Itga4_Itgb1|R,Fibro/Fn1|L,InfiltMac/Itga4_Itgb1|R,-0.11167753,Ligand,Receptor,Fn1|L,Itga4_Itgb1|R,Fibro,InfiltMac,Fibro@InfiltMac,LR
5897,Fibro/Fn1|L@InfiltMac/Itga4_Itgb7|R,Fibro/Fn1|L,InfiltMac/Itga4_Itgb7|R,-0.369233,Ligand,Receptor,Fn1|L,Itga4_Itgb7|R,Fibro,InfiltMac,Fibro@InfiltMac,LR
5898,Fibro/Fn1|L@InfiltMac/Plaur|R,Fibro/Fn1|L,InfiltMac/Plaur|R,-0.11483455,Ligand,Receptor,Fn1|L,Plaur|R,Fibro,InfiltMac,Fibro@InfiltMac,LR
5899,Fibro/Fn1|L@Ly6ClowMac/C5ar1|R,Fibro/Fn1|L,Ly6ClowMac/C5ar1|R,0.63420314,Ligand,Receptor,Fn1|L,C5ar1|R,Fibro,Ly6ClowMac,Fibro@Ly6ClowMac,LR
5900,Fibro/Fn1|L@Ly6ClowMac/Cd44|R,Fibro/Fn1|L,Ly6ClowMac/Cd44|R,-0.18203789,Ligand,Receptor,Fn1|L,Cd44|R,Fibro,Ly6ClowMac,Fibro@Ly6ClowMac,LR
5901,Fibro/Fn1|L@Ly6ClowMac/Itga4_Itgb1|R,Fibro/Fn1|L,Ly6ClowMac/Itga4_Itgb1|R,-0.113221526,Ligand,Receptor,Fn1|L,Itga4_Itgb1|R,Fibro,Ly6ClowMac,Fibro@Ly6ClowMac,LR
5902,Fibro/Fn1|L@Ly6ClowMac/Itga4_Itgb7|R,Fibro/Fn1|L,Ly6ClowMac/Itga4_Itgb7|R,-0.26644903,Ligand,Receptor,Fn1|L,Itga4_Itgb7|R,Fibro,Ly6ClowMac,Fibro@Ly6ClowMac,LR
5903,Fibro/Fn1|L@Ly6ClowMac/Itgav_Itgb1|R,Fibro/Fn1|L,Ly6ClowMac/Itgav_Itgb1|R,0.65965563,Ligand,Receptor,Fn1|L,Itgav_Itgb1|R,Fibro,Ly6ClowMac,Fibro@Ly6ClowMac,LR
5904,Fibro/Fn1|L@Ly6ClowMac/Plaur|R,Fibro/Fn1|L,Ly6ClowMac/Plaur|R,0.65030867,Ligand,Receptor,Fn1|L,Plaur|R,Fibro,Ly6ClowMac,Fibro@Ly6ClowMac,LR
5905,Fibro/Fn1|L@MK/Cd44|R,Fibro/Fn1|L,MK/Cd44|R,-0.9909904,Ligand,Receptor,Fn1|L,Cd44|R,Fibro,MK,Fibro@MK,LR
5906,Fibro/Fn1|L@MK/Dpp4|R,Fibro/Fn1|L,MK/Dpp4|R,0.6818856,Ligand,Receptor,Fn1|L,Dpp4|R,Fibro,MK,Fibro@MK,LR
5907,Fibro/Fn1|L@MK/Itga2b_Itgb3|R,Fibro/Fn1|L,MK/Itga2b_Itgb3|R,0.6074446,Ligand,Receptor,Fn1|L,Itga2b_Itgb3|R,Fibro,MK,Fibro@MK,LR
5908,Fibro/Fn1|L@MK/Itga4_Itgb1|R,Fibro/Fn1|L,MK/Itga4_Itgb1|R,-0.1718322,Ligand,Receptor,Fn1|L,Itga4_Itgb1|R,Fibro,MK,Fibro@MK,LR
5909,Fibro/Fn1|L@MK/Itga4_Itgb7|R,Fibro/Fn1|L,MK/Itga4_Itgb7|R,-0.24386537,Ligand,Receptor,Fn1|L,Itga4_Itgb7|R,Fibro,MK,Fibro@MK,LR
5910,Fibro/Fn1|L@MK/Itga6|R,Fibro/Fn1|L,MK/Itga6|R,-0.24694186,Ligand,Receptor,Fn1|L,Itga6|R,Fibro,MK,Fibro@MK,LR
5911,Fibro/Fn1|L@MonoPro/Cd44|R,Fibro/Fn1|L,MonoPro/Cd44|R,-0.2429775,Ligand,Receptor,Fn1|L,Cd44|R,Fibro,MonoPro,Fibro@MonoPro,LR
5912,Fibro/Fn1|L@MonoPro/Dpp4|R,Fibro/Fn1|L,MonoPro/Dpp4|R,0.6011833,Ligand,Receptor,Fn1|L,Dpp4|R,Fibro,MonoPro,Fibro@MonoPro,LR
5913,Fibro/Fn1|L@MonoPro/Itga4_Itgb1|R,Fibro/Fn1|L,MonoPro/Itga4_Itgb1|R,-1.0759983,Ligand,Receptor,Fn1|L,Itga4_Itgb1|R,Fibro,MonoPro,Fibro@MonoPro,LR
5914,Fibro/Fn1|L@MonoPro/Itga5_Itgb1|R,Fibro/Fn1|L,MonoPro/Itga5_Itgb1|R,-0.22721398,Ligand,Receptor,Fn1|L,Itga5_Itgb1|R,Fibro,MonoPro,Fibro@MonoPro,LR
5915,Fibro/Fn1|L@MonoPro/Itga6|R,Fibro/Fn1|L,MonoPro/Itga6|R,-0.18619734,Ligand,Receptor,Fn1|L,Itga6|R,Fibro,MonoPro,Fibro@MonoPro,LR
5916,Fibro/Fn1|L@MonoPro/Plaur|R,Fibro/Fn1|L,MonoPro/Plaur|R,0.5880636,Ligand,Receptor,Fn1|L,Plaur|R,Fibro,MonoPro,Fibro@MonoPro,LR
5917,Fibro/Fn1|L@Neut1/C5ar1|R,Fibro/Fn1|L,Neut1/C5ar1|R,-0.18616092,Ligand,Receptor,Fn1|L,C5ar1|R,Fibro,Neut1,Fibro@Neut1,LR
5918,Fibro/Fn1|L@Neut1/Cd44|R,Fibro/Fn1|L,Neut1/Cd44|R,-0.24104536,Ligand,Receptor,Fn1|L,Cd44|R,Fibro,Neut1,Fibro@Neut1,LR
5919,Fibro/Fn1|L@Neut1/Itga4_Itgb1|R,Fibro/Fn1|L,Neut1/Itga4_Itgb1|R,-0.9320504,Ligand,Receptor,Fn1|L,Itga4_Itgb1|R,Fibro,Neut1,Fibro@Neut1,LR
5920,Fibro/Fn1|L@Neut1/Itga6|R,Fibro/Fn1|L,Neut1/Itga6|R,0.5948414,Ligand,Receptor,Fn1|L,Itga6|R,Fibro,Neut1,Fibro@Neut1,LR
5921,Fibro/Fn1|L@Neut1/Plaur|R,Fibro/Fn1|L,Neut1/Plaur|R,-0.12858504,Ligand,Receptor,Fn1|L,Plaur|R,Fibro,Neut1,Fibro@Neut1,LR
5922,Fibro/Fn1|L@Neut2/C5ar1|R,Fibro/Fn1|L,Neut2/C5ar1|R,-0.14652562,Ligand,Receptor,Fn1|L,C5ar1|R,Fibro,Neut2,Fibro@Neut2,LR
5923,Fibro/Fn1|L@Neut2/Cd44|R,Fibro/Fn1|L,Neut2/Cd44|R,-0.22158664,Ligand,Receptor,Fn1|L,Cd44|R,Fibro,Neut2,Fibro@Neut2,LR
5924,Fibro/Fn1|L@Neut2/Itga4_Itgb1|R,Fibro/Fn1|L,Neut2/Itga4_Itgb1|R,-0.92520356,Ligand,Receptor,Fn1|L,Itga4_Itgb1|R,Fibro,Neut2,Fibro@Neut2,LR
5925,Fibro/Fn1|L@Neut2/Plaur|R,Fibro/Fn1|L,Neut2/Plaur|R,-0.10737842,Ligand,Receptor,Fn1|L,Plaur|R,Fibro,Neut2,Fibro@Neut2,LR
5931,Fibro/Fn1|L@ResMac/Cd44|R,Fibro/Fn1|L,ResMac/Cd44|R,-0.26443928,Ligand,Receptor,Fn1|L,Cd44|R,Fibro,ResMac,Fibro@ResMac,LR
5932,Fibro/Fn1|L@ResMac/Dpp4|R,Fibro/Fn1|L,ResMac/Dpp4|R,-0.21866232,Ligand,Receptor,Fn1|L,Dpp4|R,Fibro,ResMac,Fibro@ResMac,LR
5933,Fibro/Fn1|L@ResMac/Itga4_Itgb1|R,Fibro/Fn1|L,ResMac/Itga4_Itgb1|R,-0.08050895,Ligand,Receptor,Fn1|L,Itga4_Itgb1|R,Fibro,ResMac,Fibro@ResMac,LR
5934,Fibro/Fn1|L@ResMac/Itga4_Itgb7|R,Fibro/Fn1|L,ResMac/Itga4_Itgb7|R,-0.31250358,Ligand,Receptor,Fn1|L,Itga4_Itgb7|R,Fibro,ResMac,Fibro@ResMac,LR
5935,Fibro/Fn1|L@ResMac/Itgav_Itgb1|R,Fibro/Fn1|L,ResMac/Itgav_Itgb1|R,0.6390489,Ligand,Receptor,Fn1|L,Itgav_Itgb1|R,Fibro,ResMac,Fibro@ResMac,LR
5936,Fibro/Fn1|L@ResMac/Plaur|R,Fibro/Fn1|L,ResMac/Plaur|R,0.62707543,Ligand,Receptor,Fn1|L,Plaur|R,Fibro,ResMac,Fibro@ResMac,LR
5937,Fibro/Fn1|L@Spp1+Mac/Cd44|R,Fibro/Fn1|L,Spp1+Mac/Cd44|R,-1.0618645,Ligand,Receptor,Fn1|L,Cd44|R,Fibro,Spp1+Mac,Fibro@Spp1+Mac,LR
5938,Fibro/Fn1|L@Spp1+Mac/Itga4_Itgb1|R,Fibro/Fn1|L,Spp1+Mac/Itga4_Itgb1|R,-1.1007937,Ligand,Receptor,Fn1|L,Itga4_Itgb1|R,Fibro,Spp1+Mac,Fibro@Spp1+Mac,LR
5939,Fibro/Fn1|L@Spp1+Mac/Itga5_Itgb1|R,Fibro/Fn1|L,Spp1+Mac/Itga5_Itgb1|R,-0.22109038,Ligand,Receptor,Fn1|L,Itga5_Itgb1|R,Fibro,Spp1+Mac,Fibro@Spp1+Mac,LR
5940,Fibro/Fn1|L@Spp1+Mac/Itgav_Itgb1|R,Fibro/Fn1|L,Spp1+Mac/Itgav_Itgb1|R,-0.22055864,Ligand,Receptor,Fn1|L,Itgav_Itgb1|R,Fibro,Spp1+Mac,Fibro@Spp1+Mac,LR
5941,Fibro/Fn1|L@Spp1+Mac/Itgav_Itgb3|R,Fibro/Fn1|L,Spp1+Mac/Itgav_Itgb3|R,0.6401721,Ligand,Receptor,Fn1|L,Itgav_Itgb3|R,Fibro,Spp1+Mac,Fibro@Spp1+Mac,LR
5942,Fibro/Fn1|L@Spp1+Mac/Plaur|R,Fibro/Fn1|L,Spp1+Mac/Plaur|R,0.72971475,Ligand,Receptor,Fn1|L,Plaur|R,Fibro,Spp1+Mac,Fibro@Spp1+Mac,LR
5943,Fibro/Fn1|L@Spp1+Mac/Sdc1|R,Fibro/Fn1|L,Spp1+Mac/Sdc1|R,-0.8289685,Ligand,Receptor,Fn1|L,Sdc1|R,Fibro,Spp1+Mac,Fibro@Spp1+Mac,LR
5944,Fibro/Fn1|L@TCells/Cd44|R,Fibro/Fn1|L,TCells/Cd44|R,-0.9442936,Ligand,Receptor,Fn1|L,Cd44|R,Fibro,TCells,Fibro@TCells,LR
5945,Fibro/Fn1|L@TCells/Itga4_Itgb1|R,Fibro/Fn1|L,TCells/Itga4_Itgb1|R,-1.1474501,Ligand,Receptor,Fn1|L,Itga4_Itgb1|R,Fibro,TCells,Fibro@TCells,LR
5946,Fibro/Fn1|L@TCells/Itga4_Itgb7|R,Fibro/Fn1|L,TCells/Itga4_Itgb7|R,-0.20106518,Ligand,Receptor,Fn1|L,Itga4_Itgb7|R,Fibro,TCells,Fibro@TCells,LR
5947,Fibro/Gas6|L@Fibro/Axl|R,Fibro/Gas6|L,Fibro/Axl|R,-0.060610473,Ligand,Receptor,Gas6|L,Axl|R,Fibro,Fibro,Fibro@Fibro,LR
5949,Fibro/Gas6|L@ResMac/Axl|R,Fibro/Gas6|L,ResMac/Axl|R,-0.48649168,Ligand,Receptor,Gas6|L,Axl|R,Fibro,ResMac,Fibro@ResMac,LR
5950,Fibro/Gas6|L@Spp1+Mac/Axl|R,Fibro/Gas6|L,Spp1+Mac/Axl|R,-0.3184283,Ligand,Receptor,Gas6|L,Axl|R,Fibro,Spp1+Mac,Fibro@Spp1+Mac,LR
6119,Fibro/Igfbp4|L@DC/Lrp6|R,Fibro/Igfbp4|L,DC/Lrp6|R,0.4298004,Ligand,Receptor,Igfbp4|L,Lrp6|R,Fibro,DC,Fibro@DC,LR
6120,Fibro/Igfbp4|L@EC/Lrp6|R,Fibro/Igfbp4|L,EC/Lrp6|R,-0.1439268,Ligand,Receptor,Igfbp4|L,Lrp6|R,Fibro,EC,Fibro@EC,LR
6121,Fibro/Igfbp4|L@Ery/Lrp6|R,Fibro/Igfbp4|L,Ery/Lrp6|R,-0.15372327,Ligand,Receptor,Igfbp4|L,Lrp6|R,Fibro,Ery,Fibro@Ery,LR
6122,Fibro/Igfbp4|L@Fibro/Lrp6|R,Fibro/Igfbp4|L,Fibro/Lrp6|R,-0.09452641,Ligand,Receptor,Igfbp4|L,Lrp6|R,Fibro,Fibro,Fibro@Fibro,LR
6123,Fibro/Igfbp4|L@MK/Lrp6|R,Fibro/Igfbp4|L,MK/Lrp6|R,-0.13663495,Ligand,Receptor,Igfbp4|L,Lrp6|R,Fibro,MK,Fibro@MK,LR
6124,Fibro/Igfbp4|L@MonoPro/Lrp6|R,Fibro/Igfbp4|L,MonoPro/Lrp6|R,-0.11313528,Ligand,Receptor,Igfbp4|L,Lrp6|R,Fibro,MonoPro,Fibro@MonoPro,LR
6125,Fibro/Igfbp4|L@Neut1/Lrp6|R,Fibro/Igfbp4|L,Neut1/Lrp6|R,0.41892302,Ligand,Receptor,Igfbp4|L,Lrp6|R,Fibro,Neut1,Fibro@Neut1,LR
6127,Fibro/Igfbp4|L@Spp1+Mac/Lrp6|R,Fibro/Igfbp4|L,Spp1+Mac/Lrp6|R,-0.6031207,Ligand,Receptor,Igfbp4|L,Lrp6|R,Fibro,Spp1+Mac,Fibro@Spp1+Mac,LR
6128,Fibro/Igsf10|L@ResMac/Slamf9|R,Fibro/Igsf10|L,ResMac/Slamf9|R,-0.24560922,Ligand,Receptor,Igsf10|L,Slamf9|R,Fibro,ResMac,Fibro@ResMac,LR
6129,Fibro/Igsf10|L@Spp1+Mac/Slamf9|R,Fibro/Igsf10|L,Spp1+Mac/Slamf9|R,-0.18080199,Ligand,Receptor,Igsf10|L,Slamf9|R,Fibro,Spp1+Mac,Fibro@Spp1+Mac,LR
6193,Fibro/Lama2|L@BCells/Cd44|R,Fibro/Lama2|L,BCells/Cd44|R,-0.378833,Ligand,Receptor,Lama2|L,Cd44|R,Fibro,BCells,Fibro@BCells,LR
6194,Fibro/Lama2|L@BCells/Rpsa|R,Fibro/Lama2|L,BCells/Rpsa|R,-1.5896294,Ligand,Receptor,Lama2|L,Rpsa|R,Fibro,BCells,Fibro@BCells,LR
6195,Fibro/Lama2|L@Baso/Itga1|R,Fibro/Lama2|L,Baso/Itga1|R,0.04375255,Ligand,Receptor,Lama2|L,Itga1|R,Fibro,Baso,Fibro@Baso,LR
6196,Fibro/Lama2|L@Baso/Itga2_Itgb1|R,Fibro/Lama2|L,Baso/Itga2_Itgb1|R,0.03804201,Ligand,Receptor,Lama2|L,Itga2_Itgb1|R,Fibro,Baso,Fibro@Baso,LR
6197,Fibro/Lama2|L@Baso/Itga6_Itgb1|R,Fibro/Lama2|L,Baso/Itga6_Itgb1|R,0.03159398,Ligand,Receptor,Lama2|L,Itga6_Itgb1|R,Fibro,Baso,Fibro@Baso,LR
6198,Fibro/Lama2|L@Baso/Rpsa|R,Fibro/Lama2|L,Baso/Rpsa|R,0.31946385,Ligand,Receptor,Lama2|L,Rpsa|R,Fibro,Baso,Fibro@Baso,LR
6199,Fibro/Lama2|L@DC/Cd44|R,Fibro/Lama2|L,DC/Cd44|R,-0.005863309,Ligand,Receptor,Lama2|L,Cd44|R,Fibro,DC,Fibro@DC,LR
6200,Fibro/Lama2|L@DC/Itga1|R,Fibro/Lama2|L,DC/Itga1|R,-0.1541946,Ligand,Receptor,Lama2|L,Itga1|R,Fibro,DC,Fibro@DC,LR
6201,Fibro/Lama2|L@DC/Rpsa|R,Fibro/Lama2|L,DC/Rpsa|R,0.028326273,Ligand,Receptor,Lama2|L,Rpsa|R,Fibro,DC,Fibro@DC,LR
6202,Fibro/Lama2|L@EC/Dag1|R,Fibro/Lama2|L,EC/Dag1|R,0.035527676,Ligand,Receptor,Lama2|L,Dag1|R,Fibro,EC,Fibro@EC,LR
6203,Fibro/Lama2|L@EC/Itga1|R,Fibro/Lama2|L,EC/Itga1|R,-0.06898022,Ligand,Receptor,Lama2|L,Itga1|R,Fibro,EC,Fibro@EC,LR
6204,Fibro/Lama2|L@EC/Itga6_Itgb1|R,Fibro/Lama2|L,EC/Itga6_Itgb1|R,0.0059214234,Ligand,Receptor,Lama2|L,Itga6_Itgb1|R,Fibro,EC,Fibro@EC,LR
6205,Fibro/Lama2|L@Ery/Cd44|R,Fibro/Lama2|L,Ery/Cd44|R,-0.4019614,Ligand,Receptor,Lama2|L,Cd44|R,Fibro,Ery,Fibro@Ery,LR
6206,Fibro/Lama2|L@Ery/Rpsa|R,Fibro/Lama2|L,Ery/Rpsa|R,0.17249894,Ligand,Receptor,Lama2|L,Rpsa|R,Fibro,Ery,Fibro@Ery,LR
6207,Fibro/Lama2|L@Fibro/Cd44|R,Fibro/Lama2|L,Fibro/Cd44|R,-0.39015692,Ligand,Receptor,Lama2|L,Cd44|R,Fibro,Fibro,Fibro@Fibro,LR
6208,Fibro/Lama2|L@Fibro/Dag1|R,Fibro/Lama2|L,Fibro/Dag1|R,-0.048689485,Ligand,Receptor,Lama2|L,Dag1|R,Fibro,Fibro,Fibro@Fibro,LR
6209,Fibro/Lama2|L@Fibro/Itga1|R,Fibro/Lama2|L,Fibro/Itga1|R,-0.31182113,Ligand,Receptor,Lama2|L,Itga1|R,Fibro,Fibro,Fibro@Fibro,LR
6210,Fibro/Lama2|L@InfiltMac/Cd44|R,Fibro/Lama2|L,InfiltMac/Cd44|R,-0.02230239,Ligand,Receptor,Lama2|L,Cd44|R,Fibro,InfiltMac,Fibro@InfiltMac,LR
6211,Fibro/Lama2|L@InfiltMac/Itga1|R,Fibro/Lama2|L,InfiltMac/Itga1|R,-0.12793225,Ligand,Receptor,Lama2|L,Itga1|R,Fibro,InfiltMac,Fibro@InfiltMac,LR
6212,Fibro/Lama2|L@InfiltMac/Rpsa|R,Fibro/Lama2|L,InfiltMac/Rpsa|R,0.15972447,Ligand,Receptor,Lama2|L,Rpsa|R,Fibro,InfiltMac,Fibro@InfiltMac,LR
6213,Fibro/Lama2|L@Ly6ClowMac/Cd44|R,Fibro/Lama2|L,Ly6ClowMac/Cd44|R,-0.010748863,Ligand,Receptor,Lama2|L,Cd44|R,Fibro,Ly6ClowMac,Fibro@Ly6ClowMac,LR
6214,Fibro/Lama2|L@Ly6ClowMac/Rpsa|R,Fibro/Lama2|L,Ly6ClowMac/Rpsa|R,1.6965914,Ligand,Receptor,Lama2|L,Rpsa|R,Fibro,Ly6ClowMac,Fibro@Ly6ClowMac,LR
6215,Fibro/Lama2|L@MK/Cd44|R,Fibro/Lama2|L,MK/Cd44|R,-0.44496304,Ligand,Receptor,Lama2|L,Cd44|R,Fibro,MK,Fibro@MK,LR
6216,Fibro/Lama2|L@MK/Dag1|R,Fibro/Lama2|L,MK/Dag1|R,-0.046552047,Ligand,Receptor,Lama2|L,Dag1|R,Fibro,MK,Fibro@MK,LR
6217,Fibro/Lama2|L@MK/Itga6_Itgb1|R,Fibro/Lama2|L,MK/Itga6_Itgb1|R,-0.0756529,Ligand,Receptor,Lama2|L,Itga6_Itgb1|R,Fibro,MK,Fibro@MK,LR
6218,Fibro/Lama2|L@MK/Rpsa|R,Fibro/Lama2|L,MK/Rpsa|R,0.18903446,Ligand,Receptor,Lama2|L,Rpsa|R,Fibro,MK,Fibro@MK,LR
6219,Fibro/Lama2|L@MonoPro/Cd44|R,Fibro/Lama2|L,MonoPro/Cd44|R,-0.07168853,Ligand,Receptor,Lama2|L,Cd44|R,Fibro,MonoPro,Fibro@MonoPro,LR
6220,Fibro/Lama2|L@MonoPro/Itga1|R,Fibro/Lama2|L,MonoPro/Itga1|R,-0.055306762,Ligand,Receptor,Lama2|L,Itga1|R,Fibro,MonoPro,Fibro@MonoPro,LR
6221,Fibro/Lama2|L@MonoPro/Itga6_Itgb1|R,Fibro/Lama2|L,MonoPro/Itga6_Itgb1|R,-0.014908403,Ligand,Receptor,Lama2|L,Itga6_Itgb1|R,Fibro,MonoPro,Fibro@MonoPro,LR
6222,Fibro/Lama2|L@MonoPro/Rpsa|R,Fibro/Lama2|L,MonoPro/Rpsa|R,0.080917,Ligand,Receptor,Lama2|L,Rpsa|R,Fibro,MonoPro,Fibro@MonoPro,LR
6223,Fibro/Lama2|L@Neut1/Cd44|R,Fibro/Lama2|L,Neut1/Cd44|R,-0.06975633,Ligand,Receptor,Lama2|L,Cd44|R,Fibro,Neut1,Fibro@Neut1,LR
6224,Fibro/Lama2|L@Neut1/Itga6_Itgb1|R,Fibro/Lama2|L,Neut1/Itga6_Itgb1|R,0.22010304,Ligand,Receptor,Lama2|L,Itga6_Itgb1|R,Fibro,Neut1,Fibro@Neut1,LR
6225,Fibro/Lama2|L@Neut2/Cd44|R,Fibro/Lama2|L,Neut2/Cd44|R,-0.050297737,Ligand,Receptor,Lama2|L,Cd44|R,Fibro,Neut2,Fibro@Neut2,LR
6229,Fibro/Lama2|L@ResMac/Cd44|R,Fibro/Lama2|L,ResMac/Cd44|R,-0.09315038,Ligand,Receptor,Lama2|L,Cd44|R,Fibro,ResMac,Fibro@ResMac,LR
6230,Fibro/Lama2|L@ResMac/Rpsa|R,Fibro/Lama2|L,ResMac/Rpsa|R,0.11542046,Ligand,Receptor,Lama2|L,Rpsa|R,Fibro,ResMac,Fibro@ResMac,LR
6231,Fibro/Lama2|L@Spp1+Mac/Cd44|R,Fibro/Lama2|L,Spp1+Mac/Cd44|R,-0.51583713,Ligand,Receptor,Lama2|L,Cd44|R,Fibro,Spp1+Mac,Fibro@Spp1+Mac,LR
6232,Fibro/Lama2|L@Spp1+Mac/Dag1|R,Fibro/Lama2|L,Spp1+Mac/Dag1|R,-0.09347075,Ligand,Receptor,Lama2|L,Dag1|R,Fibro,Spp1+Mac,Fibro@Spp1+Mac,LR
6233,Fibro/Lama2|L@Spp1+Mac/Rpsa|R,Fibro/Lama2|L,Spp1+Mac/Rpsa|R,-0.00581336,Ligand,Receptor,Lama2|L,Rpsa|R,Fibro,Spp1+Mac,Fibro@Spp1+Mac,LR
6234,Fibro/Lama2|L@TCells/Cd44|R,Fibro/Lama2|L,TCells/Cd44|R,-0.39826626,Ligand,Receptor,Lama2|L,Cd44|R,Fibro,TCells,Fibro@TCells,LR
6235,Fibro/Lama2|L@TCells/Rpsa|R,Fibro/Lama2|L,TCells/Rpsa|R,0.17681634,Ligand,Receptor,Lama2|L,Rpsa|R,Fibro,TCells,Fibro@TCells,LR
6236,Fibro/Lama4|L@Baso/Itga2_Itgb1|R,Fibro/Lama4|L,Baso/Itga2_Itgb1|R,0.13315067,Ligand,Receptor,Lama4|L,Itga2_Itgb1|R,Fibro,Baso,Fibro@Baso,LR
6237,Fibro/Lama4|L@Baso/Itga6_Itgb1|R,Fibro/Lama4|L,Baso/Itga6_Itgb1|R,0.12670267,Ligand,Receptor,Lama4|L,Itga6_Itgb1|R,Fibro,Baso,Fibro@Baso,LR
6238,Fibro/Lama4|L@DC/Cd44|R,Fibro/Lama4|L,DC/Cd44|R,0.08924538,Ligand,Receptor,Lama4|L,Cd44|R,Fibro,DC,Fibro@DC,LR
6239,Fibro/Lama4|L@EC/Dag1|R,Fibro/Lama4|L,EC/Dag1|R,0.13063633,Ligand,Receptor,Lama4|L,Dag1|R,Fibro,EC,Fibro@EC,LR
6240,Fibro/Lama4|L@EC/Itga6_Itgb1|R,Fibro/Lama4|L,EC/Itga6_Itgb1|R,0.10103011,Ligand,Receptor,Lama4|L,Itga6_Itgb1|R,Fibro,EC,Fibro@EC,LR
6241,Fibro/Lama4|L@Ery/Cd44|R,Fibro/Lama4|L,Ery/Cd44|R,-0.3554613,Ligand,Receptor,Lama4|L,Cd44|R,Fibro,Ery,Fibro@Ery,LR
6242,Fibro/Lama4|L@Fibro/Dag1|R,Fibro/Lama4|L,Fibro/Dag1|R,0.046419203,Ligand,Receptor,Lama4|L,Dag1|R,Fibro,Fibro,Fibro@Fibro,LR
6243,Fibro/Lama4|L@InfiltMac/Cd44|R,Fibro/Lama4|L,InfiltMac/Cd44|R,0.0728063,Ligand,Receptor,Lama4|L,Cd44|R,Fibro,InfiltMac,Fibro@InfiltMac,LR
6244,Fibro/Lama4|L@Ly6ClowMac/Cd44|R,Fibro/Lama4|L,Ly6ClowMac/Cd44|R,0.084359825,Ligand,Receptor,Lama4|L,Cd44|R,Fibro,Ly6ClowMac,Fibro@Ly6ClowMac,LR
6245,Fibro/Lama4|L@MK/Cd44|R,Fibro/Lama4|L,MK/Cd44|R,-0.39846295,Ligand,Receptor,Lama4|L,Cd44|R,Fibro,MK,Fibro@MK,LR
6246,Fibro/Lama4|L@MK/Dag1|R,Fibro/Lama4|L,MK/Dag1|R,0.048556626,Ligand,Receptor,Lama4|L,Dag1|R,Fibro,MK,Fibro@MK,LR
6247,Fibro/Lama4|L@MK/Itga6_Itgb1|R,Fibro/Lama4|L,MK/Itga6_Itgb1|R,0.01945579,Ligand,Receptor,Lama4|L,Itga6_Itgb1|R,Fibro,MK,Fibro@MK,LR
6248,Fibro/Lama4|L@MonoPro/Cd44|R,Fibro/Lama4|L,MonoPro/Cd44|R,0.023420125,Ligand,Receptor,Lama4|L,Cd44|R,Fibro,MonoPro,Fibro@MonoPro,LR
6249,Fibro/Lama4|L@MonoPro/Itga6_Itgb1|R,Fibro/Lama4|L,MonoPro/Itga6_Itgb1|R,0.080200285,Ligand,Receptor,Lama4|L,Itga6_Itgb1|R,Fibro,MonoPro,Fibro@MonoPro,LR
6250,Fibro/Lama4|L@Neut1/Cd44|R,Fibro/Lama4|L,Neut1/Cd44|R,0.025352329,Ligand,Receptor,Lama4|L,Cd44|R,Fibro,Neut1,Fibro@Neut1,LR
6251,Fibro/Lama4|L@Neut1/Itga6_Itgb1|R,Fibro/Lama4|L,Neut1/Itga6_Itgb1|R,0.26871163,Ligand,Receptor,Lama4|L,Itga6_Itgb1|R,Fibro,Neut1,Fibro@Neut1,LR
6252,Fibro/Lama4|L@Neut2/Cd44|R,Fibro/Lama4|L,Neut2/Cd44|R,0.04481098,Ligand,Receptor,Lama4|L,Cd44|R,Fibro,Neut2,Fibro@Neut2,LR
6255,Fibro/Lama4|L@ResMac/Cd44|R,Fibro/Lama4|L,ResMac/Cd44|R,0.0019583106,Ligand,Receptor,Lama4|L,Cd44|R,Fibro,ResMac,Fibro@ResMac,LR
6256,Fibro/Lama4|L@Spp1+Mac/Cd44|R,Fibro/Lama4|L,Spp1+Mac/Cd44|R,-0.46933705,Ligand,Receptor,Lama4|L,Cd44|R,Fibro,Spp1+Mac,Fibro@Spp1+Mac,LR
6257,Fibro/Lama4|L@Spp1+Mac/Dag1|R,Fibro/Lama4|L,Spp1+Mac/Dag1|R,0.0016379058,Ligand,Receptor,Lama4|L,Dag1|R,Fibro,Spp1+Mac,Fibro@Spp1+Mac,LR
6258,Fibro/Lamb1|L@Baso/Itga1|R,Fibro/Lamb1|L,Baso/Itga1|R,0.038024634,Ligand,Receptor,Lamb1|L,Itga1|R,Fibro,Baso,Fibro@Baso,LR
6259,Fibro/Lamb1|L@Baso/Itga2_Itgb1|R,Fibro/Lamb1|L,Baso/Itga2_Itgb1|R,0.032314062,Ligand,Receptor,Lamb1|L,Itga2_Itgb1|R,Fibro,Baso,Fibro@Baso,LR
6260,Fibro/Lamb1|L@Baso/Itga6_Itgb1|R,Fibro/Lamb1|L,Baso/Itga6_Itgb1|R,0.025866091,Ligand,Receptor,Lamb1|L,Itga6_Itgb1|R,Fibro,Baso,Fibro@Baso,LR
6261,Fibro/Lamb1|L@DC/Cd44|R,Fibro/Lamb1|L,DC/Cd44|R,-0.011591196,Ligand,Receptor,Lamb1|L,Cd44|R,Fibro,DC,Fibro@DC,LR
6262,Fibro/Lamb1|L@DC/Itga1|R,Fibro/Lamb1|L,DC/Itga1|R,-0.15992254,Ligand,Receptor,Lamb1|L,Itga1|R,Fibro,DC,Fibro@DC,LR
6263,Fibro/Lamb1|L@EC/Dag1|R,Fibro/Lamb1|L,EC/Dag1|R,0.02979973,Ligand,Receptor,Lamb1|L,Dag1|R,Fibro,EC,Fibro@EC,LR
6264,Fibro/Lamb1|L@EC/Itga1|R,Fibro/Lamb1|L,EC/Itga1|R,-0.074708164,Ligand,Receptor,Lamb1|L,Itga1|R,Fibro,EC,Fibro@EC,LR
6265,Fibro/Lamb1|L@EC/Itga6_Itgb1|R,Fibro/Lamb1|L,EC/Itga6_Itgb1|R,0.00019353628,Ligand,Receptor,Lamb1|L,Itga6_Itgb1|R,Fibro,EC,Fibro@EC,LR
6266,Fibro/Lamb1|L@Fibro/Dag1|R,Fibro/Lamb1|L,Fibro/Dag1|R,-0.05441737,Ligand,Receptor,Lamb1|L,Dag1|R,Fibro,Fibro,Fibro@Fibro,LR
6267,Fibro/Lamb1|L@Fibro/Itga1|R,Fibro/Lamb1|L,Fibro/Itga1|R,-0.25302118,Ligand,Receptor,Lamb1|L,Itga1|R,Fibro,Fibro,Fibro@Fibro,LR
6268,Fibro/Lamb1|L@InfiltMac/Cd44|R,Fibro/Lamb1|L,InfiltMac/Cd44|R,-0.028030276,Ligand,Receptor,Lamb1|L,Cd44|R,Fibro,InfiltMac,Fibro@InfiltMac,LR
6269,Fibro/Lamb1|L@InfiltMac/Itga1|R,Fibro/Lamb1|L,InfiltMac/Itga1|R,-0.13366017,Ligand,Receptor,Lamb1|L,Itga1|R,Fibro,InfiltMac,Fibro@InfiltMac,LR
6270,Fibro/Lamb1|L@Ly6ClowMac/Cd44|R,Fibro/Lamb1|L,Ly6ClowMac/Cd44|R,-0.01647675,Ligand,Receptor,Lamb1|L,Cd44|R,Fibro,Ly6ClowMac,Fibro@Ly6ClowMac,LR
6271,Fibro/Lamb1|L@MK/Cd44|R,Fibro/Lamb1|L,MK/Cd44|R,-0.38616312,Ligand,Receptor,Lamb1|L,Cd44|R,Fibro,MK,Fibro@MK,LR
6272,Fibro/Lamb1|L@MK/Dag1|R,Fibro/Lamb1|L,MK/Dag1|R,-0.05227998,Ligand,Receptor,Lamb1|L,Dag1|R,Fibro,MK,Fibro@MK,LR
6273,Fibro/Lamb1|L@MK/Itga6_Itgb1|R,Fibro/Lamb1|L,MK/Itga6_Itgb1|R,-0.081380785,Ligand,Receptor,Lamb1|L,Itga6_Itgb1|R,Fibro,MK,Fibro@MK,LR
6274,Fibro/Lamb1|L@MonoPro/Cd44|R,Fibro/Lamb1|L,MonoPro/Cd44|R,-0.44653216,Ligand,Receptor,Lamb1|L,Cd44|R,Fibro,MonoPro,Fibro@MonoPro,LR
6275,Fibro/Lamb1|L@MonoPro/Itga1|R,Fibro/Lamb1|L,MonoPro/Itga1|R,-0.061034665,Ligand,Receptor,Lamb1|L,Itga1|R,Fibro,MonoPro,Fibro@MonoPro,LR
6276,Fibro/Lamb1|L@MonoPro/Itga6_Itgb1|R,Fibro/Lamb1|L,MonoPro/Itga6_Itgb1|R,-0.02063632,Ligand,Receptor,Lamb1|L,Itga6_Itgb1|R,Fibro,MonoPro,Fibro@MonoPro,LR
6277,Fibro/Lamb1|L@Neut1/Cd44|R,Fibro/Lamb1|L,Neut1/Cd44|R,-0.45614913,Ligand,Receptor,Lamb1|L,Cd44|R,Fibro,Neut1,Fibro@Neut1,LR
6278,Fibro/Lamb1|L@Neut1/Itga6_Itgb1|R,Fibro/Lamb1|L,Neut1/Itga6_Itgb1|R,0.15557516,Ligand,Receptor,Lamb1|L,Itga6_Itgb1|R,Fibro,Neut1,Fibro@Neut1,LR
6279,Fibro/Lamb1|L@Neut2/Cd44|R,Fibro/Lamb1|L,Neut2/Cd44|R,-0.056025624,Ligand,Receptor,Lamb1|L,Cd44|R,Fibro,Neut2,Fibro@Neut2,LR
6283,Fibro/Lamb1|L@ResMac/Cd44|R,Fibro/Lamb1|L,ResMac/Cd44|R,-0.098878264,Ligand,Receptor,Lamb1|L,Cd44|R,Fibro,ResMac,Fibro@ResMac,LR
6284,Fibro/Lamb1|L@Spp1+Mac/Cd44|R,Fibro/Lamb1|L,Spp1+Mac/Cd44|R,-0.45703718,Ligand,Receptor,Lamb1|L,Cd44|R,Fibro,Spp1+Mac,Fibro@Spp1+Mac,LR
6285,Fibro/Lamb1|L@Spp1+Mac/Dag1|R,Fibro/Lamb1|L,Spp1+Mac/Dag1|R,-0.09919867,Ligand,Receptor,Lamb1|L,Dag1|R,Fibro,Spp1+Mac,Fibro@Spp1+Mac,LR
6286,Fibro/Lamb2|L@BCells/Cd44|R,Fibro/Lamb2|L,BCells/Cd44|R,0.13709891,Ligand,Receptor,Lamb2|L,Cd44|R,Fibro,BCells,Fibro@BCells,LR
6287,Fibro/Lamb2|L@BCells/Rpsa|R,Fibro/Lamb2|L,BCells/Rpsa|R,-1.6301247,Ligand,Receptor,Lamb2|L,Rpsa|R,Fibro,BCells,Fibro@BCells,LR
6288,Fibro/Lamb2|L@Baso/Cd44|R,Fibro/Lamb2|L,Baso/Cd44|R,-0.37865704,Ligand,Receptor,Lamb2|L,Cd44|R,Fibro,Baso,Fibro@Baso,LR
6289,Fibro/Lamb2|L@Baso/Itga2_Itgb1|R,Fibro/Lamb2|L,Baso/Itga2_Itgb1|R,0.141042,Ligand,Receptor,Lamb2|L,Itga2_Itgb1|R,Fibro,Baso,Fibro@Baso,LR
6290,Fibro/Lamb2|L@Baso/Itga6_Itgb1|R,Fibro/Lamb2|L,Baso/Itga6_Itgb1|R,0.13459402,Ligand,Receptor,Lamb2|L,Itga6_Itgb1|R,Fibro,Baso,Fibro@Baso,LR
6291,Fibro/Lamb2|L@Baso/Rpsa|R,Fibro/Lamb2|L,Baso/Rpsa|R,0.4224639,Ligand,Receptor,Lamb2|L,Rpsa|R,Fibro,Baso,Fibro@Baso,LR
6292,Fibro/Lamb2|L@DC/Cd44|R,Fibro/Lamb2|L,DC/Cd44|R,0.097136736,Ligand,Receptor,Lamb2|L,Cd44|R,Fibro,DC,Fibro@DC,LR
6293,Fibro/Lamb2|L@DC/Rpsa|R,Fibro/Lamb2|L,DC/Rpsa|R,0.1313262,Ligand,Receptor,Lamb2|L,Rpsa|R,Fibro,DC,Fibro@DC,LR
6294,Fibro/Lamb2|L@EC/Cd44|R,Fibro/Lamb2|L,EC/Cd44|R,0.44204056,Ligand,Receptor,Lamb2|L,Cd44|R,Fibro,EC,Fibro@EC,LR
6295,Fibro/Lamb2|L@EC/Dag1|R,Fibro/Lamb2|L,EC/Dag1|R,0.13852766,Ligand,Receptor,Lamb2|L,Dag1|R,Fibro,EC,Fibro@EC,LR
6296,Fibro/Lamb2|L@EC/Itga6_Itgb1|R,Fibro/Lamb2|L,EC/Itga6_Itgb1|R,0.10892141,Ligand,Receptor,Lamb2|L,Itga6_Itgb1|R,Fibro,EC,Fibro@EC,LR
6297,Fibro/Lamb2|L@Ery/Cd44|R,Fibro/Lamb2|L,Ery/Cd44|R,-0.44245654,Ligand,Receptor,Lamb2|L,Cd44|R,Fibro,Ery,Fibro@Ery,LR
6298,Fibro/Lamb2|L@Ery/Rpsa|R,Fibro/Lamb2|L,Ery/Rpsa|R,0.27549875,Ligand,Receptor,Lamb2|L,Rpsa|R,Fibro,Ery,Fibro@Ery,LR
6299,Fibro/Lamb2|L@Fibro/Cd44|R,Fibro/Lamb2|L,Fibro/Cd44|R,0.03272724,Ligand,Receptor,Lamb2|L,Cd44|R,Fibro,Fibro,Fibro@Fibro,LR
6300,Fibro/Lamb2|L@Fibro/Dag1|R,Fibro/Lamb2|L,Fibro/Dag1|R,0.0543105,Ligand,Receptor,Lamb2|L,Dag1|R,Fibro,Fibro,Fibro@Fibro,LR
6301,Fibro/Lamb2|L@InfiltMac/Cd44|R,Fibro/Lamb2|L,InfiltMac/Cd44|R,0.080697656,Ligand,Receptor,Lamb2|L,Cd44|R,Fibro,InfiltMac,Fibro@InfiltMac,LR
6302,Fibro/Lamb2|L@InfiltMac/Rpsa|R,Fibro/Lamb2|L,InfiltMac/Rpsa|R,0.26272452,Ligand,Receptor,Lamb2|L,Rpsa|R,Fibro,InfiltMac,Fibro@InfiltMac,LR
6303,Fibro/Lamb2|L@Ly6ClowMac/Cd44|R,Fibro/Lamb2|L,Ly6ClowMac/Cd44|R,0.09225118,Ligand,Receptor,Lamb2|L,Cd44|R,Fibro,Ly6ClowMac,Fibro@Ly6ClowMac,LR
6304,Fibro/Lamb2|L@Ly6ClowMac/Rpsa|R,Fibro/Lamb2|L,Ly6ClowMac/Rpsa|R,1.8400866,Ligand,Receptor,Lamb2|L,Rpsa|R,Fibro,Ly6ClowMac,Fibro@Ly6ClowMac,LR
6305,Fibro/Lamb2|L@MK/Cd44|R,Fibro/Lamb2|L,MK/Cd44|R,0.02346322,Ligand,Receptor,Lamb2|L,Cd44|R,Fibro,MK,Fibro@MK,LR
6306,Fibro/Lamb2|L@MK/Dag1|R,Fibro/Lamb2|L,MK/Dag1|R,0.056447953,Ligand,Receptor,Lamb2|L,Dag1|R,Fibro,MK,Fibro@MK,LR
6307,Fibro/Lamb2|L@MK/Itga6_Itgb1|R,Fibro/Lamb2|L,MK/Itga6_Itgb1|R,0.027347118,Ligand,Receptor,Lamb2|L,Itga6_Itgb1|R,Fibro,MK,Fibro@MK,LR
6308,Fibro/Lamb2|L@MK/Rpsa|R,Fibro/Lamb2|L,MK/Rpsa|R,0.2920344,Ligand,Receptor,Lamb2|L,Rpsa|R,Fibro,MK,Fibro@MK,LR
6309,Fibro/Lamb2|L@MonoPro/Cd44|R,Fibro/Lamb2|L,MonoPro/Cd44|R,0.031311452,Ligand,Receptor,Lamb2|L,Cd44|R,Fibro,MonoPro,Fibro@MonoPro,LR
6310,Fibro/Lamb2|L@MonoPro/Itga6_Itgb1|R,Fibro/Lamb2|L,MonoPro/Itga6_Itgb1|R,0.08809158,Ligand,Receptor,Lamb2|L,Itga6_Itgb1|R,Fibro,MonoPro,Fibro@MonoPro,LR
6311,Fibro/Lamb2|L@MonoPro/Rpsa|R,Fibro/Lamb2|L,MonoPro/Rpsa|R,0.18391693,Ligand,Receptor,Lamb2|L,Rpsa|R,Fibro,MonoPro,Fibro@MonoPro,LR
6312,Fibro/Lamb2|L@Neut1/Cd44|R,Fibro/Lamb2|L,Neut1/Cd44|R,0.033243656,Ligand,Receptor,Lamb2|L,Cd44|R,Fibro,Neut1,Fibro@Neut1,LR
6313,Fibro/Lamb2|L@Neut1/Itga6_Itgb1|R,Fibro/Lamb2|L,Neut1/Itga6_Itgb1|R,0.3635982,Ligand,Receptor,Lamb2|L,Itga6_Itgb1|R,Fibro,Neut1,Fibro@Neut1,LR
6314,Fibro/Lamb2|L@Neut2/Cd44|R,Fibro/Lamb2|L,Neut2/Cd44|R,0.052702308,Ligand,Receptor,Lamb2|L,Cd44|R,Fibro,Neut2,Fibro@Neut2,LR
6318,Fibro/Lamb2|L@ResMac/Cd44|R,Fibro/Lamb2|L,ResMac/Cd44|R,0.009849668,Ligand,Receptor,Lamb2|L,Cd44|R,Fibro,ResMac,Fibro@ResMac,LR
6319,Fibro/Lamb2|L@ResMac/Rpsa|R,Fibro/Lamb2|L,ResMac/Rpsa|R,0.21842039,Ligand,Receptor,Lamb2|L,Rpsa|R,Fibro,ResMac,Fibro@ResMac,LR
6320,Fibro/Lamb2|L@Spp1+Mac/Cd44|R,Fibro/Lamb2|L,Spp1+Mac/Cd44|R,-0.5563323,Ligand,Receptor,Lamb2|L,Cd44|R,Fibro,Spp1+Mac,Fibro@Spp1+Mac,LR
6321,Fibro/Lamb2|L@Spp1+Mac/Dag1|R,Fibro/Lamb2|L,Spp1+Mac/Dag1|R,0.009529233,Ligand,Receptor,Lamb2|L,Dag1|R,Fibro,Spp1+Mac,Fibro@Spp1+Mac,LR
6322,Fibro/Lamb2|L@Spp1+Mac/Rpsa|R,Fibro/Lamb2|L,Spp1+Mac/Rpsa|R,0.097186565,Ligand,Receptor,Lamb2|L,Rpsa|R,Fibro,Spp1+Mac,Fibro@Spp1+Mac,LR
6323,Fibro/Lamb2|L@TCells/Cd44|R,Fibro/Lamb2|L,TCells/Cd44|R,-0.004285991,Ligand,Receptor,Lamb2|L,Cd44|R,Fibro,TCells,Fibro@TCells,LR
6324,Fibro/Lamb2|L@TCells/Rpsa|R,Fibro/Lamb2|L,TCells/Rpsa|R,0.27981627,Ligand,Receptor,Lamb2|L,Rpsa|R,Fibro,TCells,Fibro@TCells,LR
6325,Fibro/Lamc1|L@BCells/Cd44|R,Fibro/Lamc1|L,BCells/Cd44|R,-0.44464305,Ligand,Receptor,Lamc1|L,Cd44|R,Fibro,BCells,Fibro@BCells,LR
6326,Fibro/Lamc1|L@Baso/Cd44|R,Fibro/Lamc1|L,Baso/Cd44|R,-0.4039719,Ligand,Receptor,Lamc1|L,Cd44|R,Fibro,Baso,Fibro@Baso,LR
6327,Fibro/Lamc1|L@Baso/Itga1|R,Fibro/Lamc1|L,Baso/Itga1|R,0.06449762,Ligand,Receptor,Lamc1|L,Itga1|R,Fibro,Baso,Fibro@Baso,LR
6328,Fibro/Lamc1|L@Baso/Itga2_Itgb1|R,Fibro/Lamc1|L,Baso/Itga2_Itgb1|R,0.058787048,Ligand,Receptor,Lamc1|L,Itga2_Itgb1|R,Fibro,Baso,Fibro@Baso,LR
6329,Fibro/Lamc1|L@Baso/Itga6_Itgb1|R,Fibro/Lamc1|L,Baso/Itga6_Itgb1|R,0.052339077,Ligand,Receptor,Lamc1|L,Itga6_Itgb1|R,Fibro,Baso,Fibro@Baso,LR
6330,Fibro/Lamc1|L@DC/Cd44|R,Fibro/Lamc1|L,DC/Cd44|R,0.01488179,Ligand,Receptor,Lamc1|L,Cd44|R,Fibro,DC,Fibro@DC,LR
6331,Fibro/Lamc1|L@DC/Itga1|R,Fibro/Lamc1|L,DC/Itga1|R,-0.1334495,Ligand,Receptor,Lamc1|L,Itga1|R,Fibro,DC,Fibro@DC,LR
6332,Fibro/Lamc1|L@EC/Cd44|R,Fibro/Lamc1|L,EC/Cd44|R,-0.39912528,Ligand,Receptor,Lamc1|L,Cd44|R,Fibro,EC,Fibro@EC,LR
6333,Fibro/Lamc1|L@EC/Dag1|R,Fibro/Lamc1|L,EC/Dag1|R,0.056272715,Ligand,Receptor,Lamc1|L,Dag1|R,Fibro,EC,Fibro@EC,LR
6334,Fibro/Lamc1|L@EC/Itga1|R,Fibro/Lamc1|L,EC/Itga1|R,-0.04823512,Ligand,Receptor,Lamc1|L,Itga1|R,Fibro,EC,Fibro@EC,LR
6335,Fibro/Lamc1|L@EC/Itga6_Itgb1|R,Fibro/Lamc1|L,EC/Itga6_Itgb1|R,0.026666403,Ligand,Receptor,Lamc1|L,Itga6_Itgb1|R,Fibro,EC,Fibro@EC,LR
6336,Fibro/Lamc1|L@Ery/Cd44|R,Fibro/Lamc1|L,Ery/Cd44|R,-0.4677714,Ligand,Receptor,Lamc1|L,Cd44|R,Fibro,Ery,Fibro@Ery,LR
6337,Fibro/Lamc1|L@Fibro/Cd44|R,Fibro/Lamc1|L,Fibro/Cd44|R,-0.45596695,Ligand,Receptor,Lamc1|L,Cd44|R,Fibro,Fibro,Fibro@Fibro,LR
6338,Fibro/Lamc1|L@Fibro/Dag1|R,Fibro/Lamc1|L,Fibro/Dag1|R,-0.027944386,Ligand,Receptor,Lamc1|L,Dag1|R,Fibro,Fibro,Fibro@Fibro,LR
6339,Fibro/Lamc1|L@Fibro/Itga1|R,Fibro/Lamc1|L,Fibro/Itga1|R,-0.3776312,Ligand,Receptor,Lamc1|L,Itga1|R,Fibro,Fibro,Fibro@Fibro,LR
6340,Fibro/Lamc1|L@InfiltMac/Cd44|R,Fibro/Lamc1|L,InfiltMac/Cd44|R,-0.0015572906,Ligand,Receptor,Lamc1|L,Cd44|R,Fibro,InfiltMac,Fibro@InfiltMac,LR
6341,Fibro/Lamc1|L@InfiltMac/Itga1|R,Fibro/Lamc1|L,InfiltMac/Itga1|R,-0.10718718,Ligand,Receptor,Lamc1|L,Itga1|R,Fibro,InfiltMac,Fibro@InfiltMac,LR
6342,Fibro/Lamc1|L@Ly6ClowMac/Cd44|R,Fibro/Lamc1|L,Ly6ClowMac/Cd44|R,0.009996176,Ligand,Receptor,Lamc1|L,Cd44|R,Fibro,Ly6ClowMac,Fibro@Ly6ClowMac,LR
6343,Fibro/Lamc1|L@MK/Cd44|R,Fibro/Lamc1|L,MK/Cd44|R,-0.058791757,Ligand,Receptor,Lamc1|L,Cd44|R,Fibro,MK,Fibro@MK,LR
6344,Fibro/Lamc1|L@MK/Dag1|R,Fibro/Lamc1|L,MK/Dag1|R,-0.025806993,Ligand,Receptor,Lamc1|L,Dag1|R,Fibro,MK,Fibro@MK,LR
6345,Fibro/Lamc1|L@MK/Itga6_Itgb1|R,Fibro/Lamc1|L,MK/Itga6_Itgb1|R,-0.0549078,Ligand,Receptor,Lamc1|L,Itga6_Itgb1|R,Fibro,MK,Fibro@MK,LR
6346,Fibro/Lamc1|L@MonoPro/Cd44|R,Fibro/Lamc1|L,MonoPro/Cd44|R,-0.050943494,Ligand,Receptor,Lamc1|L,Cd44|R,Fibro,MonoPro,Fibro@MonoPro,LR
6347,Fibro/Lamc1|L@MonoPro/Itga1|R,Fibro/Lamc1|L,MonoPro/Itga1|R,-0.034561694,Ligand,Receptor,Lamc1|L,Itga1|R,Fibro,MonoPro,Fibro@MonoPro,LR
6348,Fibro/Lamc1|L@MonoPro/Itga6_Itgb1|R,Fibro/Lamc1|L,MonoPro/Itga6_Itgb1|R,0.0058366656,Ligand,Receptor,Lamc1|L,Itga6_Itgb1|R,Fibro,MonoPro,Fibro@MonoPro,LR
6349,Fibro/Lamc1|L@Neut1/Cd44|R,Fibro/Lamc1|L,Neut1/Cd44|R,-0.04901135,Ligand,Receptor,Lamc1|L,Cd44|R,Fibro,Neut1,Fibro@Neut1,LR
6350,Fibro/Lamc1|L@Neut1/Itga6_Itgb1|R,Fibro/Lamc1|L,Neut1/Itga6_Itgb1|R,0.30665815,Ligand,Receptor,Lamc1|L,Itga6_Itgb1|R,Fibro,Neut1,Fibro@Neut1,LR
6351,Fibro/Lamc1|L@Neut2/Cd44|R,Fibro/Lamc1|L,Neut2/Cd44|R,-0.029552639,Ligand,Receptor,Lamc1|L,Cd44|R,Fibro,Neut2,Fibro@Neut2,LR
6356,Fibro/Lamc1|L@ResMac/Cd44|R,Fibro/Lamc1|L,ResMac/Cd44|R,-0.07240534,Ligand,Receptor,Lamc1|L,Cd44|R,Fibro,ResMac,Fibro@ResMac,LR
6357,Fibro/Lamc1|L@Spp1+Mac/Cd44|R,Fibro/Lamc1|L,Spp1+Mac/Cd44|R,-0.58164716,Ligand,Receptor,Lamc1|L,Cd44|R,Fibro,Spp1+Mac,Fibro@Spp1+Mac,LR
6358,Fibro/Lamc1|L@Spp1+Mac/Dag1|R,Fibro/Lamc1|L,Spp1+Mac/Dag1|R,-0.07272571,Ligand,Receptor,Lamc1|L,Dag1|R,Fibro,Spp1+Mac,Fibro@Spp1+Mac,LR
6359,Fibro/Lamc1|L@TCells/Cd44|R,Fibro/Lamc1|L,TCells/Cd44|R,-0.46407634,Ligand,Receptor,Lamc1|L,Cd44|R,Fibro,TCells,Fibro@TCells,LR
6438,Fibro/Ltbp1|L@Fibro/Itgb5|R,Fibro/Ltbp1|L,Fibro/Itgb5|R,0.0025869012,Ligand,Receptor,Ltbp1|L,Itgb5|R,Fibro,Fibro,Fibro@Fibro,LR
6439,Fibro/Ltbp1|L@InfiltMac/Itgb5|R,Fibro/Ltbp1|L,InfiltMac/Itgb5|R,0.20655286,Ligand,Receptor,Ltbp1|L,Itgb5|R,Fibro,InfiltMac,Fibro@InfiltMac,LR
6440,Fibro/Ltbp1|L@Ly6ClowMac/Itgb5|R,Fibro/Ltbp1|L,Ly6ClowMac/Itgb5|R,0.2885522,Ligand,Receptor,Ltbp1|L,Itgb5|R,Fibro,Ly6ClowMac,Fibro@Ly6ClowMac,LR
6442,Fibro/Ltbp1|L@ResMac/Itgb5|R,Fibro/Ltbp1|L,ResMac/Itgb5|R,0.2582944,Ligand,Receptor,Ltbp1|L,Itgb5|R,Fibro,ResMac,Fibro@ResMac,LR
6443,Fibro/Ltbp1|L@Spp1+Mac/Itgb5|R,Fibro/Ltbp1|L,Spp1+Mac/Itgb5|R,0.30739677,Ligand,Receptor,Ltbp1|L,Itgb5|R,Fibro,Spp1+Mac,Fibro@Spp1+Mac,LR
6444,Fibro/Ltbp3|L@Fibro/Itgb5|R,Fibro/Ltbp3|L,Fibro/Itgb5|R,-0.0128367245,Ligand,Receptor,Ltbp3|L,Itgb5|R,Fibro,Fibro,Fibro@Fibro,LR
6445,Fibro/Ltbp3|L@InfiltMac/Itgb5|R,Fibro/Ltbp3|L,InfiltMac/Itgb5|R,0.21083796,Ligand,Receptor,Ltbp3|L,Itgb5|R,Fibro,InfiltMac,Fibro@InfiltMac,LR
6446,Fibro/Ltbp3|L@Ly6ClowMac/Itgb5|R,Fibro/Ltbp3|L,Ly6ClowMac/Itgb5|R,0.29283732,Ligand,Receptor,Ltbp3|L,Itgb5|R,Fibro,Ly6ClowMac,Fibro@Ly6ClowMac,LR
6448,Fibro/Ltbp3|L@ResMac/Itgb5|R,Fibro/Ltbp3|L,ResMac/Itgb5|R,0.2625795,Ligand,Receptor,Ltbp3|L,Itgb5|R,Fibro,ResMac,Fibro@ResMac,LR
6449,Fibro/Ltbp3|L@Spp1+Mac/Itgb5|R,Fibro/Ltbp3|L,Spp1+Mac/Itgb5|R,0.3116819,Ligand,Receptor,Ltbp3|L,Itgb5|R,Fibro,Spp1+Mac,Fibro@Spp1+Mac,LR
6523,Fibro/Mfap2|L@Baso/Notch1|R,Fibro/Mfap2|L,Baso/Notch1|R,0.2652855,Ligand,Receptor,Mfap2|L,Notch1|R,Fibro,Baso,Fibro@Baso,LR
6524,Fibro/Mfap2|L@DC/Notch1|R,Fibro/Mfap2|L,DC/Notch1|R,0.22853148,Ligand,Receptor,Mfap2|L,Notch1|R,Fibro,DC,Fibro@DC,LR
6525,Fibro/Mfap2|L@EC/Notch1|R,Fibro/Mfap2|L,EC/Notch1|R,0.49691647,Ligand,Receptor,Mfap2|L,Notch1|R,Fibro,EC,Fibro@EC,LR
6526,Fibro/Mfap2|L@InfiltMac/Notch1|R,Fibro/Mfap2|L,InfiltMac/Notch1|R,0.22444671,Ligand,Receptor,Mfap2|L,Notch1|R,Fibro,InfiltMac,Fibro@InfiltMac,LR
6527,Fibro/Mfap2|L@MK/Notch1|R,Fibro/Mfap2|L,MK/Notch1|R,0.13938947,Ligand,Receptor,Mfap2|L,Notch1|R,Fibro,MK,Fibro@MK,LR
6528,Fibro/Mfap2|L@MonoPro/Notch1|R,Fibro/Mfap2|L,MonoPro/Notch1|R,0.19206798,Ligand,Receptor,Mfap2|L,Notch1|R,Fibro,MonoPro,Fibro@MonoPro,LR
6529,Fibro/Mfap2|L@Neut1/Notch1|R,Fibro/Mfap2|L,Neut1/Notch1|R,0.21006128,Ligand,Receptor,Mfap2|L,Notch1|R,Fibro,Neut1,Fibro@Neut1,LR
6530,Fibro/Mfap2|L@Neut2/Notch1|R,Fibro/Mfap2|L,Neut2/Notch1|R,0.22820723,Ligand,Receptor,Mfap2|L,Notch1|R,Fibro,Neut2,Fibro@Neut2,LR
6532,Fibro/Mfap2|L@TCells/Notch1|R,Fibro/Mfap2|L,TCells/Notch1|R,0.2108454,Ligand,Receptor,Mfap2|L,Notch1|R,Fibro,TCells,Fibro@TCells,LR
6533,Fibro/Mfap5|L@BCells/Notch1|R,Fibro/Mfap5|L,BCells/Notch1|R,-0.6059995,Ligand,Receptor,Mfap5|L,Notch1|R,Fibro,BCells,Fibro@BCells,LR
6534,Fibro/Mfap5|L@Baso/Notch1|R,Fibro/Mfap5|L,Baso/Notch1|R,0.23512846,Ligand,Receptor,Mfap5|L,Notch1|R,Fibro,Baso,Fibro@Baso,LR
6535,Fibro/Mfap5|L@DC/Notch1|R,Fibro/Mfap5|L,DC/Notch1|R,0.14551693,Ligand,Receptor,Mfap5|L,Notch1|R,Fibro,DC,Fibro@DC,LR
6536,Fibro/Mfap5|L@EC/Notch1|R,Fibro/Mfap5|L,EC/Notch1|R,0.29443794,Ligand,Receptor,Mfap5|L,Notch1|R,Fibro,EC,Fibro@EC,LR
6537,Fibro/Mfap5|L@InfiltMac/Notch1|R,Fibro/Mfap5|L,InfiltMac/Notch1|R,0.19277179,Ligand,Receptor,Mfap5|L,Notch1|R,Fibro,InfiltMac,Fibro@InfiltMac,LR
6538,Fibro/Mfap5|L@MK/Notch1|R,Fibro/Mfap5|L,MK/Notch1|R,0.15895998,Ligand,Receptor,Mfap5|L,Notch1|R,Fibro,MK,Fibro@MK,LR
6539,Fibro/Mfap5|L@MonoPro/Notch1|R,Fibro/Mfap5|L,MonoPro/Notch1|R,0.18157446,Ligand,Receptor,Mfap5|L,Notch1|R,Fibro,MonoPro,Fibro@MonoPro,LR
6540,Fibro/Mfap5|L@Neut1/Notch1|R,Fibro/Mfap5|L,Neut1/Notch1|R,0.19384396,Ligand,Receptor,Mfap5|L,Notch1|R,Fibro,Neut1,Fibro@Neut1,LR
6541,Fibro/Mfap5|L@Neut2/Notch1|R,Fibro/Mfap5|L,Neut2/Notch1|R,0.22109759,Ligand,Receptor,Mfap5|L,Notch1|R,Fibro,Neut2,Fibro@Neut2,LR
6543,Fibro/Mfap5|L@TCells/Notch1|R,Fibro/Mfap5|L,TCells/Notch1|R,0.20809889,Ligand,Receptor,Mfap5|L,Notch1|R,Fibro,TCells,Fibro@TCells,LR
6544,Fibro/Mfge8|L@Fibro/Itgav|R,Fibro/Mfge8|L,Fibro/Itgav|R,0.03535053,Ligand,Receptor,Mfge8|L,Itgav|R,Fibro,Fibro,Fibro@Fibro,LR
6545,Fibro/Mfge8|L@Fibro/Itgb5|R,Fibro/Mfge8|L,Fibro/Itgb5|R,0.012748003,Ligand,Receptor,Mfge8|L,Itgb5|R,Fibro,Fibro,Fibro@Fibro,LR
6546,Fibro/Mfge8|L@Fibro/Pdgfrb|R,Fibro/Mfge8|L,Fibro/Pdgfrb|R,-0.024151832,Ligand,Receptor,Mfge8|L,Pdgfrb|R,Fibro,Fibro,Fibro@Fibro,LR
6547,Fibro/Mfge8|L@InfiltMac/Itgb5|R,Fibro/Mfge8|L,InfiltMac/Itgb5|R,0.22173011,Ligand,Receptor,Mfge8|L,Itgb5|R,Fibro,InfiltMac,Fibro@InfiltMac,LR
6548,Fibro/Mfge8|L@Ly6ClowMac/Itgav|R,Fibro/Mfge8|L,Ly6ClowMac/Itgav|R,0.27168885,Ligand,Receptor,Mfge8|L,Itgav|R,Fibro,Ly6ClowMac,Fibro@Ly6ClowMac,LR
6549,Fibro/Mfge8|L@Ly6ClowMac/Itgb5|R,Fibro/Mfge8|L,Ly6ClowMac/Itgb5|R,0.30372947,Ligand,Receptor,Mfge8|L,Itgb5|R,Fibro,Ly6ClowMac,Fibro@Ly6ClowMac,LR
6550,Fibro/Mfge8|L@MK/Itgb3|R,Fibro/Mfge8|L,MK/Itgb3|R,0.21947782,Ligand,Receptor,Mfge8|L,Itgb3|R,Fibro,MK,Fibro@MK,LR
6551,Fibro/Mfge8|L@MK/Pdgfrb|R,Fibro/Mfge8|L,MK/Pdgfrb|R,0.21401379,Ligand,Receptor,Mfge8|L,Pdgfrb|R,Fibro,MK,Fibro@MK,LR
6555,Fibro/Mfge8|L@ResMac/Itgav|R,Fibro/Mfge8|L,ResMac/Itgav|R,0.2510821,Ligand,Receptor,Mfge8|L,Itgav|R,Fibro,ResMac,Fibro@ResMac,LR
6556,Fibro/Mfge8|L@ResMac/Itgb5|R,Fibro/Mfge8|L,ResMac/Itgb5|R,0.27347165,Ligand,Receptor,Mfge8|L,Itgb5|R,Fibro,ResMac,Fibro@ResMac,LR
6557,Fibro/Mfge8|L@Spp1+Mac/Itgav|R,Fibro/Mfge8|L,Spp1+Mac/Itgav|R,0.004818797,Ligand,Receptor,Mfge8|L,Itgav|R,Fibro,Spp1+Mac,Fibro@Spp1+Mac,LR
6558,Fibro/Mfge8|L@Spp1+Mac/Itgb3|R,Fibro/Mfge8|L,Spp1+Mac/Itgb3|R,0.25220534,Ligand,Receptor,Mfge8|L,Itgb3|R,Fibro,Spp1+Mac,Fibro@Spp1+Mac,LR
6559,Fibro/Mfge8|L@Spp1+Mac/Itgb5|R,Fibro/Mfge8|L,Spp1+Mac/Itgb5|R,0.32257405,Ligand,Receptor,Mfge8|L,Itgb5|R,Fibro,Spp1+Mac,Fibro@Spp1+Mac,LR
6602,Fibro/Nid1|L@BCells/Itgb1|R,Fibro/Nid1|L,BCells/Itgb1|R,-0.5766506,Ligand,Receptor,Nid1|L,Itgb1|R,Fibro,BCells,Fibro@BCells,LR
6603,Fibro/Nid1|L@Baso/Itgb1|R,Fibro/Nid1|L,Baso/Itgb1|R,0.085849345,Ligand,Receptor,Nid1|L,Itgb1|R,Fibro,Baso,Fibro@Baso,LR
6604,Fibro/Nid1|L@DC/Itgb1|R,Fibro/Nid1|L,DC/Itgb1|R,-0.020909786,Ligand,Receptor,Nid1|L,Itgb1|R,Fibro,DC,Fibro@DC,LR
6605,Fibro/Nid1|L@EC/Itgb1|R,Fibro/Nid1|L,EC/Itgb1|R,0.061282635,Ligand,Receptor,Nid1|L,Itgb1|R,Fibro,EC,Fibro@EC,LR
6606,Fibro/Nid1|L@Ery/Itgb1|R,Fibro/Nid1|L,Ery/Itgb1|R,-0.09413195,Ligand,Receptor,Nid1|L,Itgb1|R,Fibro,Ery,Fibro@Ery,LR
6607,Fibro/Nid1|L@Fibro/Itgav|R,Fibro/Nid1|L,Fibro/Itgav|R,-0.008077651,Ligand,Receptor,Nid1|L,Itgav|R,Fibro,Fibro,Fibro@Fibro,LR
6608,Fibro/Nid1|L@Fibro/Itgb1|R,Fibro/Nid1|L,Fibro/Itgb1|R,-0.041472256,Ligand,Receptor,Nid1|L,Itgb1|R,Fibro,Fibro,Fibro@Fibro,LR
6609,Fibro/Nid1|L@Fibro/Ptprf|R,Fibro/Nid1|L,Fibro/Ptprf|R,0.42648506,Ligand,Receptor,Nid1|L,Ptprf|R,Fibro,Fibro,Fibro@Fibro,LR
6610,Fibro/Nid1|L@InfiltMac/Itgb1|R,Fibro/Nid1|L,InfiltMac/Itgb1|R,0.07027173,Ligand,Receptor,Nid1|L,Itgb1|R,Fibro,InfiltMac,Fibro@InfiltMac,LR
6611,Fibro/Nid1|L@Ly6ClowMac/Itgav|R,Fibro/Nid1|L,Ly6ClowMac/Itgav|R,0.4602505,Ligand,Receptor,Nid1|L,Itgav|R,Fibro,Ly6ClowMac,Fibro@Ly6ClowMac,LR
6612,Fibro/Nid1|L@Ly6ClowMac/Itgb1|R,Fibro/Nid1|L,Ly6ClowMac/Itgb1|R,0.06872785,Ligand,Receptor,Nid1|L,Itgb1|R,Fibro,Ly6ClowMac,Fibro@Ly6ClowMac,LR
6613,Fibro/Nid1|L@MK/Itgb1|R,Fibro/Nid1|L,MK/Itgb1|R,0.010117114,Ligand,Receptor,Nid1|L,Itgb1|R,Fibro,MK,Fibro@MK,LR
6614,Fibro/Nid1|L@MK/Itgb3|R,Fibro/Nid1|L,MK/Itgb3|R,0.40803945,Ligand,Receptor,Nid1|L,Itgb3|R,Fibro,MK,Fibro@MK,LR
6615,Fibro/Nid1|L@MonoPro/Itgb1|R,Fibro/Nid1|L,MonoPro/Itgb1|R,-0.0462299,Ligand,Receptor,Nid1|L,Itgb1|R,Fibro,MonoPro,Fibro@MonoPro,LR
6616,Fibro/Nid1|L@Neut1/Itgb1|R,Fibro/Nid1|L,Neut1/Itgb1|R,-0.01765585,Ligand,Receptor,Nid1|L,Itgb1|R,Fibro,Neut1,Fibro@Neut1,LR
6617,Fibro/Nid1|L@Neut2/Itgb1|R,Fibro/Nid1|L,Neut2/Itgb1|R,-0.57968855,Ligand,Receptor,Nid1|L,Itgb1|R,Fibro,Neut2,Fibro@Neut2,LR
6621,Fibro/Nid1|L@ResMac/Itgav|R,Fibro/Nid1|L,ResMac/Itgav|R,0.43964374,Ligand,Receptor,Nid1|L,Itgav|R,Fibro,ResMac,Fibro@ResMac,LR
6622,Fibro/Nid1|L@ResMac/Itgb1|R,Fibro/Nid1|L,ResMac/Itgb1|R,0.10144031,Ligand,Receptor,Nid1|L,Itgb1|R,Fibro,ResMac,Fibro@ResMac,LR
6623,Fibro/Nid1|L@Spp1+Mac/Itgav|R,Fibro/Nid1|L,Spp1+Mac/Itgav|R,-0.038609385,Ligand,Receptor,Nid1|L,Itgav|R,Fibro,Spp1+Mac,Fibro@Spp1+Mac,LR
6624,Fibro/Nid1|L@Spp1+Mac/Itgb1|R,Fibro/Nid1|L,Spp1+Mac/Itgb1|R,-0.21229976,Ligand,Receptor,Nid1|L,Itgb1|R,Fibro,Spp1+Mac,Fibro@Spp1+Mac,LR
6625,Fibro/Nid1|L@Spp1+Mac/Itgb3|R,Fibro/Nid1|L,Spp1+Mac/Itgb3|R,0.440767,Ligand,Receptor,Nid1|L,Itgb3|R,Fibro,Spp1+Mac,Fibro@Spp1+Mac,LR
6626,Fibro/Nid1|L@TCells/Itgb1|R,Fibro/Nid1|L,TCells/Itgb1|R,0.034737766,Ligand,Receptor,Nid1|L,Itgb1|R,Fibro,TCells,Fibro@TCells,LR
6627,Fibro/Ntn1|L@Baso/Adora2b|R,Fibro/Ntn1|L,Baso/Adora2b|R,0.52313864,Ligand,Receptor,Ntn1|L,Adora2b|R,Fibro,Baso,Fibro@Baso,LR
6628,Fibro/Ntn1|L@DC/Adora2b|R,Fibro/Ntn1|L,DC/Adora2b|R,0.397937,Ligand,Receptor,Ntn1|L,Adora2b|R,Fibro,DC,Fibro@DC,LR
6629,Fibro/Ntn1|L@EC/Mcam|R,Fibro/Ntn1|L,EC/Mcam|R,0.2164202,Ligand,Receptor,Ntn1|L,Mcam|R,Fibro,EC,Fibro@EC,LR
6630,Fibro/Ntn1|L@EC/Unc5b|R,Fibro/Ntn1|L,EC/Unc5b|R,0.43588096,Ligand,Receptor,Ntn1|L,Unc5b|R,Fibro,EC,Fibro@EC,LR
6631,Fibro/Ntn1|L@Fibro/Neo1|R,Fibro/Ntn1|L,Fibro/Neo1|R,0.42661217,Ligand,Receptor,Ntn1|L,Neo1|R,Fibro,Fibro,Fibro@Fibro,LR
6761,Fibro/Rspo3|L@BCells/Sdc4|R,Fibro/Rspo3|L,BCells/Sdc4|R,0.26741922,Ligand,Receptor,Rspo3|L,Sdc4|R,Fibro,BCells,Fibro@BCells,LR
6762,Fibro/Rspo3|L@DC/Lrp6|R,Fibro/Rspo3|L,DC/Lrp6|R,0.262706,Ligand,Receptor,Rspo3|L,Lrp6|R,Fibro,DC,Fibro@DC,LR
6763,Fibro/Rspo3|L@EC/Lrp6|R,Fibro/Rspo3|L,EC/Lrp6|R,0.29217687,Ligand,Receptor,Rspo3|L,Lrp6|R,Fibro,EC,Fibro@EC,LR
6764,Fibro/Rspo3|L@Ery/Lrp6|R,Fibro/Rspo3|L,Ery/Lrp6|R,0.25830305,Ligand,Receptor,Rspo3|L,Lrp6|R,Fibro,Ery,Fibro@Ery,LR
6765,Fibro/Rspo3|L@Fibro/Lrp6|R,Fibro/Rspo3|L,Fibro/Lrp6|R,0.47002226,Ligand,Receptor,Rspo3|L,Lrp6|R,Fibro,Fibro,Fibro@Fibro,LR
6766,Fibro/Rspo3|L@Fibro/Sdc4|R,Fibro/Rspo3|L,Fibro/Sdc4|R,0.64231193,Ligand,Receptor,Rspo3|L,Sdc4|R,Fibro,Fibro,Fibro@Fibro,LR
6767,Fibro/Rspo3|L@MK/Lrp6|R,Fibro/Rspo3|L,MK/Lrp6|R,0.30677304,Ligand,Receptor,Rspo3|L,Lrp6|R,Fibro,MK,Fibro@MK,LR
6768,Fibro/Rspo3|L@MonoPro/Lrp6|R,Fibro/Rspo3|L,MonoPro/Lrp6|R,0.29659885,Ligand,Receptor,Rspo3|L,Lrp6|R,Fibro,MonoPro,Fibro@MonoPro,LR
6769,Fibro/Rspo3|L@Neut1/Lrp6|R,Fibro/Rspo3|L,Neut1/Lrp6|R,0.25182864,Ligand,Receptor,Rspo3|L,Lrp6|R,Fibro,Neut1,Fibro@Neut1,LR
6772,Fibro/Rspo3|L@Spp1+Mac/Sdc4|R,Fibro/Rspo3|L,Spp1+Mac/Sdc4|R,0.36491346,Ligand,Receptor,Rspo3|L,Sdc4|R,Fibro,Spp1+Mac,Fibro@Spp1+Mac,LR
6871,Fibro/Slit3|L@EC/Robo4|R,Fibro/Slit3|L,EC/Robo4|R,0.026068628,Ligand,Receptor,Slit3|L,Robo4|R,Fibro,EC,Fibro@EC,LR
6873,Fibro/Sparc|L@EC/Eng|R,Fibro/Sparc|L,EC/Eng|R,0.0012922287,Ligand,Receptor,Sparc|L,Eng|R,Fibro,EC,Fibro@EC,LR
6874,Fibro/Sparc|L@Ery/Eng|R,Fibro/Sparc|L,Ery/Eng|R,-0.11167765,Ligand,Receptor,Sparc|L,Eng|R,Fibro,Ery,Fibro@Ery,LR
6875,Fibro/Sparc|L@Fibro/Fgfr1|R,Fibro/Sparc|L,Fibro/Fgfr1|R,-0.24929094,Ligand,Receptor,Sparc|L,Fgfr1|R,Fibro,Fibro,Fibro@Fibro,LR
6876,Fibro/Sparc|L@MK/Eng|R,Fibro/Sparc|L,MK/Eng|R,-0.08073747,Ligand,Receptor,Sparc|L,Eng|R,Fibro,MK,Fibro@MK,LR
6877,Fibro/Sparc|L@MonoPro/Eng|R,Fibro/Sparc|L,MonoPro/Eng|R,1.1543584,Ligand,Receptor,Sparc|L,Eng|R,Fibro,MonoPro,Fibro@MonoPro,LR
6880,Fibro/Sparc|L@Spp1+Mac/Eng|R,Fibro/Sparc|L,Spp1+Mac/Eng|R,1.1242571,Ligand,Receptor,Sparc|L,Eng|R,Fibro,Spp1+Mac,Fibro@Spp1+Mac,LR
6940,Fibro/Thbs1|L@BCells/Cd47|R,Fibro/Thbs1|L,BCells/Cd47|R,-0.85627604,Ligand,Receptor,Thbs1|L,Cd47|R,Fibro,BCells,Fibro@BCells,LR
6941,Fibro/Thbs1|L@BCells/Itga4|R,Fibro/Thbs1|L,BCells/Itga4|R,-0.7008704,Ligand,Receptor,Thbs1|L,Itga4|R,Fibro,BCells,Fibro@BCells,LR
6942,Fibro/Thbs1|L@BCells/Ptprj|R,Fibro/Thbs1|L,BCells/Ptprj|R,0.08132094,Ligand,Receptor,Thbs1|L,Ptprj|R,Fibro,BCells,Fibro@BCells,LR
6943,Fibro/Thbs1|L@BCells/Sdc1|R,Fibro/Thbs1|L,BCells/Sdc1|R,0.020265251,Ligand,Receptor,Thbs1|L,Sdc1|R,Fibro,BCells,Fibro@BCells,LR
6944,Fibro/Thbs1|L@BCells/Sdc4|R,Fibro/Thbs1|L,BCells/Sdc4|R,-0.16691935,Ligand,Receptor,Thbs1|L,Sdc4|R,Fibro,BCells,Fibro@BCells,LR
6945,Fibro/Thbs1|L@Baso/Cd47|R,Fibro/Thbs1|L,Baso/Cd47|R,0.07049286,Ligand,Receptor,Thbs1|L,Cd47|R,Fibro,Baso,Fibro@Baso,LR
6946,Fibro/Thbs1|L@Baso/Itga4|R,Fibro/Thbs1|L,Baso/Itga4|R,-0.5813658,Ligand,Receptor,Thbs1|L,Itga4|R,Fibro,Baso,Fibro@Baso,LR
6947,Fibro/Thbs1|L@Baso/Itga6|R,Fibro/Thbs1|L,Baso/Itga6|R,0.113095134,Ligand,Receptor,Thbs1|L,Itga6|R,Fibro,Baso,Fibro@Baso,LR
6948,Fibro/Thbs1|L@Baso/Ptprj|R,Fibro/Thbs1|L,Baso/Ptprj|R,0.36572394,Ligand,Receptor,Thbs1|L,Ptprj|R,Fibro,Baso,Fibro@Baso,LR
6949,Fibro/Thbs1|L@DC/Cd47|R,Fibro/Thbs1|L,DC/Cd47|R,0.03469056,Ligand,Receptor,Thbs1|L,Cd47|R,Fibro,DC,Fibro@DC,LR
6950,Fibro/Thbs1|L@DC/Itga4|R,Fibro/Thbs1|L,DC/Itga4|R,0.07276595,Ligand,Receptor,Thbs1|L,Itga4|R,Fibro,DC,Fibro@DC,LR
6951,Fibro/Thbs1|L@DC/Lrp1|R,Fibro/Thbs1|L,DC/Lrp1|R,0.076488316,Ligand,Receptor,Thbs1|L,Lrp1|R,Fibro,DC,Fibro@DC,LR
6952,Fibro/Thbs1|L@DC/Ptprj|R,Fibro/Thbs1|L,DC/Ptprj|R,0.044710487,Ligand,Receptor,Thbs1|L,Ptprj|R,Fibro,DC,Fibro@DC,LR
6953,Fibro/Thbs1|L@DC/Scarb1|R,Fibro/Thbs1|L,DC/Scarb1|R,0.040820956,Ligand,Receptor,Thbs1|L,Scarb1|R,Fibro,DC,Fibro@DC,LR
6954,Fibro/Thbs1|L@EC/Cd36|R,Fibro/Thbs1|L,EC/Cd36|R,0.30319464,Ligand,Receptor,Thbs1|L,Cd36|R,Fibro,EC,Fibro@EC,LR
6955,Fibro/Thbs1|L@EC/Itga6|R,Fibro/Thbs1|L,EC/Itga6|R,0.08742255,Ligand,Receptor,Thbs1|L,Itga6|R,Fibro,EC,Fibro@EC,LR
6956,Fibro/Thbs1|L@EC/Scarb1|R,Fibro/Thbs1|L,EC/Scarb1|R,0.04306996,Ligand,Receptor,Thbs1|L,Scarb1|R,Fibro,EC,Fibro@EC,LR
6957,Fibro/Thbs1|L@Ery/Cd47|R,Fibro/Thbs1|L,Ery/Cd47|R,0.06892288,Ligand,Receptor,Thbs1|L,Cd47|R,Fibro,Ery,Fibro@Ery,LR
6958,Fibro/Thbs1|L@Ery/Itga4|R,Fibro/Thbs1|L,Ery/Itga4|R,-0.014681101,Ligand,Receptor,Thbs1|L,Itga4|R,Fibro,Ery,Fibro@Ery,LR
6959,Fibro/Thbs1|L@Ery/Ptprj|R,Fibro/Thbs1|L,Ery/Ptprj|R,-0.30519068,Ligand,Receptor,Thbs1|L,Ptprj|R,Fibro,Ery,Fibro@Ery,LR
6960,Fibro/Thbs1|L@Ery/Scarb1|R,Fibro/Thbs1|L,Ery/Scarb1|R,0.043869108,Ligand,Receptor,Thbs1|L,Scarb1|R,Fibro,Ery,Fibro@Ery,LR
6961,Fibro/Thbs1|L@Fibro/Cd47|R,Fibro/Thbs1|L,Fibro/Cd47|R,-0.90608984,Ligand,Receptor,Thbs1|L,Cd47|R,Fibro,Fibro,Fibro@Fibro,LR
6962,Fibro/Thbs1|L@Fibro/Lrp1|R,Fibro/Thbs1|L,Fibro/Lrp1|R,0.050943732,Ligand,Receptor,Thbs1|L,Lrp1|R,Fibro,Fibro,Fibro@Fibro,LR
6963,Fibro/Thbs1|L@Fibro/Ptprj|R,Fibro/Thbs1|L,Fibro/Ptprj|R,0.38770184,Ligand,Receptor,Thbs1|L,Ptprj|R,Fibro,Fibro,Fibro@Fibro,LR
6964,Fibro/Thbs1|L@Fibro/Sdc4|R,Fibro/Thbs1|L,Fibro/Sdc4|R,0.15579915,Ligand,Receptor,Thbs1|L,Sdc4|R,Fibro,Fibro,Fibro@Fibro,LR
6965,Fibro/Thbs1|L@InfiltMac/Cd47|R,Fibro/Thbs1|L,InfiltMac/Cd47|R,0.108254254,Ligand,Receptor,Thbs1|L,Cd47|R,Fibro,InfiltMac,Fibro@InfiltMac,LR
6966,Fibro/Thbs1|L@InfiltMac/Itga4|R,Fibro/Thbs1|L,InfiltMac/Itga4|R,0.11889458,Ligand,Receptor,Thbs1|L,Itga4|R,Fibro,InfiltMac,Fibro@InfiltMac,LR
6967,Fibro/Thbs1|L@InfiltMac/Lrp1|R,Fibro/Thbs1|L,InfiltMac/Lrp1|R,0.021485925,Ligand,Receptor,Thbs1|L,Lrp1|R,Fibro,InfiltMac,Fibro@InfiltMac,LR
6968,Fibro/Thbs1|L@InfiltMac/Ptprj|R,Fibro/Thbs1|L,InfiltMac/Ptprj|R,0.0018226504,Ligand,Receptor,Thbs1|L,Ptprj|R,Fibro,InfiltMac,Fibro@InfiltMac,LR
6969,Fibro/Thbs1|L@InfiltMac/Scarb1|R,Fibro/Thbs1|L,InfiltMac/Scarb1|R,0.031209588,Ligand,Receptor,Thbs1|L,Scarb1|R,Fibro,InfiltMac,Fibro@InfiltMac,LR
6970,Fibro/Thbs1|L@Ly6ClowMac/Cd36|R,Fibro/Thbs1|L,Ly6ClowMac/Cd36|R,-0.16797304,Ligand,Receptor,Thbs1|L,Cd36|R,Fibro,Ly6ClowMac,Fibro@Ly6ClowMac,LR
6971,Fibro/Thbs1|L@Ly6ClowMac/Cd47|R,Fibro/Thbs1|L,Ly6ClowMac/Cd47|R,0.23267269,Ligand,Receptor,Thbs1|L,Cd47|R,Fibro,Ly6ClowMac,Fibro@Ly6ClowMac,LR
6972,Fibro/Thbs1|L@Ly6ClowMac/Itga4|R,Fibro/Thbs1|L,Ly6ClowMac/Itga4|R,0.2675045,Ligand,Receptor,Thbs1|L,Itga4|R,Fibro,Ly6ClowMac,Fibro@Ly6ClowMac,LR
6973,Fibro/Thbs1|L@Ly6ClowMac/Lrp1|R,Fibro/Thbs1|L,Ly6ClowMac/Lrp1|R,0.059540927,Ligand,Receptor,Thbs1|L,Lrp1|R,Fibro,Ly6ClowMac,Fibro@Ly6ClowMac,LR
6974,Fibro/Thbs1|L@Ly6ClowMac/Ptprj|R,Fibro/Thbs1|L,Ly6ClowMac/Ptprj|R,-0.0091946125,Ligand,Receptor,Thbs1|L,Ptprj|R,Fibro,Ly6ClowMac,Fibro@Ly6ClowMac,LR
6975,Fibro/Thbs1|L@MK/Cd47|R,Fibro/Thbs1|L,MK/Cd47|R,-0.041056037,Ligand,Receptor,Thbs1|L,Cd47|R,Fibro,MK,Fibro@MK,LR
6976,Fibro/Thbs1|L@MK/Itga2b_Itgb3|R,Fibro/Thbs1|L,MK/Itga2b_Itgb3|R,0.36105782,Ligand,Receptor,Thbs1|L,Itga2b_Itgb3|R,Fibro,MK,Fibro@MK,LR
6977,Fibro/Thbs1|L@MK/Itga4|R,Fibro/Thbs1|L,MK/Itga4|R,-0.008958876,Ligand,Receptor,Thbs1|L,Itga4|R,Fibro,MK,Fibro@MK,LR
6978,Fibro/Thbs1|L@MK/Itga6|R,Fibro/Thbs1|L,MK/Itga6|R,0.0058482587,Ligand,Receptor,Thbs1|L,Itga6|R,Fibro,MK,Fibro@MK,LR
6979,Fibro/Thbs1|L@MK/Ptprj|R,Fibro/Thbs1|L,MK/Ptprj|R,0.022613972,Ligand,Receptor,Thbs1|L,Ptprj|R,Fibro,MK,Fibro@MK,LR
6980,Fibro/Thbs1|L@MK/Scarb1|R,Fibro/Thbs1|L,MK/Scarb1|R,0.039971054,Ligand,Receptor,Thbs1|L,Scarb1|R,Fibro,MK,Fibro@MK,LR
6981,Fibro/Thbs1|L@MonoPro/Cd47|R,Fibro/Thbs1|L,MonoPro/Cd47|R,0.03151369,Ligand,Receptor,Thbs1|L,Cd47|R,Fibro,MonoPro,Fibro@MonoPro,LR
6982,Fibro/Thbs1|L@MonoPro/Itga4|R,Fibro/Thbs1|L,MonoPro/Itga4|R,-0.57682145,Ligand,Receptor,Thbs1|L,Itga4|R,Fibro,MonoPro,Fibro@MonoPro,LR
6983,Fibro/Thbs1|L@MonoPro/Itga6|R,Fibro/Thbs1|L,MonoPro/Itga6|R,0.06659275,Ligand,Receptor,Thbs1|L,Itga6|R,Fibro,MonoPro,Fibro@MonoPro,LR
6984,Fibro/Thbs1|L@MonoPro/Ptprj|R,Fibro/Thbs1|L,MonoPro/Ptprj|R,0.031565726,Ligand,Receptor,Thbs1|L,Ptprj|R,Fibro,MonoPro,Fibro@MonoPro,LR
6985,Fibro/Thbs1|L@MonoPro/Scarb1|R,Fibro/Thbs1|L,MonoPro/Scarb1|R,0.023459315,Ligand,Receptor,Thbs1|L,Scarb1|R,Fibro,MonoPro,Fibro@MonoPro,LR
6986,Fibro/Thbs1|L@Neut1/Cd47|R,Fibro/Thbs1|L,Neut1/Cd47|R,0.03126633,Ligand,Receptor,Thbs1|L,Cd47|R,Fibro,Neut1,Fibro@Neut1,LR
6987,Fibro/Thbs1|L@Neut1/Itga6|R,Fibro/Thbs1|L,Neut1/Itga6|R,0.34845462,Ligand,Receptor,Thbs1|L,Itga6|R,Fibro,Neut1,Fibro@Neut1,LR
6988,Fibro/Thbs1|L@Neut1/Ptprj|R,Fibro/Thbs1|L,Neut1/Ptprj|R,0.027732372,Ligand,Receptor,Thbs1|L,Ptprj|R,Fibro,Neut1,Fibro@Neut1,LR
6989,Fibro/Thbs1|L@Neut2/Cd47|R,Fibro/Thbs1|L,Neut2/Cd47|R,-0.027537405,Ligand,Receptor,Thbs1|L,Cd47|R,Fibro,Neut2,Fibro@Neut2,LR
6990,Fibro/Thbs1|L@Neut2/Ptprj|R,Fibro/Thbs1|L,Neut2/Ptprj|R,0.046207786,Ligand,Receptor,Thbs1|L,Ptprj|R,Fibro,Neut2,Fibro@Neut2,LR
6996,Fibro/Thbs1|L@ResMac/Cd47|R,Fibro/Thbs1|L,ResMac/Cd47|R,0.22120851,Ligand,Receptor,Thbs1|L,Cd47|R,Fibro,ResMac,Fibro@ResMac,LR
6997,Fibro/Thbs1|L@ResMac/Itga4|R,Fibro/Thbs1|L,ResMac/Itga4|R,0.13203406,Ligand,Receptor,Thbs1|L,Itga4|R,Fibro,ResMac,Fibro@ResMac,LR
6998,Fibro/Thbs1|L@ResMac/Lrp1|R,Fibro/Thbs1|L,ResMac/Lrp1|R,0.15518236,Ligand,Receptor,Thbs1|L,Lrp1|R,Fibro,ResMac,Fibro@ResMac,LR
6999,Fibro/Thbs1|L@ResMac/Ptprj|R,Fibro/Thbs1|L,ResMac/Ptprj|R,0.03063786,Ligand,Receptor,Thbs1|L,Ptprj|R,Fibro,ResMac,Fibro@ResMac,LR
7000,Fibro/Thbs1|L@ResMac/Scarb1|R,Fibro/Thbs1|L,ResMac/Scarb1|R,0.39491767,Ligand,Receptor,Thbs1|L,Scarb1|R,Fibro,ResMac,Fibro@ResMac,LR
7001,Fibro/Thbs1|L@Spp1+Mac/Itga4|R,Fibro/Thbs1|L,Spp1+Mac/Itga4|R,-0.60161674,Ligand,Receptor,Thbs1|L,Itga4|R,Fibro,Spp1+Mac,Fibro@Spp1+Mac,LR
7002,Fibro/Thbs1|L@Spp1+Mac/Itgav_Itgb3|R,Fibro/Thbs1|L,Spp1+Mac/Itgav_Itgb3|R,0.39378533,Ligand,Receptor,Thbs1|L,Itgav_Itgb3|R,Fibro,Spp1+Mac,Fibro@Spp1+Mac,LR
7003,Fibro/Thbs1|L@Spp1+Mac/Lrp1|R,Fibro/Thbs1|L,Spp1+Mac/Lrp1|R,-0.324097,Ligand,Receptor,Thbs1|L,Lrp1|R,Fibro,Spp1+Mac,Fibro@Spp1+Mac,LR
7004,Fibro/Thbs1|L@Spp1+Mac/Ptprj|R,Fibro/Thbs1|L,Spp1+Mac/Ptprj|R,-0.48743683,Ligand,Receptor,Thbs1|L,Ptprj|R,Fibro,Spp1+Mac,Fibro@Spp1+Mac,LR
7005,Fibro/Thbs1|L@Spp1+Mac/Scarb1|R,Fibro/Thbs1|L,Spp1+Mac/Scarb1|R,0.12627,Ligand,Receptor,Thbs1|L,Scarb1|R,Fibro,Spp1+Mac,Fibro@Spp1+Mac,LR
7006,Fibro/Thbs1|L@Spp1+Mac/Sdc1|R,Fibro/Thbs1|L,Spp1+Mac/Sdc1|R,-0.32979164,Ligand,Receptor,Thbs1|L,Sdc1|R,Fibro,Spp1+Mac,Fibro@Spp1+Mac,LR
7007,Fibro/Thbs1|L@Spp1+Mac/Sdc4|R,Fibro/Thbs1|L,Spp1+Mac/Sdc4|R,-0.15709233,Ligand,Receptor,Thbs1|L,Sdc4|R,Fibro,Spp1+Mac,Fibro@Spp1+Mac,LR
7008,Fibro/Thbs1|L@TCells/Cd47|R,Fibro/Thbs1|L,TCells/Cd47|R,-0.83966506,Ligand,Receptor,Thbs1|L,Cd47|R,Fibro,TCells,Fibro@TCells,LR
7009,Fibro/Thbs1|L@TCells/Itga4|R,Fibro/Thbs1|L,TCells/Itga4|R,-0.64827317,Ligand,Receptor,Thbs1|L,Itga4|R,Fibro,TCells,Fibro@TCells,LR
7010,Fibro/Thbs2|L@BCells/Itga4|R,Fibro/Thbs2|L,BCells/Itga4|R,-0.59461045,Ligand,Receptor,Thbs2|L,Itga4|R,Fibro,BCells,Fibro@BCells,LR
7011,Fibro/Thbs2|L@BCells/Sdc1|R,Fibro/Thbs2|L,BCells/Sdc1|R,0.061329693,Ligand,Receptor,Thbs2|L,Sdc1|R,Fibro,BCells,Fibro@BCells,LR
7012,Fibro/Thbs2|L@Baso/Cd47|R,Fibro/Thbs2|L,Baso/Cd47|R,0.11155748,Ligand,Receptor,Thbs2|L,Cd47|R,Fibro,Baso,Fibro@Baso,LR
7013,Fibro/Thbs2|L@Baso/Itga4|R,Fibro/Thbs2|L,Baso/Itga4|R,-0.47510588,Ligand,Receptor,Thbs2|L,Itga4|R,Fibro,Baso,Fibro@Baso,LR
7014,Fibro/Thbs2|L@Baso/Itga6|R,Fibro/Thbs2|L,Baso/Itga6|R,0.1541596,Ligand,Receptor,Thbs2|L,Itga6|R,Fibro,Baso,Fibro@Baso,LR
7015,Fibro/Thbs2|L@DC/Cd47|R,Fibro/Thbs2|L,DC/Cd47|R,0.07575506,Ligand,Receptor,Thbs2|L,Cd47|R,Fibro,DC,Fibro@DC,LR
7016,Fibro/Thbs2|L@DC/Itga4|R,Fibro/Thbs2|L,DC/Itga4|R,0.11383039,Ligand,Receptor,Thbs2|L,Itga4|R,Fibro,DC,Fibro@DC,LR
7017,Fibro/Thbs2|L@EC/Cd36|R,Fibro/Thbs2|L,EC/Cd36|R,0.34425926,Ligand,Receptor,Thbs2|L,Cd36|R,Fibro,EC,Fibro@EC,LR
7018,Fibro/Thbs2|L@EC/Itga6|R,Fibro/Thbs2|L,EC/Itga6|R,0.12848699,Ligand,Receptor,Thbs2|L,Itga6|R,Fibro,EC,Fibro@EC,LR
7019,Fibro/Thbs2|L@EC/Notch4|R,Fibro/Thbs2|L,EC/Notch4|R,0.33649838,Ligand,Receptor,Thbs2|L,Notch4|R,Fibro,EC,Fibro@EC,LR
7020,Fibro/Thbs2|L@Ery/Cd47|R,Fibro/Thbs2|L,Ery/Cd47|R,0.10998726,Ligand,Receptor,Thbs2|L,Cd47|R,Fibro,Ery,Fibro@Ery,LR
7021,Fibro/Thbs2|L@Ery/Itga4|R,Fibro/Thbs2|L,Ery/Itga4|R,0.02638328,Ligand,Receptor,Thbs2|L,Itga4|R,Fibro,Ery,Fibro@Ery,LR
7022,Fibro/Thbs2|L@Fibro/Cd47|R,Fibro/Thbs2|L,Fibro/Cd47|R,-0.79982984,Ligand,Receptor,Thbs2|L,Cd47|R,Fibro,Fibro,Fibro@Fibro,LR
7023,Fibro/Thbs2|L@InfiltMac/Cd47|R,Fibro/Thbs2|L,InfiltMac/Cd47|R,0.1493187,Ligand,Receptor,Thbs2|L,Cd47|R,Fibro,InfiltMac,Fibro@InfiltMac,LR
7024,Fibro/Thbs2|L@InfiltMac/Itga4|R,Fibro/Thbs2|L,InfiltMac/Itga4|R,0.15995896,Ligand,Receptor,Thbs2|L,Itga4|R,Fibro,InfiltMac,Fibro@InfiltMac,LR
7025,Fibro/Thbs2|L@Ly6ClowMac/Cd36|R,Fibro/Thbs2|L,Ly6ClowMac/Cd36|R,-0.1269086,Ligand,Receptor,Thbs2|L,Cd36|R,Fibro,Ly6ClowMac,Fibro@Ly6ClowMac,LR
7026,Fibro/Thbs2|L@Ly6ClowMac/Cd47|R,Fibro/Thbs2|L,Ly6ClowMac/Cd47|R,0.2737372,Ligand,Receptor,Thbs2|L,Cd47|R,Fibro,Ly6ClowMac,Fibro@Ly6ClowMac,LR
7027,Fibro/Thbs2|L@Ly6ClowMac/Itga4|R,Fibro/Thbs2|L,Ly6ClowMac/Itga4|R,0.30856907,Ligand,Receptor,Thbs2|L,Itga4|R,Fibro,Ly6ClowMac,Fibro@Ly6ClowMac,LR
7028,Fibro/Thbs2|L@MK/Cd47|R,Fibro/Thbs2|L,MK/Cd47|R,8.34465e-06,Ligand,Receptor,Thbs2|L,Cd47|R,Fibro,MK,Fibro@MK,LR
7029,Fibro/Thbs2|L@MK/Itga4|R,Fibro/Thbs2|L,MK/Itga4|R,0.032105625,Ligand,Receptor,Thbs2|L,Itga4|R,Fibro,MK,Fibro@MK,LR
7030,Fibro/Thbs2|L@MK/Itga6|R,Fibro/Thbs2|L,MK/Itga6|R,0.04691273,Ligand,Receptor,Thbs2|L,Itga6|R,Fibro,MK,Fibro@MK,LR
7031,Fibro/Thbs2|L@MonoPro/Cd47|R,Fibro/Thbs2|L,MonoPro/Cd47|R,0.07257807,Ligand,Receptor,Thbs2|L,Cd47|R,Fibro,MonoPro,Fibro@MonoPro,LR
7032,Fibro/Thbs2|L@MonoPro/Itga4|R,Fibro/Thbs2|L,MonoPro/Itga4|R,-0.47056147,Ligand,Receptor,Thbs2|L,Itga4|R,Fibro,MonoPro,Fibro@MonoPro,LR
7033,Fibro/Thbs2|L@MonoPro/Itga6|R,Fibro/Thbs2|L,MonoPro/Itga6|R,0.107657194,Ligand,Receptor,Thbs2|L,Itga6|R,Fibro,MonoPro,Fibro@MonoPro,LR
7034,Fibro/Thbs2|L@Neut1/Cd47|R,Fibro/Thbs2|L,Neut1/Cd47|R,0.07233077,Ligand,Receptor,Thbs2|L,Cd47|R,Fibro,Neut1,Fibro@Neut1,LR
7035,Fibro/Thbs2|L@Neut1/Itga6|R,Fibro/Thbs2|L,Neut1/Itga6|R,0.2832591,Ligand,Receptor,Thbs2|L,Itga6|R,Fibro,Neut1,Fibro@Neut1,LR
7036,Fibro/Thbs2|L@Neut2/Cd47|R,Fibro/Thbs2|L,Neut2/Cd47|R,0.013527036,Ligand,Receptor,Thbs2|L,Cd47|R,Fibro,Neut2,Fibro@Neut2,LR
7040,Fibro/Thbs2|L@ResMac/Cd47|R,Fibro/Thbs2|L,ResMac/Cd47|R,0.26227295,Ligand,Receptor,Thbs2|L,Cd47|R,Fibro,ResMac,Fibro@ResMac,LR
7041,Fibro/Thbs2|L@ResMac/Itga4|R,Fibro/Thbs2|L,ResMac/Itga4|R,0.17309844,Ligand,Receptor,Thbs2|L,Itga4|R,Fibro,ResMac,Fibro@ResMac,LR
7042,Fibro/Thbs2|L@Spp1+Mac/Itgav_Itgb3|R,Fibro/Thbs2|L,Spp1+Mac/Itgav_Itgb3|R,0.3285898,Ligand,Receptor,Thbs2|L,Itgav_Itgb3|R,Fibro,Spp1+Mac,Fibro@Spp1+Mac,LR
7043,Fibro/Thbs2|L@Spp1+Mac/Sdc1|R,Fibro/Thbs2|L,Spp1+Mac/Sdc1|R,-0.22353166,Ligand,Receptor,Thbs2|L,Sdc1|R,Fibro,Spp1+Mac,Fibro@Spp1+Mac,LR
7044,Fibro/Thbs2|L@TCells/Itga4|R,Fibro/Thbs2|L,TCells/Itga4|R,-0.54201317,Ligand,Receptor,Thbs2|L,Itga4|R,Fibro,TCells,Fibro@TCells,LR
7045,Fibro/Thbs3|L@Spp1+Mac/Itgav_Itgb3|R,Fibro/Thbs3|L,Spp1+Mac/Itgav_Itgb3|R,0.19197327,Ligand,Receptor,Thbs3|L,Itgav_Itgb3|R,Fibro,Spp1+Mac,Fibro@Spp1+Mac,LR
7046,Fibro/Thbs4|L@BCells/Sdc1|R,Fibro/Thbs4|L,BCells/Sdc1|R,-0.08072846,Ligand,Receptor,Thbs4|L,Sdc1|R,Fibro,BCells,Fibro@BCells,LR
7047,Fibro/Thbs4|L@Baso/Cd47|R,Fibro/Thbs4|L,Baso/Cd47|R,-0.03050077,Ligand,Receptor,Thbs4|L,Cd47|R,Fibro,Baso,Fibro@Baso,LR
7048,Fibro/Thbs4|L@DC/Cd47|R,Fibro/Thbs4|L,DC/Cd47|R,-0.8575846,Ligand,Receptor,Thbs4|L,Cd47|R,Fibro,DC,Fibro@DC,LR
7049,Fibro/Thbs4|L@EC/Cd36|R,Fibro/Thbs4|L,EC/Cd36|R,0.20220101,Ligand,Receptor,Thbs4|L,Cd36|R,Fibro,EC,Fibro@EC,LR
7050,Fibro/Thbs4|L@Ery/Cd47|R,Fibro/Thbs4|L,Ery/Cd47|R,-0.032070875,Ligand,Receptor,Thbs4|L,Cd47|R,Fibro,Ery,Fibro@Ery,LR
7051,Fibro/Thbs4|L@Fibro/Cd47|R,Fibro/Thbs4|L,Fibro/Cd47|R,-0.829008,Ligand,Receptor,Thbs4|L,Cd47|R,Fibro,Fibro,Fibro@Fibro,LR
7052,Fibro/Thbs4|L@InfiltMac/Cd47|R,Fibro/Thbs4|L,InfiltMac/Cd47|R,0.0072605014,Ligand,Receptor,Thbs4|L,Cd47|R,Fibro,InfiltMac,Fibro@InfiltMac,LR
7053,Fibro/Thbs4|L@Ly6ClowMac/Cd36|R,Fibro/Thbs4|L,Ly6ClowMac/Cd36|R,-0.26896676,Ligand,Receptor,Thbs4|L,Cd36|R,Fibro,Ly6ClowMac,Fibro@Ly6ClowMac,LR
7054,Fibro/Thbs4|L@Ly6ClowMac/Cd47|R,Fibro/Thbs4|L,Ly6ClowMac/Cd47|R,0.13167906,Ligand,Receptor,Thbs4|L,Cd47|R,Fibro,Ly6ClowMac,Fibro@Ly6ClowMac,LR
7055,Fibro/Thbs4|L@MK/Cd47|R,Fibro/Thbs4|L,MK/Cd47|R,-0.14204967,Ligand,Receptor,Thbs4|L,Cd47|R,Fibro,MK,Fibro@MK,LR
7056,Fibro/Thbs4|L@MonoPro/Cd47|R,Fibro/Thbs4|L,MonoPro/Cd47|R,-0.06948012,Ligand,Receptor,Thbs4|L,Cd47|R,Fibro,MonoPro,Fibro@MonoPro,LR
7057,Fibro/Thbs4|L@Neut1/Cd47|R,Fibro/Thbs4|L,Neut1/Cd47|R,-0.9365449,Ligand,Receptor,Thbs4|L,Cd47|R,Fibro,Neut1,Fibro@Neut1,LR
7058,Fibro/Thbs4|L@Neut2/Cd47|R,Fibro/Thbs4|L,Neut2/Cd47|R,-0.91071475,Ligand,Receptor,Thbs4|L,Cd47|R,Fibro,Neut2,Fibro@Neut2,LR
7061,Fibro/Thbs4|L@ResMac/Cd47|R,Fibro/Thbs4|L,ResMac/Cd47|R,0.12021476,Ligand,Receptor,Thbs4|L,Cd47|R,Fibro,ResMac,Fibro@ResMac,LR
7062,Fibro/Thbs4|L@Spp1+Mac/Itgav_Itgb3|R,Fibro/Thbs4|L,Spp1+Mac/Itgav_Itgb3|R,0.21570975,Ligand,Receptor,Thbs4|L,Itgav_Itgb3|R,Fibro,Spp1+Mac,Fibro@Spp1+Mac,LR
7063,Fibro/Thbs4|L@Spp1+Mac/Sdc1|R,Fibro/Thbs4|L,Spp1+Mac/Sdc1|R,-0.25270975,Ligand,Receptor,Thbs4|L,Sdc1|R,Fibro,Spp1+Mac,Fibro@Spp1+Mac,LR
7133,Fibro/Tnxb|L@BCells/Sdc1|R,Fibro/Tnxb|L,BCells/Sdc1|R,-0.043206096,Ligand,Receptor,Tnxb|L,Sdc1|R,Fibro,BCells,Fibro@BCells,LR
7134,Fibro/Tnxb|L@MK/Itga2b_Itgb3|R,Fibro/Tnxb|L,MK/Itga2b_Itgb3|R,0.51834536,Ligand,Receptor,Tnxb|L,Itga2b_Itgb3|R,Fibro,MK,Fibro@MK,LR
7137,Fibro/Tnxb|L@Spp1+Mac/Itgav_Itgb3|R,Fibro/Tnxb|L,Spp1+Mac/Itgav_Itgb3|R,0.5510729,Ligand,Receptor,Tnxb|L,Itgav_Itgb3|R,Fibro,Spp1+Mac,Fibro@Spp1+Mac,LR
7138,Fibro/Tnxb|L@Spp1+Mac/Sdc1|R,Fibro/Tnxb|L,Spp1+Mac/Sdc1|R,-0.5505506,Ligand,Receptor,Tnxb|L,Sdc1|R,Fibro,Spp1+Mac,Fibro@Spp1+Mac,LR
7790,InfiltMac/Fn1|L@Baso/Cd44|R,InfiltMac/Fn1|L,Baso/Cd44|R,-0.5240309,Ligand,Receptor,Fn1|L,Cd44|R,InfiltMac,Baso,InfiltMac@Baso,LR
7791,InfiltMac/Fn1|L@Baso/Dpp4|R,InfiltMac/Fn1|L,Baso/Dpp4|R,1.2346561,Ligand,Receptor,Fn1|L,Dpp4|R,InfiltMac,Baso,InfiltMac@Baso,LR
7792,InfiltMac/Fn1|L@Baso/Itga2|R,InfiltMac/Fn1|L,Baso/Itga2|R,-0.39934134,Ligand,Receptor,Fn1|L,Itga2|R,InfiltMac,Baso,InfiltMac@Baso,LR
7793,InfiltMac/Fn1|L@Baso/Itga4_Itgb1|R,InfiltMac/Fn1|L,Baso/Itga4_Itgb1|R,-0.5367068,Ligand,Receptor,Fn1|L,Itga4_Itgb1|R,InfiltMac,Baso,InfiltMac@Baso,LR
7794,InfiltMac/Fn1|L@Baso/Itga4_Itgb7|R,InfiltMac/Fn1|L,Baso/Itga4_Itgb7|R,-0.5206082,Ligand,Receptor,Fn1|L,Itga4_Itgb7|R,InfiltMac,Baso,InfiltMac@Baso,LR
7795,InfiltMac/Fn1|L@Baso/Itga6|R,InfiltMac/Fn1|L,Baso/Itga6|R,-0.40578938,Ligand,Receptor,Fn1|L,Itga6|R,InfiltMac,Baso,InfiltMac@Baso,LR
7796,InfiltMac/Fn1|L@Baso/Nt5e|R,InfiltMac/Fn1|L,Baso/Nt5e|R,1.0245821,Ligand,Receptor,Fn1|L,Nt5e|R,InfiltMac,Baso,InfiltMac@Baso,LR
7797,InfiltMac/Fn1|L@DC/Cd44|R,InfiltMac/Fn1|L,DC/Cd44|R,-0.4432466,Ligand,Receptor,Fn1|L,Cd44|R,InfiltMac,DC,InfiltMac@DC,LR
7798,InfiltMac/Fn1|L@DC/Itga4_Itgb1|R,InfiltMac/Fn1|L,DC/Itga4_Itgb1|R,-0.45092785,Ligand,Receptor,Fn1|L,Itga4_Itgb1|R,InfiltMac,DC,InfiltMac@DC,LR
7799,InfiltMac/Fn1|L@DC/Itga4_Itgb7|R,InfiltMac/Fn1|L,DC/Itga4_Itgb7|R,-0.5369427,Ligand,Receptor,Fn1|L,Itga4_Itgb7|R,InfiltMac,DC,InfiltMac@DC,LR
7800,InfiltMac/Fn1|L@DC/Itga5_Itgb1|R,InfiltMac/Fn1|L,DC/Itga5_Itgb1|R,1.0041453,Ligand,Receptor,Fn1|L,Itga5_Itgb1|R,InfiltMac,DC,InfiltMac@DC,LR
7801,InfiltMac/Fn1|L@DC/Plaur|R,InfiltMac/Fn1|L,DC/Plaur|R,1.0966132,Ligand,Receptor,Fn1|L,Plaur|R,InfiltMac,DC,InfiltMac@DC,LR
7802,InfiltMac/Fn1|L@EC/Cd44|R,InfiltMac/Fn1|L,EC/Cd44|R,-0.47215307,Ligand,Receptor,Fn1|L,Cd44|R,InfiltMac,EC,InfiltMac@EC,LR
7803,InfiltMac/Fn1|L@EC/Flt4|R,InfiltMac/Fn1|L,EC/Flt4|R,-0.48160124,Ligand,Receptor,Fn1|L,Flt4|R,InfiltMac,EC,InfiltMac@EC,LR
7804,InfiltMac/Fn1|L@EC/Itga4_Itgb1|R,InfiltMac/Fn1|L,EC/Itga4_Itgb1|R,1.0454543,Ligand,Receptor,Fn1|L,Itga4_Itgb1|R,InfiltMac,EC,InfiltMac@EC,LR
7805,InfiltMac/Fn1|L@EC/Itga6|R,InfiltMac/Fn1|L,EC/Itga6|R,-0.4314618,Ligand,Receptor,Fn1|L,Itga6|R,InfiltMac,EC,InfiltMac@EC,LR
7806,InfiltMac/Fn1|L@EC/Robo4|R,InfiltMac/Fn1|L,EC/Robo4|R,-0.46704376,Ligand,Receptor,Fn1|L,Robo4|R,InfiltMac,EC,InfiltMac@EC,LR
7807,InfiltMac/Fn1|L@Ery/Cd44|R,InfiltMac/Fn1|L,Ery/Cd44|R,-0.52525663,Ligand,Receptor,Fn1|L,Cd44|R,InfiltMac,Ery,InfiltMac@Ery,LR
7808,InfiltMac/Fn1|L@Ery/Itga4_Itgb1|R,InfiltMac/Fn1|L,Ery/Itga4_Itgb1|R,-0.54217553,Ligand,Receptor,Fn1|L,Itga4_Itgb1|R,InfiltMac,Ery,InfiltMac@Ery,LR
7809,InfiltMac/Fn1|L@Ery/Itga4_Itgb7|R,InfiltMac/Fn1|L,Ery/Itga4_Itgb7|R,1.0037003,Ligand,Receptor,Fn1|L,Itga4_Itgb7|R,InfiltMac,Ery,InfiltMac@Ery,LR
7810,InfiltMac/Fn1|L@Ery/Itga5_Itgb1|R,InfiltMac/Fn1|L,Ery/Itga5_Itgb1|R,1.0130666,Ligand,Receptor,Fn1|L,Itga5_Itgb1|R,InfiltMac,Ery,InfiltMac@Ery,LR
7811,InfiltMac/Fn1|L@Fibro/Cd44|R,InfiltMac/Fn1|L,Fibro/Cd44|R,-0.5076561,Ligand,Receptor,Fn1|L,Cd44|R,InfiltMac,Fibro,InfiltMac@Fibro,LR
7812,InfiltMac/Fn1|L@Fibro/Dpp4|R,InfiltMac/Fn1|L,Fibro/Dpp4|R,-0.46929812,Ligand,Receptor,Fn1|L,Dpp4|R,InfiltMac,Fibro,InfiltMac@Fibro,LR
7813,InfiltMac/Fn1|L@Fibro/Itga4_Itgb1|R,InfiltMac/Fn1|L,Fibro/Itga4_Itgb1|R,-1.5362946,Ligand,Receptor,Fn1|L,Itga4_Itgb1|R,InfiltMac,Fibro,InfiltMac@Fibro,LR
7814,InfiltMac/Fn1|L@Fibro/Itgav_Itgb1|R,InfiltMac/Fn1|L,Fibro/Itgav_Itgb1|R,-0.45612133,Ligand,Receptor,Fn1|L,Itgav_Itgb1|R,InfiltMac,Fibro,InfiltMac@Fibro,LR
7815,InfiltMac/Fn1|L@Fibro/Sdc2|R,InfiltMac/Fn1|L,Fibro/Sdc2|R,-0.5326313,Ligand,Receptor,Fn1|L,Sdc2|R,InfiltMac,Fibro,InfiltMac@Fibro,LR
7816,InfiltMac/Fn1|L@InfiltMac/C5ar1|R,InfiltMac/Fn1|L,InfiltMac/C5ar1|R,1.0751787,Ligand,Receptor,Fn1|L,C5ar1|R,InfiltMac,InfiltMac,InfiltMac@InfiltMac,LR
7817,InfiltMac/Fn1|L@InfiltMac/Cd44|R,InfiltMac/Fn1|L,InfiltMac/Cd44|R,-0.45968556,Ligand,Receptor,Fn1|L,Cd44|R,InfiltMac,InfiltMac,InfiltMac@InfiltMac,LR
7818,InfiltMac/Fn1|L@InfiltMac/Itga4_Itgb1|R,InfiltMac/Fn1|L,InfiltMac/Itga4_Itgb1|R,-0.37777185,Ligand,Receptor,Fn1|L,Itga4_Itgb1|R,InfiltMac,InfiltMac,InfiltMac@InfiltMac,LR
7819,InfiltMac/Fn1|L@InfiltMac/Itga4_Itgb7|R,InfiltMac/Fn1|L,InfiltMac/Itga4_Itgb7|R,-0.63532734,Ligand,Receptor,Fn1|L,Itga4_Itgb7|R,InfiltMac,InfiltMac,InfiltMac@InfiltMac,LR
7820,InfiltMac/Fn1|L@InfiltMac/Plaur|R,InfiltMac/Fn1|L,InfiltMac/Plaur|R,-0.38092887,Ligand,Receptor,Fn1|L,Plaur|R,InfiltMac,InfiltMac,InfiltMac@InfiltMac,LR
7821,InfiltMac/Fn1|L@Ly6ClowMac/C5ar1|R,InfiltMac/Fn1|L,Ly6ClowMac/C5ar1|R,1.0495611,Ligand,Receptor,Fn1|L,C5ar1|R,InfiltMac,Ly6ClowMac,InfiltMac@Ly6ClowMac,LR
7822,InfiltMac/Fn1|L@Ly6ClowMac/Cd44|R,InfiltMac/Fn1|L,Ly6ClowMac/Cd44|R,-0.44813204,Ligand,Receptor,Fn1|L,Cd44|R,InfiltMac,Ly6ClowMac,InfiltMac@Ly6ClowMac,LR
7823,InfiltMac/Fn1|L@Ly6ClowMac/Itga4_Itgb1|R,InfiltMac/Fn1|L,Ly6ClowMac/Itga4_Itgb1|R,-0.37931573,Ligand,Receptor,Fn1|L,Itga4_Itgb1|R,InfiltMac,Ly6ClowMac,InfiltMac@Ly6ClowMac,LR
7824,InfiltMac/Fn1|L@Ly6ClowMac/Itga4_Itgb7|R,InfiltMac/Fn1|L,Ly6ClowMac/Itga4_Itgb7|R,-0.5325433,Ligand,Receptor,Fn1|L,Itga4_Itgb7|R,InfiltMac,Ly6ClowMac,InfiltMac@Ly6ClowMac,LR
7825,InfiltMac/Fn1|L@Ly6ClowMac/Itgav_Itgb1|R,InfiltMac/Fn1|L,Ly6ClowMac/Itgav_Itgb1|R,1.0750136,Ligand,Receptor,Fn1|L,Itgav_Itgb1|R,InfiltMac,Ly6ClowMac,InfiltMac@Ly6ClowMac,LR
7826,InfiltMac/Fn1|L@Ly6ClowMac/Plaur|R,InfiltMac/Fn1|L,Ly6ClowMac/Plaur|R,1.0656668,Ligand,Receptor,Fn1|L,Plaur|R,InfiltMac,Ly6ClowMac,InfiltMac@Ly6ClowMac,LR
7833,InfiltMac/Fn1|L@MonoPro/Cd44|R,InfiltMac/Fn1|L,MonoPro/Cd44|R,-0.50907195,Ligand,Receptor,Fn1|L,Cd44|R,InfiltMac,MonoPro,InfiltMac@MonoPro,LR
7834,InfiltMac/Fn1|L@MonoPro/Dpp4|R,InfiltMac/Fn1|L,MonoPro/Dpp4|R,1.0165414,Ligand,Receptor,Fn1|L,Dpp4|R,InfiltMac,MonoPro,InfiltMac@MonoPro,LR
7835,InfiltMac/Fn1|L@MonoPro/Itga4_Itgb1|R,InfiltMac/Fn1|L,MonoPro/Itga4_Itgb1|R,-0.44455767,Ligand,Receptor,Fn1|L,Itga4_Itgb1|R,InfiltMac,MonoPro,InfiltMac@MonoPro,LR
7836,InfiltMac/Fn1|L@MonoPro/Itga5_Itgb1|R,InfiltMac/Fn1|L,MonoPro/Itga5_Itgb1|R,-0.4933083,Ligand,Receptor,Fn1|L,Itga5_Itgb1|R,InfiltMac,MonoPro,InfiltMac@MonoPro,LR
7837,InfiltMac/Fn1|L@MonoPro/Itga6|R,InfiltMac/Fn1|L,MonoPro/Itga6|R,-0.45229173,Ligand,Receptor,Fn1|L,Itga6|R,InfiltMac,MonoPro,InfiltMac@MonoPro,LR
7838,InfiltMac/Fn1|L@MonoPro/Plaur|R,InfiltMac/Fn1|L,MonoPro/Plaur|R,1.0034217,Ligand,Receptor,Fn1|L,Plaur|R,InfiltMac,MonoPro,InfiltMac@MonoPro,LR
7839,InfiltMac/Fn1|L@Neut1/C5ar1|R,InfiltMac/Fn1|L,Neut1/C5ar1|R,-0.45225525,Ligand,Receptor,Fn1|L,C5ar1|R,InfiltMac,Neut1,InfiltMac@Neut1,LR
7840,InfiltMac/Fn1|L@Neut1/Cd44|R,InfiltMac/Fn1|L,Neut1/Cd44|R,-0.50713956,Ligand,Receptor,Fn1|L,Cd44|R,InfiltMac,Neut1,InfiltMac@Neut1,LR
7841,InfiltMac/Fn1|L@Neut1/Itga4_Itgb1|R,InfiltMac/Fn1|L,Neut1/Itga4_Itgb1|R,-0.46195686,Ligand,Receptor,Fn1|L,Itga4_Itgb1|R,InfiltMac,Neut1,InfiltMac@Neut1,LR
7842,InfiltMac/Fn1|L@Neut1/Itga6|R,InfiltMac/Fn1|L,Neut1/Itga6|R,1.0101994,Ligand,Receptor,Fn1|L,Itga6|R,InfiltMac,Neut1,InfiltMac@Neut1,LR
7843,InfiltMac/Fn1|L@Neut1/Plaur|R,InfiltMac/Fn1|L,Neut1/Plaur|R,-0.3946793,Ligand,Receptor,Fn1|L,Plaur|R,InfiltMac,Neut1,InfiltMac@Neut1,LR
7844,InfiltMac/Fn1|L@Neut2/C5ar1|R,InfiltMac/Fn1|L,Neut2/C5ar1|R,-0.41261995,Ligand,Receptor,Fn1|L,C5ar1|R,InfiltMac,Neut2,InfiltMac@Neut2,LR
7845,InfiltMac/Fn1|L@Neut2/Cd44|R,InfiltMac/Fn1|L,Neut2/Cd44|R,-0.4876809,Ligand,Receptor,Fn1|L,Cd44|R,InfiltMac,Neut2,InfiltMac@Neut2,LR
7846,InfiltMac/Fn1|L@Neut2/Itga4_Itgb1|R,InfiltMac/Fn1|L,Neut2/Itga4_Itgb1|R,-0.44779253,Ligand,Receptor,Fn1|L,Itga4_Itgb1|R,InfiltMac,Neut2,InfiltMac@Neut2,LR
7847,InfiltMac/Fn1|L@Neut2/Plaur|R,InfiltMac/Fn1|L,Neut2/Plaur|R,-0.3734727,Ligand,Receptor,Fn1|L,Plaur|R,InfiltMac,Neut2,InfiltMac@Neut2,LR
7848,InfiltMac/Fn1|L@OsteoCAR/Cd44|R,InfiltMac/Fn1|L,OsteoCAR/Cd44|R,-0.44122744,Ligand,Receptor,Fn1|L,Cd44|R,InfiltMac,OsteoCAR,InfiltMac@OsteoCAR,LR
7849,InfiltMac/Fn1|L@OsteoCAR/Itga4_Itgb1|R,InfiltMac/Fn1|L,OsteoCAR/Itga4_Itgb1|R,-0.471197,Ligand,Receptor,Fn1|L,Itga4_Itgb1|R,InfiltMac,OsteoCAR,InfiltMac@OsteoCAR,LR
7850,InfiltMac/Fn1|L@OsteoCAR/Itga9|R,InfiltMac/Fn1|L,OsteoCAR/Itga9|R,1.0895059,Ligand,Receptor,Fn1|L,Itga9|R,InfiltMac,OsteoCAR,InfiltMac@OsteoCAR,LR
7851,InfiltMac/Fn1|L@OsteoCAR/Itgav_Itgb1|R,InfiltMac/Fn1|L,OsteoCAR/Itgav_Itgb1|R,-0.47608972,Ligand,Receptor,Fn1|L,Itgav_Itgb1|R,InfiltMac,OsteoCAR,InfiltMac@OsteoCAR,LR
7852,InfiltMac/Fn1|L@OsteoCAR/Sdc1|R,InfiltMac/Fn1|L,OsteoCAR/Sdc1|R,-0.47535455,Ligand,Receptor,Fn1|L,Sdc1|R,InfiltMac,OsteoCAR,InfiltMac@OsteoCAR,LR
7853,InfiltMac/Fn1|L@OsteoCAR/Sdc2|R,InfiltMac/Fn1|L,OsteoCAR/Sdc2|R,-0.4476688,Ligand,Receptor,Fn1|L,Sdc2|R,InfiltMac,OsteoCAR,InfiltMac@OsteoCAR,LR
7854,InfiltMac/Fn1|L@ResMac/Cd44|R,InfiltMac/Fn1|L,ResMac/Cd44|R,-0.5305338,Ligand,Receptor,Fn1|L,Cd44|R,InfiltMac,ResMac,InfiltMac@ResMac,LR
7855,InfiltMac/Fn1|L@ResMac/Dpp4|R,InfiltMac/Fn1|L,ResMac/Dpp4|R,-0.4847566,Ligand,Receptor,Fn1|L,Dpp4|R,InfiltMac,ResMac,InfiltMac@ResMac,LR
7856,InfiltMac/Fn1|L@ResMac/Itga4_Itgb1|R,InfiltMac/Fn1|L,ResMac/Itga4_Itgb1|R,-0.3466034,Ligand,Receptor,Fn1|L,Itga4_Itgb1|R,InfiltMac,ResMac,InfiltMac@ResMac,LR
7857,InfiltMac/Fn1|L@ResMac/Itga4_Itgb7|R,InfiltMac/Fn1|L,ResMac/Itga4_Itgb7|R,-0.5785979,Ligand,Receptor,Fn1|L,Itga4_Itgb7|R,InfiltMac,ResMac,InfiltMac@ResMac,LR
7858,InfiltMac/Fn1|L@ResMac/Itgav_Itgb1|R,InfiltMac/Fn1|L,ResMac/Itgav_Itgb1|R,1.0544069,Ligand,Receptor,Fn1|L,Itgav_Itgb1|R,InfiltMac,ResMac,InfiltMac@ResMac,LR
7859,InfiltMac/Fn1|L@ResMac/Plaur|R,InfiltMac/Fn1|L,ResMac/Plaur|R,1.0424335,Ligand,Receptor,Fn1|L,Plaur|R,InfiltMac,ResMac,InfiltMac@ResMac,LR
7860,InfiltMac/Fn1|L@Spp1+Mac/Cd44|R,InfiltMac/Fn1|L,Spp1+Mac/Cd44|R,-0.58897674,Ligand,Receptor,Fn1|L,Cd44|R,InfiltMac,Spp1+Mac,InfiltMac@Spp1+Mac,LR
7861,InfiltMac/Fn1|L@Spp1+Mac/Itga4_Itgb1|R,InfiltMac/Fn1|L,Spp1+Mac/Itga4_Itgb1|R,-0.46768892,Ligand,Receptor,Fn1|L,Itga4_Itgb1|R,InfiltMac,Spp1+Mac,InfiltMac@Spp1+Mac,LR
7862,InfiltMac/Fn1|L@Spp1+Mac/Itga5_Itgb1|R,InfiltMac/Fn1|L,Spp1+Mac/Itga5_Itgb1|R,-0.48718464,Ligand,Receptor,Fn1|L,Itga5_Itgb1|R,InfiltMac,Spp1+Mac,InfiltMac@Spp1+Mac,LR
7863,InfiltMac/Fn1|L@Spp1+Mac/Itgav_Itgb1|R,InfiltMac/Fn1|L,Spp1+Mac/Itgav_Itgb1|R,-0.48665297,Ligand,Receptor,Fn1|L,Itgav_Itgb1|R,InfiltMac,Spp1+Mac,InfiltMac@Spp1+Mac,LR
7864,InfiltMac/Fn1|L@Spp1+Mac/Itgav_Itgb3|R,InfiltMac/Fn1|L,Spp1+Mac/Itgav_Itgb3|R,1.0555302,Ligand,Receptor,Fn1|L,Itgav_Itgb3|R,InfiltMac,Spp1+Mac,InfiltMac@Spp1+Mac,LR
7865,InfiltMac/Fn1|L@Spp1+Mac/Plaur|R,InfiltMac/Fn1|L,Spp1+Mac/Plaur|R,1.1450728,Ligand,Receptor,Fn1|L,Plaur|R,InfiltMac,Spp1+Mac,InfiltMac@Spp1+Mac,LR
7866,InfiltMac/Fn1|L@Spp1+Mac/Sdc1|R,InfiltMac/Fn1|L,Spp1+Mac/Sdc1|R,-1.5104209,Ligand,Receptor,Fn1|L,Sdc1|R,InfiltMac,Spp1+Mac,InfiltMac@Spp1+Mac,LR
7867,InfiltMac/Fn1|L@TCells/Cd44|R,InfiltMac/Fn1|L,TCells/Cd44|R,-0.5446693,Ligand,Receptor,Fn1|L,Cd44|R,InfiltMac,TCells,InfiltMac@TCells,LR
7868,InfiltMac/Fn1|L@TCells/Itga4_Itgb1|R,InfiltMac/Fn1|L,TCells/Itga4_Itgb1|R,-0.49390137,Ligand,Receptor,Fn1|L,Itga4_Itgb1|R,InfiltMac,TCells,InfiltMac@TCells,LR
7869,InfiltMac/Fn1|L@TCells/Itga4_Itgb7|R,InfiltMac/Fn1|L,TCells/Itga4_Itgb7|R,-0.4671594,Ligand,Receptor,Fn1|L,Itga4_Itgb7|R,InfiltMac,TCells,InfiltMac@TCells,LR
8424,InfiltMac/Thbs1|L@Baso/Cd47|R,InfiltMac/Thbs1|L,Baso/Cd47|R,1.2485857,Ligand,Receptor,Thbs1|L,Cd47|R,InfiltMac,Baso,InfiltMac@Baso,LR
8425,InfiltMac/Thbs1|L@Baso/Itga6|R,InfiltMac/Thbs1|L,Baso/Itga6|R,0.40445033,Ligand,Receptor,Thbs1|L,Itga6|R,InfiltMac,Baso,InfiltMac@Baso,LR
8426,InfiltMac/Thbs1|L@DC/Ptprj|R,InfiltMac/Thbs1|L,DC/Ptprj|R,0.33690012,Ligand,Receptor,Thbs1|L,Ptprj|R,InfiltMac,DC,InfiltMac@DC,LR
8427,InfiltMac/Thbs1|L@DC/Scarb1|R,InfiltMac/Thbs1|L,DC/Scarb1|R,0.3091901,Ligand,Receptor,Thbs1|L,Scarb1|R,InfiltMac,DC,InfiltMac@DC,LR
8428,InfiltMac/Thbs1|L@EC/Cd36|R,InfiltMac/Thbs1|L,EC/Cd36|R,1.4318357,Ligand,Receptor,Thbs1|L,Cd36|R,InfiltMac,EC,InfiltMac@EC,LR
8429,InfiltMac/Thbs1|L@EC/Itga6|R,InfiltMac/Thbs1|L,EC/Itga6|R,0.6887594,Ligand,Receptor,Thbs1|L,Itga6|R,InfiltMac,EC,InfiltMac@EC,LR
8430,InfiltMac/Thbs1|L@EC/Scarb1|R,InfiltMac/Thbs1|L,EC/Scarb1|R,0.35349983,Ligand,Receptor,Thbs1|L,Scarb1|R,InfiltMac,EC,InfiltMac@EC,LR
8431,InfiltMac/Thbs1|L@Ery/Cd47|R,InfiltMac/Thbs1|L,Ery/Cd47|R,1.1027431,Ligand,Receptor,Thbs1|L,Cd47|R,InfiltMac,Ery,InfiltMac@Ery,LR
8432,InfiltMac/Thbs1|L@Ery/Scarb1|R,InfiltMac/Thbs1|L,Ery/Scarb1|R,0.27839375,Ligand,Receptor,Thbs1|L,Scarb1|R,InfiltMac,Ery,InfiltMac@Ery,LR
8433,InfiltMac/Thbs1|L@Fibro/Lrp1|R,InfiltMac/Thbs1|L,Fibro/Lrp1|R,0.8345567,Ligand,Receptor,Thbs1|L,Lrp1|R,InfiltMac,Fibro,InfiltMac@Fibro,LR
8434,InfiltMac/Thbs1|L@Fibro/Sdc4|R,InfiltMac/Thbs1|L,Fibro/Sdc4|R,0.6368952,Ligand,Receptor,Thbs1|L,Sdc4|R,InfiltMac,Fibro,InfiltMac@Fibro,LR
8435,InfiltMac/Thbs1|L@InfiltMac/Cd47|R,InfiltMac/Thbs1|L,InfiltMac/Cd47|R,0.93832076,Ligand,Receptor,Thbs1|L,Cd47|R,InfiltMac,InfiltMac,InfiltMac@InfiltMac,LR
8436,InfiltMac/Thbs1|L@InfiltMac/Itga4|R,InfiltMac/Thbs1|L,InfiltMac/Itga4|R,0.9130769,Ligand,Receptor,Thbs1|L,Itga4|R,InfiltMac,InfiltMac,InfiltMac@InfiltMac,LR
8437,InfiltMac/Thbs1|L@InfiltMac/Lrp1|R,InfiltMac/Thbs1|L,InfiltMac/Lrp1|R,0.5811075,Ligand,Receptor,Thbs1|L,Lrp1|R,InfiltMac,InfiltMac,InfiltMac@InfiltMac,LR
8438,InfiltMac/Thbs1|L@InfiltMac/Ptprj|R,InfiltMac/Thbs1|L,InfiltMac/Ptprj|R,0.41038018,Ligand,Receptor,Thbs1|L,Ptprj|R,InfiltMac,InfiltMac,InfiltMac@InfiltMac,LR
8439,InfiltMac/Thbs1|L@InfiltMac/Scarb1|R,InfiltMac/Thbs1|L,InfiltMac/Scarb1|R,0.30903137,Ligand,Receptor,Thbs1|L,Scarb1|R,InfiltMac,InfiltMac,InfiltMac@InfiltMac,LR
8440,InfiltMac/Thbs1|L@Ly6ClowMac/Cd36|R,InfiltMac/Thbs1|L,Ly6ClowMac/Cd36|R,0.39788055,Ligand,Receptor,Thbs1|L,Cd36|R,InfiltMac,Ly6ClowMac,InfiltMac@Ly6ClowMac,LR
8441,InfiltMac/Thbs1|L@Ly6ClowMac/Cd47|R,InfiltMac/Thbs1|L,Ly6ClowMac/Cd47|R,1.2234595,Ligand,Receptor,Thbs1|L,Cd47|R,InfiltMac,Ly6ClowMac,InfiltMac@Ly6ClowMac,LR
8442,InfiltMac/Thbs1|L@Ly6ClowMac/Itga4|R,InfiltMac/Thbs1|L,Ly6ClowMac/Itga4|R,1.1653819,Ligand,Receptor,Thbs1|L,Itga4|R,InfiltMac,Ly6ClowMac,InfiltMac@Ly6ClowMac,LR
8443,InfiltMac/Thbs1|L@Ly6ClowMac/Lrp1|R,InfiltMac/Thbs1|L,Ly6ClowMac/Lrp1|R,0.63226503,Ligand,Receptor,Thbs1|L,Lrp1|R,InfiltMac,Ly6ClowMac,InfiltMac@Ly6ClowMac,LR
8444,InfiltMac/Thbs1|L@Ly6ClowMac/Ptprj|R,InfiltMac/Thbs1|L,Ly6ClowMac/Ptprj|R,0.5590526,Ligand,Receptor,Thbs1|L,Ptprj|R,InfiltMac,Ly6ClowMac,InfiltMac@Ly6ClowMac,LR
8449,InfiltMac/Thbs1|L@MonoPro/Cd47|R,InfiltMac/Thbs1|L,MonoPro/Cd47|R,1.0460125,Ligand,Receptor,Thbs1|L,Cd47|R,InfiltMac,MonoPro,InfiltMac@MonoPro,LR
8450,InfiltMac/Thbs1|L@MonoPro/Itga6|R,InfiltMac/Thbs1|L,MonoPro/Itga6|R,0.31838503,Ligand,Receptor,Thbs1|L,Itga6|R,InfiltMac,MonoPro,InfiltMac@MonoPro,LR
8451,InfiltMac/Thbs1|L@MonoPro/Scarb1|R,InfiltMac/Thbs1|L,MonoPro/Scarb1|R,0.26938075,Ligand,Receptor,Thbs1|L,Scarb1|R,InfiltMac,MonoPro,InfiltMac@MonoPro,LR
8452,InfiltMac/Thbs1|L@Neut1/Cd47|R,InfiltMac/Thbs1|L,Neut1/Cd47|R,0.9518473,Ligand,Receptor,Thbs1|L,Cd47|R,InfiltMac,Neut1,InfiltMac@Neut1,LR
8453,InfiltMac/Thbs1|L@Neut1/Itga6|R,InfiltMac/Thbs1|L,Neut1/Itga6|R,0.2554088,Ligand,Receptor,Thbs1|L,Itga6|R,InfiltMac,Neut1,InfiltMac@Neut1,LR
8454,InfiltMac/Thbs1|L@Neut2/Ptprj|R,InfiltMac/Thbs1|L,Neut2/Ptprj|R,0.30431008,Ligand,Receptor,Thbs1|L,Ptprj|R,InfiltMac,Neut2,InfiltMac@Neut2,LR
8455,InfiltMac/Thbs1|L@OsteoCAR/Cd47|R,InfiltMac/Thbs1|L,OsteoCAR/Cd47|R,1.042959,Ligand,Receptor,Thbs1|L,Cd47|R,InfiltMac,OsteoCAR,InfiltMac@OsteoCAR,LR
8456,InfiltMac/Thbs1|L@OsteoCAR/Lrp1|R,InfiltMac/Thbs1|L,OsteoCAR/Lrp1|R,0.767298,Ligand,Receptor,Thbs1|L,Lrp1|R,InfiltMac,OsteoCAR,InfiltMac@OsteoCAR,LR
8457,InfiltMac/Thbs1|L@OsteoCAR/Sdc1|R,InfiltMac/Thbs1|L,OsteoCAR/Sdc1|R,0.38386726,Ligand,Receptor,Thbs1|L,Sdc1|R,InfiltMac,OsteoCAR,InfiltMac@OsteoCAR,LR
8458,InfiltMac/Thbs1|L@OsteoCAR/Sdc4|R,InfiltMac/Thbs1|L,OsteoCAR/Sdc4|R,0.4028877,Ligand,Receptor,Thbs1|L,Sdc4|R,InfiltMac,OsteoCAR,InfiltMac@OsteoCAR,LR
8459,InfiltMac/Thbs1|L@ResMac/Cd47|R,InfiltMac/Thbs1|L,ResMac/Cd47|R,1.0782342,Ligand,Receptor,Thbs1|L,Cd47|R,InfiltMac,ResMac,InfiltMac@ResMac,LR
8460,InfiltMac/Thbs1|L@ResMac/Itga4|R,InfiltMac/Thbs1|L,ResMac/Itga4|R,0.85051227,Ligand,Receptor,Thbs1|L,Itga4|R,InfiltMac,ResMac,InfiltMac@ResMac,LR
8461,InfiltMac/Thbs1|L@ResMac/Lrp1|R,InfiltMac/Thbs1|L,ResMac/Lrp1|R,0.6379291,Ligand,Receptor,Thbs1|L,Lrp1|R,InfiltMac,ResMac,InfiltMac@ResMac,LR
8462,InfiltMac/Thbs1|L@ResMac/Ptprj|R,InfiltMac/Thbs1|L,ResMac/Ptprj|R,0.45669687,Ligand,Receptor,Thbs1|L,Ptprj|R,InfiltMac,ResMac,InfiltMac@ResMac,LR
8463,InfiltMac/Thbs1|L@ResMac/Scarb1|R,InfiltMac/Thbs1|L,ResMac/Scarb1|R,0.30187184,Ligand,Receptor,Thbs1|L,Scarb1|R,InfiltMac,ResMac,InfiltMac@ResMac,LR
8464,InfiltMac/Thbs1|L@Spp1+Mac/Itgav_Itgb3|R,InfiltMac/Thbs1|L,Spp1+Mac/Itgav_Itgb3|R,0.3007395,Ligand,Receptor,Thbs1|L,Itgav_Itgb3|R,InfiltMac,Spp1+Mac,InfiltMac@Spp1+Mac,LR
8465,InfiltMac/Thbs1|L@Spp1+Mac/Scarb1|R,InfiltMac/Thbs1|L,Spp1+Mac/Scarb1|R,0.35821134,Ligand,Receptor,Thbs1|L,Scarb1|R,InfiltMac,Spp1+Mac,InfiltMac@Spp1+Mac,LR
8466,InfiltMac/Thbs1|L@Spp1+Mac/Sdc4|R,InfiltMac/Thbs1|L,Spp1+Mac/Sdc4|R,0.35949665,Ligand,Receptor,Thbs1|L,Sdc4|R,InfiltMac,Spp1+Mac,InfiltMac@Spp1+Mac,LR
9651,MK/Igfbp4|L@DC/Lrp6|R,MK/Igfbp4|L,DC/Lrp6|R,0.4840622,Ligand,Receptor,Igfbp4|L,Lrp6|R,MK,DC,MK@DC,LR
9653,MK/Igfbp4|L@Ery/Lrp6|R,MK/Igfbp4|L,Ery/Lrp6|R,-0.03299585,Ligand,Receptor,Igfbp4|L,Lrp6|R,MK,Ery,MK@Ery,LR
9654,MK/Igfbp4|L@Fibro/Lrp6|R,MK/Igfbp4|L,Fibro/Lrp6|R,0.02620101,Ligand,Receptor,Igfbp4|L,Lrp6|R,MK,Fibro,MK@Fibro,LR
9655,MK/Igfbp4|L@MK/Lrp6|R,MK/Igfbp4|L,MK/Lrp6|R,-0.015907526,Ligand,Receptor,Igfbp4|L,Lrp6|R,MK,MK,MK@MK,LR
9656,MK/Igfbp4|L@MonoPro/Lrp6|R,MK/Igfbp4|L,MonoPro/Lrp6|R,0.0075921416,Ligand,Receptor,Igfbp4|L,Lrp6|R,MK,MonoPro,MK@MonoPro,LR
9657,MK/Igfbp4|L@Neut1/Lrp6|R,MK/Igfbp4|L,Neut1/Lrp6|R,0.47318482,Ligand,Receptor,Igfbp4|L,Lrp6|R,MK,Neut1,MK@Neut1,LR
9658,MK/Igfbp4|L@OsteoCAR/Lrp6|R,MK/Igfbp4|L,OsteoCAR/Lrp6|R,-0.025875926,Ligand,Receptor,Igfbp4|L,Lrp6|R,MK,OsteoCAR,MK@OsteoCAR,LR
9659,MK/Igfbp4|L@Spp1+Mac/Lrp6|R,MK/Igfbp4|L,Spp1+Mac/Lrp6|R,-0.53665507,Ligand,Receptor,Igfbp4|L,Lrp6|R,MK,Spp1+Mac,MK@Spp1+Mac,LR
9735,MK/Ltbp3|L@Fibro/Itgb5|R,MK/Ltbp3|L,Fibro/Itgb5|R,0.23536108,Ligand,Receptor,Ltbp3|L,Itgb5|R,MK,Fibro,MK@Fibro,LR
9738,MK/Ltbp3|L@OsteoCAR/Itgb5|R,MK/Ltbp3|L,OsteoCAR/Itgb5|R,0.2957366,Ligand,Receptor,Ltbp3|L,Itgb5|R,MK,OsteoCAR,MK@OsteoCAR,LR
9740,MK/Ltbp3|L@Spp1+Mac/Itgb5|R,MK/Ltbp3|L,Spp1+Mac/Itgb5|R,0.22256885,Ligand,Receptor,Ltbp3|L,Itgb5|R,MK,Spp1+Mac,MK@Spp1+Mac,LR
9754,MK/Mfge8|L@Fibro/Itgav|R,MK/Mfge8|L,Fibro/Itgav|R,0.20630607,Ligand,Receptor,Mfge8|L,Itgav|R,MK,Fibro,MK@Fibro,LR
9755,MK/Mfge8|L@Fibro/Itgb5|R,MK/Mfge8|L,Fibro/Itgb5|R,0.24658704,Ligand,Receptor,Mfge8|L,Itgb5|R,MK,Fibro,MK@Fibro,LR
9756,MK/Mfge8|L@Fibro/Pdgfrb|R,MK/Mfge8|L,Fibro/Pdgfrb|R,0.20390838,Ligand,Receptor,Mfge8|L,Pdgfrb|R,MK,Fibro,MK@Fibro,LR
9760,MK/Mfge8|L@MK/Itgb3|R,MK/Mfge8|L,MK/Itgb3|R,0.13069859,Ligand,Receptor,Mfge8|L,Itgb3|R,MK,MK,MK@MK,LR
9761,MK/Mfge8|L@MK/Pdgfrb|R,MK/Mfge8|L,MK/Pdgfrb|R,0.12523454,Ligand,Receptor,Mfge8|L,Pdgfrb|R,MK,MK,MK@MK,LR
9762,MK/Mfge8|L@OsteoCAR/Itgav|R,MK/Mfge8|L,OsteoCAR/Itgav|R,0.30489,Ligand,Receptor,Mfge8|L,Itgav|R,MK,OsteoCAR,MK@OsteoCAR,LR
9763,MK/Mfge8|L@OsteoCAR/Itgb5|R,MK/Mfge8|L,OsteoCAR/Itgb5|R,0.30696255,Ligand,Receptor,Mfge8|L,Itgb5|R,MK,OsteoCAR,MK@OsteoCAR,LR
9764,MK/Mfge8|L@OsteoCAR/Pdgfrb|R,MK/Mfge8|L,OsteoCAR/Pdgfrb|R,0.9309295,Ligand,Receptor,Mfge8|L,Pdgfrb|R,MK,OsteoCAR,MK@OsteoCAR,LR
9767,MK/Mfge8|L@Spp1+Mac/Itgav|R,MK/Mfge8|L,Spp1+Mac/Itgav|R,0.40439978,Ligand,Receptor,Mfge8|L,Itgav|R,MK,Spp1+Mac,MK@Spp1+Mac,LR
9768,MK/Mfge8|L@Spp1+Mac/Itgb3|R,MK/Mfge8|L,Spp1+Mac/Itgb3|R,0.1634261,Ligand,Receptor,Mfge8|L,Itgb3|R,MK,Spp1+Mac,MK@Spp1+Mac,LR
9769,MK/Mfge8|L@Spp1+Mac/Itgb5|R,MK/Mfge8|L,Spp1+Mac/Itgb5|R,0.23379481,Ligand,Receptor,Mfge8|L,Itgb5|R,MK,Spp1+Mac,MK@Spp1+Mac,LR
10571,MonoPro/Igfbp4|L@Ery/Lrp6|R,MonoPro/Igfbp4|L,Ery/Lrp6|R,-0.23283234,Ligand,Receptor,Igfbp4|L,Lrp6|R,MonoPro,Ery,MonoPro@Ery,LR
10572,MonoPro/Igfbp4|L@Fibro/Lrp6|R,MonoPro/Igfbp4|L,Fibro/Lrp6|R,-0.17363554,Ligand,Receptor,Igfbp4|L,Lrp6|R,MonoPro,Fibro,MonoPro@Fibro,LR
10573,MonoPro/Igfbp4|L@MK/Lrp6|R,MonoPro/Igfbp4|L,MK/Lrp6|R,-0.21574396,Ligand,Receptor,Igfbp4|L,Lrp6|R,MonoPro,MK,MonoPro@MK,LR
10574,MonoPro/Igfbp4|L@MonoPro/Lrp6|R,MonoPro/Igfbp4|L,MonoPro/Lrp6|R,-0.19224429,Ligand,Receptor,Igfbp4|L,Lrp6|R,MonoPro,MonoPro,MonoPro@MonoPro,LR
10575,MonoPro/Igfbp4|L@Neut1/Lrp6|R,MonoPro/Igfbp4|L,Neut1/Lrp6|R,0.4802857,Ligand,Receptor,Igfbp4|L,Lrp6|R,MonoPro,Neut1,MonoPro@Neut1,LR
10576,MonoPro/Igfbp4|L@OsteoCAR/Lrp6|R,MonoPro/Igfbp4|L,OsteoCAR/Lrp6|R,-0.22571236,Ligand,Receptor,Igfbp4|L,Lrp6|R,MonoPro,OsteoCAR,MonoPro@OsteoCAR,LR
10577,MonoPro/Igfbp4|L@Spp1+Mac/Lrp6|R,MonoPro/Igfbp4|L,Spp1+Mac/Lrp6|R,-0.7435924,Ligand,Receptor,Igfbp4|L,Lrp6|R,MonoPro,Spp1+Mac,MonoPro@Spp1+Mac,LR
11525,Neut1/Igfbp4|L@Ery/Lrp6|R,Neut1/Igfbp4|L,Ery/Lrp6|R,-0.15758899,Ligand,Receptor,Igfbp4|L,Lrp6|R,Neut1,Ery,Neut1@Ery,LR
11526,Neut1/Igfbp4|L@Fibro/Lrp6|R,Neut1/Igfbp4|L,Fibro/Lrp6|R,-0.09839216,Ligand,Receptor,Igfbp4|L,Lrp6|R,Neut1,Fibro,Neut1@Fibro,LR
11527,Neut1/Igfbp4|L@MK/Lrp6|R,Neut1/Igfbp4|L,MK/Lrp6|R,-0.14050063,Ligand,Receptor,Igfbp4|L,Lrp6|R,Neut1,MK,Neut1@MK,LR
11528,Neut1/Igfbp4|L@MonoPro/Lrp6|R,Neut1/Igfbp4|L,MonoPro/Lrp6|R,-0.11700097,Ligand,Receptor,Igfbp4|L,Lrp6|R,Neut1,MonoPro,Neut1@MonoPro,LR
11529,Neut1/Igfbp4|L@Neut1/Lrp6|R,Neut1/Igfbp4|L,Neut1/Lrp6|R,0.24129051,Ligand,Receptor,Igfbp4|L,Lrp6|R,Neut1,Neut1,Neut1@Neut1,LR
11530,Neut1/Igfbp4|L@OsteoCAR/Lrp6|R,Neut1/Igfbp4|L,OsteoCAR/Lrp6|R,-0.15046903,Ligand,Receptor,Igfbp4|L,Lrp6|R,Neut1,OsteoCAR,Neut1@OsteoCAR,LR
11531,Neut1/Igfbp4|L@Spp1+Mac/Lrp6|R,Neut1/Igfbp4|L,Spp1+Mac/Lrp6|R,-0.42935383,Ligand,Receptor,Igfbp4|L,Lrp6|R,Neut1,Spp1+Mac,Neut1@Spp1+Mac,LR
12408,Neut2/Igfbp4|L@DC/Lrp6|R,Neut2/Igfbp4|L,DC/Lrp6|R,0.19686025,Ligand,Receptor,Igfbp4|L,Lrp6|R,Neut2,DC,Neut2@DC,LR
12410,Neut2/Igfbp4|L@Ery/Lrp6|R,Neut2/Igfbp4|L,Ery/Lrp6|R,-0.38783282,Ligand,Receptor,Igfbp4|L,Lrp6|R,Neut2,Ery,Neut2@Ery,LR
12411,Neut2/Igfbp4|L@Fibro/Lrp6|R,Neut2/Igfbp4|L,Fibro/Lrp6|R,-0.1361787,Ligand,Receptor,Igfbp4|L,Lrp6|R,Neut2,Fibro,Neut2@Fibro,LR
12414,Neut2/Igfbp4|L@OsteoCAR/Lrp6|R,Neut2/Igfbp4|L,OsteoCAR/Lrp6|R,-0.18825558,Ligand,Receptor,Igfbp4|L,Lrp6|R,Neut2,OsteoCAR,Neut2@OsteoCAR,LR
12415,Neut2/Igfbp4|L@Spp1+Mac/Lrp6|R,Neut2/Igfbp4|L,Spp1+Mac/Lrp6|R,-0.41183275,Ligand,Receptor,Igfbp4|L,Lrp6|R,Neut2,Spp1+Mac,Neut2@Spp1+Mac,LR
12985,OsteoCAR/Adipoq|L@BCells/Adipor1|R,OsteoCAR/Adipoq|L,BCells/Adipor1|R,-0.5426721,Ligand,Receptor,Adipoq|L,Adipor1|R,OsteoCAR,BCells,OsteoCAR@BCells,LR
12986,OsteoCAR/Adipoq|L@BCells/Adipor2|R,OsteoCAR/Adipoq|L,BCells/Adipor2|R,-0.53843904,Ligand,Receptor,Adipoq|L,Adipor2|R,OsteoCAR,BCells,OsteoCAR@BCells,LR
12987,OsteoCAR/Adipoq|L@Baso/Adipor1|R,OsteoCAR/Adipoq|L,Baso/Adipor1|R,-0.46197808,Ligand,Receptor,Adipoq|L,Adipor1|R,OsteoCAR,Baso,OsteoCAR@Baso,LR
12988,OsteoCAR/Adipoq|L@Baso/Adipor2|R,OsteoCAR/Adipoq|L,Baso/Adipor2|R,-0.59132415,Ligand,Receptor,Adipoq|L,Adipor2|R,OsteoCAR,Baso,OsteoCAR@Baso,LR
12989,OsteoCAR/Adipoq|L@DC/Adipor1|R,OsteoCAR/Adipoq|L,DC/Adipor1|R,-0.5272846,Ligand,Receptor,Adipoq|L,Adipor1|R,OsteoCAR,DC,OsteoCAR@DC,LR
12990,OsteoCAR/Adipoq|L@DC/Adipor2|R,OsteoCAR/Adipoq|L,DC/Adipor2|R,-0.5833646,Ligand,Receptor,Adipoq|L,Adipor2|R,OsteoCAR,DC,OsteoCAR@DC,LR
12991,OsteoCAR/Adipoq|L@EC/Adipor1|R,OsteoCAR/Adipoq|L,EC/Adipor1|R,-0.5067099,Ligand,Receptor,Adipoq|L,Adipor1|R,OsteoCAR,EC,OsteoCAR@EC,LR
12992,OsteoCAR/Adipoq|L@EC/Adipor2|R,OsteoCAR/Adipoq|L,EC/Adipor2|R,-0.53530115,Ligand,Receptor,Adipoq|L,Adipor2|R,OsteoCAR,EC,OsteoCAR@EC,LR
12993,OsteoCAR/Adipoq|L@Ery/Adipor1|R,OsteoCAR/Adipoq|L,Ery/Adipor1|R,-0.5339182,Ligand,Receptor,Adipoq|L,Adipor1|R,OsteoCAR,Ery,OsteoCAR@Ery,LR
12994,OsteoCAR/Adipoq|L@Ery/Adipor2|R,OsteoCAR/Adipoq|L,Ery/Adipor2|R,-0.6192484,Ligand,Receptor,Adipoq|L,Adipor2|R,OsteoCAR,Ery,OsteoCAR@Ery,LR
12995,OsteoCAR/Adipoq|L@Ery/Cnr2|R,OsteoCAR/Adipoq|L,Ery/Cnr2|R,0.5240981,Ligand,Receptor,Adipoq|L,Cnr2|R,OsteoCAR,Ery,OsteoCAR@Ery,LR
12998,OsteoCAR/Adipoq|L@InfiltMac/Adipor1|R,OsteoCAR/Adipoq|L,InfiltMac/Adipor1|R,-0.48074186,Ligand,Receptor,Adipoq|L,Adipor1|R,OsteoCAR,InfiltMac,OsteoCAR@InfiltMac,LR
12999,OsteoCAR/Adipoq|L@InfiltMac/Adipor2|R,OsteoCAR/Adipoq|L,InfiltMac/Adipor2|R,-0.5908047,Ligand,Receptor,Adipoq|L,Adipor2|R,OsteoCAR,InfiltMac,OsteoCAR@InfiltMac,LR
13000,OsteoCAR/Adipoq|L@Ly6ClowMac/Adipor1|R,OsteoCAR/Adipoq|L,Ly6ClowMac/Adipor1|R,-0.5355798,Ligand,Receptor,Adipoq|L,Adipor1|R,OsteoCAR,Ly6ClowMac,OsteoCAR@Ly6ClowMac,LR
13001,OsteoCAR/Adipoq|L@Ly6ClowMac/Adipor2|R,OsteoCAR/Adipoq|L,Ly6ClowMac/Adipor2|R,-0.5837788,Ligand,Receptor,Adipoq|L,Adipor2|R,OsteoCAR,Ly6ClowMac,OsteoCAR@Ly6ClowMac,LR
13002,OsteoCAR/Adipoq|L@MK/Adipor1|R,OsteoCAR/Adipoq|L,MK/Adipor1|R,-0.58428353,Ligand,Receptor,Adipoq|L,Adipor1|R,OsteoCAR,MK,OsteoCAR@MK,LR
13003,OsteoCAR/Adipoq|L@MK/Adipor2|R,OsteoCAR/Adipoq|L,MK/Adipor2|R,-0.55020577,Ligand,Receptor,Adipoq|L,Adipor2|R,OsteoCAR,MK,OsteoCAR@MK,LR
13004,OsteoCAR/Adipoq|L@MonoPro/Adipor1|R,OsteoCAR/Adipoq|L,MonoPro/Adipor1|R,-0.56162155,Ligand,Receptor,Adipoq|L,Adipor1|R,OsteoCAR,MonoPro,OsteoCAR@MonoPro,LR
13005,OsteoCAR/Adipoq|L@MonoPro/Adipor2|R,OsteoCAR/Adipoq|L,MonoPro/Adipor2|R,-0.6020607,Ligand,Receptor,Adipoq|L,Adipor2|R,OsteoCAR,MonoPro,OsteoCAR@MonoPro,LR
13006,OsteoCAR/Adipoq|L@Neut1/Adipor1|R,OsteoCAR/Adipoq|L,Neut1/Adipor1|R,-0.56338865,Ligand,Receptor,Adipoq|L,Adipor1|R,OsteoCAR,Neut1,OsteoCAR@Neut1,LR
13007,OsteoCAR/Adipoq|L@Neut1/Adipor2|R,OsteoCAR/Adipoq|L,Neut1/Adipor2|R,-0.58828217,Ligand,Receptor,Adipoq|L,Adipor2|R,OsteoCAR,Neut1,OsteoCAR@Neut1,LR
13008,OsteoCAR/Adipoq|L@Neut2/Adipor1|R,OsteoCAR/Adipoq|L,Neut2/Adipor1|R,-0.5144335,Ligand,Receptor,Adipoq|L,Adipor1|R,OsteoCAR,Neut2,OsteoCAR@Neut2,LR
13009,OsteoCAR/Adipoq|L@Neut2/Adipor2|R,OsteoCAR/Adipoq|L,Neut2/Adipor2|R,-0.6036139,Ligand,Receptor,Adipoq|L,Adipor2|R,OsteoCAR,Neut2,OsteoCAR@Neut2,LR
13010,OsteoCAR/Adipoq|L@OsteoCAR/Adipor1|R,OsteoCAR/Adipoq|L,OsteoCAR/Adipor1|R,-0.6067998,Ligand,Receptor,Adipoq|L,Adipor1|R,OsteoCAR,OsteoCAR,OsteoCAR@OsteoCAR,LR
13011,OsteoCAR/Adipoq|L@OsteoCAR/Adipor2|R,OsteoCAR/Adipoq|L,OsteoCAR/Adipor2|R,-1.2395805,Ligand,Receptor,Adipoq|L,Adipor2|R,OsteoCAR,OsteoCAR,OsteoCAR@OsteoCAR,LR
13012,OsteoCAR/Adipoq|L@ResMac/Adipor1|R,OsteoCAR/Adipoq|L,ResMac/Adipor1|R,-0.49139953,Ligand,Receptor,Adipoq|L,Adipor1|R,OsteoCAR,ResMac,OsteoCAR@ResMac,LR
13013,OsteoCAR/Adipoq|L@ResMac/Adipor2|R,OsteoCAR/Adipoq|L,ResMac/Adipor2|R,-0.557192,Ligand,Receptor,Adipoq|L,Adipor2|R,OsteoCAR,ResMac,OsteoCAR@ResMac,LR
13014,OsteoCAR/Adipoq|L@Spp1+Mac/Adipor1|R,OsteoCAR/Adipoq|L,Spp1+Mac/Adipor1|R,-0.5774386,Ligand,Receptor,Adipoq|L,Adipor1|R,OsteoCAR,Spp1+Mac,OsteoCAR@Spp1+Mac,LR
13015,OsteoCAR/Adipoq|L@Spp1+Mac/Adipor2|R,OsteoCAR/Adipoq|L,Spp1+Mac/Adipor2|R,-1.1253438,Ligand,Receptor,Adipoq|L,Adipor2|R,OsteoCAR,Spp1+Mac,OsteoCAR@Spp1+Mac,LR
13016,OsteoCAR/Adipoq|L@TCells/Adipor1|R,OsteoCAR/Adipoq|L,TCells/Adipor1|R,-0.5460408,Ligand,Receptor,Adipoq|L,Adipor1|R,OsteoCAR,TCells,OsteoCAR@TCells,LR
13017,OsteoCAR/Adipoq|L@TCells/Adipor2|R,OsteoCAR/Adipoq|L,TCells/Adipor2|R,-0.5724973,Ligand,Receptor,Adipoq|L,Adipor2|R,OsteoCAR,TCells,OsteoCAR@TCells,LR
13797,OsteoCAR/Comp|L@BCells/Sdc1|R,OsteoCAR/Comp|L,BCells/Sdc1|R,0.2518918,Ligand,Receptor,Comp|L,Sdc1|R,OsteoCAR,BCells,OsteoCAR@BCells,LR
13798,OsteoCAR/Comp|L@Baso/Cd47|R,OsteoCAR/Comp|L,Baso/Cd47|R,1.1749812,Ligand,Receptor,Comp|L,Cd47|R,OsteoCAR,Baso,OsteoCAR@Baso,LR
13799,OsteoCAR/Comp|L@DC/Itga5|R,OsteoCAR/Comp|L,DC/Itga5|R,0.17575005,Ligand,Receptor,Comp|L,Itga5|R,OsteoCAR,DC,OsteoCAR@DC,LR
13800,OsteoCAR/Comp|L@EC/Cd36|R,OsteoCAR/Comp|L,EC/Cd36|R,1.3582312,Ligand,Receptor,Comp|L,Cd36|R,OsteoCAR,EC,OsteoCAR@EC,LR
13801,OsteoCAR/Comp|L@Ery/Cd47|R,OsteoCAR/Comp|L,Ery/Cd47|R,1.0291386,Ligand,Receptor,Comp|L,Cd47|R,OsteoCAR,Ery,OsteoCAR@Ery,LR
13802,OsteoCAR/Comp|L@Ery/Itga5|R,OsteoCAR/Comp|L,Ery/Itga5|R,0.18467149,Ligand,Receptor,Comp|L,Itga5|R,OsteoCAR,Ery,OsteoCAR@Ery,LR
13803,OsteoCAR/Comp|L@InfiltMac/Cd47|R,OsteoCAR/Comp|L,InfiltMac/Cd47|R,0.86471623,Ligand,Receptor,Comp|L,Cd47|R,OsteoCAR,InfiltMac,OsteoCAR@InfiltMac,LR
13804,OsteoCAR/Comp|L@Ly6ClowMac/Cd36|R,OsteoCAR/Comp|L,Ly6ClowMac/Cd36|R,0.32427603,Ligand,Receptor,Comp|L,Cd36|R,OsteoCAR,Ly6ClowMac,OsteoCAR@Ly6ClowMac,LR
13805,OsteoCAR/Comp|L@Ly6ClowMac/Cd47|R,OsteoCAR/Comp|L,Ly6ClowMac/Cd47|R,1.149855,Ligand,Receptor,Comp|L,Cd47|R,OsteoCAR,Ly6ClowMac,OsteoCAR@Ly6ClowMac,LR
13806,OsteoCAR/Comp|L@MK/Cd47|R,OsteoCAR/Comp|L,MK/Cd47|R,1.0361254,Ligand,Receptor,Comp|L,Cd47|R,OsteoCAR,MK,OsteoCAR@MK,LR
13807,OsteoCAR/Comp|L@MonoPro/Cd47|R,OsteoCAR/Comp|L,MonoPro/Cd47|R,0.972408,Ligand,Receptor,Comp|L,Cd47|R,OsteoCAR,MonoPro,OsteoCAR@MonoPro,LR
13808,OsteoCAR/Comp|L@MonoPro/Itga5|R,OsteoCAR/Comp|L,MonoPro/Itga5|R,0.16959864,Ligand,Receptor,Comp|L,Itga5|R,OsteoCAR,MonoPro,OsteoCAR@MonoPro,LR
13809,OsteoCAR/Comp|L@Neut1/Cd47|R,OsteoCAR/Comp|L,Neut1/Cd47|R,0.87824285,Ligand,Receptor,Comp|L,Cd47|R,OsteoCAR,Neut1,OsteoCAR@Neut1,LR
13810,OsteoCAR/Comp|L@OsteoCAR/Cd47|R,OsteoCAR/Comp|L,OsteoCAR/Cd47|R,0.9693545,Ligand,Receptor,Comp|L,Cd47|R,OsteoCAR,OsteoCAR,OsteoCAR@OsteoCAR,LR
13811,OsteoCAR/Comp|L@OsteoCAR/Sdc1|R,OsteoCAR/Comp|L,OsteoCAR/Sdc1|R,0.31026274,Ligand,Receptor,Comp|L,Sdc1|R,OsteoCAR,OsteoCAR,OsteoCAR@OsteoCAR,LR
13812,OsteoCAR/Comp|L@ResMac/Cd47|R,OsteoCAR/Comp|L,ResMac/Cd47|R,1.0046296,Ligand,Receptor,Comp|L,Cd47|R,OsteoCAR,ResMac,OsteoCAR@ResMac,LR
13813,OsteoCAR/Comp|L@Spp1+Mac/Itga5|R,OsteoCAR/Comp|L,Spp1+Mac/Itga5|R,0.23300558,Ligand,Receptor,Comp|L,Itga5|R,OsteoCAR,Spp1+Mac,OsteoCAR@Spp1+Mac,LR
13814,OsteoCAR/Comp|L@Spp1+Mac/Itgav_Itgb3|R,OsteoCAR/Comp|L,Spp1+Mac/Itgav_Itgb3|R,0.22713497,Ligand,Receptor,Comp|L,Itgav_Itgb3|R,OsteoCAR,Spp1+Mac,OsteoCAR@Spp1+Mac,LR
13965,OsteoCAR/Efemp1|L@OsteoCAR/Egfr|R,OsteoCAR/Efemp1|L,OsteoCAR/Egfr|R,-0.075898886,Ligand,Receptor,Efemp1|L,Egfr|R,OsteoCAR,OsteoCAR,OsteoCAR@OsteoCAR,LR
13966,OsteoCAR/Efemp2|L@EC/Aqp1|R,OsteoCAR/Efemp2|L,EC/Aqp1|R,-0.22801661,Ligand,Receptor,Efemp2|L,Aqp1|R,OsteoCAR,EC,OsteoCAR@EC,LR
13967,OsteoCAR/Efemp2|L@EC/Plscr4|R,OsteoCAR/Efemp2|L,EC/Plscr4|R,0.2906347,Ligand,Receptor,Efemp2|L,Plscr4|R,OsteoCAR,EC,OsteoCAR@EC,LR
13968,OsteoCAR/Efemp2|L@Ery/Aqp1|R,OsteoCAR/Efemp2|L,Ery/Aqp1|R,-0.2634474,Ligand,Receptor,Efemp2|L,Aqp1|R,OsteoCAR,Ery,OsteoCAR@Ery,LR
13970,OsteoCAR/Efemp2|L@MK/Aqp1|R,OsteoCAR/Efemp2|L,MK/Aqp1|R,-0.2968392,Ligand,Receptor,Efemp2|L,Aqp1|R,OsteoCAR,MK,OsteoCAR@MK,LR
13988,OsteoCAR/Fbln1|L@DC/Itgb1|R,OsteoCAR/Fbln1|L,DC/Itgb1|R,-0.5221195,Ligand,Receptor,Fbln1|L,Itgb1|R,OsteoCAR,DC,OsteoCAR@DC,LR
13989,OsteoCAR/Fbln1|L@EC/Itgb1|R,OsteoCAR/Fbln1|L,EC/Itgb1|R,0.09728348,Ligand,Receptor,Fbln1|L,Itgb1|R,OsteoCAR,EC,OsteoCAR@EC,LR
13990,OsteoCAR/Fbln1|L@Ery/Itgb1|R,OsteoCAR/Fbln1|L,Ery/Itgb1|R,-0.6343894,Ligand,Receptor,Fbln1|L,Itgb1|R,OsteoCAR,Ery,OsteoCAR@Ery,LR
13992,OsteoCAR/Fbln1|L@InfiltMac/Itgb1|R,OsteoCAR/Fbln1|L,InfiltMac/Itgb1|R,0.10627252,Ligand,Receptor,Fbln1|L,Itgb1|R,OsteoCAR,InfiltMac,OsteoCAR@InfiltMac,LR
13993,OsteoCAR/Fbln1|L@Ly6ClowMac/Itgb1|R,OsteoCAR/Fbln1|L,Ly6ClowMac/Itgb1|R,0.10472864,Ligand,Receptor,Fbln1|L,Itgb1|R,OsteoCAR,Ly6ClowMac,OsteoCAR@Ly6ClowMac,LR
13994,OsteoCAR/Fbln1|L@MK/Itgb1|R,OsteoCAR/Fbln1|L,MK/Itgb1|R,-0.4932731,Ligand,Receptor,Fbln1|L,Itgb1|R,OsteoCAR,MK,OsteoCAR@MK,LR
13995,OsteoCAR/Fbln1|L@MonoPro/Itgb1|R,OsteoCAR/Fbln1|L,MonoPro/Itgb1|R,-0.48853457,Ligand,Receptor,Fbln1|L,Itgb1|R,OsteoCAR,MonoPro,OsteoCAR@MonoPro,LR
13996,OsteoCAR/Fbln1|L@OsteoCAR/Itgb1|R,OsteoCAR/Fbln1|L,OsteoCAR/Itgb1|R,-0.02607745,Ligand,Receptor,Fbln1|L,Itgb1|R,OsteoCAR,OsteoCAR,OsteoCAR@OsteoCAR,LR
13997,OsteoCAR/Fbln1|L@ResMac/Itgb1|R,OsteoCAR/Fbln1|L,ResMac/Itgb1|R,0.13744116,Ligand,Receptor,Fbln1|L,Itgb1|R,OsteoCAR,ResMac,OsteoCAR@ResMac,LR
13998,OsteoCAR/Fbln1|L@Spp1+Mac/Itgb1|R,OsteoCAR/Fbln1|L,Spp1+Mac/Itgb1|R,-0.7384704,Ligand,Receptor,Fbln1|L,Itgb1|R,OsteoCAR,Spp1+Mac,OsteoCAR@Spp1+Mac,LR
13999,OsteoCAR/Fbln1|L@TCells/Itgb1|R,OsteoCAR/Fbln1|L,TCells/Itgb1|R,0.070738554,Ligand,Receptor,Fbln1|L,Itgb1|R,OsteoCAR,TCells,OsteoCAR@TCells,LR
14000,OsteoCAR/Fbn1|L@BCells/Itgb1|R,OsteoCAR/Fbn1|L,BCells/Itgb1|R,-0.17348683,Ligand,Receptor,Fbn1|L,Itgb1|R,OsteoCAR,BCells,OsteoCAR@BCells,LR
14001,OsteoCAR/Fbn1|L@Baso/Itgb1|R,OsteoCAR/Fbn1|L,Baso/Itgb1|R,-0.075389504,Ligand,Receptor,Fbn1|L,Itgb1|R,OsteoCAR,Baso,OsteoCAR@Baso,LR
14002,OsteoCAR/Fbn1|L@DC/Itga5|R,OsteoCAR/Fbn1|L,DC/Itga5|R,0.66485566,Ligand,Receptor,Fbn1|L,Itga5|R,OsteoCAR,DC,OsteoCAR@DC,LR
14003,OsteoCAR/Fbn1|L@DC/Itgb1|R,OsteoCAR/Fbn1|L,DC/Itgb1|R,-0.18214858,Ligand,Receptor,Fbn1|L,Itgb1|R,OsteoCAR,DC,OsteoCAR@DC,LR
14004,OsteoCAR/Fbn1|L@EC/Itgb1|R,OsteoCAR/Fbn1|L,EC/Itgb1|R,-0.099956155,Ligand,Receptor,Fbn1|L,Itgb1|R,OsteoCAR,EC,OsteoCAR@EC,LR
14005,OsteoCAR/Fbn1|L@Ery/Itga5|R,OsteoCAR/Fbn1|L,Ery/Itga5|R,0.6737771,Ligand,Receptor,Fbn1|L,Itga5|R,OsteoCAR,Ery,OsteoCAR@Ery,LR
14006,OsteoCAR/Fbn1|L@Ery/Itgb1|R,OsteoCAR/Fbn1|L,Ery/Itgb1|R,-0.25537074,Ligand,Receptor,Fbn1|L,Itgb1|R,OsteoCAR,Ery,OsteoCAR@Ery,LR
14008,OsteoCAR/Fbn1|L@InfiltMac/Itgb1|R,OsteoCAR/Fbn1|L,InfiltMac/Itgb1|R,-0.09096706,Ligand,Receptor,Fbn1|L,Itgb1|R,OsteoCAR,InfiltMac,OsteoCAR@InfiltMac,LR
14009,OsteoCAR/Fbn1|L@Ly6ClowMac/Itgb1|R,OsteoCAR/Fbn1|L,Ly6ClowMac/Itgb1|R,-0.09251094,Ligand,Receptor,Fbn1|L,Itgb1|R,OsteoCAR,Ly6ClowMac,OsteoCAR@Ly6ClowMac,LR
14010,OsteoCAR/Fbn1|L@MK/Itgb1|R,OsteoCAR/Fbn1|L,MK/Itgb1|R,-0.15112185,Ligand,Receptor,Fbn1|L,Itgb1|R,OsteoCAR,MK,OsteoCAR@MK,LR
14011,OsteoCAR/Fbn1|L@MK/Itgb3|R,OsteoCAR/Fbn1|L,MK/Itgb3|R,0.68351305,Ligand,Receptor,Fbn1|L,Itgb3|R,OsteoCAR,MK,OsteoCAR@MK,LR
14012,OsteoCAR/Fbn1|L@MonoPro/Itga5|R,OsteoCAR/Fbn1|L,MonoPro/Itga5|R,-0.20650351,Ligand,Receptor,Fbn1|L,Itga5|R,OsteoCAR,MonoPro,OsteoCAR@MonoPro,LR
14013,OsteoCAR/Fbn1|L@MonoPro/Itgb1|R,OsteoCAR/Fbn1|L,MonoPro/Itgb1|R,-0.20746875,Ligand,Receptor,Fbn1|L,Itgb1|R,OsteoCAR,MonoPro,OsteoCAR@MonoPro,LR
14014,OsteoCAR/Fbn1|L@Neut1/Itgb1|R,OsteoCAR/Fbn1|L,Neut1/Itgb1|R,-0.1788947,Ligand,Receptor,Fbn1|L,Itgb1|R,OsteoCAR,Neut1,OsteoCAR@Neut1,LR
14015,OsteoCAR/Fbn1|L@Neut2/Itgb1|R,OsteoCAR/Fbn1|L,Neut2/Itgb1|R,-0.19492704,Ligand,Receptor,Fbn1|L,Itgb1|R,OsteoCAR,Neut2,OsteoCAR@Neut2,LR
14016,OsteoCAR/Fbn1|L@OsteoCAR/Itgb1|R,OsteoCAR/Fbn1|L,OsteoCAR/Itgb1|R,-0.22331715,Ligand,Receptor,Fbn1|L,Itgb1|R,OsteoCAR,OsteoCAR,OsteoCAR@OsteoCAR,LR
14017,OsteoCAR/Fbn1|L@ResMac/Itgb1|R,OsteoCAR/Fbn1|L,ResMac/Itgb1|R,-0.05979848,Ligand,Receptor,Fbn1|L,Itgb1|R,OsteoCAR,ResMac,OsteoCAR@ResMac,LR
14018,OsteoCAR/Fbn1|L@Spp1+Mac/Itga5|R,OsteoCAR/Fbn1|L,Spp1+Mac/Itga5|R,-0.20037991,Ligand,Receptor,Fbn1|L,Itga5|R,OsteoCAR,Spp1+Mac,OsteoCAR@Spp1+Mac,LR
14019,OsteoCAR/Fbn1|L@Spp1+Mac/Itgb1|R,OsteoCAR/Fbn1|L,Spp1+Mac/Itgb1|R,-0.37353873,Ligand,Receptor,Fbn1|L,Itgb1|R,OsteoCAR,Spp1+Mac,OsteoCAR@Spp1+Mac,LR
14020,OsteoCAR/Fbn1|L@Spp1+Mac/Itgb3|R,OsteoCAR/Fbn1|L,Spp1+Mac/Itgb3|R,0.7162406,Ligand,Receptor,Fbn1|L,Itgb3|R,OsteoCAR,Spp1+Mac,OsteoCAR@Spp1+Mac,LR
14021,OsteoCAR/Fbn1|L@TCells/Itgb1|R,OsteoCAR/Fbn1|L,TCells/Itgb1|R,-0.12650108,Ligand,Receptor,Fbn1|L,Itgb1|R,OsteoCAR,TCells,OsteoCAR@TCells,LR
14043,OsteoCAR/Gas6|L@OsteoCAR/Axl|R,OsteoCAR/Gas6|L,OsteoCAR/Axl|R,1.2144682,Ligand,Receptor,Gas6|L,Axl|R,OsteoCAR,OsteoCAR,OsteoCAR@OsteoCAR,LR
14044,OsteoCAR/Gas6|L@ResMac/Axl|R,OsteoCAR/Gas6|L,ResMac/Axl|R,-1.6614835,Ligand,Receptor,Gas6|L,Axl|R,OsteoCAR,ResMac,OsteoCAR@ResMac,LR
14045,OsteoCAR/Gas6|L@Spp1+Mac/Axl|R,OsteoCAR/Gas6|L,Spp1+Mac/Axl|R,-0.7567848,Ligand,Receptor,Gas6|L,Axl|R,OsteoCAR,Spp1+Mac,OsteoCAR@Spp1+Mac,LR
14171,OsteoCAR/Ibsp|L@Ly6ClowMac/Itgav_Itgb5|R,OsteoCAR/Ibsp|L,Ly6ClowMac/Itgav_Itgb5|R,1.3089833,Ligand,Receptor,Ibsp|L,Itgav_Itgb5|R,OsteoCAR,Ly6ClowMac,OsteoCAR@Ly6ClowMac,LR
14172,OsteoCAR/Ibsp|L@OsteoCAR/Itgav_Itgb5|R,OsteoCAR/Ibsp|L,OsteoCAR/Itgav_Itgb5|R,0.68587357,Ligand,Receptor,Ibsp|L,Itgav_Itgb5|R,OsteoCAR,OsteoCAR,OsteoCAR@OsteoCAR,LR
14173,OsteoCAR/Ibsp|L@ResMac/Itgav_Itgb5|R,OsteoCAR/Ibsp|L,ResMac/Itgav_Itgb5|R,1.2883766,Ligand,Receptor,Ibsp|L,Itgav_Itgb5|R,OsteoCAR,ResMac,OsteoCAR@ResMac,LR
14174,OsteoCAR/Ibsp|L@Spp1+Mac/Itgav_Itgb3|R,OsteoCAR/Ibsp|L,Spp1+Mac/Itgav_Itgb3|R,1.2894998,Ligand,Receptor,Ibsp|L,Itgav_Itgb3|R,OsteoCAR,Spp1+Mac,OsteoCAR@Spp1+Mac,LR
14175,OsteoCAR/Ibsp|L@Spp1+Mac/Itgav_Itgb5|R,OsteoCAR/Ibsp|L,Spp1+Mac/Itgav_Itgb5|R,1.3598685,Ligand,Receptor,Ibsp|L,Itgav_Itgb5|R,OsteoCAR,Spp1+Mac,OsteoCAR@Spp1+Mac,LR
14227,OsteoCAR/Igfbp4|L@DC/Lrp6|R,OsteoCAR/Igfbp4|L,DC/Lrp6|R,1.5896525,Ligand,Receptor,Igfbp4|L,Lrp6|R,OsteoCAR,DC,OsteoCAR@DC,LR
14228,OsteoCAR/Igfbp4|L@EC/Lrp6|R,OsteoCAR/Igfbp4|L,EC/Lrp6|R,-0.2592684,Ligand,Receptor,Igfbp4|L,Lrp6|R,OsteoCAR,EC,OsteoCAR@EC,LR
14229,OsteoCAR/Igfbp4|L@Ery/Lrp6|R,OsteoCAR/Igfbp4|L,Ery/Lrp6|R,-0.26906502,Ligand,Receptor,Igfbp4|L,Lrp6|R,OsteoCAR,Ery,OsteoCAR@Ery,LR
14231,OsteoCAR/Igfbp4|L@MK/Lrp6|R,OsteoCAR/Igfbp4|L,MK/Lrp6|R,-0.2519766,Ligand,Receptor,Igfbp4|L,Lrp6|R,OsteoCAR,MK,OsteoCAR@MK,LR
14232,OsteoCAR/Igfbp4|L@MonoPro/Lrp6|R,OsteoCAR/Igfbp4|L,MonoPro/Lrp6|R,-0.22847688,Ligand,Receptor,Igfbp4|L,Lrp6|R,OsteoCAR,MonoPro,OsteoCAR@MonoPro,LR
14233,OsteoCAR/Igfbp4|L@Neut1/Lrp6|R,OsteoCAR/Igfbp4|L,Neut1/Lrp6|R,1.5787752,Ligand,Receptor,Igfbp4|L,Lrp6|R,OsteoCAR,Neut1,OsteoCAR@Neut1,LR
14234,OsteoCAR/Igfbp4|L@OsteoCAR/Lrp6|R,OsteoCAR/Igfbp4|L,OsteoCAR/Lrp6|R,-0.261945,Ligand,Receptor,Igfbp4|L,Lrp6|R,OsteoCAR,OsteoCAR,OsteoCAR@OsteoCAR,LR
14235,OsteoCAR/Igfbp4|L@Spp1+Mac/Lrp6|R,OsteoCAR/Igfbp4|L,Spp1+Mac/Lrp6|R,-1.8783145,Ligand,Receptor,Igfbp4|L,Lrp6|R,OsteoCAR,Spp1+Mac,OsteoCAR@Spp1+Mac,LR
14236,OsteoCAR/Igsf10|L@BCells/Slamf9|R,OsteoCAR/Igsf10|L,BCells/Slamf9|R,0.21709602,Ligand,Receptor,Igsf10|L,Slamf9|R,OsteoCAR,BCells,OsteoCAR@BCells,LR
14237,OsteoCAR/Igsf10|L@Baso/Cd200r4|R,OsteoCAR/Igsf10|L,Baso/Cd200r4|R,0.46774185,Ligand,Receptor,Igsf10|L,Cd200r4|R,OsteoCAR,Baso,OsteoCAR@Baso,LR
14238,OsteoCAR/Igsf10|L@ResMac/Slamf9|R,OsteoCAR/Igsf10|L,ResMac/Slamf9|R,-0.310125,Ligand,Receptor,Igsf10|L,Slamf9|R,OsteoCAR,ResMac,OsteoCAR@ResMac,LR
14239,OsteoCAR/Igsf10|L@Spp1+Mac/Slamf9|R,OsteoCAR/Igsf10|L,Spp1+Mac/Slamf9|R,-0.044337213,Ligand,Receptor,Igsf10|L,Slamf9|R,OsteoCAR,Spp1+Mac,OsteoCAR@Spp1+Mac,LR
14373,OsteoCAR/Lama4|L@BCells/Cd44|R,OsteoCAR/Lama4|L,BCells/Cd44|R,0.53664947,Ligand,Receptor,Lama4|L,Cd44|R,OsteoCAR,BCells,OsteoCAR@BCells,LR
14374,OsteoCAR/Lama4|L@Baso/Itga2_Itgb1|R,OsteoCAR/Lama4|L,Baso/Itga2_Itgb1|R,0.17763746,Ligand,Receptor,Lama4|L,Itga2_Itgb1|R,OsteoCAR,Baso,OsteoCAR@Baso,LR
14375,OsteoCAR/Lama4|L@Baso/Itga6_Itgb1|R,OsteoCAR/Lama4|L,Baso/Itga6_Itgb1|R,0.17118946,Ligand,Receptor,Lama4|L,Itga6_Itgb1|R,OsteoCAR,Baso,OsteoCAR@Baso,LR
14376,OsteoCAR/Lama4|L@DC/Cd44|R,OsteoCAR/Lama4|L,DC/Cd44|R,0.13373214,Ligand,Receptor,Lama4|L,Cd44|R,OsteoCAR,DC,OsteoCAR@DC,LR
14377,OsteoCAR/Lama4|L@EC/Dag1|R,OsteoCAR/Lama4|L,EC/Dag1|R,0.17512313,Ligand,Receptor,Lama4|L,Dag1|R,OsteoCAR,EC,OsteoCAR@EC,LR
14378,OsteoCAR/Lama4|L@EC/Itga6_Itgb1|R,OsteoCAR/Lama4|L,EC/Itga6_Itgb1|R,0.14551687,Ligand,Receptor,Lama4|L,Itga6_Itgb1|R,OsteoCAR,EC,OsteoCAR@EC,LR
14379,OsteoCAR/Lama4|L@Ery/Cd44|R,OsteoCAR/Lama4|L,Ery/Cd44|R,-0.38608348,Ligand,Receptor,Lama4|L,Cd44|R,OsteoCAR,Ery,OsteoCAR@Ery,LR
14382,OsteoCAR/Lama4|L@InfiltMac/Cd44|R,OsteoCAR/Lama4|L,InfiltMac/Cd44|R,0.11729306,Ligand,Receptor,Lama4|L,Cd44|R,OsteoCAR,InfiltMac,OsteoCAR@InfiltMac,LR
14383,OsteoCAR/Lama4|L@Ly6ClowMac/Cd44|R,OsteoCAR/Lama4|L,Ly6ClowMac/Cd44|R,0.12884659,Ligand,Receptor,Lama4|L,Cd44|R,OsteoCAR,Ly6ClowMac,OsteoCAR@Ly6ClowMac,LR
14384,OsteoCAR/Lama4|L@MK/Cd44|R,OsteoCAR/Lama4|L,MK/Cd44|R,0.060058683,Ligand,Receptor,Lama4|L,Cd44|R,OsteoCAR,MK,OsteoCAR@MK,LR
14385,OsteoCAR/Lama4|L@MK/Dag1|R,OsteoCAR/Lama4|L,MK/Dag1|R,0.09304342,Ligand,Receptor,Lama4|L,Dag1|R,OsteoCAR,MK,OsteoCAR@MK,LR
14386,OsteoCAR/Lama4|L@MK/Itga6_Itgb1|R,OsteoCAR/Lama4|L,MK/Itga6_Itgb1|R,0.06394258,Ligand,Receptor,Lama4|L,Itga6_Itgb1|R,OsteoCAR,MK,OsteoCAR@MK,LR
14387,OsteoCAR/Lama4|L@MonoPro/Cd44|R,OsteoCAR/Lama4|L,MonoPro/Cd44|R,0.067906916,Ligand,Receptor,Lama4|L,Cd44|R,OsteoCAR,MonoPro,OsteoCAR@MonoPro,LR
14388,OsteoCAR/Lama4|L@MonoPro/Itga6_Itgb1|R,OsteoCAR/Lama4|L,MonoPro/Itga6_Itgb1|R,0.124687046,Ligand,Receptor,Lama4|L,Itga6_Itgb1|R,OsteoCAR,MonoPro,OsteoCAR@MonoPro,LR
14389,OsteoCAR/Lama4|L@Neut1/Cd44|R,OsteoCAR/Lama4|L,Neut1/Cd44|R,0.06983912,Ligand,Receptor,Lama4|L,Cd44|R,OsteoCAR,Neut1,OsteoCAR@Neut1,LR
14390,OsteoCAR/Lama4|L@Neut1/Itga6_Itgb1|R,OsteoCAR/Lama4|L,Neut1/Itga6_Itgb1|R,0.3438206,Ligand,Receptor,Lama4|L,Itga6_Itgb1|R,OsteoCAR,Neut1,OsteoCAR@Neut1,LR
14391,OsteoCAR/Lama4|L@Neut2/Cd44|R,OsteoCAR/Lama4|L,Neut2/Cd44|R,0.08929771,Ligand,Receptor,Lama4|L,Cd44|R,OsteoCAR,Neut2,OsteoCAR@Neut2,LR
14392,OsteoCAR/Lama4|L@OsteoCAR/Cd44|R,OsteoCAR/Lama4|L,OsteoCAR/Cd44|R,0.46541315,Ligand,Receptor,Lama4|L,Cd44|R,OsteoCAR,OsteoCAR,OsteoCAR@OsteoCAR,LR
14393,OsteoCAR/Lama4|L@OsteoCAR/Dag1|R,OsteoCAR/Lama4|L,OsteoCAR/Dag1|R,0.043292522,Ligand,Receptor,Lama4|L,Dag1|R,OsteoCAR,OsteoCAR,OsteoCAR@OsteoCAR,LR
14394,OsteoCAR/Lama4|L@OsteoCAR/Itga9_Itgb1|R,OsteoCAR/Lama4|L,OsteoCAR/Itga9_Itgb1|R,0.423127,Ligand,Receptor,Lama4|L,Itga9_Itgb1|R,OsteoCAR,OsteoCAR,OsteoCAR@OsteoCAR,LR
14395,OsteoCAR/Lama4|L@ResMac/Cd44|R,OsteoCAR/Lama4|L,ResMac/Cd44|R,0.04644507,Ligand,Receptor,Lama4|L,Cd44|R,OsteoCAR,ResMac,OsteoCAR@ResMac,LR
14396,OsteoCAR/Lama4|L@Spp1+Mac/Cd44|R,OsteoCAR/Lama4|L,Spp1+Mac/Cd44|R,-0.49995923,Ligand,Receptor,Lama4|L,Cd44|R,OsteoCAR,Spp1+Mac,OsteoCAR@Spp1+Mac,LR
14397,OsteoCAR/Lama4|L@Spp1+Mac/Dag1|R,OsteoCAR/Lama4|L,Spp1+Mac/Dag1|R,0.046124697,Ligand,Receptor,Lama4|L,Dag1|R,OsteoCAR,Spp1+Mac,OsteoCAR@Spp1+Mac,LR
14398,OsteoCAR/Lama4|L@TCells/Cd44|R,OsteoCAR/Lama4|L,TCells/Cd44|R,0.032309473,Ligand,Receptor,Lama4|L,Cd44|R,OsteoCAR,TCells,OsteoCAR@TCells,LR
14399,OsteoCAR/Lamb1|L@BCells/Cd44|R,OsteoCAR/Lamb1|L,BCells/Cd44|R,-0.06117469,Ligand,Receptor,Lamb1|L,Cd44|R,OsteoCAR,BCells,OsteoCAR@BCells,LR
14400,OsteoCAR/Lamb1|L@Baso/Cd44|R,OsteoCAR/Lamb1|L,Baso/Cd44|R,-0.5512274,Ligand,Receptor,Lamb1|L,Cd44|R,OsteoCAR,Baso,OsteoCAR@Baso,LR
14401,OsteoCAR/Lamb1|L@Baso/Itga1|R,OsteoCAR/Lamb1|L,Baso/Itga1|R,-0.051520944,Ligand,Receptor,Lamb1|L,Itga1|R,OsteoCAR,Baso,OsteoCAR@Baso,LR
14402,OsteoCAR/Lamb1|L@Baso/Itga2_Itgb1|R,OsteoCAR/Lamb1|L,Baso/Itga2_Itgb1|R,-0.057231575,Ligand,Receptor,Lamb1|L,Itga2_Itgb1|R,OsteoCAR,Baso,OsteoCAR@Baso,LR
14403,OsteoCAR/Lamb1|L@Baso/Itga6_Itgb1|R,OsteoCAR/Lamb1|L,Baso/Itga6_Itgb1|R,-0.06367952,Ligand,Receptor,Lamb1|L,Itga6_Itgb1|R,OsteoCAR,Baso,OsteoCAR@Baso,LR
14404,OsteoCAR/Lamb1|L@DC/Cd44|R,OsteoCAR/Lamb1|L,DC/Cd44|R,-0.1011368,Ligand,Receptor,Lamb1|L,Cd44|R,OsteoCAR,DC,OsteoCAR@DC,LR
14405,OsteoCAR/Lamb1|L@DC/Itga1|R,OsteoCAR/Lamb1|L,DC/Itga1|R,-0.24946815,Ligand,Receptor,Lamb1|L,Itga1|R,OsteoCAR,DC,OsteoCAR@DC,LR
14406,OsteoCAR/Lamb1|L@EC/Cd44|R,OsteoCAR/Lamb1|L,EC/Cd44|R,-0.54638076,Ligand,Receptor,Lamb1|L,Cd44|R,OsteoCAR,EC,OsteoCAR@EC,LR
14407,OsteoCAR/Lamb1|L@EC/Dag1|R,OsteoCAR/Lamb1|L,EC/Dag1|R,-0.059745878,Ligand,Receptor,Lamb1|L,Dag1|R,OsteoCAR,EC,OsteoCAR@EC,LR
14408,OsteoCAR/Lamb1|L@EC/Itga1|R,OsteoCAR/Lamb1|L,EC/Itga1|R,-0.16425377,Ligand,Receptor,Lamb1|L,Itga1|R,OsteoCAR,EC,OsteoCAR@EC,LR
14409,OsteoCAR/Lamb1|L@EC/Itga6_Itgb1|R,OsteoCAR/Lamb1|L,EC/Itga6_Itgb1|R,-0.08935213,Ligand,Receptor,Lamb1|L,Itga6_Itgb1|R,OsteoCAR,EC,OsteoCAR@EC,LR
14410,OsteoCAR/Lamb1|L@Ery/Cd44|R,OsteoCAR/Lamb1|L,Ery/Cd44|R,-0.6150269,Ligand,Receptor,Lamb1|L,Cd44|R,OsteoCAR,Ery,OsteoCAR@Ery,LR
14414,OsteoCAR/Lamb1|L@InfiltMac/Cd44|R,OsteoCAR/Lamb1|L,InfiltMac/Cd44|R,-0.117575884,Ligand,Receptor,Lamb1|L,Cd44|R,OsteoCAR,InfiltMac,OsteoCAR@InfiltMac,LR
14415,OsteoCAR/Lamb1|L@InfiltMac/Itga1|R,OsteoCAR/Lamb1|L,InfiltMac/Itga1|R,-0.22320578,Ligand,Receptor,Lamb1|L,Itga1|R,OsteoCAR,InfiltMac,OsteoCAR@InfiltMac,LR
14416,OsteoCAR/Lamb1|L@Ly6ClowMac/Cd44|R,OsteoCAR/Lamb1|L,Ly6ClowMac/Cd44|R,-0.10602236,Ligand,Receptor,Lamb1|L,Cd44|R,OsteoCAR,Ly6ClowMac,OsteoCAR@Ly6ClowMac,LR
14417,OsteoCAR/Lamb1|L@MK/Cd44|R,OsteoCAR/Lamb1|L,MK/Cd44|R,-0.17481035,Ligand,Receptor,Lamb1|L,Cd44|R,OsteoCAR,MK,OsteoCAR@MK,LR
14418,OsteoCAR/Lamb1|L@MK/Dag1|R,OsteoCAR/Lamb1|L,MK/Dag1|R,-0.14182556,Ligand,Receptor,Lamb1|L,Dag1|R,OsteoCAR,MK,OsteoCAR@MK,LR
14419,OsteoCAR/Lamb1|L@MK/Itga6_Itgb1|R,OsteoCAR/Lamb1|L,MK/Itga6_Itgb1|R,-0.17092639,Ligand,Receptor,Lamb1|L,Itga6_Itgb1|R,OsteoCAR,MK,OsteoCAR@MK,LR
14420,OsteoCAR/Lamb1|L@MonoPro/Cd44|R,OsteoCAR/Lamb1|L,MonoPro/Cd44|R,-0.16696203,Ligand,Receptor,Lamb1|L,Cd44|R,OsteoCAR,MonoPro,OsteoCAR@MonoPro,LR
14421,OsteoCAR/Lamb1|L@MonoPro/Itga1|R,OsteoCAR/Lamb1|L,MonoPro/Itga1|R,-0.15058029,Ligand,Receptor,Lamb1|L,Itga1|R,OsteoCAR,MonoPro,OsteoCAR@MonoPro,LR
14422,OsteoCAR/Lamb1|L@MonoPro/Itga6_Itgb1|R,OsteoCAR/Lamb1|L,MonoPro/Itga6_Itgb1|R,-0.11018193,Ligand,Receptor,Lamb1|L,Itga6_Itgb1|R,OsteoCAR,MonoPro,OsteoCAR@MonoPro,LR
14423,OsteoCAR/Lamb1|L@Neut1/Cd44|R,OsteoCAR/Lamb1|L,Neut1/Cd44|R,-0.16502988,Ligand,Receptor,Lamb1|L,Cd44|R,OsteoCAR,Neut1,OsteoCAR@Neut1,LR
14424,OsteoCAR/Lamb1|L@Neut1/Itga6_Itgb1|R,OsteoCAR/Lamb1|L,Neut1/Itga6_Itgb1|R,0.33789504,Ligand,Receptor,Lamb1|L,Itga6_Itgb1|R,OsteoCAR,Neut1,OsteoCAR@Neut1,LR
14425,OsteoCAR/Lamb1|L@Neut2/Cd44|R,OsteoCAR/Lamb1|L,Neut2/Cd44|R,-0.14557123,Ligand,Receptor,Lamb1|L,Cd44|R,OsteoCAR,Neut2,OsteoCAR@Neut2,LR
14426,OsteoCAR/Lamb1|L@OsteoCAR/Cd44|R,OsteoCAR/Lamb1|L,OsteoCAR/Cd44|R,-0.099117726,Ligand,Receptor,Lamb1|L,Cd44|R,OsteoCAR,OsteoCAR,OsteoCAR@OsteoCAR,LR
14427,OsteoCAR/Lamb1|L@OsteoCAR/Dag1|R,OsteoCAR/Lamb1|L,OsteoCAR/Dag1|R,-0.19157648,Ligand,Receptor,Lamb1|L,Dag1|R,OsteoCAR,OsteoCAR,OsteoCAR@OsteoCAR,LR
14428,OsteoCAR/Lamb1|L@OsteoCAR/Itga1|R,OsteoCAR/Lamb1|L,OsteoCAR/Itga1|R,-0.5402812,Ligand,Receptor,Lamb1|L,Itga1|R,OsteoCAR,OsteoCAR,OsteoCAR@OsteoCAR,LR
14429,OsteoCAR/Lamb1|L@OsteoCAR/Itga9_Itgb1|R,OsteoCAR/Lamb1|L,OsteoCAR/Itga9_Itgb1|R,0.41720146,Ligand,Receptor,Lamb1|L,Itga9_Itgb1|R,OsteoCAR,OsteoCAR,OsteoCAR@OsteoCAR,LR
14430,OsteoCAR/Lamb1|L@ResMac/Cd44|R,OsteoCAR/Lamb1|L,ResMac/Cd44|R,-0.18842387,Ligand,Receptor,Lamb1|L,Cd44|R,OsteoCAR,ResMac,OsteoCAR@ResMac,LR
14431,OsteoCAR/Lamb1|L@Spp1+Mac/Cd44|R,OsteoCAR/Lamb1|L,Spp1+Mac/Cd44|R,-0.7289027,Ligand,Receptor,Lamb1|L,Cd44|R,OsteoCAR,Spp1+Mac,OsteoCAR@Spp1+Mac,LR
14432,OsteoCAR/Lamb1|L@Spp1+Mac/Dag1|R,OsteoCAR/Lamb1|L,Spp1+Mac/Dag1|R,-0.1887443,Ligand,Receptor,Lamb1|L,Dag1|R,OsteoCAR,Spp1+Mac,OsteoCAR@Spp1+Mac,LR
14433,OsteoCAR/Lamb1|L@TCells/Cd44|R,OsteoCAR/Lamb1|L,TCells/Cd44|R,-0.20255953,Ligand,Receptor,Lamb1|L,Cd44|R,OsteoCAR,TCells,OsteoCAR@TCells,LR
14434,OsteoCAR/Lamb2|L@BCells/Rpsa|R,OsteoCAR/Lamb2|L,BCells/Rpsa|R,-1.5144395,Ligand,Receptor,Lamb2|L,Rpsa|R,OsteoCAR,BCells,OsteoCAR@BCells,LR
14435,OsteoCAR/Lamb2|L@Baso/Itga2_Itgb1|R,OsteoCAR/Lamb2|L,Baso/Itga2_Itgb1|R,0.04745756,Ligand,Receptor,Lamb2|L,Itga2_Itgb1|R,OsteoCAR,Baso,OsteoCAR@Baso,LR
14436,OsteoCAR/Lamb2|L@Baso/Itga6_Itgb1|R,OsteoCAR/Lamb2|L,Baso/Itga6_Itgb1|R,0.041009575,Ligand,Receptor,Lamb2|L,Itga6_Itgb1|R,OsteoCAR,Baso,OsteoCAR@Baso,LR
14437,OsteoCAR/Lamb2|L@Baso/Rpsa|R,OsteoCAR/Lamb2|L,Baso/Rpsa|R,0.32887948,Ligand,Receptor,Lamb2|L,Rpsa|R,OsteoCAR,Baso,OsteoCAR@Baso,LR
14438,OsteoCAR/Lamb2|L@DC/Cd44|R,OsteoCAR/Lamb2|L,DC/Cd44|R,0.0035523176,Ligand,Receptor,Lamb2|L,Cd44|R,OsteoCAR,DC,OsteoCAR@DC,LR
14439,OsteoCAR/Lamb2|L@DC/Rpsa|R,OsteoCAR/Lamb2|L,DC/Rpsa|R,0.03774178,Ligand,Receptor,Lamb2|L,Rpsa|R,OsteoCAR,DC,OsteoCAR@DC,LR
14440,OsteoCAR/Lamb2|L@EC/Dag1|R,OsteoCAR/Lamb2|L,EC/Dag1|R,0.044943243,Ligand,Receptor,Lamb2|L,Dag1|R,OsteoCAR,EC,OsteoCAR@EC,LR
14441,OsteoCAR/Lamb2|L@EC/Itga6_Itgb1|R,OsteoCAR/Lamb2|L,EC/Itga6_Itgb1|R,0.015336931,Ligand,Receptor,Lamb2|L,Itga6_Itgb1|R,OsteoCAR,EC,OsteoCAR@EC,LR
14442,OsteoCAR/Lamb2|L@Ery/Rpsa|R,OsteoCAR/Lamb2|L,Ery/Rpsa|R,0.18191445,Ligand,Receptor,Lamb2|L,Rpsa|R,OsteoCAR,Ery,OsteoCAR@Ery,LR
14444,OsteoCAR/Lamb2|L@InfiltMac/Cd44|R,OsteoCAR/Lamb2|L,InfiltMac/Cd44|R,-0.012886763,Ligand,Receptor,Lamb2|L,Cd44|R,OsteoCAR,InfiltMac,OsteoCAR@InfiltMac,LR
14445,OsteoCAR/Lamb2|L@InfiltMac/Rpsa|R,OsteoCAR/Lamb2|L,InfiltMac/Rpsa|R,0.1691401,Ligand,Receptor,Lamb2|L,Rpsa|R,OsteoCAR,InfiltMac,OsteoCAR@InfiltMac,LR
14446,OsteoCAR/Lamb2|L@Ly6ClowMac/Cd44|R,OsteoCAR/Lamb2|L,Ly6ClowMac/Cd44|R,-0.0013332963,Ligand,Receptor,Lamb2|L,Cd44|R,OsteoCAR,Ly6ClowMac,OsteoCAR@Ly6ClowMac,LR
14447,OsteoCAR/Lamb2|L@Ly6ClowMac/Rpsa|R,OsteoCAR/Lamb2|L,Ly6ClowMac/Rpsa|R,1.6308169,Ligand,Receptor,Lamb2|L,Rpsa|R,OsteoCAR,Ly6ClowMac,OsteoCAR@Ly6ClowMac,LR
14448,OsteoCAR/Lamb2|L@MK/Cd44|R,OsteoCAR/Lamb2|L,MK/Cd44|R,-0.3697731,Ligand,Receptor,Lamb2|L,Cd44|R,OsteoCAR,MK,OsteoCAR@MK,LR
14449,OsteoCAR/Lamb2|L@MK/Dag1|R,OsteoCAR/Lamb2|L,MK/Dag1|R,-0.037136465,Ligand,Receptor,Lamb2|L,Dag1|R,OsteoCAR,MK,OsteoCAR@MK,LR
14450,OsteoCAR/Lamb2|L@MK/Itga6_Itgb1|R,OsteoCAR/Lamb2|L,MK/Itga6_Itgb1|R,-0.0662373,Ligand,Receptor,Lamb2|L,Itga6_Itgb1|R,OsteoCAR,MK,OsteoCAR@MK,LR
14451,OsteoCAR/Lamb2|L@MK/Rpsa|R,OsteoCAR/Lamb2|L,MK/Rpsa|R,0.19845009,Ligand,Receptor,Lamb2|L,Rpsa|R,OsteoCAR,MK,OsteoCAR@MK,LR
14452,OsteoCAR/Lamb2|L@MonoPro/Cd44|R,OsteoCAR/Lamb2|L,MonoPro/Cd44|R,-0.43014216,Ligand,Receptor,Lamb2|L,Cd44|R,OsteoCAR,MonoPro,OsteoCAR@MonoPro,LR
14453,OsteoCAR/Lamb2|L@MonoPro/Itga6_Itgb1|R,OsteoCAR/Lamb2|L,MonoPro/Itga6_Itgb1|R,-0.0054928362,Ligand,Receptor,Lamb2|L,Itga6_Itgb1|R,OsteoCAR,MonoPro,OsteoCAR@MonoPro,LR
14454,OsteoCAR/Lamb2|L@MonoPro/Rpsa|R,OsteoCAR/Lamb2|L,MonoPro/Rpsa|R,0.09033251,Ligand,Receptor,Lamb2|L,Rpsa|R,OsteoCAR,MonoPro,OsteoCAR@MonoPro,LR
14455,OsteoCAR/Lamb2|L@Neut1/Cd44|R,OsteoCAR/Lamb2|L,Neut1/Cd44|R,-0.43975914,Ligand,Receptor,Lamb2|L,Cd44|R,OsteoCAR,Neut1,OsteoCAR@Neut1,LR
14456,OsteoCAR/Lamb2|L@Neut1/Itga6_Itgb1|R,OsteoCAR/Lamb2|L,Neut1/Itga6_Itgb1|R,0.15432863,Ligand,Receptor,Lamb2|L,Itga6_Itgb1|R,OsteoCAR,Neut1,OsteoCAR@Neut1,LR
14457,OsteoCAR/Lamb2|L@Neut2/Cd44|R,OsteoCAR/Lamb2|L,Neut2/Cd44|R,-0.04088211,Ligand,Receptor,Lamb2|L,Cd44|R,OsteoCAR,Neut2,OsteoCAR@Neut2,LR
14458,OsteoCAR/Lamb2|L@OsteoCAR/Dag1|R,OsteoCAR/Lamb2|L,OsteoCAR/Dag1|R,-0.08688736,Ligand,Receptor,Lamb2|L,Dag1|R,OsteoCAR,OsteoCAR,OsteoCAR@OsteoCAR,LR
14459,OsteoCAR/Lamb2|L@OsteoCAR/Itga9_Itgb1|R,OsteoCAR/Lamb2|L,OsteoCAR/Itga9_Itgb1|R,0.23363504,Ligand,Receptor,Lamb2|L,Itga9_Itgb1|R,OsteoCAR,OsteoCAR,OsteoCAR@OsteoCAR,LR
14460,OsteoCAR/Lamb2|L@ResMac/Cd44|R,OsteoCAR/Lamb2|L,ResMac/Cd44|R,-0.08373481,Ligand,Receptor,Lamb2|L,Cd44|R,OsteoCAR,ResMac,OsteoCAR@ResMac,LR
14461,OsteoCAR/Lamb2|L@ResMac/Rpsa|R,OsteoCAR/Lamb2|L,ResMac/Rpsa|R,0.12483597,Ligand,Receptor,Lamb2|L,Rpsa|R,OsteoCAR,ResMac,OsteoCAR@ResMac,LR
14462,OsteoCAR/Lamb2|L@Spp1+Mac/Cd44|R,OsteoCAR/Lamb2|L,Spp1+Mac/Cd44|R,-0.44064718,Ligand,Receptor,Lamb2|L,Cd44|R,OsteoCAR,Spp1+Mac,OsteoCAR@Spp1+Mac,LR
14463,OsteoCAR/Lamb2|L@Spp1+Mac/Dag1|R,OsteoCAR/Lamb2|L,Spp1+Mac/Dag1|R,-0.084055185,Ligand,Receptor,Lamb2|L,Dag1|R,OsteoCAR,Spp1+Mac,OsteoCAR@Spp1+Mac,LR
14464,OsteoCAR/Lamb2|L@Spp1+Mac/Rpsa|R,OsteoCAR/Lamb2|L,Spp1+Mac/Rpsa|R,0.0036022663,Ligand,Receptor,Lamb2|L,Rpsa|R,OsteoCAR,Spp1+Mac,OsteoCAR@Spp1+Mac,LR
14465,OsteoCAR/Lamb2|L@TCells/Rpsa|R,OsteoCAR/Lamb2|L,TCells/Rpsa|R,0.18623185,Ligand,Receptor,Lamb2|L,Rpsa|R,OsteoCAR,TCells,OsteoCAR@TCells,LR
14466,OsteoCAR/Lamc1|L@BCells/Cd44|R,OsteoCAR/Lamc1|L,BCells/Cd44|R,0.11486539,Ligand,Receptor,Lamc1|L,Cd44|R,OsteoCAR,BCells,OsteoCAR@BCells,LR
14467,OsteoCAR/Lamc1|L@Baso/Cd44|R,OsteoCAR/Lamc1|L,Baso/Cd44|R,-0.0058810413,Ligand,Receptor,Lamc1|L,Cd44|R,OsteoCAR,Baso,OsteoCAR@Baso,LR
14468,OsteoCAR/Lamc1|L@Baso/Itga1|R,OsteoCAR/Lamc1|L,Baso/Itga1|R,0.12451908,Ligand,Receptor,Lamc1|L,Itga1|R,OsteoCAR,Baso,OsteoCAR@Baso,LR
14469,OsteoCAR/Lamc1|L@Baso/Itga2_Itgb1|R,OsteoCAR/Lamc1|L,Baso/Itga2_Itgb1|R,0.11880854,Ligand,Receptor,Lamc1|L,Itga2_Itgb1|R,OsteoCAR,Baso,OsteoCAR@Baso,LR
14470,OsteoCAR/Lamc1|L@Baso/Itga6_Itgb1|R,OsteoCAR/Lamc1|L,Baso/Itga6_Itgb1|R,0.11236054,Ligand,Receptor,Lamc1|L,Itga6_Itgb1|R,OsteoCAR,Baso,OsteoCAR@Baso,LR
14471,OsteoCAR/Lamc1|L@DC/Cd44|R,OsteoCAR/Lamc1|L,DC/Cd44|R,0.07490325,Ligand,Receptor,Lamc1|L,Cd44|R,OsteoCAR,DC,OsteoCAR@DC,LR
14472,OsteoCAR/Lamc1|L@DC/Itga1|R,OsteoCAR/Lamc1|L,DC/Itga1|R,-0.073428094,Ligand,Receptor,Lamc1|L,Itga1|R,OsteoCAR,DC,OsteoCAR@DC,LR
14473,OsteoCAR/Lamc1|L@EC/Cd44|R,OsteoCAR/Lamc1|L,EC/Cd44|R,0.045996726,Ligand,Receptor,Lamc1|L,Cd44|R,OsteoCAR,EC,OsteoCAR@EC,LR
14474,OsteoCAR/Lamc1|L@EC/Dag1|R,OsteoCAR/Lamc1|L,EC/Dag1|R,0.116294146,Ligand,Receptor,Lamc1|L,Dag1|R,OsteoCAR,EC,OsteoCAR@EC,LR
14475,OsteoCAR/Lamc1|L@EC/Itga1|R,OsteoCAR/Lamc1|L,EC/Itga1|R,0.011786222,Ligand,Receptor,Lamc1|L,Itga1|R,OsteoCAR,EC,OsteoCAR@EC,LR
14476,OsteoCAR/Lamc1|L@EC/Itga6_Itgb1|R,OsteoCAR/Lamc1|L,EC/Itga6_Itgb1|R,0.08668792,Ligand,Receptor,Lamc1|L,Itga6_Itgb1|R,OsteoCAR,EC,OsteoCAR@EC,LR
14477,OsteoCAR/Lamc1|L@Ery/Cd44|R,OsteoCAR/Lamc1|L,Ery/Cd44|R,-0.007106781,Ligand,Receptor,Lamc1|L,Cd44|R,OsteoCAR,Ery,OsteoCAR@Ery,LR
14481,OsteoCAR/Lamc1|L@InfiltMac/Cd44|R,OsteoCAR/Lamc1|L,InfiltMac/Cd44|R,0.05846417,Ligand,Receptor,Lamc1|L,Cd44|R,OsteoCAR,InfiltMac,OsteoCAR@InfiltMac,LR
14482,OsteoCAR/Lamc1|L@InfiltMac/Itga1|R,OsteoCAR/Lamc1|L,InfiltMac/Itga1|R,-0.04716572,Ligand,Receptor,Lamc1|L,Itga1|R,OsteoCAR,InfiltMac,OsteoCAR@InfiltMac,LR
14483,OsteoCAR/Lamc1|L@Ly6ClowMac/Cd44|R,OsteoCAR/Lamc1|L,Ly6ClowMac/Cd44|R,0.070017695,Ligand,Receptor,Lamc1|L,Cd44|R,OsteoCAR,Ly6ClowMac,OsteoCAR@Ly6ClowMac,LR
14484,OsteoCAR/Lamc1|L@MK/Cd44|R,OsteoCAR/Lamc1|L,MK/Cd44|R,0.0012297034,Ligand,Receptor,Lamc1|L,Cd44|R,OsteoCAR,MK,OsteoCAR@MK,LR
14485,OsteoCAR/Lamc1|L@MK/Dag1|R,OsteoCAR/Lamc1|L,MK/Dag1|R,0.034214467,Ligand,Receptor,Lamc1|L,Dag1|R,OsteoCAR,MK,OsteoCAR@MK,LR
14486,OsteoCAR/Lamc1|L@MK/Itga6_Itgb1|R,OsteoCAR/Lamc1|L,MK/Itga6_Itgb1|R,0.0051136613,Ligand,Receptor,Lamc1|L,Itga6_Itgb1|R,OsteoCAR,MK,OsteoCAR@MK,LR
14487,OsteoCAR/Lamc1|L@MonoPro/Cd44|R,OsteoCAR/Lamc1|L,MonoPro/Cd44|R,0.009078026,Ligand,Receptor,Lamc1|L,Cd44|R,OsteoCAR,MonoPro,OsteoCAR@MonoPro,LR
14488,OsteoCAR/Lamc1|L@MonoPro/Itga1|R,OsteoCAR/Lamc1|L,MonoPro/Itga1|R,0.025459766,Ligand,Receptor,Lamc1|L,Itga1|R,OsteoCAR,MonoPro,OsteoCAR@MonoPro,LR
14489,OsteoCAR/Lamc1|L@MonoPro/Itga6_Itgb1|R,OsteoCAR/Lamc1|L,MonoPro/Itga6_Itgb1|R,0.065858126,Ligand,Receptor,Lamc1|L,Itga6_Itgb1|R,OsteoCAR,MonoPro,OsteoCAR@MonoPro,LR
14490,OsteoCAR/Lamc1|L@Neut1/Cd44|R,OsteoCAR/Lamc1|L,Neut1/Cd44|R,0.01101017,Ligand,Receptor,Lamc1|L,Cd44|R,OsteoCAR,Neut1,OsteoCAR@Neut1,LR
14491,OsteoCAR/Lamc1|L@Neut1/Itga6_Itgb1|R,OsteoCAR/Lamc1|L,Neut1/Itga6_Itgb1|R,0.41331923,Ligand,Receptor,Lamc1|L,Itga6_Itgb1|R,OsteoCAR,Neut1,OsteoCAR@Neut1,LR
14492,OsteoCAR/Lamc1|L@Neut2/Cd44|R,OsteoCAR/Lamc1|L,Neut2/Cd44|R,0.030468822,Ligand,Receptor,Lamc1|L,Cd44|R,OsteoCAR,Neut2,OsteoCAR@Neut2,LR
14493,OsteoCAR/Lamc1|L@OsteoCAR/Cd44|R,OsteoCAR/Lamc1|L,OsteoCAR/Cd44|R,0.07692227,Ligand,Receptor,Lamc1|L,Cd44|R,OsteoCAR,OsteoCAR,OsteoCAR@OsteoCAR,LR
14494,OsteoCAR/Lamc1|L@OsteoCAR/Dag1|R,OsteoCAR/Lamc1|L,OsteoCAR/Dag1|R,-0.0155364275,Ligand,Receptor,Lamc1|L,Dag1|R,OsteoCAR,OsteoCAR,OsteoCAR@OsteoCAR,LR
14495,OsteoCAR/Lamc1|L@OsteoCAR/Itga1|R,OsteoCAR/Lamc1|L,OsteoCAR/Itga1|R,-0.36424112,Ligand,Receptor,Lamc1|L,Itga1|R,OsteoCAR,OsteoCAR,OsteoCAR@OsteoCAR,LR
14496,OsteoCAR/Lamc1|L@OsteoCAR/Itga9_Itgb1|R,OsteoCAR/Lamc1|L,OsteoCAR/Itga9_Itgb1|R,0.49262565,Ligand,Receptor,Lamc1|L,Itga9_Itgb1|R,OsteoCAR,OsteoCAR,OsteoCAR@OsteoCAR,LR
14497,OsteoCAR/Lamc1|L@ResMac/Cd44|R,OsteoCAR/Lamc1|L,ResMac/Cd44|R,-0.012383819,Ligand,Receptor,Lamc1|L,Cd44|R,OsteoCAR,ResMac,OsteoCAR@ResMac,LR
14498,OsteoCAR/Lamc1|L@Spp1+Mac/Cd44|R,OsteoCAR/Lamc1|L,Spp1+Mac/Cd44|R,-0.62828684,Ligand,Receptor,Lamc1|L,Cd44|R,OsteoCAR,Spp1+Mac,OsteoCAR@Spp1+Mac,LR
14499,OsteoCAR/Lamc1|L@Spp1+Mac/Dag1|R,OsteoCAR/Lamc1|L,Spp1+Mac/Dag1|R,-0.012704253,Ligand,Receptor,Lamc1|L,Dag1|R,OsteoCAR,Spp1+Mac,OsteoCAR@Spp1+Mac,LR
14500,OsteoCAR/Lamc1|L@TCells/Cd44|R,OsteoCAR/Lamc1|L,TCells/Cd44|R,-0.026519477,Ligand,Receptor,Lamc1|L,Cd44|R,OsteoCAR,TCells,OsteoCAR@TCells,LR
14573,OsteoCAR/Ltbp1|L@InfiltMac/Itgb5|R,OsteoCAR/Ltbp1|L,InfiltMac/Itgb5|R,0.49582437,Ligand,Receptor,Ltbp1|L,Itgb5|R,OsteoCAR,InfiltMac,OsteoCAR@InfiltMac,LR
14574,OsteoCAR/Ltbp1|L@Ly6ClowMac/Itgb5|R,OsteoCAR/Ltbp1|L,Ly6ClowMac/Itgb5|R,0.5778237,Ligand,Receptor,Ltbp1|L,Itgb5|R,OsteoCAR,Ly6ClowMac,OsteoCAR@Ly6ClowMac,LR
14575,OsteoCAR/Ltbp1|L@OsteoCAR/Itgb5|R,OsteoCAR/Ltbp1|L,OsteoCAR/Itgb5|R,0.34630278,Ligand,Receptor,Ltbp1|L,Itgb5|R,OsteoCAR,OsteoCAR,OsteoCAR@OsteoCAR,LR
14576,OsteoCAR/Ltbp1|L@ResMac/Itgb5|R,OsteoCAR/Ltbp1|L,ResMac/Itgb5|R,0.54756594,Ligand,Receptor,Ltbp1|L,Itgb5|R,OsteoCAR,ResMac,OsteoCAR@ResMac,LR
14577,OsteoCAR/Ltbp1|L@Spp1+Mac/Itgb5|R,OsteoCAR/Ltbp1|L,Spp1+Mac/Itgb5|R,0.5966683,Ligand,Receptor,Ltbp1|L,Itgb5|R,OsteoCAR,Spp1+Mac,OsteoCAR@Spp1+Mac,LR
14579,OsteoCAR/Ltbp3|L@InfiltMac/Itgb5|R,OsteoCAR/Ltbp3|L,InfiltMac/Itgb5|R,0.19821179,Ligand,Receptor,Ltbp3|L,Itgb5|R,OsteoCAR,InfiltMac,OsteoCAR@InfiltMac,LR
14580,OsteoCAR/Ltbp3|L@Ly6ClowMac/Itgb5|R,OsteoCAR/Ltbp3|L,Ly6ClowMac/Itgb5|R,0.28021115,Ligand,Receptor,Ltbp3|L,Itgb5|R,OsteoCAR,Ly6ClowMac,OsteoCAR@Ly6ClowMac,LR
14581,OsteoCAR/Ltbp3|L@OsteoCAR/Itgb5|R,OsteoCAR/Ltbp3|L,OsteoCAR/Itgb5|R,0.12782341,Ligand,Receptor,Ltbp3|L,Itgb5|R,OsteoCAR,OsteoCAR,OsteoCAR@OsteoCAR,LR
14582,OsteoCAR/Ltbp3|L@ResMac/Itgb5|R,OsteoCAR/Ltbp3|L,ResMac/Itgb5|R,0.24995333,Ligand,Receptor,Ltbp3|L,Itgb5|R,OsteoCAR,ResMac,OsteoCAR@ResMac,LR
14583,OsteoCAR/Ltbp3|L@Spp1+Mac/Itgb5|R,OsteoCAR/Ltbp3|L,Spp1+Mac/Itgb5|R,0.29905573,Ligand,Receptor,Ltbp3|L,Itgb5|R,OsteoCAR,Spp1+Mac,OsteoCAR@Spp1+Mac,LR
14685,OsteoCAR/Mfge8|L@InfiltMac/Itgb5|R,OsteoCAR/Mfge8|L,InfiltMac/Itgb5|R,0.26976627,Ligand,Receptor,Mfge8|L,Itgb5|R,OsteoCAR,InfiltMac,OsteoCAR@InfiltMac,LR
14686,OsteoCAR/Mfge8|L@Ly6ClowMac/Itgav|R,OsteoCAR/Mfge8|L,Ly6ClowMac/Itgav|R,0.319725,Ligand,Receptor,Mfge8|L,Itgav|R,OsteoCAR,Ly6ClowMac,OsteoCAR@Ly6ClowMac,LR
14687,OsteoCAR/Mfge8|L@Ly6ClowMac/Itgb5|R,OsteoCAR/Mfge8|L,Ly6ClowMac/Itgb5|R,0.35176563,Ligand,Receptor,Mfge8|L,Itgb5|R,OsteoCAR,Ly6ClowMac,OsteoCAR@Ly6ClowMac,LR
14688,OsteoCAR/Mfge8|L@MK/Itgb3|R,OsteoCAR/Mfge8|L,MK/Itgb3|R,0.267514,Ligand,Receptor,Mfge8|L,Itgb3|R,OsteoCAR,MK,OsteoCAR@MK,LR
14689,OsteoCAR/Mfge8|L@MK/Pdgfrb|R,OsteoCAR/Mfge8|L,MK/Pdgfrb|R,0.26204994,Ligand,Receptor,Mfge8|L,Pdgfrb|R,OsteoCAR,MK,OsteoCAR@MK,LR
14690,OsteoCAR/Mfge8|L@OsteoCAR/Itgav|R,OsteoCAR/Mfge8|L,OsteoCAR/Itgav|R,0.057703435,Ligand,Receptor,Mfge8|L,Itgav|R,OsteoCAR,OsteoCAR,OsteoCAR@OsteoCAR,LR
14691,OsteoCAR/Mfge8|L@OsteoCAR/Itgb5|R,OsteoCAR/Mfge8|L,OsteoCAR/Itgb5|R,0.19319889,Ligand,Receptor,Mfge8|L,Itgb5|R,OsteoCAR,OsteoCAR,OsteoCAR@OsteoCAR,LR
14692,OsteoCAR/Mfge8|L@OsteoCAR/Pdgfrb|R,OsteoCAR/Mfge8|L,OsteoCAR/Pdgfrb|R,-0.12678719,Ligand,Receptor,Mfge8|L,Pdgfrb|R,OsteoCAR,OsteoCAR,OsteoCAR@OsteoCAR,LR
14693,OsteoCAR/Mfge8|L@ResMac/Itgav|R,OsteoCAR/Mfge8|L,ResMac/Itgav|R,0.29911825,Ligand,Receptor,Mfge8|L,Itgav|R,OsteoCAR,ResMac,OsteoCAR@ResMac,LR
14694,OsteoCAR/Mfge8|L@ResMac/Itgb5|R,OsteoCAR/Mfge8|L,ResMac/Itgb5|R,0.3215078,Ligand,Receptor,Mfge8|L,Itgb5|R,OsteoCAR,ResMac,OsteoCAR@ResMac,LR
14695,OsteoCAR/Mfge8|L@Spp1+Mac/Itgav|R,OsteoCAR/Mfge8|L,Spp1+Mac/Itgav|R,0.04714012,Ligand,Receptor,Mfge8|L,Itgav|R,OsteoCAR,Spp1+Mac,OsteoCAR@Spp1+Mac,LR
14696,OsteoCAR/Mfge8|L@Spp1+Mac/Itgb3|R,OsteoCAR/Mfge8|L,Spp1+Mac/Itgb3|R,0.3002415,Ligand,Receptor,Mfge8|L,Itgb3|R,OsteoCAR,Spp1+Mac,OsteoCAR@Spp1+Mac,LR
14697,OsteoCAR/Mfge8|L@Spp1+Mac/Itgb5|R,OsteoCAR/Mfge8|L,Spp1+Mac/Itgb5|R,0.3706102,Ligand,Receptor,Mfge8|L,Itgb5|R,OsteoCAR,Spp1+Mac,OsteoCAR@Spp1+Mac,LR
14745,OsteoCAR/Nid1|L@BCells/Itgb1|R,OsteoCAR/Nid1|L,BCells/Itgb1|R,-0.54371834,Ligand,Receptor,Nid1|L,Itgb1|R,OsteoCAR,BCells,OsteoCAR@BCells,LR
14746,OsteoCAR/Nid1|L@Baso/Itgb1|R,OsteoCAR/Nid1|L,Baso/Itgb1|R,0.06624311,Ligand,Receptor,Nid1|L,Itgb1|R,OsteoCAR,Baso,OsteoCAR@Baso,LR
14747,OsteoCAR/Nid1|L@DC/Itgb1|R,OsteoCAR/Nid1|L,DC/Itgb1|R,-0.04051602,Ligand,Receptor,Nid1|L,Itgb1|R,OsteoCAR,DC,OsteoCAR@DC,LR
14748,OsteoCAR/Nid1|L@EC/Itgb1|R,OsteoCAR/Nid1|L,EC/Itgb1|R,0.041676402,Ligand,Receptor,Nid1|L,Itgb1|R,OsteoCAR,EC,OsteoCAR@EC,LR
14749,OsteoCAR/Nid1|L@Ery/Itgb1|R,OsteoCAR/Nid1|L,Ery/Itgb1|R,-0.11373818,Ligand,Receptor,Nid1|L,Itgb1|R,OsteoCAR,Ery,OsteoCAR@Ery,LR
14753,OsteoCAR/Nid1|L@InfiltMac/Itgb1|R,OsteoCAR/Nid1|L,InfiltMac/Itgb1|R,0.050665498,Ligand,Receptor,Nid1|L,Itgb1|R,OsteoCAR,InfiltMac,OsteoCAR@InfiltMac,LR
14754,OsteoCAR/Nid1|L@Ly6ClowMac/Itgav|R,OsteoCAR/Nid1|L,Ly6ClowMac/Itgav|R,0.40771198,Ligand,Receptor,Nid1|L,Itgav|R,OsteoCAR,Ly6ClowMac,OsteoCAR@Ly6ClowMac,LR
14755,OsteoCAR/Nid1|L@Ly6ClowMac/Itgb1|R,OsteoCAR/Nid1|L,Ly6ClowMac/Itgb1|R,0.0491215,Ligand,Receptor,Nid1|L,Itgb1|R,OsteoCAR,Ly6ClowMac,OsteoCAR@Ly6ClowMac,LR
14756,OsteoCAR/Nid1|L@MK/Itgb1|R,OsteoCAR/Nid1|L,MK/Itgb1|R,-0.009489119,Ligand,Receptor,Nid1|L,Itgb1|R,OsteoCAR,MK,OsteoCAR@MK,LR
14757,OsteoCAR/Nid1|L@MK/Itgb3|R,OsteoCAR/Nid1|L,MK/Itgb3|R,0.35550094,Ligand,Receptor,Nid1|L,Itgb3|R,OsteoCAR,MK,OsteoCAR@MK,LR
14758,OsteoCAR/Nid1|L@MonoPro/Itgb1|R,OsteoCAR/Nid1|L,MonoPro/Itgb1|R,-0.06583613,Ligand,Receptor,Nid1|L,Itgb1|R,OsteoCAR,MonoPro,OsteoCAR@MonoPro,LR
14759,OsteoCAR/Nid1|L@Neut1/Itgb1|R,OsteoCAR/Nid1|L,Neut1/Itgb1|R,-0.56489235,Ligand,Receptor,Nid1|L,Itgb1|R,OsteoCAR,Neut1,OsteoCAR@Neut1,LR
14760,OsteoCAR/Nid1|L@Neut2/Itgb1|R,OsteoCAR/Nid1|L,Neut2/Itgb1|R,-0.54675627,Ligand,Receptor,Nid1|L,Itgb1|R,OsteoCAR,Neut2,OsteoCAR@Neut2,LR
14761,OsteoCAR/Nid1|L@OsteoCAR/Itgav|R,OsteoCAR/Nid1|L,OsteoCAR/Itgav|R,-0.047652245,Ligand,Receptor,Nid1|L,Itgav|R,OsteoCAR,OsteoCAR,OsteoCAR@OsteoCAR,LR
14762,OsteoCAR/Nid1|L@OsteoCAR/Itgb1|R,OsteoCAR/Nid1|L,OsteoCAR/Itgb1|R,-0.08168447,Ligand,Receptor,Nid1|L,Itgb1|R,OsteoCAR,OsteoCAR,OsteoCAR@OsteoCAR,LR
14763,OsteoCAR/Nid1|L@OsteoCAR/Ptprf|R,OsteoCAR/Nid1|L,OsteoCAR/Ptprf|R,0.38935542,Ligand,Receptor,Nid1|L,Ptprf|R,OsteoCAR,OsteoCAR,OsteoCAR@OsteoCAR,LR
14764,OsteoCAR/Nid1|L@ResMac/Itgav|R,OsteoCAR/Nid1|L,ResMac/Itgav|R,0.38710523,Ligand,Receptor,Nid1|L,Itgav|R,OsteoCAR,ResMac,OsteoCAR@ResMac,LR
14765,OsteoCAR/Nid1|L@ResMac/Itgb1|R,OsteoCAR/Nid1|L,ResMac/Itgb1|R,0.08183408,Ligand,Receptor,Nid1|L,Itgb1|R,OsteoCAR,ResMac,OsteoCAR@ResMac,LR
14766,OsteoCAR/Nid1|L@Spp1+Mac/Itgav|R,OsteoCAR/Nid1|L,Spp1+Mac/Itgav|R,-0.058215618,Ligand,Receptor,Nid1|L,Itgav|R,OsteoCAR,Spp1+Mac,OsteoCAR@Spp1+Mac,LR
14767,OsteoCAR/Nid1|L@Spp1+Mac/Itgb1|R,OsteoCAR/Nid1|L,Spp1+Mac/Itgb1|R,-0.9613633,Ligand,Receptor,Nid1|L,Itgb1|R,OsteoCAR,Spp1+Mac,OsteoCAR@Spp1+Mac,LR
14768,OsteoCAR/Nid1|L@Spp1+Mac/Itgb3|R,OsteoCAR/Nid1|L,Spp1+Mac/Itgb3|R,0.38822848,Ligand,Receptor,Nid1|L,Itgb3|R,OsteoCAR,Spp1+Mac,OsteoCAR@Spp1+Mac,LR
14769,OsteoCAR/Nid1|L@TCells/Itgb1|R,OsteoCAR/Nid1|L,TCells/Itgb1|R,0.015131533,Ligand,Receptor,Nid1|L,Itgb1|R,OsteoCAR,TCells,OsteoCAR@TCells,LR
14804,OsteoCAR/Rspo3|L@BCells/Sdc4|R,OsteoCAR/Rspo3|L,BCells/Sdc4|R,-0.43544662,Ligand,Receptor,Rspo3|L,Sdc4|R,OsteoCAR,BCells,OsteoCAR@BCells,LR
14805,OsteoCAR/Rspo3|L@DC/Lrp6|R,OsteoCAR/Rspo3|L,DC/Lrp6|R,0.24857733,Ligand,Receptor,Rspo3|L,Lrp6|R,OsteoCAR,DC,OsteoCAR@DC,LR
14806,OsteoCAR/Rspo3|L@EC/Lrp6|R,OsteoCAR/Rspo3|L,EC/Lrp6|R,-0.24672112,Ligand,Receptor,Rspo3|L,Lrp6|R,OsteoCAR,EC,OsteoCAR@EC,LR
14807,OsteoCAR/Rspo3|L@Ery/Lrp6|R,OsteoCAR/Rspo3|L,Ery/Lrp6|R,-0.2565176,Ligand,Receptor,Rspo3|L,Lrp6|R,OsteoCAR,Ery,OsteoCAR@Ery,LR
14810,OsteoCAR/Rspo3|L@MK/Lrp6|R,OsteoCAR/Rspo3|L,MK/Lrp6|R,-0.23942927,Ligand,Receptor,Rspo3|L,Lrp6|R,OsteoCAR,MK,OsteoCAR@MK,LR
14811,OsteoCAR/Rspo3|L@MonoPro/Lrp6|R,OsteoCAR/Rspo3|L,MonoPro/Lrp6|R,-0.21592957,Ligand,Receptor,Rspo3|L,Lrp6|R,OsteoCAR,MonoPro,OsteoCAR@MonoPro,LR
14812,OsteoCAR/Rspo3|L@Neut1/Lrp6|R,OsteoCAR/Rspo3|L,Neut1/Lrp6|R,0.23769996,Ligand,Receptor,Rspo3|L,Lrp6|R,OsteoCAR,Neut1,OsteoCAR@Neut1,LR
14813,OsteoCAR/Rspo3|L@OsteoCAR/Lrp6|R,OsteoCAR/Rspo3|L,OsteoCAR/Lrp6|R,-0.24939764,Ligand,Receptor,Rspo3|L,Lrp6|R,OsteoCAR,OsteoCAR,OsteoCAR@OsteoCAR,LR
14814,OsteoCAR/Rspo3|L@OsteoCAR/Sdc4|R,OsteoCAR/Rspo3|L,OsteoCAR/Sdc4|R,-0.21712533,Ligand,Receptor,Rspo3|L,Sdc4|R,OsteoCAR,OsteoCAR,OsteoCAR@OsteoCAR,LR
14815,OsteoCAR/Rspo3|L@Spp1+Mac/Lrp6|R,OsteoCAR/Rspo3|L,Spp1+Mac/Lrp6|R,-0.52469194,Ligand,Receptor,Rspo3|L,Lrp6|R,OsteoCAR,Spp1+Mac,OsteoCAR@Spp1+Mac,LR
14816,OsteoCAR/Rspo3|L@Spp1+Mac/Sdc4|R,OsteoCAR/Rspo3|L,Spp1+Mac/Sdc4|R,-0.4256196,Ligand,Receptor,Rspo3|L,Sdc4|R,OsteoCAR,Spp1+Mac,OsteoCAR@Spp1+Mac,LR
14884,OsteoCAR/Slit2|L@BCells/Sdc1|R,OsteoCAR/Slit2|L,BCells/Sdc1|R,0.04421863,Ligand,Receptor,Slit2|L,Sdc1|R,OsteoCAR,BCells,OsteoCAR@BCells,LR
14885,OsteoCAR/Slit2|L@DC/App|R,OsteoCAR/Slit2|L,DC/App|R,0.22605419,Ligand,Receptor,Slit2|L,App|R,OsteoCAR,DC,OsteoCAR@DC,LR
14886,OsteoCAR/Slit2|L@DC/Gpc1|R,OsteoCAR/Slit2|L,DC/Gpc1|R,-0.21172877,Ligand,Receptor,Slit2|L,Gpc1|R,OsteoCAR,DC,OsteoCAR@DC,LR
14887,OsteoCAR/Slit2|L@EC/App|R,OsteoCAR/Slit2|L,EC/App|R,0.16022909,Ligand,Receptor,Slit2|L,App|R,OsteoCAR,EC,OsteoCAR@EC,LR
14888,OsteoCAR/Slit2|L@EC/Robo4|R,OsteoCAR/Slit2|L,EC/Robo4|R,0.07579404,Ligand,Receptor,Slit2|L,Robo4|R,OsteoCAR,EC,OsteoCAR@EC,LR
14890,OsteoCAR/Slit2|L@InfiltMac/App|R,OsteoCAR/Slit2|L,InfiltMac/App|R,0.13396096,Ligand,Receptor,Slit2|L,App|R,OsteoCAR,InfiltMac,OsteoCAR@InfiltMac,LR
14891,OsteoCAR/Slit2|L@Ly6ClowMac/App|R,OsteoCAR/Slit2|L,Ly6ClowMac/App|R,0.38422447,Ligand,Receptor,Slit2|L,App|R,OsteoCAR,Ly6ClowMac,OsteoCAR@Ly6ClowMac,LR
14892,OsteoCAR/Slit2|L@MonoPro/App|R,OsteoCAR/Slit2|L,MonoPro/App|R,0.03835237,Ligand,Receptor,Slit2|L,App|R,OsteoCAR,MonoPro,OsteoCAR@MonoPro,LR
14893,OsteoCAR/Slit2|L@MonoPro/Gpc1|R,OsteoCAR/Slit2|L,MonoPro/Gpc1|R,-0.03903088,Ligand,Receptor,Slit2|L,Gpc1|R,OsteoCAR,MonoPro,OsteoCAR@MonoPro,LR
14894,OsteoCAR/Slit2|L@Neut1/App|R,OsteoCAR/Slit2|L,Neut1/App|R,0.019397855,Ligand,Receptor,Slit2|L,App|R,OsteoCAR,Neut1,OsteoCAR@Neut1,LR
14895,OsteoCAR/Slit2|L@Neut1/Gpc1|R,OsteoCAR/Slit2|L,Neut1/Gpc1|R,-0.03367001,Ligand,Receptor,Slit2|L,Gpc1|R,OsteoCAR,Neut1,OsteoCAR@Neut1,LR
14896,OsteoCAR/Slit2|L@Neut2/App|R,OsteoCAR/Slit2|L,Neut2/App|R,-0.026077598,Ligand,Receptor,Slit2|L,App|R,OsteoCAR,Neut2,OsteoCAR@Neut2,LR
14897,OsteoCAR/Slit2|L@Neut2/Gpc1|R,OsteoCAR/Slit2|L,Neut2/Gpc1|R,-0.022867799,Ligand,Receptor,Slit2|L,Gpc1|R,OsteoCAR,Neut2,OsteoCAR@Neut2,LR
14898,OsteoCAR/Slit2|L@OsteoCAR/App|R,OsteoCAR/Slit2|L,OsteoCAR/App|R,-0.09353173,Ligand,Receptor,Slit2|L,App|R,OsteoCAR,OsteoCAR,OsteoCAR@OsteoCAR,LR
14899,OsteoCAR/Slit2|L@OsteoCAR/Gpc1|R,OsteoCAR/Slit2|L,OsteoCAR/Gpc1|R,0.121429056,Ligand,Receptor,Slit2|L,Gpc1|R,OsteoCAR,OsteoCAR,OsteoCAR@OsteoCAR,LR
14900,OsteoCAR/Slit2|L@OsteoCAR/Sdc1|R,OsteoCAR/Slit2|L,OsteoCAR/Sdc1|R,0.067483395,Ligand,Receptor,Slit2|L,Sdc1|R,OsteoCAR,OsteoCAR,OsteoCAR@OsteoCAR,LR
14901,OsteoCAR/Slit2|L@ResMac/App|R,OsteoCAR/Slit2|L,ResMac/App|R,-0.04403141,Ligand,Receptor,Slit2|L,App|R,OsteoCAR,ResMac,OsteoCAR@ResMac,LR
14902,OsteoCAR/Slit2|L@Spp1+Mac/Plxna1|R,OsteoCAR/Slit2|L,Spp1+Mac/Plxna1|R,-0.26254675,Ligand,Receptor,Slit2|L,Plxna1|R,OsteoCAR,Spp1+Mac,OsteoCAR@Spp1+Mac,LR
14903,OsteoCAR/Slit2|L@Spp1+Mac/Sdc1|R,OsteoCAR/Slit2|L,Spp1+Mac/Sdc1|R,-0.2096901,Ligand,Receptor,Slit2|L,Sdc1|R,OsteoCAR,Spp1+Mac,OsteoCAR@Spp1+Mac,LR
14904,OsteoCAR/Slit3|L@EC/Robo4|R,OsteoCAR/Slit3|L,EC/Robo4|R,0.025768042,Ligand,Receptor,Slit3|L,Robo4|R,OsteoCAR,EC,OsteoCAR@EC,LR
14906,OsteoCAR/Sparc|L@EC/Eng|R,OsteoCAR/Sparc|L,EC/Eng|R,0.20080388,Ligand,Receptor,Sparc|L,Eng|R,OsteoCAR,EC,OsteoCAR@EC,LR
14907,OsteoCAR/Sparc|L@Ery/Eng|R,OsteoCAR/Sparc|L,Ery/Eng|R,0.087834,Ligand,Receptor,Sparc|L,Eng|R,OsteoCAR,Ery,OsteoCAR@Ery,LR
14909,OsteoCAR/Sparc|L@MK/Eng|R,OsteoCAR/Sparc|L,MK/Eng|R,0.118774176,Ligand,Receptor,Sparc|L,Eng|R,OsteoCAR,MK,OsteoCAR@MK,LR
14910,OsteoCAR/Sparc|L@MonoPro/Eng|R,OsteoCAR/Sparc|L,MonoPro/Eng|R,1.5051491,Ligand,Receptor,Sparc|L,Eng|R,OsteoCAR,MonoPro,OsteoCAR@MonoPro,LR
14911,OsteoCAR/Sparc|L@OsteoCAR/Eng|R,OsteoCAR/Sparc|L,OsteoCAR/Eng|R,-1.5122446,Ligand,Receptor,Sparc|L,Eng|R,OsteoCAR,OsteoCAR,OsteoCAR@OsteoCAR,LR
14912,OsteoCAR/Sparc|L@OsteoCAR/Fgfr1|R,OsteoCAR/Sparc|L,OsteoCAR/Fgfr1|R,0.18183088,Ligand,Receptor,Sparc|L,Fgfr1|R,OsteoCAR,OsteoCAR,OsteoCAR@OsteoCAR,LR
14913,OsteoCAR/Sparc|L@Spp1+Mac/Eng|R,OsteoCAR/Sparc|L,Spp1+Mac/Eng|R,1.4750478,Ligand,Receptor,Sparc|L,Eng|R,OsteoCAR,Spp1+Mac,OsteoCAR@Spp1+Mac,LR
14914,OsteoCAR/Spon1|L@BCells/App|R,OsteoCAR/Spon1|L,BCells/App|R,0.4827858,Ligand,Receptor,Spon1|L,App|R,OsteoCAR,BCells,OsteoCAR@BCells,LR
14915,OsteoCAR/Spon1|L@DC/App|R,OsteoCAR/Spon1|L,DC/App|R,0.0021682382,Ligand,Receptor,Spon1|L,App|R,OsteoCAR,DC,OsteoCAR@DC,LR
14916,OsteoCAR/Spon1|L@EC/App|R,OsteoCAR/Spon1|L,EC/App|R,-0.063656926,Ligand,Receptor,Spon1|L,App|R,OsteoCAR,EC,OsteoCAR@EC,LR
14918,OsteoCAR/Spon1|L@InfiltMac/App|R,OsteoCAR/Spon1|L,InfiltMac/App|R,-0.08992499,Ligand,Receptor,Spon1|L,App|R,OsteoCAR,InfiltMac,OsteoCAR@InfiltMac,LR
14919,OsteoCAR/Spon1|L@Ly6ClowMac/App|R,OsteoCAR/Spon1|L,Ly6ClowMac/App|R,-0.13081014,Ligand,Receptor,Spon1|L,App|R,OsteoCAR,Ly6ClowMac,OsteoCAR@Ly6ClowMac,LR
14920,OsteoCAR/Spon1|L@MK/App|R,OsteoCAR/Spon1|L,MK/App|R,0.39631218,Ligand,Receptor,Spon1|L,App|R,OsteoCAR,MK,OsteoCAR@MK,LR
14921,OsteoCAR/Spon1|L@MonoPro/App|R,OsteoCAR/Spon1|L,MonoPro/App|R,-0.18553358,Ligand,Receptor,Spon1|L,App|R,OsteoCAR,MonoPro,OsteoCAR@MonoPro,LR
14922,OsteoCAR/Spon1|L@Neut1/App|R,OsteoCAR/Spon1|L,Neut1/App|R,-0.20448816,Ligand,Receptor,Spon1|L,App|R,OsteoCAR,Neut1,OsteoCAR@Neut1,LR
14923,OsteoCAR/Spon1|L@Neut2/App|R,OsteoCAR/Spon1|L,Neut2/App|R,-0.24996352,Ligand,Receptor,Spon1|L,App|R,OsteoCAR,Neut2,OsteoCAR@Neut2,LR
14924,OsteoCAR/Spon1|L@OsteoCAR/App|R,OsteoCAR/Spon1|L,OsteoCAR/App|R,-0.31741774,Ligand,Receptor,Spon1|L,App|R,OsteoCAR,OsteoCAR,OsteoCAR@OsteoCAR,LR
14925,OsteoCAR/Spon1|L@ResMac/App|R,OsteoCAR/Spon1|L,ResMac/App|R,-0.26791728,Ligand,Receptor,Spon1|L,App|R,OsteoCAR,ResMac,OsteoCAR@ResMac,LR
14926,OsteoCAR/Spon1|L@Spp1+Mac/App|R,OsteoCAR/Spon1|L,Spp1+Mac/App|R,-0.0857051,Ligand,Receptor,Spon1|L,App|R,OsteoCAR,Spp1+Mac,OsteoCAR@Spp1+Mac,LR
14927,OsteoCAR/Spp1|L@BCells/Cd44|R,OsteoCAR/Spp1|L,BCells/Cd44|R,1.3069785,Ligand,Receptor,Spp1|L,Cd44|R,OsteoCAR,BCells,OsteoCAR@BCells,LR
14928,OsteoCAR/Spp1|L@BCells/Itga4_Itgb1|R,OsteoCAR/Spp1|L,BCells/Itga4_Itgb1|R,1.283116,Ligand,Receptor,Spp1|L,Itga4_Itgb1|R,OsteoCAR,BCells,OsteoCAR@BCells,LR
14929,OsteoCAR/Spp1|L@Baso/Cd44|R,OsteoCAR/Spp1|L,Baso/Cd44|R,1.1455609,Ligand,Receptor,Spp1|L,Cd44|R,OsteoCAR,Baso,OsteoCAR@Baso,LR
14930,OsteoCAR/Spp1|L@Baso/Itga4_Itgb1|R,OsteoCAR/Spp1|L,Baso/Itga4_Itgb1|R,1.3292384,Ligand,Receptor,Spp1|L,Itga4_Itgb1|R,OsteoCAR,Baso,OsteoCAR@Baso,LR
14931,OsteoCAR/Spp1|L@Baso/Ptger4|R,OsteoCAR/Spp1|L,Baso/Ptger4|R,1.1486909,Ligand,Receptor,Spp1|L,Ptger4|R,OsteoCAR,Baso,OsteoCAR@Baso,LR
14932,OsteoCAR/Spp1|L@Baso/S1pr1|R,OsteoCAR/Spp1|L,Baso/S1pr1|R,1.2131768,Ligand,Receptor,Spp1|L,S1pr1|R,OsteoCAR,Baso,OsteoCAR@Baso,LR
14933,OsteoCAR/Spp1|L@DC/Cd44|R,OsteoCAR/Spp1|L,DC/Cd44|R,1.473503,Ligand,Receptor,Spp1|L,Cd44|R,OsteoCAR,DC,OsteoCAR@DC,LR
14934,OsteoCAR/Spp1|L@DC/Itga4_Itgb1|R,OsteoCAR/Spp1|L,DC/Itga4_Itgb1|R,1.4757483,Ligand,Receptor,Spp1|L,Itga4_Itgb1|R,OsteoCAR,DC,OsteoCAR@DC,LR
14935,OsteoCAR/Spp1|L@DC/Itga5_Itgb1|R,OsteoCAR/Spp1|L,DC/Itga5_Itgb1|R,1.1080953,Ligand,Receptor,Spp1|L,Itga5_Itgb1|R,OsteoCAR,DC,OsteoCAR@DC,LR
14936,OsteoCAR/Spp1|L@DC/Ptger4|R,OsteoCAR/Spp1|L,DC/Ptger4|R,1.1337881,Ligand,Receptor,Spp1|L,Ptger4|R,OsteoCAR,DC,OsteoCAR@DC,LR
14937,OsteoCAR/Spp1|L@EC/Cd44|R,OsteoCAR/Spp1|L,EC/Cd44|R,1.1925919,Ligand,Receptor,Spp1|L,Cd44|R,OsteoCAR,EC,OsteoCAR@EC,LR
14938,OsteoCAR/Spp1|L@EC/Itga4_Itgb1|R,OsteoCAR/Spp1|L,EC/Itga4_Itgb1|R,1.1494043,Ligand,Receptor,Spp1|L,Itga4_Itgb1|R,OsteoCAR,EC,OsteoCAR@EC,LR
14939,OsteoCAR/Spp1|L@EC/S1pr1|R,OsteoCAR/Spp1|L,EC/S1pr1|R,1.6739432,Ligand,Receptor,Spp1|L,S1pr1|R,OsteoCAR,EC,OsteoCAR@EC,LR
14940,OsteoCAR/Spp1|L@Ery/Cd44|R,OsteoCAR/Spp1|L,Ery/Cd44|R,1.2081347,Ligand,Receptor,Spp1|L,Cd44|R,OsteoCAR,Ery,OsteoCAR@Ery,LR
14941,OsteoCAR/Spp1|L@Ery/Itga4_Itgb1|R,OsteoCAR/Spp1|L,Ery/Itga4_Itgb1|R,1.514796,Ligand,Receptor,Spp1|L,Itga4_Itgb1|R,OsteoCAR,Ery,OsteoCAR@Ery,LR
14942,OsteoCAR/Spp1|L@Ery/Itga5_Itgb1|R,OsteoCAR/Spp1|L,Ery/Itga5_Itgb1|R,1.1170168,Ligand,Receptor,Spp1|L,Itga5_Itgb1|R,OsteoCAR,Ery,OsteoCAR@Ery,LR
14946,OsteoCAR/Spp1|L@InfiltMac/Cd44|R,OsteoCAR/Spp1|L,InfiltMac/Cd44|R,1.5642157,Ligand,Receptor,Spp1|L,Cd44|R,OsteoCAR,InfiltMac,OsteoCAR@InfiltMac,LR
14947,OsteoCAR/Spp1|L@InfiltMac/Itga4_Itgb1|R,OsteoCAR/Spp1|L,InfiltMac/Itga4_Itgb1|R,1.5404669,Ligand,Receptor,Spp1|L,Itga4_Itgb1|R,OsteoCAR,InfiltMac,OsteoCAR@InfiltMac,LR
14948,OsteoCAR/Spp1|L@InfiltMac/Ptger4|R,OsteoCAR/Spp1|L,InfiltMac/Ptger4|R,1.1285849,Ligand,Receptor,Spp1|L,Ptger4|R,OsteoCAR,InfiltMac,OsteoCAR@InfiltMac,LR
14949,OsteoCAR/Spp1|L@Ly6ClowMac/Cd44|R,OsteoCAR/Spp1|L,Ly6ClowMac/Cd44|R,1.4631093,Ligand,Receptor,Spp1|L,Cd44|R,OsteoCAR,Ly6ClowMac,OsteoCAR@Ly6ClowMac,LR
14950,OsteoCAR/Spp1|L@Ly6ClowMac/Itga4_Itgb1|R,OsteoCAR/Spp1|L,Ly6ClowMac/Itga4_Itgb1|R,1.8487694,Ligand,Receptor,Spp1|L,Itga4_Itgb1|R,OsteoCAR,Ly6ClowMac,OsteoCAR@Ly6ClowMac,LR
14951,OsteoCAR/Spp1|L@Ly6ClowMac/Itgav_Itgb1|R,OsteoCAR/Spp1|L,Ly6ClowMac/Itgav_Itgb1|R,1.1789638,Ligand,Receptor,Spp1|L,Itgav_Itgb1|R,OsteoCAR,Ly6ClowMac,OsteoCAR@Ly6ClowMac,LR
14952,OsteoCAR/Spp1|L@Ly6ClowMac/Itgav_Itgb5|R,OsteoCAR/Spp1|L,Ly6ClowMac/Itgav_Itgb5|R,1.1789638,Ligand,Receptor,Spp1|L,Itgav_Itgb5|R,OsteoCAR,Ly6ClowMac,OsteoCAR@Ly6ClowMac,LR
14953,OsteoCAR/Spp1|L@MK/Cd44|R,OsteoCAR/Spp1|L,MK/Cd44|R,1.2594728,Ligand,Receptor,Spp1|L,Cd44|R,OsteoCAR,MK,OsteoCAR@MK,LR
14954,OsteoCAR/Spp1|L@MK/Itga4_Itgb1|R,OsteoCAR/Spp1|L,MK/Itga4_Itgb1|R,1.4779286,Ligand,Receptor,Spp1|L,Itga4_Itgb1|R,OsteoCAR,MK,OsteoCAR@MK,LR
14955,OsteoCAR/Spp1|L@MonoPro/Cd44|R,OsteoCAR/Spp1|L,MonoPro/Cd44|R,1.3276901,Ligand,Receptor,Spp1|L,Cd44|R,OsteoCAR,MonoPro,OsteoCAR@MonoPro,LR
14956,OsteoCAR/Spp1|L@MonoPro/Itga4_Itgb1|R,OsteoCAR/Spp1|L,MonoPro/Itga4_Itgb1|R,1.4168432,Ligand,Receptor,Spp1|L,Itga4_Itgb1|R,OsteoCAR,MonoPro,OsteoCAR@MonoPro,LR
14957,OsteoCAR/Spp1|L@MonoPro/Itga5_Itgb1|R,OsteoCAR/Spp1|L,MonoPro/Itga5_Itgb1|R,1.101944,Ligand,Receptor,Spp1|L,Itga5_Itgb1|R,OsteoCAR,MonoPro,OsteoCAR@MonoPro,LR
14958,OsteoCAR/Spp1|L@Neut1/Cd44|R,OsteoCAR/Spp1|L,Neut1/Cd44|R,1.3392392,Ligand,Receptor,Spp1|L,Cd44|R,OsteoCAR,Neut1,OsteoCAR@Neut1,LR
14959,OsteoCAR/Spp1|L@Neut1/Itga4_Itgb1|R,OsteoCAR/Spp1|L,Neut1/Itga4_Itgb1|R,1.2554961,Ligand,Receptor,Spp1|L,Itga4_Itgb1|R,OsteoCAR,Neut1,OsteoCAR@Neut1,LR
14960,OsteoCAR/Spp1|L@Neut2/Cd44|R,OsteoCAR/Spp1|L,Neut2/Cd44|R,1.3892834,Ligand,Receptor,Spp1|L,Cd44|R,OsteoCAR,Neut2,OsteoCAR@Neut2,LR
14961,OsteoCAR/Spp1|L@Neut2/Itga4_Itgb1|R,OsteoCAR/Spp1|L,Neut2/Itga4_Itgb1|R,1.2628134,Ligand,Receptor,Spp1|L,Itga4_Itgb1|R,OsteoCAR,Neut2,OsteoCAR@Neut2,LR
14962,OsteoCAR/Spp1|L@OsteoCAR/Cd44|R,OsteoCAR/Spp1|L,OsteoCAR/Cd44|R,1.2357421,Ligand,Receptor,Spp1|L,Cd44|R,OsteoCAR,OsteoCAR,OsteoCAR@OsteoCAR,LR
14963,OsteoCAR/Spp1|L@OsteoCAR/Itga4_Itgb1|R,OsteoCAR/Spp1|L,OsteoCAR/Itga4_Itgb1|R,1.169776,Ligand,Receptor,Spp1|L,Itga4_Itgb1|R,OsteoCAR,OsteoCAR,OsteoCAR@OsteoCAR,LR
14964,OsteoCAR/Spp1|L@OsteoCAR/Itga9_Itgb1|R,OsteoCAR/Spp1|L,OsteoCAR/Itga9_Itgb1|R,1.1934559,Ligand,Receptor,Spp1|L,Itga9_Itgb1|R,OsteoCAR,OsteoCAR,OsteoCAR@OsteoCAR,LR
14965,OsteoCAR/Spp1|L@OsteoCAR/Itgav_Itgb1|R,OsteoCAR/Spp1|L,OsteoCAR/Itgav_Itgb1|R,1.3009442,Ligand,Receptor,Spp1|L,Itgav_Itgb1|R,OsteoCAR,OsteoCAR,OsteoCAR@OsteoCAR,LR
14966,OsteoCAR/Spp1|L@OsteoCAR/Itgav_Itgb5|R,OsteoCAR/Spp1|L,OsteoCAR/Itgav_Itgb5|R,1.3009442,Ligand,Receptor,Spp1|L,Itgav_Itgb5|R,OsteoCAR,OsteoCAR,OsteoCAR@OsteoCAR,LR
14967,OsteoCAR/Spp1|L@OsteoCAR/S1pr1|R,OsteoCAR/Spp1|L,OsteoCAR/S1pr1|R,1.2888901,Ligand,Receptor,Spp1|L,S1pr1|R,OsteoCAR,OsteoCAR,OsteoCAR@OsteoCAR,LR
14968,OsteoCAR/Spp1|L@ResMac/Cd44|R,OsteoCAR/Spp1|L,ResMac/Cd44|R,1.3665284,Ligand,Receptor,Spp1|L,Cd44|R,OsteoCAR,ResMac,OsteoCAR@ResMac,LR
14969,OsteoCAR/Spp1|L@ResMac/Itga4_Itgb1|R,OsteoCAR/Spp1|L,ResMac/Itga4_Itgb1|R,1.6669613,Ligand,Receptor,Spp1|L,Itga4_Itgb1|R,OsteoCAR,ResMac,OsteoCAR@ResMac,LR
14970,OsteoCAR/Spp1|L@ResMac/Itgav_Itgb1|R,OsteoCAR/Spp1|L,ResMac/Itgav_Itgb1|R,1.158357,Ligand,Receptor,Spp1|L,Itgav_Itgb1|R,OsteoCAR,ResMac,OsteoCAR@ResMac,LR
14971,OsteoCAR/Spp1|L@ResMac/Itgav_Itgb5|R,OsteoCAR/Spp1|L,ResMac/Itgav_Itgb5|R,1.158357,Ligand,Receptor,Spp1|L,Itgav_Itgb5|R,OsteoCAR,ResMac,OsteoCAR@ResMac,LR
14972,OsteoCAR/Spp1|L@Spp1+Mac/Cd44|R,OsteoCAR/Spp1|L,Spp1+Mac/Cd44|R,1.2582903,Ligand,Receptor,Spp1|L,Cd44|R,OsteoCAR,Spp1+Mac,OsteoCAR@Spp1+Mac,LR
14973,OsteoCAR/Spp1|L@Spp1+Mac/Itga4_Itgb1|R,OsteoCAR/Spp1|L,Spp1+Mac/Itga4_Itgb1|R,1.4185072,Ligand,Receptor,Spp1|L,Itga4_Itgb1|R,OsteoCAR,Spp1+Mac,OsteoCAR@Spp1+Mac,LR
14974,OsteoCAR/Spp1|L@Spp1+Mac/Itga5_Itgb1|R,OsteoCAR/Spp1|L,Spp1+Mac/Itga5_Itgb1|R,1.1653509,Ligand,Receptor,Spp1|L,Itga5_Itgb1|R,OsteoCAR,Spp1+Mac,OsteoCAR@Spp1+Mac,LR
14975,OsteoCAR/Spp1|L@Spp1+Mac/Itgav_Itgb1|R,OsteoCAR/Spp1|L,Spp1+Mac/Itgav_Itgb1|R,1.4004539,Ligand,Receptor,Spp1|L,Itgav_Itgb1|R,OsteoCAR,Spp1+Mac,OsteoCAR@Spp1+Mac,LR
14976,OsteoCAR/Spp1|L@Spp1+Mac/Itgav_Itgb3|R,OsteoCAR/Spp1|L,Spp1+Mac/Itgav_Itgb3|R,1.1594802,Ligand,Receptor,Spp1|L,Itgav_Itgb3|R,OsteoCAR,Spp1+Mac,OsteoCAR@Spp1+Mac,LR
14977,OsteoCAR/Spp1|L@Spp1+Mac/Itgav_Itgb5|R,OsteoCAR/Spp1|L,Spp1+Mac/Itgav_Itgb5|R,1.229849,Ligand,Receptor,Spp1|L,Itgav_Itgb5|R,OsteoCAR,Spp1+Mac,OsteoCAR@Spp1+Mac,LR
14978,OsteoCAR/Spp1|L@TCells/Cd44|R,OsteoCAR/Spp1|L,TCells/Cd44|R,1.1850269,Ligand,Receptor,Spp1|L,Cd44|R,OsteoCAR,TCells,OsteoCAR@TCells,LR
14979,OsteoCAR/Spp1|L@TCells/Itga4_Itgb1|R,OsteoCAR/Spp1|L,TCells/Itga4_Itgb1|R,1.4389513,Ligand,Receptor,Spp1|L,Itga4_Itgb1|R,OsteoCAR,TCells,OsteoCAR@TCells,LR
14980,OsteoCAR/Spp1|L@TCells/S1pr1|R,OsteoCAR/Spp1|L,TCells/S1pr1|R,1.1944509,Ligand,Receptor,Spp1|L,S1pr1|R,OsteoCAR,TCells,OsteoCAR@TCells,LR
15045,OsteoCAR/Thbs1|L@BCells/Cd47|R,OsteoCAR/Thbs1|L,BCells/Cd47|R,-1.0150324,Ligand,Receptor,Thbs1|L,Cd47|R,OsteoCAR,BCells,OsteoCAR@BCells,LR
15046,OsteoCAR/Thbs1|L@BCells/Itga4|R,OsteoCAR/Thbs1|L,BCells/Itga4|R,-0.85962677,Ligand,Receptor,Thbs1|L,Itga4|R,OsteoCAR,BCells,OsteoCAR@BCells,LR
15047,OsteoCAR/Thbs1|L@BCells/Ptprj|R,OsteoCAR/Thbs1|L,BCells/Ptprj|R,-0.52391624,Ligand,Receptor,Thbs1|L,Ptprj|R,OsteoCAR,BCells,OsteoCAR@BCells,LR
15048,OsteoCAR/Thbs1|L@BCells/Sdc1|R,OsteoCAR/Thbs1|L,BCells/Sdc1|R,-0.19511878,Ligand,Receptor,Thbs1|L,Sdc1|R,OsteoCAR,BCells,OsteoCAR@BCells,LR
15049,OsteoCAR/Thbs1|L@BCells/Sdc4|R,OsteoCAR/Thbs1|L,BCells/Sdc4|R,-0.38230336,Ligand,Receptor,Thbs1|L,Sdc4|R,OsteoCAR,BCells,OsteoCAR@BCells,LR
15050,OsteoCAR/Thbs1|L@Baso/Cd47|R,OsteoCAR/Thbs1|L,Baso/Cd47|R,-0.14489114,Ligand,Receptor,Thbs1|L,Cd47|R,OsteoCAR,Baso,OsteoCAR@Baso,LR
15051,OsteoCAR/Thbs1|L@Baso/Itga4|R,OsteoCAR/Thbs1|L,Baso/Itga4|R,-0.74012226,Ligand,Receptor,Thbs1|L,Itga4|R,OsteoCAR,Baso,OsteoCAR@Baso,LR
15052,OsteoCAR/Thbs1|L@Baso/Itga6|R,OsteoCAR/Thbs1|L,Baso/Itga6|R,-0.10228884,Ligand,Receptor,Thbs1|L,Itga6|R,OsteoCAR,Baso,OsteoCAR@Baso,LR
15053,OsteoCAR/Thbs1|L@DC/Cd47|R,OsteoCAR/Thbs1|L,DC/Cd47|R,-1.0934229,Ligand,Receptor,Thbs1|L,Cd47|R,OsteoCAR,DC,OsteoCAR@DC,LR
15054,OsteoCAR/Thbs1|L@DC/Itga4|R,OsteoCAR/Thbs1|L,DC/Itga4|R,-0.800853,Ligand,Receptor,Thbs1|L,Itga4|R,OsteoCAR,DC,OsteoCAR@DC,LR
15055,OsteoCAR/Thbs1|L@DC/Lrp1|R,OsteoCAR/Thbs1|L,DC/Lrp1|R,-0.50276345,Ligand,Receptor,Thbs1|L,Lrp1|R,OsteoCAR,DC,OsteoCAR@DC,LR
15056,OsteoCAR/Thbs1|L@DC/Ptprj|R,OsteoCAR/Thbs1|L,DC/Ptprj|R,-0.17067352,Ligand,Receptor,Thbs1|L,Ptprj|R,OsteoCAR,DC,OsteoCAR@DC,LR
15057,OsteoCAR/Thbs1|L@DC/Scarb1|R,OsteoCAR/Thbs1|L,DC/Scarb1|R,-0.17456308,Ligand,Receptor,Thbs1|L,Scarb1|R,OsteoCAR,DC,OsteoCAR@DC,LR
15058,OsteoCAR/Thbs1|L@EC/Cd36|R,OsteoCAR/Thbs1|L,EC/Cd36|R,0.087810636,Ligand,Receptor,Thbs1|L,Cd36|R,OsteoCAR,EC,OsteoCAR@EC,LR
15059,OsteoCAR/Thbs1|L@EC/Cd47|R,OsteoCAR/Thbs1|L,EC/Cd47|R,-0.9045012,Ligand,Receptor,Thbs1|L,Cd47|R,OsteoCAR,EC,OsteoCAR@EC,LR
15060,OsteoCAR/Thbs1|L@EC/Itga6|R,OsteoCAR/Thbs1|L,EC/Itga6|R,-0.1279614,Ligand,Receptor,Thbs1|L,Itga6|R,OsteoCAR,EC,OsteoCAR@EC,LR
15061,OsteoCAR/Thbs1|L@EC/Scarb1|R,OsteoCAR/Thbs1|L,EC/Scarb1|R,-0.1723141,Ligand,Receptor,Thbs1|L,Scarb1|R,OsteoCAR,EC,OsteoCAR@EC,LR
15062,OsteoCAR/Thbs1|L@Ery/Cd47|R,OsteoCAR/Thbs1|L,Ery/Cd47|R,-0.14646125,Ligand,Receptor,Thbs1|L,Cd47|R,OsteoCAR,Ery,OsteoCAR@Ery,LR
15063,OsteoCAR/Thbs1|L@Ery/Itga4|R,OsteoCAR/Thbs1|L,Ery/Itga4|R,-1.0099475,Ligand,Receptor,Thbs1|L,Itga4|R,OsteoCAR,Ery,OsteoCAR@Ery,LR
15064,OsteoCAR/Thbs1|L@Ery/Ptprj|R,OsteoCAR/Thbs1|L,Ery/Ptprj|R,-0.46394706,Ligand,Receptor,Thbs1|L,Ptprj|R,OsteoCAR,Ery,OsteoCAR@Ery,LR
15065,OsteoCAR/Thbs1|L@Ery/Scarb1|R,OsteoCAR/Thbs1|L,Ery/Scarb1|R,-0.1715149,Ligand,Receptor,Thbs1|L,Scarb1|R,OsteoCAR,Ery,OsteoCAR@Ery,LR
15071,OsteoCAR/Thbs1|L@InfiltMac/Cd47|R,OsteoCAR/Thbs1|L,InfiltMac/Cd47|R,-0.10712981,Ligand,Receptor,Thbs1|L,Cd47|R,OsteoCAR,InfiltMac,OsteoCAR@InfiltMac,LR
15072,OsteoCAR/Thbs1|L@InfiltMac/Itga4|R,OsteoCAR/Thbs1|L,InfiltMac/Itga4|R,-0.09648943,Ligand,Receptor,Thbs1|L,Itga4|R,OsteoCAR,InfiltMac,OsteoCAR@InfiltMac,LR
15073,OsteoCAR/Thbs1|L@InfiltMac/Lrp1|R,OsteoCAR/Thbs1|L,InfiltMac/Lrp1|R,-0.19389808,Ligand,Receptor,Thbs1|L,Lrp1|R,OsteoCAR,InfiltMac,OsteoCAR@InfiltMac,LR
15074,OsteoCAR/Thbs1|L@InfiltMac/Ptprj|R,OsteoCAR/Thbs1|L,InfiltMac/Ptprj|R,-0.21356139,Ligand,Receptor,Thbs1|L,Ptprj|R,OsteoCAR,InfiltMac,OsteoCAR@InfiltMac,LR
15075,OsteoCAR/Thbs1|L@InfiltMac/Scarb1|R,OsteoCAR/Thbs1|L,InfiltMac/Scarb1|R,-0.18417439,Ligand,Receptor,Thbs1|L,Scarb1|R,OsteoCAR,InfiltMac,OsteoCAR@InfiltMac,LR
15076,OsteoCAR/Thbs1|L@Ly6ClowMac/Cd36|R,OsteoCAR/Thbs1|L,Ly6ClowMac/Cd36|R,-0.38335708,Ligand,Receptor,Thbs1|L,Cd36|R,OsteoCAR,Ly6ClowMac,OsteoCAR@Ly6ClowMac,LR
15077,OsteoCAR/Thbs1|L@Ly6ClowMac/Cd47|R,OsteoCAR/Thbs1|L,Ly6ClowMac/Cd47|R,0.017288685,Ligand,Receptor,Thbs1|L,Cd47|R,OsteoCAR,Ly6ClowMac,OsteoCAR@Ly6ClowMac,LR
15078,OsteoCAR/Thbs1|L@Ly6ClowMac/Itga4|R,OsteoCAR/Thbs1|L,Ly6ClowMac/Itga4|R,0.052120447,Ligand,Receptor,Thbs1|L,Itga4|R,OsteoCAR,Ly6ClowMac,OsteoCAR@Ly6ClowMac,LR
15079,OsteoCAR/Thbs1|L@Ly6ClowMac/Lrp1|R,OsteoCAR/Thbs1|L,Ly6ClowMac/Lrp1|R,-0.15584308,Ligand,Receptor,Thbs1|L,Lrp1|R,OsteoCAR,Ly6ClowMac,OsteoCAR@Ly6ClowMac,LR
15080,OsteoCAR/Thbs1|L@Ly6ClowMac/Ptprj|R,OsteoCAR/Thbs1|L,Ly6ClowMac/Ptprj|R,-0.22457868,Ligand,Receptor,Thbs1|L,Ptprj|R,OsteoCAR,Ly6ClowMac,OsteoCAR@Ly6ClowMac,LR
15081,OsteoCAR/Thbs1|L@MK/Cd47|R,OsteoCAR/Thbs1|L,MK/Cd47|R,-0.25644004,Ligand,Receptor,Thbs1|L,Cd47|R,OsteoCAR,MK,OsteoCAR@MK,LR
15082,OsteoCAR/Thbs1|L@MK/Itga2b_Itgb3|R,OsteoCAR/Thbs1|L,MK/Itga2b_Itgb3|R,0.3044302,Ligand,Receptor,Thbs1|L,Itga2b_Itgb3|R,OsteoCAR,MK,OsteoCAR@MK,LR
15083,OsteoCAR/Thbs1|L@MK/Itga4|R,OsteoCAR/Thbs1|L,MK/Itga4|R,-0.9427109,Ligand,Receptor,Thbs1|L,Itga4|R,OsteoCAR,MK,OsteoCAR@MK,LR
15084,OsteoCAR/Thbs1|L@MK/Itga6|R,OsteoCAR/Thbs1|L,MK/Itga6|R,-0.20953572,Ligand,Receptor,Thbs1|L,Itga6|R,OsteoCAR,MK,OsteoCAR@MK,LR
15085,OsteoCAR/Thbs1|L@MK/Ptprj|R,OsteoCAR/Thbs1|L,MK/Ptprj|R,-0.48673278,Ligand,Receptor,Thbs1|L,Ptprj|R,OsteoCAR,MK,OsteoCAR@MK,LR
15086,OsteoCAR/Thbs1|L@MK/Scarb1|R,OsteoCAR/Thbs1|L,MK/Scarb1|R,-0.17541295,Ligand,Receptor,Thbs1|L,Scarb1|R,OsteoCAR,MK,OsteoCAR@MK,LR
15087,OsteoCAR/Thbs1|L@MonoPro/Cd47|R,OsteoCAR/Thbs1|L,MonoPro/Cd47|R,-0.18387043,Ligand,Receptor,Thbs1|L,Cd47|R,OsteoCAR,MonoPro,OsteoCAR@MonoPro,LR
15088,OsteoCAR/Thbs1|L@MonoPro/Itga4|R,OsteoCAR/Thbs1|L,MonoPro/Itga4|R,-0.7355778,Ligand,Receptor,Thbs1|L,Itga4|R,OsteoCAR,MonoPro,OsteoCAR@MonoPro,LR
15089,OsteoCAR/Thbs1|L@MonoPro/Itga6|R,OsteoCAR/Thbs1|L,MonoPro/Itga6|R,-0.14879125,Ligand,Receptor,Thbs1|L,Itga6|R,OsteoCAR,MonoPro,OsteoCAR@MonoPro,LR
15090,OsteoCAR/Thbs1|L@MonoPro/Ptprj|R,OsteoCAR/Thbs1|L,MonoPro/Ptprj|R,-0.4706793,Ligand,Receptor,Thbs1|L,Ptprj|R,OsteoCAR,MonoPro,OsteoCAR@MonoPro,LR
15091,OsteoCAR/Thbs1|L@MonoPro/Scarb1|R,OsteoCAR/Thbs1|L,MonoPro/Scarb1|R,-0.19192472,Ligand,Receptor,Thbs1|L,Scarb1|R,OsteoCAR,MonoPro,OsteoCAR@MonoPro,LR
15092,OsteoCAR/Thbs1|L@Neut1/Cd47|R,OsteoCAR/Thbs1|L,Neut1/Cd47|R,-0.18411762,Ligand,Receptor,Thbs1|L,Cd47|R,OsteoCAR,Neut1,OsteoCAR@Neut1,LR
15093,OsteoCAR/Thbs1|L@Neut1/Itga4|R,OsteoCAR/Thbs1|L,Neut1/Itga4|R,-0.5916299,Ligand,Receptor,Thbs1|L,Itga4|R,OsteoCAR,Neut1,OsteoCAR@Neut1,LR
15094,OsteoCAR/Thbs1|L@Neut1/Itga6|R,OsteoCAR/Thbs1|L,Neut1/Itga6|R,0.29182702,Ligand,Receptor,Thbs1|L,Itga6|R,OsteoCAR,Neut1,OsteoCAR@Neut1,LR
15095,OsteoCAR/Thbs1|L@Neut1/Ptprj|R,OsteoCAR/Thbs1|L,Neut1/Ptprj|R,-0.18765163,Ligand,Receptor,Thbs1|L,Ptprj|R,OsteoCAR,Neut1,OsteoCAR@Neut1,LR
15096,OsteoCAR/Thbs1|L@Neut2/Cd47|R,OsteoCAR/Thbs1|L,Neut2/Cd47|R,-1.146553,Ligand,Receptor,Thbs1|L,Cd47|R,OsteoCAR,Neut2,OsteoCAR@Neut2,LR
15097,OsteoCAR/Thbs1|L@Neut2/Itga4|R,OsteoCAR/Thbs1|L,Neut2/Itga4|R,-0.5847831,Ligand,Receptor,Thbs1|L,Itga4|R,OsteoCAR,Neut2,OsteoCAR@Neut2,LR
15098,OsteoCAR/Thbs1|L@Neut2/Ptprj|R,OsteoCAR/Thbs1|L,Neut2/Ptprj|R,-0.16917628,Ligand,Receptor,Thbs1|L,Ptprj|R,OsteoCAR,Neut2,OsteoCAR@Neut2,LR
15099,OsteoCAR/Thbs1|L@OsteoCAR/Cd47|R,OsteoCAR/Thbs1|L,OsteoCAR/Cd47|R,0.034216642,Ligand,Receptor,Thbs1|L,Cd47|R,OsteoCAR,OsteoCAR,OsteoCAR@OsteoCAR,LR
15100,OsteoCAR/Thbs1|L@OsteoCAR/Itga4|R,OsteoCAR/Thbs1|L,OsteoCAR/Itga4|R,-0.51515,Ligand,Receptor,Thbs1|L,Itga4|R,OsteoCAR,OsteoCAR,OsteoCAR@OsteoCAR,LR
15101,OsteoCAR/Thbs1|L@OsteoCAR/Lrp1|R,OsteoCAR/Thbs1|L,OsteoCAR/Lrp1|R,-0.12275517,Ligand,Receptor,Thbs1|L,Lrp1|R,OsteoCAR,OsteoCAR,OsteoCAR@OsteoCAR,LR
15102,OsteoCAR/Thbs1|L@OsteoCAR/Ptprj|R,OsteoCAR/Thbs1|L,OsteoCAR/Ptprj|R,-0.53733164,Ligand,Receptor,Thbs1|L,Ptprj|R,OsteoCAR,OsteoCAR,OsteoCAR@OsteoCAR,LR
15103,OsteoCAR/Thbs1|L@OsteoCAR/Sdc1|R,OsteoCAR/Thbs1|L,OsteoCAR/Sdc1|R,-0.17185402,Ligand,Receptor,Thbs1|L,Sdc1|R,OsteoCAR,OsteoCAR,OsteoCAR@OsteoCAR,LR
15104,OsteoCAR/Thbs1|L@OsteoCAR/Sdc4|R,OsteoCAR/Thbs1|L,OsteoCAR/Sdc4|R,-0.16398206,Ligand,Receptor,Thbs1|L,Sdc4|R,OsteoCAR,OsteoCAR,OsteoCAR@OsteoCAR,LR
15105,OsteoCAR/Thbs1|L@ResMac/Cd47|R,OsteoCAR/Thbs1|L,ResMac/Cd47|R,0.0058244467,Ligand,Receptor,Thbs1|L,Cd47|R,OsteoCAR,ResMac,OsteoCAR@ResMac,LR
15106,OsteoCAR/Thbs1|L@ResMac/Itga4|R,OsteoCAR/Thbs1|L,ResMac/Itga4|R,-0.08334994,Ligand,Receptor,Thbs1|L,Itga4|R,OsteoCAR,ResMac,OsteoCAR@ResMac,LR
15107,OsteoCAR/Thbs1|L@ResMac/Lrp1|R,OsteoCAR/Thbs1|L,ResMac/Lrp1|R,-0.060201645,Ligand,Receptor,Thbs1|L,Lrp1|R,OsteoCAR,ResMac,OsteoCAR@ResMac,LR
15108,OsteoCAR/Thbs1|L@ResMac/Ptprj|R,OsteoCAR/Thbs1|L,ResMac/Ptprj|R,-0.18474618,Ligand,Receptor,Thbs1|L,Ptprj|R,OsteoCAR,ResMac,OsteoCAR@ResMac,LR
15109,OsteoCAR/Thbs1|L@ResMac/Scarb1|R,OsteoCAR/Thbs1|L,ResMac/Scarb1|R,0.3382901,Ligand,Receptor,Thbs1|L,Scarb1|R,OsteoCAR,ResMac,OsteoCAR@ResMac,LR
15110,OsteoCAR/Thbs1|L@Spp1+Mac/Itga4|R,OsteoCAR/Thbs1|L,Spp1+Mac/Itga4|R,-0.7603732,Ligand,Receptor,Thbs1|L,Itga4|R,OsteoCAR,Spp1+Mac,OsteoCAR@Spp1+Mac,LR
15111,OsteoCAR/Thbs1|L@Spp1+Mac/Itgav_Itgb3|R,OsteoCAR/Thbs1|L,Spp1+Mac/Itgav_Itgb3|R,0.33715773,Ligand,Receptor,Thbs1|L,Itgav_Itgb3|R,OsteoCAR,Spp1+Mac,OsteoCAR@Spp1+Mac,LR
15112,OsteoCAR/Thbs1|L@Spp1+Mac/Lrp1|R,OsteoCAR/Thbs1|L,Spp1+Mac/Lrp1|R,-0.4828534,Ligand,Receptor,Thbs1|L,Lrp1|R,OsteoCAR,Spp1+Mac,OsteoCAR@Spp1+Mac,LR
15113,OsteoCAR/Thbs1|L@Spp1+Mac/Ptprj|R,OsteoCAR/Thbs1|L,Spp1+Mac/Ptprj|R,-0.64619327,Ligand,Receptor,Thbs1|L,Ptprj|R,OsteoCAR,Spp1+Mac,OsteoCAR@Spp1+Mac,LR
15114,OsteoCAR/Thbs1|L@Spp1+Mac/Scarb1|R,OsteoCAR/Thbs1|L,Spp1+Mac/Scarb1|R,-0.08911398,Ligand,Receptor,Thbs1|L,Scarb1|R,OsteoCAR,Spp1+Mac,OsteoCAR@Spp1+Mac,LR
15115,OsteoCAR/Thbs1|L@Spp1+Mac/Sdc1|R,OsteoCAR/Thbs1|L,Spp1+Mac/Sdc1|R,-0.48854804,Ligand,Receptor,Thbs1|L,Sdc1|R,OsteoCAR,Spp1+Mac,OsteoCAR@Spp1+Mac,LR
15116,OsteoCAR/Thbs1|L@Spp1+Mac/Sdc4|R,OsteoCAR/Thbs1|L,Spp1+Mac/Sdc4|R,-0.37247634,Ligand,Receptor,Thbs1|L,Sdc4|R,OsteoCAR,Spp1+Mac,OsteoCAR@Spp1+Mac,LR
15117,OsteoCAR/Thbs1|L@TCells/Cd47|R,OsteoCAR/Thbs1|L,TCells/Cd47|R,-0.99842143,Ligand,Receptor,Thbs1|L,Cd47|R,OsteoCAR,TCells,OsteoCAR@TCells,LR
15118,OsteoCAR/Thbs1|L@TCells/Itga4|R,OsteoCAR/Thbs1|L,TCells/Itga4|R,-0.8070296,Ligand,Receptor,Thbs1|L,Itga4|R,OsteoCAR,TCells,OsteoCAR@TCells,LR
15119,OsteoCAR/Thbs2|L@BCells/Sdc1|R,OsteoCAR/Thbs2|L,BCells/Sdc1|R,0.3284093,Ligand,Receptor,Thbs2|L,Sdc1|R,OsteoCAR,BCells,OsteoCAR@BCells,LR
15120,OsteoCAR/Thbs2|L@Baso/Cd47|R,OsteoCAR/Thbs2|L,Baso/Cd47|R,1.2514987,Ligand,Receptor,Thbs2|L,Cd47|R,OsteoCAR,Baso,OsteoCAR@Baso,LR
15121,OsteoCAR/Thbs2|L@Baso/Itga6|R,OsteoCAR/Thbs2|L,Baso/Itga6|R,0.40736336,Ligand,Receptor,Thbs2|L,Itga6|R,OsteoCAR,Baso,OsteoCAR@Baso,LR
15122,OsteoCAR/Thbs2|L@DC/Cd47|R,OsteoCAR/Thbs2|L,DC/Cd47|R,0.87922424,Ligand,Receptor,Thbs2|L,Cd47|R,OsteoCAR,DC,OsteoCAR@DC,LR
15123,OsteoCAR/Thbs2|L@EC/Cd36|R,OsteoCAR/Thbs2|L,EC/Cd36|R,1.4347486,Ligand,Receptor,Thbs2|L,Cd36|R,OsteoCAR,EC,OsteoCAR@EC,LR
15124,OsteoCAR/Thbs2|L@EC/Itga6|R,OsteoCAR/Thbs2|L,EC/Itga6|R,0.69167244,Ligand,Receptor,Thbs2|L,Itga6|R,OsteoCAR,EC,OsteoCAR@EC,LR
15125,OsteoCAR/Thbs2|L@EC/Notch4|R,OsteoCAR/Thbs2|L,EC/Notch4|R,0.31156108,Ligand,Receptor,Thbs2|L,Notch4|R,OsteoCAR,EC,OsteoCAR@EC,LR
15126,OsteoCAR/Thbs2|L@Ery/Cd47|R,OsteoCAR/Thbs2|L,Ery/Cd47|R,1.1056561,Ligand,Receptor,Thbs2|L,Cd47|R,OsteoCAR,Ery,OsteoCAR@Ery,LR
15127,OsteoCAR/Thbs2|L@Ery/Itga4|R,OsteoCAR/Thbs2|L,Ery/Itga4|R,0.7463772,Ligand,Receptor,Thbs2|L,Itga4|R,OsteoCAR,Ery,OsteoCAR@Ery,LR
15128,OsteoCAR/Thbs2|L@InfiltMac/Cd47|R,OsteoCAR/Thbs2|L,InfiltMac/Cd47|R,0.94123375,Ligand,Receptor,Thbs2|L,Cd47|R,OsteoCAR,InfiltMac,OsteoCAR@InfiltMac,LR
15129,OsteoCAR/Thbs2|L@InfiltMac/Itga4|R,OsteoCAR/Thbs2|L,InfiltMac/Itga4|R,0.9159899,Ligand,Receptor,Thbs2|L,Itga4|R,OsteoCAR,InfiltMac,OsteoCAR@InfiltMac,LR
15130,OsteoCAR/Thbs2|L@Ly6ClowMac/Cd36|R,OsteoCAR/Thbs2|L,Ly6ClowMac/Cd36|R,0.40079358,Ligand,Receptor,Thbs2|L,Cd36|R,OsteoCAR,Ly6ClowMac,OsteoCAR@Ly6ClowMac,LR
15131,OsteoCAR/Thbs2|L@Ly6ClowMac/Cd47|R,OsteoCAR/Thbs2|L,Ly6ClowMac/Cd47|R,1.2263725,Ligand,Receptor,Thbs2|L,Cd47|R,OsteoCAR,Ly6ClowMac,OsteoCAR@Ly6ClowMac,LR
15132,OsteoCAR/Thbs2|L@Ly6ClowMac/Itga4|R,OsteoCAR/Thbs2|L,Ly6ClowMac/Itga4|R,1.1682949,Ligand,Receptor,Thbs2|L,Itga4|R,OsteoCAR,Ly6ClowMac,OsteoCAR@Ly6ClowMac,LR
15133,OsteoCAR/Thbs2|L@MK/Cd47|R,OsteoCAR/Thbs2|L,MK/Cd47|R,1.112643,Ligand,Receptor,Thbs2|L,Cd47|R,OsteoCAR,MK,OsteoCAR@MK,LR
15134,OsteoCAR/Thbs2|L@MK/Itga4|R,OsteoCAR/Thbs2|L,MK/Itga4|R,0.6848628,Ligand,Receptor,Thbs2|L,Itga4|R,OsteoCAR,MK,OsteoCAR@MK,LR
15135,OsteoCAR/Thbs2|L@MK/Itga6|R,OsteoCAR/Thbs2|L,MK/Itga6|R,0.35427815,Ligand,Receptor,Thbs2|L,Itga6|R,OsteoCAR,MK,OsteoCAR@MK,LR
15136,OsteoCAR/Thbs2|L@MonoPro/Cd47|R,OsteoCAR/Thbs2|L,MonoPro/Cd47|R,1.0489255,Ligand,Receptor,Thbs2|L,Cd47|R,OsteoCAR,MonoPro,OsteoCAR@MonoPro,LR
15137,OsteoCAR/Thbs2|L@MonoPro/Itga6|R,OsteoCAR/Thbs2|L,MonoPro/Itga6|R,0.32129806,Ligand,Receptor,Thbs2|L,Itga6|R,OsteoCAR,MonoPro,OsteoCAR@MonoPro,LR
15138,OsteoCAR/Thbs2|L@Neut1/Cd47|R,OsteoCAR/Thbs2|L,Neut1/Cd47|R,0.9547604,Ligand,Receptor,Thbs2|L,Cd47|R,OsteoCAR,Neut1,OsteoCAR@Neut1,LR
15139,OsteoCAR/Thbs2|L@Neut1/Itga6|R,OsteoCAR/Thbs2|L,Neut1/Itga6|R,0.25832182,Ligand,Receptor,Thbs2|L,Itga6|R,OsteoCAR,Neut1,OsteoCAR@Neut1,LR
15140,OsteoCAR/Thbs2|L@OsteoCAR/Cd47|R,OsteoCAR/Thbs2|L,OsteoCAR/Cd47|R,1.045872,Ligand,Receptor,Thbs2|L,Cd47|R,OsteoCAR,OsteoCAR,OsteoCAR@OsteoCAR,LR
15141,OsteoCAR/Thbs2|L@OsteoCAR/Notch3|R,OsteoCAR/Thbs2|L,OsteoCAR/Notch3|R,0.5408311,Ligand,Receptor,Thbs2|L,Notch3|R,OsteoCAR,OsteoCAR,OsteoCAR@OsteoCAR,LR
15142,OsteoCAR/Thbs2|L@OsteoCAR/Sdc1|R,OsteoCAR/Thbs2|L,OsteoCAR/Sdc1|R,0.38678026,Ligand,Receptor,Thbs2|L,Sdc1|R,OsteoCAR,OsteoCAR,OsteoCAR@OsteoCAR,LR
15143,OsteoCAR/Thbs2|L@ResMac/Cd47|R,OsteoCAR/Thbs2|L,ResMac/Cd47|R,1.0811472,Ligand,Receptor,Thbs2|L,Cd47|R,OsteoCAR,ResMac,OsteoCAR@ResMac,LR
15144,OsteoCAR/Thbs2|L@ResMac/Itga4|R,OsteoCAR/Thbs2|L,ResMac/Itga4|R,0.85342526,Ligand,Receptor,Thbs2|L,Itga4|R,OsteoCAR,ResMac,OsteoCAR@ResMac,LR
15145,OsteoCAR/Thbs2|L@Spp1+Mac/Itgav_Itgb3|R,OsteoCAR/Thbs2|L,Spp1+Mac/Itgav_Itgb3|R,0.30365252,Ligand,Receptor,Thbs2|L,Itgav_Itgb3|R,OsteoCAR,Spp1+Mac,OsteoCAR@Spp1+Mac,LR
15196,OsteoCAR/Tnc|L@BCells/Sdc1|R,OsteoCAR/Tnc|L,BCells/Sdc1|R,-0.0794425,Ligand,Receptor,Tnc|L,Sdc1|R,OsteoCAR,BCells,OsteoCAR@BCells,LR
15197,OsteoCAR/Tnc|L@BCells/Sdc4|R,OsteoCAR/Tnc|L,BCells/Sdc4|R,-0.26662695,Ligand,Receptor,Tnc|L,Sdc4|R,OsteoCAR,BCells,OsteoCAR@BCells,LR
15198,OsteoCAR/Tnc|L@Baso/Itga2|R,OsteoCAR/Tnc|L,Baso/Itga2|R,0.019835472,Ligand,Receptor,Tnc|L,Itga2|R,OsteoCAR,Baso,OsteoCAR@Baso,LR
15199,OsteoCAR/Tnc|L@DC/Itga5|R,OsteoCAR/Tnc|L,DC/Itga5|R,0.90498364,Ligand,Receptor,Tnc|L,Itga5|R,OsteoCAR,DC,OsteoCAR@DC,LR
15200,OsteoCAR/Tnc|L@EC/Ptprb|R,OsteoCAR/Tnc|L,EC/Ptprb|R,-0.059834242,Ligand,Receptor,Tnc|L,Ptprb|R,OsteoCAR,EC,OsteoCAR@EC,LR
15201,OsteoCAR/Tnc|L@Ery/Itga5|R,OsteoCAR/Tnc|L,Ery/Itga5|R,0.9139051,Ligand,Receptor,Tnc|L,Itga5|R,OsteoCAR,Ery,OsteoCAR@Ery,LR
15204,OsteoCAR/Tnc|L@MK/Itga2b_Itgb3|R,OsteoCAR/Tnc|L,MK/Itga2b_Itgb3|R,0.923641,Ligand,Receptor,Tnc|L,Itga2b_Itgb3|R,OsteoCAR,MK,OsteoCAR@MK,LR
15205,OsteoCAR/Tnc|L@MonoPro/Itga5|R,OsteoCAR/Tnc|L,MonoPro/Itga5|R,-0.07413155,Ligand,Receptor,Tnc|L,Itga5|R,OsteoCAR,MonoPro,OsteoCAR@MonoPro,LR
15206,OsteoCAR/Tnc|L@OsteoCAR/Egfr|R,OsteoCAR/Tnc|L,OsteoCAR/Egfr|R,-0.053151727,Ligand,Receptor,Tnc|L,Egfr|R,OsteoCAR,OsteoCAR,OsteoCAR@OsteoCAR,LR
15207,OsteoCAR/Tnc|L@OsteoCAR/Itga9_Itgb1|R,OsteoCAR/Tnc|L,OsteoCAR/Itga9_Itgb1|R,0.9903443,Ligand,Receptor,Tnc|L,Itga9_Itgb1|R,OsteoCAR,OsteoCAR,OsteoCAR@OsteoCAR,LR
15208,OsteoCAR/Tnc|L@OsteoCAR/Sdc1|R,OsteoCAR/Tnc|L,OsteoCAR/Sdc1|R,-0.056177735,Ligand,Receptor,Tnc|L,Sdc1|R,OsteoCAR,OsteoCAR,OsteoCAR@OsteoCAR,LR
15209,OsteoCAR/Tnc|L@OsteoCAR/Sdc4|R,OsteoCAR/Tnc|L,OsteoCAR/Sdc4|R,-0.04830575,Ligand,Receptor,Tnc|L,Sdc4|R,OsteoCAR,OsteoCAR,OsteoCAR@OsteoCAR,LR
15210,OsteoCAR/Tnc|L@Spp1+Mac/Itga5|R,OsteoCAR/Tnc|L,Spp1+Mac/Itga5|R,-0.068007946,Ligand,Receptor,Tnc|L,Itga5|R,OsteoCAR,Spp1+Mac,OsteoCAR@Spp1+Mac,LR
15211,OsteoCAR/Tnc|L@Spp1+Mac/Itgav_Itgb3|R,OsteoCAR/Tnc|L,Spp1+Mac/Itgav_Itgb3|R,0.95636857,Ligand,Receptor,Tnc|L,Itgav_Itgb3|R,OsteoCAR,Spp1+Mac,OsteoCAR@Spp1+Mac,LR
15212,OsteoCAR/Tnc|L@Spp1+Mac/Sdc1|R,OsteoCAR/Tnc|L,Spp1+Mac/Sdc1|R,-0.9920826,Ligand,Receptor,Tnc|L,Sdc1|R,OsteoCAR,Spp1+Mac,OsteoCAR@Spp1+Mac,LR
15213,OsteoCAR/Tnc|L@Spp1+Mac/Sdc4|R,OsteoCAR/Tnc|L,Spp1+Mac/Sdc4|R,-0.25679994,Ligand,Receptor,Tnc|L,Sdc4|R,OsteoCAR,Spp1+Mac,OsteoCAR@Spp1+Mac,LR
15759,ResMac/Fn1|L@Baso/Dpp4|R,ResMac/Fn1|L,Baso/Dpp4|R,0.56751555,Ligand,Receptor,Fn1|L,Dpp4|R,ResMac,Baso,ResMac@Baso,LR
15760,ResMac/Fn1|L@Baso/Itga2|R,ResMac/Fn1|L,Baso/Itga2|R,-0.0644204,Ligand,Receptor,Fn1|L,Itga2|R,ResMac,Baso,ResMac@Baso,LR
15761,ResMac/Fn1|L@Baso/Itga4_Itgb7|R,ResMac/Fn1|L,Baso/Itga4_Itgb7|R,-0.7438351,Ligand,Receptor,Fn1|L,Itga4_Itgb7|R,ResMac,Baso,ResMac@Baso,LR
15762,ResMac/Fn1|L@Baso/Itga6|R,ResMac/Fn1|L,Baso/Itga6|R,-0.0708684,Ligand,Receptor,Fn1|L,Itga6|R,ResMac,Baso,ResMac@Baso,LR
15763,ResMac/Fn1|L@Baso/Nt5e|R,ResMac/Fn1|L,Baso/Nt5e|R,0.35744163,Ligand,Receptor,Fn1|L,Nt5e|R,ResMac,Baso,ResMac@Baso,LR
15764,ResMac/Fn1|L@DC/Cd44|R,ResMac/Fn1|L,DC/Cd44|R,-0.8107381,Ligand,Receptor,Fn1|L,Cd44|R,ResMac,DC,ResMac@DC,LR
15765,ResMac/Fn1|L@DC/Itga4_Itgb7|R,ResMac/Fn1|L,DC/Itga4_Itgb7|R,0.6186428,Ligand,Receptor,Fn1|L,Itga4_Itgb7|R,ResMac,DC,ResMac@DC,LR
15770,ResMac/Fn1|L@Fibro/Dpp4|R,ResMac/Fn1|L,Fibro/Dpp4|R,-0.13437724,Ligand,Receptor,Fn1|L,Dpp4|R,ResMac,Fibro,ResMac@Fibro,LR
15771,ResMac/Fn1|L@Fibro/Itgav_Itgb1|R,ResMac/Fn1|L,Fibro/Itgav_Itgb1|R,-0.12120032,Ligand,Receptor,Fn1|L,Itgav_Itgb1|R,ResMac,Fibro,ResMac@Fibro,LR
15772,ResMac/Fn1|L@Fibro/Sdc2|R,ResMac/Fn1|L,Fibro/Sdc2|R,-0.19771034,Ligand,Receptor,Fn1|L,Sdc2|R,ResMac,Fibro,ResMac@Fibro,LR
15773,ResMac/Fn1|L@InfiltMac/Cd44|R,ResMac/Fn1|L,InfiltMac/Cd44|R,-0.1247648,Ligand,Receptor,Fn1|L,Cd44|R,ResMac,InfiltMac,ResMac@InfiltMac,LR
15774,ResMac/Fn1|L@InfiltMac/Itga4_Itgb7|R,ResMac/Fn1|L,InfiltMac/Itga4_Itgb7|R,-0.30040634,Ligand,Receptor,Fn1|L,Itga4_Itgb7|R,ResMac,InfiltMac,ResMac@InfiltMac,LR
15775,ResMac/Fn1|L@InfiltMac/Plaur|R,ResMac/Fn1|L,InfiltMac/Plaur|R,-0.04600793,Ligand,Receptor,Fn1|L,Plaur|R,ResMac,InfiltMac,ResMac@InfiltMac,LR
15776,ResMac/Fn1|L@Ly6ClowMac/Cd44|R,ResMac/Fn1|L,Ly6ClowMac/Cd44|R,-0.8052299,Ligand,Receptor,Fn1|L,Cd44|R,ResMac,Ly6ClowMac,ResMac@Ly6ClowMac,LR
15777,ResMac/Fn1|L@Ly6ClowMac/Itga4_Itgb1|R,ResMac/Fn1|L,Ly6ClowMac/Itga4_Itgb1|R,-0.04439485,Ligand,Receptor,Fn1|L,Itga4_Itgb1|R,ResMac,Ly6ClowMac,ResMac@Ly6ClowMac,LR
15778,ResMac/Fn1|L@Ly6ClowMac/Itga4_Itgb7|R,ResMac/Fn1|L,Ly6ClowMac/Itga4_Itgb7|R,-0.6136289,Ligand,Receptor,Fn1|L,Itga4_Itgb7|R,ResMac,Ly6ClowMac,ResMac@Ly6ClowMac,LR
15781,ResMac/Fn1|L@MonoPro/Itga5_Itgb1|R,ResMac/Fn1|L,MonoPro/Itga5_Itgb1|R,-0.4892407,Ligand,Receptor,Fn1|L,Itga5_Itgb1|R,ResMac,MonoPro,ResMac@MonoPro,LR
15782,ResMac/Fn1|L@MonoPro/Itga6|R,ResMac/Fn1|L,MonoPro/Itga6|R,-0.117370814,Ligand,Receptor,Fn1|L,Itga6|R,ResMac,MonoPro,ResMac@MonoPro,LR
15783,ResMac/Fn1|L@Neut1/C5ar1|R,ResMac/Fn1|L,Neut1/C5ar1|R,-0.5052232,Ligand,Receptor,Fn1|L,C5ar1|R,ResMac,Neut1,ResMac@Neut1,LR
15784,ResMac/Fn1|L@Neut1/Cd44|R,ResMac/Fn1|L,Neut1/Cd44|R,-0.7403674,Ligand,Receptor,Fn1|L,Cd44|R,ResMac,Neut1,ResMac@Neut1,LR
15785,ResMac/Fn1|L@Neut1/Plaur|R,ResMac/Fn1|L,Neut1/Plaur|R,-0.53137493,Ligand,Receptor,Fn1|L,Plaur|R,ResMac,Neut1,ResMac@Neut1,LR
15786,ResMac/Fn1|L@Neut2/C5ar1|R,ResMac/Fn1|L,Neut2/C5ar1|R,-0.077699006,Ligand,Receptor,Fn1|L,C5ar1|R,ResMac,Neut2,ResMac@Neut2,LR
15787,ResMac/Fn1|L@Neut2/Cd44|R,ResMac/Fn1|L,Neut2/Cd44|R,-0.77095294,Ligand,Receptor,Fn1|L,Cd44|R,ResMac,Neut2,ResMac@Neut2,LR
15788,ResMac/Fn1|L@Neut2/Plaur|R,ResMac/Fn1|L,Neut2/Plaur|R,-0.038551867,Ligand,Receptor,Fn1|L,Plaur|R,ResMac,Neut2,ResMac@Neut2,LR
15789,ResMac/Fn1|L@OsteoCAR/Itga9|R,ResMac/Fn1|L,OsteoCAR/Itga9|R,0.42236537,Ligand,Receptor,Fn1|L,Itga9|R,ResMac,OsteoCAR,ResMac@OsteoCAR,LR
15790,ResMac/Fn1|L@OsteoCAR/Itgav_Itgb1|R,ResMac/Fn1|L,OsteoCAR/Itgav_Itgb1|R,-0.14116871,Ligand,Receptor,Fn1|L,Itgav_Itgb1|R,ResMac,OsteoCAR,ResMac@OsteoCAR,LR
15791,ResMac/Fn1|L@OsteoCAR/Sdc1|R,ResMac/Fn1|L,OsteoCAR/Sdc1|R,-0.14043355,Ligand,Receptor,Fn1|L,Sdc1|R,ResMac,OsteoCAR,ResMac@OsteoCAR,LR
15792,ResMac/Fn1|L@OsteoCAR/Sdc2|R,ResMac/Fn1|L,OsteoCAR/Sdc2|R,-0.11274779,Ligand,Receptor,Fn1|L,Sdc2|R,ResMac,OsteoCAR,ResMac@OsteoCAR,LR
15793,ResMac/Fn1|L@ResMac/Cd44|R,ResMac/Fn1|L,ResMac/Cd44|R,-0.79105055,Ligand,Receptor,Fn1|L,Cd44|R,ResMac,ResMac,ResMac@ResMac,LR
15794,ResMac/Fn1|L@ResMac/Dpp4|R,ResMac/Fn1|L,ResMac/Dpp4|R,-0.53497547,Ligand,Receptor,Fn1|L,Dpp4|R,ResMac,ResMac,ResMac@ResMac,LR
15795,ResMac/Fn1|L@ResMac/Itga4_Itgb1|R,ResMac/Fn1|L,ResMac/Itga4_Itgb1|R,-0.011682391,Ligand,Receptor,Fn1|L,Itga4_Itgb1|R,ResMac,ResMac,ResMac@ResMac,LR
15796,ResMac/Fn1|L@ResMac/Itga4_Itgb7|R,ResMac/Fn1|L,ResMac/Itga4_Itgb7|R,-0.655299,Ligand,Receptor,Fn1|L,Itga4_Itgb7|R,ResMac,ResMac,ResMac@ResMac,LR
15797,ResMac/Fn1|L@Spp1+Mac/Itga5_Itgb1|R,ResMac/Fn1|L,Spp1+Mac/Itga5_Itgb1|R,-0.54652405,Ligand,Receptor,Fn1|L,Itga5_Itgb1|R,ResMac,Spp1+Mac,ResMac@Spp1+Mac,LR
15798,ResMac/Fn1|L@Spp1+Mac/Itgav_Itgb1|R,ResMac/Fn1|L,Spp1+Mac/Itgav_Itgb1|R,-0.15173203,Ligand,Receptor,Fn1|L,Itgav_Itgb1|R,ResMac,Spp1+Mac,ResMac@Spp1+Mac,LR
15799,ResMac/Fn1|L@Spp1+Mac/Sdc1|R,ResMac/Fn1|L,Spp1+Mac/Sdc1|R,-0.50835955,Ligand,Receptor,Fn1|L,Sdc1|R,ResMac,Spp1+Mac,ResMac@Spp1+Mac,LR
15800,ResMac/Fn1|L@TCells/Itga4_Itgb7|R,ResMac/Fn1|L,TCells/Itga4_Itgb7|R,-0.13223857,Ligand,Receptor,Fn1|L,Itga4_Itgb7|R,ResMac,TCells,ResMac@TCells,LR
16471,Spp1+Mac/Agrn|L@DC/Atp1a3|R,Spp1+Mac/Agrn|L,DC/Atp1a3|R,-0.14688024,Ligand,Receptor,Agrn|L,Atp1a3|R,Spp1+Mac,DC,Spp1+Mac@DC,LR
16472,Spp1+Mac/Agrn|L@DC/Itgb1|R,Spp1+Mac/Agrn|L,DC/Itgb1|R,-0.4670162,Ligand,Receptor,Agrn|L,Itgb1|R,Spp1+Mac,DC,Spp1+Mac@DC,LR
16473,Spp1+Mac/Agrn|L@EC/Dag1|R,Spp1+Mac/Agrn|L,EC/Dag1|R,-0.18138856,Ligand,Receptor,Agrn|L,Dag1|R,Spp1+Mac,EC,Spp1+Mac@EC,LR
16474,Spp1+Mac/Agrn|L@EC/Itgb1|R,Spp1+Mac/Agrn|L,EC/Itgb1|R,-0.90209424,Ligand,Receptor,Agrn|L,Itgb1|R,Spp1+Mac,EC,Spp1+Mac@EC,LR
16475,Spp1+Mac/Agrn|L@Ery/Itgb1|R,Spp1+Mac/Agrn|L,Ery/Itgb1|R,-0.5792861,Ligand,Receptor,Agrn|L,Itgb1|R,Spp1+Mac,Ery,Spp1+Mac@Ery,LR
16476,Spp1+Mac/Agrn|L@Fibro/Dag1|R,Spp1+Mac/Agrn|L,Fibro/Dag1|R,-0.29848742,Ligand,Receptor,Agrn|L,Dag1|R,Spp1+Mac,Fibro,Spp1+Mac@Fibro,LR
16477,Spp1+Mac/Agrn|L@Fibro/Itgb1|R,Spp1+Mac/Agrn|L,Fibro/Itgb1|R,-0.6720165,Ligand,Receptor,Agrn|L,Itgb1|R,Spp1+Mac,Fibro,Spp1+Mac@Fibro,LR
16478,Spp1+Mac/Agrn|L@Fibro/Lrp1|R,Spp1+Mac/Agrn|L,Fibro/Lrp1|R,-0.68355274,Ligand,Receptor,Agrn|L,Lrp1|R,Spp1+Mac,Fibro,Spp1+Mac@Fibro,LR
16479,Spp1+Mac/Agrn|L@InfiltMac/Atp1a3|R,Spp1+Mac/Agrn|L,InfiltMac/Atp1a3|R,-0.20311388,Ligand,Receptor,Agrn|L,Atp1a3|R,Spp1+Mac,InfiltMac,Spp1+Mac@InfiltMac,LR
16480,Spp1+Mac/Agrn|L@InfiltMac/Lrp1|R,Spp1+Mac/Agrn|L,InfiltMac/Lrp1|R,-0.45956135,Ligand,Receptor,Agrn|L,Lrp1|R,Spp1+Mac,InfiltMac,Spp1+Mac@InfiltMac,LR
16484,Spp1+Mac/Agrn|L@MK/Dag1|R,Spp1+Mac/Agrn|L,MK/Dag1|R,-0.14173082,Ligand,Receptor,Agrn|L,Dag1|R,Spp1+Mac,MK,Spp1+Mac@MK,LR
16485,Spp1+Mac/Agrn|L@OsteoCAR/Dag1|R,Spp1+Mac/Agrn|L,OsteoCAR/Dag1|R,-0.45451465,Ligand,Receptor,Agrn|L,Dag1|R,Spp1+Mac,OsteoCAR,Spp1+Mac@OsteoCAR,LR
16486,Spp1+Mac/Agrn|L@OsteoCAR/Itgb1|R,Spp1+Mac/Agrn|L,OsteoCAR/Itgb1|R,-0.9348346,Ligand,Receptor,Agrn|L,Itgb1|R,Spp1+Mac,OsteoCAR,Spp1+Mac@OsteoCAR,LR
16487,Spp1+Mac/Agrn|L@OsteoCAR/Lrp1|R,Spp1+Mac/Agrn|L,OsteoCAR/Lrp1|R,-0.5746089,Ligand,Receptor,Agrn|L,Lrp1|R,Spp1+Mac,OsteoCAR,Spp1+Mac@OsteoCAR,LR
16488,Spp1+Mac/Agrn|L@ResMac/Itgb1|R,Spp1+Mac/Agrn|L,ResMac/Itgb1|R,-0.53587914,Ligand,Receptor,Agrn|L,Itgb1|R,Spp1+Mac,ResMac,Spp1+Mac@ResMac,LR
16489,Spp1+Mac/Agrn|L@ResMac/Lrp1|R,Spp1+Mac/Agrn|L,ResMac/Lrp1|R,-0.38268644,Ligand,Receptor,Agrn|L,Lrp1|R,Spp1+Mac,ResMac,Spp1+Mac@ResMac,LR
16490,Spp1+Mac/Agrn|L@Spp1+Mac/Dag1|R,Spp1+Mac/Agrn|L,Spp1+Mac/Dag1|R,-0.18314058,Ligand,Receptor,Agrn|L,Dag1|R,Spp1+Mac,Spp1+Mac,Spp1+Mac@Spp1+Mac,LR
16491,Spp1+Mac/Agrn|L@Spp1+Mac/Itgb1|R,Spp1+Mac/Agrn|L,Spp1+Mac/Itgb1|R,-0.683367,Ligand,Receptor,Agrn|L,Itgb1|R,Spp1+Mac,Spp1+Mac,Spp1+Mac@Spp1+Mac,LR
16492,Spp1+Mac/Agrn|L@TCells/Itgb1|R,Spp1+Mac/Agrn|L,TCells/Itgb1|R,-0.530614,Ligand,Receptor,Agrn|L,Itgb1|R,Spp1+Mac,TCells,Spp1+Mac@TCells,LR
16694,Spp1+Mac/Fn1|L@BCells/Cd79a|R,Spp1+Mac/Fn1|L,BCells/Cd79a|R,1.5232904,Ligand,Receptor,Fn1|L,Cd79a|R,Spp1+Mac,BCells,Spp1+Mac@BCells,LR
16695,Spp1+Mac/Fn1|L@BCells/Sdc1|R,Spp1+Mac/Fn1|L,BCells/Sdc1|R,0.59937674,Ligand,Receptor,Fn1|L,Sdc1|R,Spp1+Mac,BCells,Spp1+Mac@BCells,LR
16696,Spp1+Mac/Fn1|L@Baso/Dpp4|R,Spp1+Mac/Fn1|L,Baso/Dpp4|R,0.7537458,Ligand,Receptor,Fn1|L,Dpp4|R,Spp1+Mac,Baso,Spp1+Mac@Baso,LR
16697,Spp1+Mac/Fn1|L@Baso/Itga2|R,Spp1+Mac/Fn1|L,Baso/Itga2|R,0.662001,Ligand,Receptor,Fn1|L,Itga2|R,Spp1+Mac,Baso,Spp1+Mac@Baso,LR
16698,Spp1+Mac/Fn1|L@Baso/Itga6|R,Spp1+Mac/Fn1|L,Baso/Itga6|R,0.6783308,Ligand,Receptor,Fn1|L,Itga6|R,Spp1+Mac,Baso,Spp1+Mac@Baso,LR
16699,Spp1+Mac/Fn1|L@DC/Itga4_Itgb7|R,Spp1+Mac/Fn1|L,DC/Itga4_Itgb7|R,0.8048731,Ligand,Receptor,Fn1|L,Itga4_Itgb7|R,Spp1+Mac,DC,Spp1+Mac@DC,LR
16700,Spp1+Mac/Fn1|L@EC/Flt4|R,Spp1+Mac/Fn1|L,EC/Flt4|R,0.60312265,Ligand,Receptor,Fn1|L,Flt4|R,Spp1+Mac,EC,Spp1+Mac@EC,LR
16701,Spp1+Mac/Fn1|L@EC/Itga6|R,Spp1+Mac/Fn1|L,EC/Itga6|R,0.9626398,Ligand,Receptor,Fn1|L,Itga6|R,Spp1+Mac,EC,Spp1+Mac@EC,LR
16702,Spp1+Mac/Fn1|L@EC/Robo4|R,Spp1+Mac/Fn1|L,EC/Robo4|R,0.6857949,Ligand,Receptor,Fn1|L,Robo4|R,Spp1+Mac,EC,Spp1+Mac@EC,LR
16703,Spp1+Mac/Fn1|L@Fibro/Sdc2|R,Spp1+Mac/Fn1|L,Fibro/Sdc2|R,0.81818783,Ligand,Receptor,Fn1|L,Sdc2|R,Spp1+Mac,Fibro,Spp1+Mac@Fibro,LR
16704,Spp1+Mac/Fn1|L@InfiltMac/Cd44|R,Spp1+Mac/Fn1|L,InfiltMac/Cd44|R,0.97935534,Ligand,Receptor,Fn1|L,Cd44|R,Spp1+Mac,InfiltMac,Spp1+Mac@InfiltMac,LR
16706,Spp1+Mac/Fn1|L@OsteoCAR/Itga9|R,Spp1+Mac/Fn1|L,OsteoCAR/Itga9|R,0.60859567,Ligand,Receptor,Fn1|L,Itga9|R,Spp1+Mac,OsteoCAR,Spp1+Mac@OsteoCAR,LR
16707,Spp1+Mac/Fn1|L@OsteoCAR/Itgav_Itgb1|R,Spp1+Mac/Fn1|L,OsteoCAR/Itgav_Itgb1|R,0.7160839,Ligand,Receptor,Fn1|L,Itgav_Itgb1|R,Spp1+Mac,OsteoCAR,Spp1+Mac@OsteoCAR,LR
16708,Spp1+Mac/Fn1|L@OsteoCAR/Sdc1|R,Spp1+Mac/Fn1|L,OsteoCAR/Sdc1|R,0.6577477,Ligand,Receptor,Fn1|L,Sdc1|R,Spp1+Mac,OsteoCAR,Spp1+Mac@OsteoCAR,LR
16709,Spp1+Mac/Fn1|L@OsteoCAR/Sdc2|R,Spp1+Mac/Fn1|L,OsteoCAR/Sdc2|R,0.9231268,Ligand,Receptor,Fn1|L,Sdc2|R,Spp1+Mac,OsteoCAR,Spp1+Mac@OsteoCAR,LR
16710,Spp1+Mac/Fn1|L@Spp1+Mac/Itgav_Itgb1|R,Spp1+Mac/Fn1|L,Spp1+Mac/Itgav_Itgb1|R,0.8155936,Ligand,Receptor,Fn1|L,Itgav_Itgb1|R,Spp1+Mac,Spp1+Mac,Spp1+Mac@Spp1+Mac,LR
17229,Spp1+Mac/Spp1|L@BCells/Cd44|R,Spp1+Mac/Spp1|L,BCells/Cd44|R,0.6800763,Ligand,Receptor,Spp1|L,Cd44|R,Spp1+Mac,BCells,Spp1+Mac@BCells,LR
17230,Spp1+Mac/Spp1|L@Baso/Cd44|R,Spp1+Mac/Spp1|L,Baso/Cd44|R,0.5186587,Ligand,Receptor,Spp1|L,Cd44|R,Spp1+Mac,Baso,Spp1+Mac@Baso,LR
17231,Spp1+Mac/Spp1|L@Baso/Itga4_Itgb1|R,Spp1+Mac/Spp1|L,Baso/Itga4_Itgb1|R,0.7023363,Ligand,Receptor,Spp1|L,Itga4_Itgb1|R,Spp1+Mac,Baso,Spp1+Mac@Baso,LR
17232,Spp1+Mac/Spp1|L@Baso/Ptger4|R,Spp1+Mac/Spp1|L,Baso/Ptger4|R,0.5217888,Ligand,Receptor,Spp1|L,Ptger4|R,Spp1+Mac,Baso,Spp1+Mac@Baso,LR
17233,Spp1+Mac/Spp1|L@Baso/S1pr1|R,Spp1+Mac/Spp1|L,Baso/S1pr1|R,0.58627474,Ligand,Receptor,Spp1|L,S1pr1|R,Spp1+Mac,Baso,Spp1+Mac@Baso,LR
17234,Spp1+Mac/Spp1|L@DC/Cd44|R,Spp1+Mac/Spp1|L,DC/Cd44|R,0.30717903,Ligand,Receptor,Spp1|L,Cd44|R,Spp1+Mac,DC,Spp1+Mac@DC,LR
17235,Spp1+Mac/Spp1|L@DC/Itga4_Itgb1|R,Spp1+Mac/Spp1|L,DC/Itga4_Itgb1|R,0.29949778,Ligand,Receptor,Spp1|L,Itga4_Itgb1|R,Spp1+Mac,DC,Spp1+Mac@DC,LR
17236,Spp1+Mac/Spp1|L@DC/Itga5_Itgb1|R,Spp1+Mac/Spp1|L,DC/Itga5_Itgb1|R,0.48119318,Ligand,Receptor,Spp1|L,Itga5_Itgb1|R,Spp1+Mac,DC,Spp1+Mac@DC,LR
17237,Spp1+Mac/Spp1|L@DC/Ptger4|R,Spp1+Mac/Spp1|L,DC/Ptger4|R,0.50688595,Ligand,Receptor,Spp1|L,Ptger4|R,Spp1+Mac,DC,Spp1+Mac@DC,LR
17238,Spp1+Mac/Spp1|L@EC/Cd44|R,Spp1+Mac/Spp1|L,EC/Cd44|R,0.5656898,Ligand,Receptor,Spp1|L,Cd44|R,Spp1+Mac,EC,Spp1+Mac@EC,LR
17239,Spp1+Mac/Spp1|L@EC/S1pr1|R,Spp1+Mac/Spp1|L,EC/S1pr1|R,0.30229306,Ligand,Receptor,Spp1|L,S1pr1|R,Spp1+Mac,EC,Spp1+Mac@EC,LR
17240,Spp1+Mac/Spp1|L@Ery/Cd44|R,Spp1+Mac/Spp1|L,Ery/Cd44|R,0.5812324,Ligand,Receptor,Spp1|L,Cd44|R,Spp1+Mac,Ery,Spp1+Mac@Ery,LR
17241,Spp1+Mac/Spp1|L@Ery/Itga4_Itgb1|R,Spp1+Mac/Spp1|L,Ery/Itga4_Itgb1|R,0.20825005,Ligand,Receptor,Spp1|L,Itga4_Itgb1|R,Spp1+Mac,Ery,Spp1+Mac@Ery,LR
17242,Spp1+Mac/Spp1|L@Ery/Itga5_Itgb1|R,Spp1+Mac/Spp1|L,Ery/Itga5_Itgb1|R,0.49011463,Ligand,Receptor,Spp1|L,Itga5_Itgb1|R,Spp1+Mac,Ery,Spp1+Mac@Ery,LR
17243,Spp1+Mac/Spp1|L@Fibro/Cd44|R,Spp1+Mac/Spp1|L,Fibro/Cd44|R,0.58702856,Ligand,Receptor,Spp1|L,Cd44|R,Spp1+Mac,Fibro,Spp1+Mac@Fibro,LR
17244,Spp1+Mac/Spp1|L@Fibro/Itgav_Itgb1|R,Spp1+Mac/Spp1|L,Fibro/Itgav_Itgb1|R,0.2943043,Ligand,Receptor,Spp1|L,Itgav_Itgb1|R,Spp1+Mac,Fibro,Spp1+Mac@Fibro,LR
17245,Spp1+Mac/Spp1|L@Fibro/Itgav_Itgb5|R,Spp1+Mac/Spp1|L,Fibro/Itgav_Itgb5|R,0.2943043,Ligand,Receptor,Spp1|L,Itgav_Itgb5|R,Spp1+Mac,Fibro,Spp1+Mac@Fibro,LR
17246,Spp1+Mac/Spp1|L@InfiltMac/Cd44|R,Spp1+Mac/Spp1|L,InfiltMac/Cd44|R,0.29073995,Ligand,Receptor,Spp1|L,Cd44|R,Spp1+Mac,InfiltMac,Spp1+Mac@InfiltMac,LR
17247,Spp1+Mac/Spp1|L@InfiltMac/Itga4_Itgb1|R,Spp1+Mac/Spp1|L,InfiltMac/Itga4_Itgb1|R,0.37265372,Ligand,Receptor,Spp1|L,Itga4_Itgb1|R,Spp1+Mac,InfiltMac,Spp1+Mac@InfiltMac,LR
17248,Spp1+Mac/Spp1|L@InfiltMac/Ptger4|R,Spp1+Mac/Spp1|L,InfiltMac/Ptger4|R,0.5016827,Ligand,Receptor,Spp1|L,Ptger4|R,Spp1+Mac,InfiltMac,Spp1+Mac@InfiltMac,LR
17253,Spp1+Mac/Spp1|L@MK/Cd44|R,Spp1+Mac/Spp1|L,MK/Cd44|R,0.23350549,Ligand,Receptor,Spp1|L,Cd44|R,Spp1+Mac,MK,Spp1+Mac@MK,LR
17254,Spp1+Mac/Spp1|L@MK/Itga4_Itgb1|R,Spp1+Mac/Spp1|L,MK/Itga4_Itgb1|R,0.312499,Ligand,Receptor,Spp1|L,Itga4_Itgb1|R,Spp1+Mac,MK,Spp1+Mac@MK,LR
17255,Spp1+Mac/Spp1|L@MonoPro/Cd44|R,Spp1+Mac/Spp1|L,MonoPro/Cd44|R,0.24135369,Ligand,Receptor,Spp1|L,Cd44|R,Spp1+Mac,MonoPro,Spp1+Mac@MonoPro,LR
17256,Spp1+Mac/Spp1|L@MonoPro/Itga4_Itgb1|R,Spp1+Mac/Spp1|L,MonoPro/Itga4_Itgb1|R,0.3058679,Ligand,Receptor,Spp1|L,Itga4_Itgb1|R,Spp1+Mac,MonoPro,Spp1+Mac@MonoPro,LR
17257,Spp1+Mac/Spp1|L@MonoPro/Itga5_Itgb1|R,Spp1+Mac/Spp1|L,MonoPro/Itga5_Itgb1|R,0.25711727,Ligand,Receptor,Spp1|L,Itga5_Itgb1|R,Spp1+Mac,MonoPro,Spp1+Mac@MonoPro,LR
17258,Spp1+Mac/Spp1|L@Neut1/Cd44|R,Spp1+Mac/Spp1|L,Neut1/Cd44|R,0.2432859,Ligand,Receptor,Spp1|L,Cd44|R,Spp1+Mac,Neut1,Spp1+Mac@Neut1,LR
17259,Spp1+Mac/Spp1|L@Neut2/Cd44|R,Spp1+Mac/Spp1|L,Neut2/Cd44|R,0.2627446,Ligand,Receptor,Spp1|L,Cd44|R,Spp1+Mac,Neut2,Spp1+Mac@Neut2,LR
17260,Spp1+Mac/Spp1|L@OsteoCAR/Cd44|R,Spp1+Mac/Spp1|L,OsteoCAR/Cd44|R,0.60884,Ligand,Receptor,Spp1|L,Cd44|R,Spp1+Mac,OsteoCAR,Spp1+Mac@OsteoCAR,LR
17261,Spp1+Mac/Spp1|L@OsteoCAR/Itga9_Itgb1|R,Spp1+Mac/Spp1|L,OsteoCAR/Itga9_Itgb1|R,0.56655383,Ligand,Receptor,Spp1|L,Itga9_Itgb1|R,Spp1+Mac,OsteoCAR,Spp1+Mac@OsteoCAR,LR
17262,Spp1+Mac/Spp1|L@OsteoCAR/Itgav_Itgb1|R,Spp1+Mac/Spp1|L,OsteoCAR/Itgav_Itgb1|R,0.27433592,Ligand,Receptor,Spp1|L,Itgav_Itgb1|R,Spp1+Mac,OsteoCAR,Spp1+Mac@OsteoCAR,LR
17263,Spp1+Mac/Spp1|L@OsteoCAR/Itgav_Itgb5|R,Spp1+Mac/Spp1|L,OsteoCAR/Itgav_Itgb5|R,0.40775883,Ligand,Receptor,Spp1|L,Itgav_Itgb5|R,Spp1+Mac,OsteoCAR,Spp1+Mac@OsteoCAR,LR
17264,Spp1+Mac/Spp1|L@OsteoCAR/S1pr1|R,Spp1+Mac/Spp1|L,OsteoCAR/S1pr1|R,0.12891638,Ligand,Receptor,Spp1|L,S1pr1|R,Spp1+Mac,OsteoCAR,Spp1+Mac@OsteoCAR,LR
17265,Spp1+Mac/Spp1|L@ResMac/Cd44|R,Spp1+Mac/Spp1|L,ResMac/Cd44|R,0.2198919,Ligand,Receptor,Spp1|L,Cd44|R,Spp1+Mac,ResMac,Spp1+Mac@ResMac,LR
17266,Spp1+Mac/Spp1|L@ResMac/Itga4_Itgb1|R,Spp1+Mac/Spp1|L,ResMac/Itga4_Itgb1|R,0.4038223,Ligand,Receptor,Spp1|L,Itga4_Itgb1|R,Spp1+Mac,ResMac,Spp1+Mac@ResMac,LR
17267,Spp1+Mac/Spp1|L@ResMac/Itgav_Itgb1|R,Spp1+Mac/Spp1|L,ResMac/Itgav_Itgb1|R,0.5314549,Ligand,Receptor,Spp1|L,Itgav_Itgb1|R,Spp1+Mac,ResMac,Spp1+Mac@ResMac,LR
17268,Spp1+Mac/Spp1|L@ResMac/Itgav_Itgb5|R,Spp1+Mac/Spp1|L,ResMac/Itgav_Itgb5|R,0.5314549,Ligand,Receptor,Spp1|L,Itgav_Itgb5|R,Spp1+Mac,ResMac,Spp1+Mac@ResMac,LR
17269,Spp1+Mac/Spp1|L@Spp1+Mac/Cd44|R,Spp1+Mac/Spp1|L,Spp1+Mac/Cd44|R,0.16144884,Ligand,Receptor,Spp1|L,Cd44|R,Spp1+Mac,Spp1+Mac,Spp1+Mac@Spp1+Mac,LR
17270,Spp1+Mac/Spp1|L@Spp1+Mac/Itga5_Itgb1|R,Spp1+Mac/Spp1|L,Spp1+Mac/Itga5_Itgb1|R,0.2632409,Ligand,Receptor,Spp1|L,Itga5_Itgb1|R,Spp1+Mac,Spp1+Mac,Spp1+Mac@Spp1+Mac,LR
17271,Spp1+Mac/Spp1|L@Spp1+Mac/Itgav_Itgb1|R,Spp1+Mac/Spp1|L,Spp1+Mac/Itgav_Itgb1|R,0.2637726,Ligand,Receptor,Spp1|L,Itgav_Itgb1|R,Spp1+Mac,Spp1+Mac,Spp1+Mac@Spp1+Mac,LR
17272,Spp1+Mac/Spp1|L@Spp1+Mac/Itgav_Itgb3|R,Spp1+Mac/Spp1|L,Spp1+Mac/Itgav_Itgb3|R,0.5325781,Ligand,Receptor,Spp1|L,Itgav_Itgb3|R,Spp1+Mac,Spp1+Mac,Spp1+Mac@Spp1+Mac,LR
17273,Spp1+Mac/Spp1|L@Spp1+Mac/Itgav_Itgb5|R,Spp1+Mac/Spp1|L,Spp1+Mac/Itgav_Itgb5|R,0.6029469,Ligand,Receptor,Spp1|L,Itgav_Itgb5|R,Spp1+Mac,Spp1+Mac,Spp1+Mac@Spp1+Mac,LR
17274,Spp1+Mac/Spp1|L@TCells/Cd44|R,Spp1+Mac/Spp1|L,TCells/Cd44|R,0.55812466,Ligand,Receptor,Spp1|L,Cd44|R,Spp1+Mac,TCells,Spp1+Mac@TCells,LR
17275,Spp1+Mac/Spp1|L@TCells/Itga4_Itgb1|R,Spp1+Mac/Spp1|L,TCells/Itga4_Itgb1|R,0.2565242,Ligand,Receptor,Spp1|L,Itga4_Itgb1|R,Spp1+Mac,TCells,Spp1+Mac@TCells,LR
17276,Spp1+Mac/Spp1|L@TCells/S1pr1|R,Spp1+Mac/Spp1|L,TCells/S1pr1|R,0.27174255,Ligand,Receptor,Spp1|L,S1pr1|R,Spp1+Mac,TCells,Spp1+Mac@TCells,LR
