,gene_name,p-value,logFC,-logQ
0,Cst3,3.9975350007650477e-47,3.8953896,46.39820772506201
1,Tmem176b,9.80441826220118e-43,5.188876,42.00857816976887
2,Tpm1,5.465605363243857e-39,4.142446,38.26236172916602
3,Tmem176a,1.7199733464422098e-38,4.81027,37.764478283082425
4,Cp,2.2799801780150338e-38,4.290303,37.64206892870837
5,Serpine2,1.2996708986770887e-37,4.1798677,36.88616660537232
6,Ibsp,4.815343864259366e-37,3.727301,36.31737269441315
7,Cfh,3.9354600831277067e-35,3.8088377,34.40500448823924
8,Spp1,2.6501720225140023e-30,4.3169284,29.576725935118333
9,Bgn,3.6012941240704804e-30,3.5738435,29.443541407580554
10,Limch1,8.36747332046084e-29,4.4284444,28.077405663708173
11,Tnc,2.0653986348256263e-28,3.7791944,27.68499611437228
12,Lifr,2.564334547450406e-28,3.400487,27.591025316659575
13,Ifitm3,1.7228777263546574e-24,3.4123456,23.76374554359305
14,Cxcl12,6.457764780683044e-23,4.413334,22.189917777886805
15,Olfml3,6.166086833617776e-22,4.174409,21.20999036363554
16,Igfbp7,1.4427796527756663e-21,5.531415,20.840799991076132
17,Cdh11,1.2610784465882557e-20,3.2278452,19.899257896883906
18,Wif1,3.0741003826403407e-19,3.9206536,18.512281955016178
19,H2-D1,3.479790111706218e-18,2.366499,17.45844695032835
20,Rpl11,6.37418466767931e-18,2.3722394,17.195575358654512
21,Marcks,7.786087524685684e-18,2.5790327,17.108680718614984
22,Cd63,9.560078687985528e-18,2.3776736,17.019538533077743
23,Olfml2b,2.5392149032417787e-17,3.351824,16.595300541606605
24,Rpl12,1.3699498368883858e-16,2.3210757,15.863295335005215
25,Gja1,1.4793846310596185e-16,3.038417,15.829918897382571
26,Mmp13,2.2096396146113075e-16,2.777731,15.655678552626382
27,Ptprd,6.945432156101419e-16,2.873604,15.158300726575598
28,Ifitm2,7.070760951971422e-16,2.6414325,15.150533845119842
29,Rpl28,7.581191877186633e-16,2.1518424,15.120262511387226
30,Igfbp4,8.393137935845869e-16,2.697,15.076075639476617
31,Cald1,9.05842820918999e-15,3.1413608,14.042947153238766
32,Colec12,2.2201251436541096e-14,3.4524977,13.65362254461845
33,Cyp1b1,2.5811919243613908e-14,5.0932107,13.588179702316955
34,Fth1.1,5.694626222413363e-14,1.930471,13.24453477639096
35,Runx2,6.148722283558373e-14,2.4575508,13.211215122086573
36,Rps11,1.5194822484326125e-13,1.9886749,12.818304369261428
37,Rpl21,4.267523075634145e-13,2.062821,12.369824121860919
38,Maf,4.603035065122389e-13,3.086293,12.336955716713423
39,Nupr1,1.1910920230669355e-12,3.5136163,11.92405468388557
40,Nedd4,1.4349519309232507e-12,2.1876206,11.843162647002769
41,Timp1,2.4876159960435163e-12,3.237693,11.604216659218581
42,Rrbp1,3.528877826484141e-12,1.9918307,11.45236337711814
43,Rpl36,8.351752151163962e-12,2.1770358,11.078222402390063
44,Fap,8.795232782916191e-12,2.8853362,11.05575266160753
45,Dynll1,1.4019329606411208e-11,2.2244124,10.853272753501846
46,Itgb1,2.2016313441287198e-11,2.162604,10.657255400448015
47,Ccdc12,2.613060528666747e-11,3.0735693,10.582850530203212
48,Col12a1,2.6680203008306874e-11,2.9682283,10.573810870218306
49,Zfhx4,3.728763267092692e-11,3.0872028,10.428435188389546
50,Pdgfrb,3.9963880663566634e-11,3.6946182,10.39833234654858
51,Cd200,4.128030990777359e-11,2.564151,10.384257050946475
52,Rpl10,4.5156321480464096e-11,2.0252407,10.345281443757797
53,Postn,6.035447862899051e-11,2.3808498,10.219290497369633
54,Gpx3,1.0815933542349039e-10,2.3452053,9.965935989882446
55,Ncam1,1.2707698128008302e-10,2.3375325,9.895933110409054
56,Mef2c,1.3115582515681173e-10,2.1551216,9.88221241588355
57,Serping1,1.4857666830851646e-10,3.5768905,9.82804938452178
58,Sparc,1.575515044530179e-10,1.8813868,9.802577445409534
59,Mxd4,1.6398285878987595e-10,2.4367926,9.785201546598865
60,H2-K1,3.043105951634294e-10,1.7806351,9.516682926574111
61,Rcn3,4.830525645613226e-10,2.9655607,9.316005607847222
62,Zbtb20,5.391484032704621e-10,2.0474024,9.268291676649154
63,Itgb5,6.455799227653468e-10,3.0027213,9.190049984431905
64,Ppib,6.58196621036762e-10,2.4966347,9.18164435155981
65,Krtcap2,6.879448642926368e-10,2.4601326,9.162446367132201
66,Cxcl14,7.734774949997022e-10,4.3586607,9.11155231795638
67,Pth1r,9.361803247916926e-10,2.3663309,9.02864049045082
68,Nrp2,1.0190975080519173e-09,1.9856391,8.99178426036755
69,Fstl1,1.1460675126701186e-09,2.8640277,8.940789798148323
70,Kitl,1.5514701470514767e-09,4.393542,8.809256576570661
71,Malat1,1.6443365920678124e-09,0.7646447,8.784009278574976
72,Sdc2,1.7030931385568053e-09,2.982301,8.768761600742506
73,Rps18,1.7878373792953104e-09,1.8205545,8.747671986930824
74,Cd302,1.9149618680257184e-09,3.4564548,8.717839869565278
75,Csf1,2.078608270896245e-09,3.1986318,8.682227348964773
76,Rpl13,2.853793634665912e-09,1.4904642,8.544577435063776
77,Rpl19,3.2337290715238023e-09,1.4919611,8.490296368990867
78,Sema5a,4.41771186926147e-09,2.4580796,8.354802612971246
79,Dpysl3,4.547480655604734e-09,2.7547138,8.342229139693174
80,Vcam1,6.003890258910512e-09,2.656238,8.221567254534225
81,Rpl18a,6.066919933449365e-09,1.5595269,8.21703173650322
82,Laptm4a,7.2799899515738275e-09,2.12303,8.137869220134634
83,Rps15a,9.321661764523863e-09,1.5724397,8.030506659445253
84,Selk,1.0188208953317647e-08,2.2990642,7.991902156529169
85,Pdgfra,1.24458250390477e-08,2.646392,7.904976308534757
86,Lgals1,1.3318169101791241e-08,2.0014174,7.8755554751388805
87,Aebp1,1.5244610047149788e-08,3.2847185,7.816883680287583
88,Cdh2,1.5877570718600988e-08,2.159018,7.799215944239665
89,Reep3,1.6306745452410187e-08,1.9541503,7.78763270806447
90,Col8a1,1.6725945707515017e-08,2.4661882,7.776609317270522
91,Sepw1,2.1864678718576464e-08,3.0015097,7.6602568998317935
92,Clmp,2.2620206498358915e-08,2.9965496,7.64550343474706
93,Zfp36l1,2.4208029652617968e-08,2.0732582,7.61604055734962
94,Gdpd2,2.9870752212716e-08,3.7485945,7.524753840746443
95,Id3,3.1712004234828206e-08,2.4316175,7.498776309199032
96,Aplp2,3.969752395783029e-08,1.9588618,7.4012365805161355
97,Fxyd1,4.1606158688585594e-08,3.2435322,7.3808423788323765
98,Satb2,5.147989303798073e-08,2.4888241,7.288362364119302
99,Nenf,5.179663128201119e-08,3.1787298,7.285698484718241
100,Zeb2,5.705898777578785e-08,1.6682318,7.243675936977734
101,Slc29a1,5.890156194196819e-08,2.5972404,7.22987318851029
102,Apoe,7.114269481160368e-08,2.3532283,7.147869688213448
103,Pmepa1,7.175006417226711e-08,2.9480073,7.144177706166806
104,Adamts2,7.87714924928278e-08,2.5178185,7.103630925823577
105,Ctnnb1,9.694170031313554e-08,1.745195,7.013489367219652
106,Runx1,1.446673737512683e-07,1.9437253,6.839629402519201
107,Fam20c,1.8176546371542364e-07,3.4125488,6.740488631249688
108,Nfe2l1,1.8697669396426955e-07,2.2653754,6.728212523482239
109,Pfdn5,1.9323909257567667e-07,1.9277282,6.713905010568159
110,Nfib,2.83811382718307e-07,2.149949,6.546970190440857
111,Rpl34,2.99015724936738e-07,1.5393327,6.524305971964271
112,Dad1,3.3258555687107917e-07,2.085264,6.4780966147298145
113,Bmp1,3.38002852852457e-07,2.9044874,6.471079634122194
114,Plxna2,3.601214853152719e-07,3.3348165,6.443550967283226
115,Sh3glb1,3.809986988286243e-07,1.8740324,6.419076507506831
116,Rps7,4.928201162036009e-07,1.6684359,6.307311573209874
117,Lrp1,5.385137987357694e-07,2.2057946,6.268803163975984
118,Rps10,5.718646753192764e-07,1.5219475,6.242706729450404
119,Ctgf,5.764156498432164e-07,2.9126856,6.239264236483507
120,Ctsl,6.541573139047116e-07,2.3097703,6.184317798548657
121,Rpl18,7.742438565470543e-07,1.5203679,6.111122231987707
122,Rpl32,8.658140420212817e-07,1.2526399,6.062575374952864
123,Il6st,9.517702594547276e-07,2.0550518,6.02146786998956
124,Pcolce,1.033242237265422e-06,2.5933177,5.985797848882408
125,Raph1,1.1078566192513103e-06,2.0805953,5.9555164431250125
126,Scara3,1.1388800609177647e-06,2.5270076,5.94352201044619
127,Rabac1,1.1502518113229705e-06,1.8974808,5.939207074171011
128,Sema7a,1.2087689981675649e-06,2.8812482,5.91765668706861
129,Hint1,1.2370472962894096e-06,1.5663937,5.907613695581198
130,Gng5,1.327208453278255e-06,1.704848,5.877060860859217
131,Gpx8,1.3761347164125821e-06,2.9180577,5.86133904885431
132,Ccdc80,1.4583628200123712e-06,2.1934342,5.8361344162601645
133,Dst,1.4760113568685567e-06,3.2921438,5.830910300909745
134,Ssr4,1.7590374706063091e-06,2.0379436,5.754724909204149
135,Epas1,1.7686129712040177e-06,4.2215314,5.752367194145227
136,Tmsb10,1.784038043726563e-06,1.4043136,5.748595888746694
137,Ftl1,1.8390503226281784e-06,1.4194925,5.735406386835485
138,Tns3,1.8570763974531252e-06,2.7149045,5.7311702296421005
139,App,1.9497830494734717e-06,1.457906,5.710013709487857
140,Uba52,2.0010283074504223e-06,3.1231222,5.698746767594394
141,Selm,2.2969384192985085e-06,3.059747,5.638850648042828
142,Serpinh1,2.397727436051542e-06,1.5048512,5.620200187269951
143,Lars2,2.4814023428972102e-06,1.4106815,5.605302812054577
144,Fbn1,2.7969008775087576e-06,3.1542892,5.553322924802512
145,Col6a2,2.835921747437578e-06,2.5912683,5.547305756960384
146,Mylk,3.187673171836711e-06,2.627793,5.496526212666153
147,Rpl9,3.191055168379209e-06,1.3065205,5.49606568746567
148,Hspa5,3.204617602641632e-06,1.303436,5.494223786104833
149,Mmp2,3.2250649666893904e-06,2.8533745,5.491461532380488
150,Fat1,3.4584051987480565e-06,2.207085,5.461124124633236
151,Hmgn1,3.480402839344834e-06,1.907924,5.458370485714536
152,Ndufa13,3.506236333156711e-06,1.8092734,5.455158814218642
153,Foxc1,3.532253631238165e-06,2.6204553,5.451948119734212
154,mt-Rnr2,3.826907515852299e-06,0.6345423,5.417152033161009
155,Itgav,4.179966901788937e-06,2.4733272,5.378827157083179
156,Kctd12,5.737164582488041e-06,1.7665362,5.241302691299165
157,Ltbp2,5.760956186219965e-06,4.8107142,5.239505427699226
158,Rpl29,5.948569828151443e-06,1.4569886,5.225587436019554
159,Nudt4,6.387378280917987e-06,1.707169,5.1946773627757175
160,Emp3,6.956307378959316e-06,1.6050649,5.15762123603728
161,Elob,7.777403181131e-06,2.2962852,5.109165386604636
162,Bmpr2,8.369750706509926e-06,2.1582189,5.077287477299388
163,Ptgis,9.45394943260904e-06,2.0577393,5.024386724986098
164,Col6a1,1.0270639083029037e-05,2.6930327,4.988402531904413
165,Timp2,1.0965452797091596e-05,1.6885962,4.959973430268431
166,Alpl,1.1346547443268581e-05,2.048018,4.945136266615214
167,H2afj,1.3342679960004186e-05,1.5110458,4.874756930918251
168,Calu,1.3395972168273727e-05,1.6125696,4.8730257634297
169,Lman1,1.4476664318756285e-05,1.6932853,4.839331495793855
170,Mprip,1.4577613862196258e-05,2.4356139,4.836313557725103
171,Rps5,1.4825579252860292e-05,1.0666555,4.828988329234776
172,Igsf3,1.7382070364363496e-05,2.6704736,4.759898496341433
173,Slit2,1.7553989408498974e-05,1.879499,4.755624168018384
174,Rpl10a,1.8492543673366846e-05,1.4213923,4.733003346962686
175,Fgfr1,1.9288944108507392e-05,1.8748003,4.714691545316182
176,Tgfbr3,2.348771052426377e-05,3.0091386,4.629159314220154
177,Arhgap5,2.3901387999761714e-05,2.1981544,4.621576878000224
178,Bicc1,2.4606296229502213e-05,1.9050895,4.608953751926702
179,Srpr,2.6354206176083797e-05,1.9044275,4.579150060782303
180,Col6a3,2.7232453354654262e-05,2.0318863,4.56491323157987
181,Amotl1,2.7549014326001563e-05,2.4188895,4.559893935122046
182,Lhfp,2.8492423423532863e-05,3.0214155,4.545270610265366
183,Srpx2,2.938177695655325e-05,2.8941984,4.5319219424093085
184,Emp1,2.9836287809027702e-05,2.4400623,4.525255212176036
185,Spcs2,3.044298117403927e-05,1.4158529,4.516512820888334
186,Hook3,3.082440911462293e-05,1.6482927,4.51110523981636
187,Ecm1,3.124025479814489e-05,2.947544,4.505285432637981
188,Prdx1,3.17220338703629e-05,1.3131728,4.498638975504548
189,Edf1,3.252001291572776e-05,2.2260478,4.487849290592478
190,Ar,3.270685130434919e-05,3.1745214,4.485361263486364
191,Gas6,3.590671388165612e-05,2.1281545,4.444824338910864
192,Naca,3.726102882813086e-05,1.3068186,4.428745157807693
193,Rps16,3.740264261950028e-05,1.0393244,4.4270977123844855
194,Ndufb11,4.0078602903171985e-05,1.5076194,4.397087425913723
195,Hsbp1,4.011649136449656e-05,1.8277122,4.396677057896685
196,Rpl15,4.496054066005596e-05,1.819159,4.347168474924158
197,Ddx17,4.521462817376988e-05,1.4055258,4.3447210362646524
198,Eif1,4.6855748976353313e-05,1.1859151,4.329237115650675
199,Manf,4.703174694989466e-05,1.5673093,4.327608889495281
200,Rps4x,4.7341252672649865e-05,1.043982,4.324760254610954
201,Rpl26,4.9748107018529454e-05,1.1326913,4.30322344008505
202,Calm2,4.9841164772319615e-05,1.1688176,4.302411816905062
203,Rbx1,5.0780861931196025e-05,1.6095055,4.294299931883224
204,St3gal6,5.111370484457115e-05,3.1979103,4.291462639192674
205,Plod2,5.135271455207848e-05,1.4665349,4.289436594251149
206,RP24-202L5.2,5.42542094084806e-05,1.7693706,4.265566560669216
207,Dnajc3,5.672864435787492e-05,1.3246086,4.246197594629004
208,Nedd8,5.6834030784796504e-05,1.5554918,4.245391541817011
209,Timm13,5.773733284613533e-05,1.5339035,4.238543282058341
210,Fermt2,5.805937926326692e-05,3.1568155,4.2361276117006765
211,Islr,5.9640064956521124e-05,2.6503553,4.224461892210268
212,Atp5j,6.047356689527819e-05,1.3651443,4.21843441477009
213,Vdr,6.126144312610299e-05,2.11009,4.212812776802689
214,Uqcrb,6.368379308947336e-05,1.5161314,4.19597107735631
215,Fcer1g,6.55899536607187e-05,1.5087954,4.183162675926769
216,Cnn2,6.829924135773338e-05,1.4009138,4.165584120271322
217,Hdlbp,6.937410020889538e-05,1.5198761,4.158802636688666
218,Mpc2,7.16376428412694e-05,2.1212218,4.144858712575537
219,Gas1,7.885478999042663e-05,1.8768771,4.103171920556676
220,Prkar1a,8.118754297095873e-05,1.4101003,4.090510601719367
221,Insig2,8.589408429445648e-05,2.280261,4.0660367459096625
222,Tmem59,9.143473402223445e-05,1.516888,4.038888794106005
223,Arhgef12,9.343981711686779e-05,2.155167,4.029468020244656
224,Lpp,0.00010271040551875026,1.9162856,3.9883855561061736
225,Tln2,0.00010560926821743403,4.402618,3.9762979666595784
226,Map1b,0.00010985659200963631,3.6721065,3.959173877864875
227,Sept11,0.0001232568837067415,1.6512461,3.9091888166968154
228,Rab2a,0.0001232568837067415,1.4779859,3.9091888166968154
229,S100a13,0.00012851132595325496,1.7094493,3.8910585954280728
230,S100a16,0.00014064955666745574,2.473059,3.851861632408706
231,Ccdc3,0.00014429299519176517,5.721044,3.840754751535776
232,Ebf1,0.00014789498393518908,2.0613933,3.830046555456863
233,Enah,0.00014880861870025718,2.6700656,3.82737191458607
234,Prdx5,0.0001498592788673679,1.2323114,3.8243163615862854
235,Mrps14,0.0001554907840807627,1.8473986,3.808295346453733
236,mt-Nd5,0.00016132103569316375,1.0770499,3.792308998452281
237,Pros1,0.00016402556183946383,2.5300853,3.785088465972059
238,Epb41l2,0.00016735654025814046,1.6111884,3.77635731083821
239,Pafah1b1,0.00017030466745799578,1.205222,3.7687734493746
240,Adarb1,0.0001728489139428316,2.97898,3.762333344904433
241,Slc39a14,0.0001794448482812834,2.8300893,3.7460690054005497
242,Map1lc3b,0.00018402611836905295,1.7876438,3.735120534280836
243,Errfi1,0.00018773748438167035,2.7960472,3.7264490058292705
244,Ndufa11,0.00019402384798817936,1.754932,3.7121448864968953
245,Tnfrsf19,0.00019707015381972446,2.8439865,3.705379144431347
246,Smdt1,0.00020259706049518498,1.3764874,3.6933668601602494
247,Wasf2,0.0002084489734984722,1.7396169,3.6810002392042556
248,Cnpy2,0.0002164987288423756,1.9287353,3.6645446492337683
249,Plpp3,0.00023448308690044166,2.7458792,3.629888477173666
250,Cox5b,0.00023751188327162667,1.2832544,3.6243146567330604
251,Rpl27a,0.00024264158863173391,1.2829134,3.6150347592596366
252,H3f3b,0.00024305642355212915,1.1072071,3.614292896801412
253,Jak1,0.00025127989880868826,1.3752869,3.5998422515014536
254,Adamts5,0.0002582215132308129,2.2278092,3.5880075781493086
255,Tpm4,0.00026669816787223147,1.7975731,3.573979967758617
256,Atxn7l3b,0.0002708038374543756,1.2499135,3.567345185727471
257,Fbln5,0.000272878817763212,2.9300983,3.5640301751604127
258,Tmed10,0.00027403801414805615,1.3606384,3.5621891883124337
259,Lrrc58,0.00029746033128899834,1.4917735,3.526570942711836
260,Dapk1,0.0003009917683620882,3.2372365,3.521445381495214
261,S100a11,0.00030791354402590467,1.1996346,3.5115712076010404
262,Tmed9,0.00030999288981658276,1.2811967,3.5086482672910058
263,Spcs1,0.00033514981837010706,1.5525666,3.4747610116301884
264,Hpgd,0.00033627354963178263,2.6226578,3.473307291771678
265,Ppic,0.00033938201483048916,1.4573398,3.469311176357868
266,Serf2,0.00034770640404118775,1.2502053,3.4587873104264997
267,2410015M20Rik,0.00035238054091364115,2.359452,3.4529880821191363
268,Angpt4,0.0003559246387457,3.0040975,3.4486419470876912
269,Rpl36al,0.00035681585722384786,1.6029962,3.4475558534220707
270,Gng11,0.00036311306347327793,2.6050658,3.4399581264869865
271,Rps13,0.0003719801747074314,1.1091279,3.429480205936928
272,Pdgfa,0.0003842243305871101,2.5556436,3.4154151373786568
273,Ptprz1,0.0003880668929510005,2.3432145,3.4110934065307847
274,Macf1,0.00040113636374564603,1.1967634,3.3967079666440303
275,Atp5g1,0.00040647838182374964,1.4635782,3.3909625470054934
276,Rpl17,0.0004257033091654387,1.0717678,3.370892973861614
277,RP23-214L4.1,0.00044871300843721436,1.633599,3.34803133984823
278,Skil,0.00046443841191422074,1.9943897,3.333071868622286
279,Mef2a,0.0004648190186301371,1.3831224,3.3327161105722394
280,Hectd1,0.00047326635019968855,1.2617118,3.3248943732884264
281,Atp6v1f,0.00047520606669488474,1.3987578,3.3231180235923223
282,Spred1,0.0004775435150343749,1.9136012,3.320987048209556
283,Man1a2,0.0004917949287573344,1.7977655,3.308215953889415
284,Sox4,0.0004970380231593816,1.4223473,3.3036103866858624
285,Eva1b,0.000561425634809811,3.7167704,3.250707761273591
286,Bloc1s1,0.0005682747545728733,1.6725675,3.24544163692241
287,Birc6,0.0005724214925994634,1.5326631,3.2422840682349143
288,Cd81,0.0005742735166076384,1.5615718,3.240881211328735
289,H2-Q7,0.0005807996302167613,2.6444793,3.2359736688142835
290,Fgfr2,0.0006199333041513422,2.729041,3.2076550317874295
291,Dpm3,0.0006657529348040878,1.4360578,3.1766869104069912
292,Imp3,0.0006700221847241437,2.246607,3.173910817383096
293,Fam104a,0.0006995120658972434,2.327796,3.155204789953572
294,Sept7,0.0007401227873222799,1.3015629,3.130696224278679
295,Glg1,0.0007651659121808945,1.34818,3.1162443858500373
296,Rps19,0.0007730753857734197,1.0131441,3.1117781541682596
297,Eid1,0.0007736869399721006,1.2002776,3.1114347340793542
298,Mydgf,0.000797261539008075,1.7519965,3.0983991863637512
299,Plxdc2,0.0008371611048220231,2.9711962,3.077190957535416
300,Srp14,0.0008604951392313593,1.3951285,3.0652515785740277
301,Ltbp1,0.0008969799175385879,2.9619946,3.047217280255583
302,Fibin,0.0008983843758378878,3.7732842,3.0465378096700113
303,Mmp14,0.0009168287731240215,1.1639519,3.0377117655633077
304,Prrx1,0.0009196973211383967,2.0293815,3.036355078510814
305,AC104921.1,0.0009283529405745148,2.0009341,3.0322868826138003
306,Usp34,0.0009518049575714701,1.325093,3.021452037465055
307,Rpl23,0.0009599925138584609,0.80950665,3.017732153629846
308,Hp1bp3,0.0009689987593673587,1.1720523,3.0136767789866497
309,Utrn,0.0009988122826315466,1.5331577,3.0005161256655986
310,Trip11,0.0010019176214094987,1.3480955,2.999167985093556
311,Enpp1,0.001028676141415248,2.314999,2.9877213328511756
312,Trf,0.001029473077714187,2.7139392,2.987385006358288
313,Mme,0.00104796105950463,2.000677,2.9796548547153288
314,Uqcc2,0.001052834282032427,1.5223471,2.9776399821504165
315,Pdia3,0.0010651092156540637,1.0198226,2.9726058576487153
316,Ttc3,0.0011001868797553777,1.4279691,2.958533538520789
317,Myo10,0.0011095488118617648,1.6600451,2.9548535872977535
318,Prss23,0.0011095488118617648,4.746282,2.9548535872977535
319,Lamp2,0.0011521536643131086,1.004443,2.938489594599661
320,Gpx4,0.0011565850704410912,1.7629642,2.9368224180041507
321,Foxn3,0.0011744686803856425,1.3609104,2.9301585600843754
322,Atp5d,0.0012045361756827166,1.5405531,2.9191801523584906
323,Mrpl20,0.001235313370055977,1.8322277,2.9082228580945158
324,Scand1,0.0012716526005345607,1.4139117,2.8956315162641557
325,Mycbp2,0.0013129635614433294,1.0914263,2.8817473266779876
326,Timp3,0.0013169618503956883,1.8658257,2.8804268054502202
327,Fau,0.00136686123146845,0.93475115,2.8642755742885337
328,Rpl31,0.001464185870238568,1.0520363,2.834403788513206
329,Os9,0.001536416385746398,1.829867,2.8134910697694915
330,Luzp1,0.0015666864373556552,2.1348522,2.805017916200783
331,Palld,0.0015713918095877888,2.3624792,2.8037155148159796
332,Col5a1,0.0016155374390443603,1.3533593,2.791682973033543
333,Fzd5,0.0016546349723391132,2.8429887,2.7812978006702025
334,Btbd7,0.0016571072415448454,2.315957,2.7806493848190055
335,Golgb1,0.0016996592136714233,1.3791732,2.769638147126657
336,Ptpn13,0.0017060009463533915,3.1111877,2.768020732256455
337,Ebf3,0.0017085437275864209,4.8154974,2.767373901614139
338,Spag9,0.0017758920384432636,1.6161373,2.7505834397587243
339,AC152164.3,0.0017811724532045574,1.3319412,2.7492940300879543
340,S1pr3,0.0017984336351555019,2.8820605,2.7451055836544977
341,Eny2,0.0018145033594049852,1.5100439,2.7412422234018665
342,Yam1,0.0018239381981879942,1.2493539,2.738989881271113
343,Fndc3b,0.001830704946599162,1.2366625,2.7373816449879906
344,Ubl4a,0.001837494756192932,3.1547637,2.7357738916232086
345,Zcchc14,0.0018593779400937263,2.2714894,2.7306323258737915
346,Ghr,0.001869026909996664,3.407044,2.7283844456629414
347,Ndufa7,0.0018898583503008728,1.3408759,2.7235707460850045
348,Psmb3,0.001937868132284566,1.5865175,2.7126757790755733
349,Ndufb9,0.001937868132284566,1.1319882,2.7126757790755733
350,Cdc42ep3,0.002025331849790092,1.2094352,2.6935038076468594
351,Bmp3,0.002142882889350207,2.155072,2.6690015629286523
352,Mrc2,0.002147586943850794,1.6965824,2.668049244972718
353,C1ra,0.002150728238056633,3.5734315,2.6674144627732863
354,Samd9l,0.002174422556910839,2.4103065,2.6626560553268614
355,Eef1d,0.002174422556910839,1.1991779,2.6626560553268614
356,Fign,0.0022015652463880037,2.817478,2.657268439104578
357,Psme2,0.0022241508375040434,1.2774041,2.652835763099732
358,Rps3,0.002251861581366927,0.87180626,2.6474583084459455
359,Tuba1a,0.002333513096535501,2.2267969,2.6319897573512963
360,Slc25a4,0.002333513096535501,1.3996394,2.6319897573512963
361,Maged1,0.002391753011418897,1.3997929,2.6212836705515907
362,Cd164,0.0024021677199390456,1.350852,2.6193966733273153
363,Pmp22,0.002423121775305234,2.6685307,2.6156247596081985
364,Rps14,0.0024248754760695075,0.66107804,2.6153105586882877
365,Cadm1,0.0024977852341612553,1.5380914,2.6024449060853487
366,Tm9sf3,0.0025359009148344324,0.9224698,2.5958677196315234
367,B2m,0.002541389230437792,0.87031317,2.5949288148056637
368,C4b,0.0027919078368238794,3.0687366,2.554098922230632
369,Rai14,0.0029244057324718962,2.6562498,2.5339623734550836
370,Ptms,0.0030323560659596847,1.3785173,2.518219804226596
371,Rhoc,0.00315953198558933,2.1891828,2.5003772436883036
372,Ash1l,0.003268437147236973,1.0214167,2.4856598621958796
373,Txnip,0.0032985151263680928,1.3330946,2.481681519986399
374,Park7,0.0033054919063675824,1.3502545,2.4807639018895546
375,Sec11a,0.0033218233606175066,1.8232193,2.4786234650660526
376,Ahnak,0.0033358802046336736,0.8732666,2.476789553777916
377,Rpl24,0.0034189636772516316,1.3324757,2.4661055130826037
378,Ostc,0.003430985311520454,1.1027622,2.464581141209134
379,Med13,0.0035533352842411206,1.264658,2.4493638115858856
380,Cd2ap,0.003588297513796046,1.3786286,2.4451115558054046
381,RP23-4P23.3,0.0036617165849155498,0.9666755,2.436315272915405
382,Lrp4,0.003674512229595297,2.1615357,2.434800302853142
383,Unc5b,0.003707971396706664,2.2344582,2.4308636246624844
384,Peak1,0.003710556616083775,3.1224382,2.430560937511206
385,Rpl22l1,0.0037286990800280365,0.9543278,2.4284426644146855
386,Ryk,0.0037678475984136354,1.5491967,2.423906671831002
387,Tmem2,0.0037678475984136354,1.6280107,2.423906671831002
388,Rp9,0.0038259413970038727,1.1524527,2.4172616864657432
389,Eprs,0.0038579708336674485,1.1763492,2.4136410599542297
390,Fkbp10,0.003906471896038119,1.7381214,2.408215295746948
391,Pgls,0.003917324838504412,1.0685552,2.4070104137162214
392,Bin1,0.004066544079432853,2.5691235,2.3907745157895803
393,Asph,0.004100396690653167,2.2525141,2.3871741256637207
394,Ubb,0.004140214511044952,1.5833006,2.382977156813961
395,Abcc9,0.004148792413059579,3.2510324,2.382078294772895
396,Ddr2,0.004148792413059579,1.8704737,2.382078294772895
397,RP24-261H7.9,0.004186149962422149,2.2746146,2.37818521778284
398,Sema6d,0.0042500661867134375,2.677825,2.3716043065848416
399,Tmem167,0.004303018191461718,1.1057383,2.3662268178879904
400,Son,0.004317832869871294,0.8897699,2.36473417189002
401,Dlgap4,0.00432674385928782,3.344324,2.3638388140202524
402,Lgalsl,0.00433269377840633,2.9379847,2.363242004491574
403,Tnrc6c,0.004386577792561466,1.2155772,2.357874164360678
404,Antxr1,0.004395617287135481,2.3427315,2.356980127286014
405,Pja2,0.004456313317368536,1.8084258,2.351024282102593
406,Dynlrb1,0.004520860611716507,1.3271871,2.3447788830332965
407,Eif3c,0.004520860611716507,0.97790885,2.3447788830332965
408,Pam,0.004527051934695886,1.4791967,2.344184523215712
409,Ackr4,0.004533250937833412,2.8284261,2.3435902399309483
410,Sec61a1,0.004545672017963999,1.4517888,2.3424019029548693
411,Efemp2,0.004624004713350661,2.565071,2.3349817319012947
412,Psma3,0.004658856737032516,1.6602379,2.331720644192873
413,Rgs3,0.004810464646388039,2.5301187,2.317812972770376
414,Vkorc1,0.004843292038742594,2.1523032,2.314859343261836
415,Dnm3os,0.004919565528658396,2.4870744,2.308073250248487
416,RP23-338E5.2,0.004986771642174254,1.4353896,2.3021805188508813
417,Pdia4,0.005017284364853273,1.2684149,2.2995312837466546
418,Kcnk2,0.0050822551309426586,2.4805071,2.293943537007144
419,Loxl1,0.005232111002614641,1.9145375,2.2813230507480795
420,Impad1,0.0052604276282277535,1.1716485,2.278978949946865
421,Esr1,0.005313894706382023,2.3965988,2.27458705528711
422,Lamtor5,0.005353415311883695,2.2775257,2.2713690632366283
423,Steap4,0.005433253770095724,3.155894,2.2649400099711747
424,Ccnd1,0.005491991565724448,1.4451095,2.260270138398528
425,Tspan4,0.005566219514903296,2.0689526,2.2544396704002283
426,Gsk3b,0.005592412398221799,1.0941371,2.2524008101400232
427,Mxra8,0.005767321403041603,1.7892503,2.239025845419693
428,Sys1,0.005767321403041603,1.7584265,2.239025845419693
429,Fcgrt,0.005790495641407945,2.103314,2.2372842609503203
430,Dag1,0.005829306004967268,2.236996,2.2343831461249684
431,Supt4a,0.005915515450527092,2.1402483,2.2280074069842533
432,Hspa8,0.006010871151345621,0.9239869,2.2210625814406915
433,Map4k4,0.006034925441408785,1.3970193,2.21932809103221
434,Cul1,0.006042962788114854,1.3702574,2.2187500800798805
435,Capns1,0.006091389695495278,1.2203022,2.215283615703065
436,Gpc1,0.006226371199589578,1.0692433,2.205764991406814
437,Col5a2,0.006338807130920031,0.9211737,2.1979924621815576
438,Itm2b,0.006423267550724489,0.93539816,2.1922439877814357
439,Kmt2a,0.0066126545772301785,1.0875612,2.179624162782323
440,Adamts9,0.006762422028641642,2.849351,2.169897729312494
441,Ggh,0.00686996839831401,1.7495917,2.1630452606798105
442,Sdc3,0.0069334110802988175,1.2048388,2.1590530498210185
443,Serinc1,0.006988208862867007,1.387866,2.155634123346367
444,Naaladl2,0.0069973795485533,2.7605774,2.1550645686529935
445,Mtdh,0.007034170470422847,0.8536616,2.1527871109313788
446,Pgrmc2,0.007038781528483785,1.66081,2.152502514331686
447,Snx6,0.007159625727201052,1.7945479,2.145109680046863
448,Cldn10,0.007244374674248726,4.414907,2.1399990963548317
449,Mrps33,0.007249109238504323,1.3636957,2.139715355714425
450,Eif3k,0.007392443623890944,0.9435466,2.131211978797304
451,Anxa5,0.007681772074571478,0.8629595,2.1145385829069
452,Trps1,0.007721774651412334,1.3382702,2.1122828767700086
453,Mdk,0.00785816519277807,3.022124,2.1046788457764545
454,Rps6ka3,0.007981208701267206,1.1574962,2.0979313326417706
455,Taok1,0.008032984009560004,0.9688111,2.095123097541359
456,Fto,0.008216574020000228,1.3554494,2.0853092280025
457,Arrdc4,0.00837691581303166,2.2013807,2.0769158491415234
458,Brd1,0.008403909880728484,1.2223967,2.0755186133950927
459,Cox6c,0.008447262243685192,0.7957063,2.0732840230166554
460,Arid5b,0.00879008108954676,2.1206403,2.0560071184893385
461,Ubc,0.008931795037860516,0.97416943,2.0490612514478332
462,Pappa,0.008971838919220368,2.8620777,2.0471185323607743
463,Ggt5,0.009017799612576328,2.6904094,2.0448994195194974
464,Tpm2,0.009035089001256331,3.7060943,2.044067565010727
465,Lox,0.00911035219066379,1.1636643,2.04046483361917
466,Mrpl52,0.009121980686929492,0.8979634,2.039910851583003
467,Lamb2,0.009121980686929492,3.1166072,2.039910851583003
468,Nf1,0.009139448275629737,2.7352483,2.0390800206864887
469,Wls,0.009357349899361208,1.2164253,2.0288471306470957
470,Anapc11,0.009381182265959036,1.5872873,2.0277424260956844
471,Spon1,0.009549530462062498,3.2838187,2.0200179815836257
472,RP23-161B9.10,0.00957379884206968,2.6144433,2.0189157018485258
473,Smad4,0.00962250063630566,1.4248548,2.0167120515148445
474,Atp2a2,0.009689826224695301,1.0059025,2.013684011425256
475,Copb1,0.009751395339452119,1.5856575,2.010933236110021
476,Prrc2c,0.00981952385947446,0.8183757,2.0079095702798724
477,Slc44a1,0.009963346574237157,1.8110723,2.00159476251936
478,Prdx4,0.010020133859012953,2.1740525,1.9991264766880974
479,Pds5b,0.010347406755239836,1.3089153,1.9851684785166943
480,Rpl7,0.010491496165303173,0.8697295,1.9791625737700729
481,Fcho2,0.0105178851768693,1.5180302,1.9780715746638673
482,Tmem263,0.010531101811373825,1.5387286,1.9775261885897357
483,Dleu2,0.010664082877734599,1.1583974,1.9720764883876196
484,RP23-263B18.4,0.010670770956617122,1.7989984,1.9718042019336404
485,Cdv3,0.010710977813265306,0.8959693,1.970170880286618
486,Chchd2,0.010758056017655003,0.83145875,1.968266198658457
487,Metrnl,0.010873155523185933,2.1802843,1.9636444000323199
488,Rbms3,0.011092786055514885,2.5147767,1.9549593630865216
489,Top2b,0.011155263076406468,0.8096359,1.9525201832210741
490,Abca8a,0.011197087870217084,2.8294137,1.9508949136106208
491,Slc50a1,0.011288186354672197,1.8630153,1.9473758295037302
492,Apbb2,0.011579822679866224,3.0711439,1.93629809084565
493,Polr1d,0.011702692868213785,1.069576,1.9317141926777044
494,Tspan3,0.011951907821828662,2.1011841,1.9225627649786043
495,Ccser2,0.01198895120981514,2.286253,1.921218807202417
496,Ddx3y,0.012003797040636775,2.4598372,1.9206813562059206
497,Cyba,0.01220581671327425,0.8734033,1.9134331558452007
498,Cox8a,0.012228448268316462,0.83322424,1.9126286493630302
499,Htra1,0.012273822947293702,2.2900155,1.9110201458042417
500,Pdcd5,0.012281399878604398,1.0284249,1.9107521279095752
501,Sec63,0.012281399878604398,1.3616579,1.9107521279095752
502,Ptpn1,0.012541493479042022,1.1908088,1.9016507433230017
503,Cct4,0.012642222687194575,1.0978155,1.898176564034516
504,Slitrk6,0.01269675758715204,2.890738,1.8963071720988545
505,Zfp106,0.012704565261068184,0.8421412,1.8960401915305332
506,Prpf4b,0.012704565261068184,0.7726083,1.8960401915305332
507,Antxr2,0.013092384844968372,2.2617369,1.8829812372786618
508,Huwe1,0.013221268050581884,0.93737566,1.8787268897096452
509,Dhx36,0.013253663605462283,1.226756,1.8776640565414722
510,Suv420h1,0.013334959698972835,1.6571097,1.8750082925005513
511,Flrt2,0.013490637385096045,1.973617,1.8699675309588786
512,Tcf7l2,0.013515364323492474,1.7874308,1.86917224285835
513,Epdr1,0.013573216305517288,2.7363732,1.8673172298472844
514,Rps2,0.013647918828681506,0.8047546,1.864933569145525
515,Myo1d,0.013764844690671513,2.6924717,1.86122868440613
516,Pard6g,0.014018383206897647,1.5804348,1.8533020723046532
517,Hp,0.014215545308237307,1.0530871,1.8472364761201412
518,Sspn,0.014215545308237307,3.0762227,1.8472364761201412
519,Clu,0.0142414416434557,2.2971563,1.8464460453826552
520,Trmt112,0.014380259559079109,1.2207861,1.842233275006095
521,Bax,0.014397695442615257,1.997693,1.8417070173944632
522,Ebp,0.014397695442615257,2.001461,1.8417070173944632
523,Eml4,0.014911513381929163,1.3088201,1.826478277400988
524,Il1r1,0.014938524209482967,4.2081537,1.8256923047519364
525,Pdap1,0.015092401288396859,0.69142294,1.8212416559611377
526,Coa3,0.015137924135270863,1.7038338,1.819933675589454
527,P4ha1,0.015156167105372025,1.5728354,1.8194106150267035
528,Osmr,0.01525684991842158,3.1906877,1.8165351259007525
529,Tmem261,0.015422874141319818,1.5922469,1.811834685467854
530,Bmpr1a,0.015459983639222885,2.7690325,1.810790970016593
531,Higd2a,0.015525114383609047,1.5495535,1.8089651914098537
532,Taf10,0.015581132791596047,1.6492659,1.8074009711014993
533,Tmem160,0.015609208631860666,1.0788157,1.8066191145883304
534,Ifngr2,0.015665493876930964,1.4253534,1.8050559088164413
535,Ptgfr,0.015703116498073873,4.5647316,1.8040141473615074
536,Bst2,0.0158259395180403,1.4773853,1.8006304983476442
537,Enpp2,0.015854402988546165,3.5673876,1.799850107068722
538,Gtf2i,0.01589242430897412,1.3501395,1.7988098483117354
539,Stt3a,0.01608373608497554,1.015686,1.793613061767782
540,Tjp1,0.016160825827966317,2.0154283,1.7915364502838995
541,Kmt2e,0.01618014893277515,0.9256366,1.7910174851721556
542,Trp53,0.016472441746740736,1.5664415,1.7832420196197816
543,Tshz2,0.01678932328447238,3.1121535,1.7749668083135457
544,Gapdh,0.016849330718555048,0.86686176,1.7734173452977549
545,Drap1,0.01714202821258466,1.1551617,1.7659377944652226
546,Col25a1,0.017439176912931238,2.2670078,1.7584740165713204
547,Ube2i,0.017625877280603133,1.2087209,1.7538492579596396
548,Myl12a,0.01787753510536391,1.1466409,1.7476923604804442
549,Dusp11,0.018004540423201088,1.1297808,1.7446179597808995
550,Vps29,0.018110981195810137,1.6372998,1.7420580203439942
551,Fkbp7,0.01813233535645711,2.2772484,1.7415462572886227
552,Hivep3,0.018325517096899436,2.3413298,1.736943761889476
553,Ankrd11,0.018433616904597,0.8175519,1.7343894424481772
554,Tsc22d1,0.01853138349982176,1.3072519,1.7320921562931362
555,Arglu1,0.018717292335625295,0.8002061,1.7277569765780363
556,Fbxl3,0.01880534197947937,1.9287013,1.7257187644244922
557,Efnb1,0.01896030083173692,1.6405934,1.7221547762528655
558,Dlg5,0.019015913250136525,3.6994452,1.720882812510048
559,Acbd3,0.019206063665239893,1.2382286,1.716561635848328
560,Itpr1,0.01967151355481312,1.632269,1.7061622235471177
561,Tmem234,0.01994851842578123,0.82462823,1.7000893537818063
562,Gstm2,0.020405915682919308,2.97097,1.690243912181259
563,Pigp,0.020488973872289998,3.1081524,1.6884797913675358
564,Cldnd1,0.020536567950033016,2.0341175,1.6874721335188014
565,Polr2j,0.02076395877229683,2.1825492,1.682689842102077
566,Tspan17,0.020836220932382535,3.597089,1.681181046266893
567,Ubr4,0.021496504906225372,1.825457,1.6676321458206846
568,Erlec1,0.02154613169684044,1.5286335,1.6666306899355496
569,Psmb6,0.021558553968347854,1.1328992,1.666380372642454
570,Sdhb,0.02157098247446691,1.3853713,1.666130074020192
571,Ifngr1,0.021583417217733932,0.7740302,1.6658797940685428
572,Clcn4,0.02174563761590795,2.1969266,1.6626278536224395
573,Eif4ebp1,0.02174563761590795,1.9057866,1.6626278536224395
574,Ndufb10,0.021946749356780846,0.8452316,1.658629796194399
575,Rasa3,0.021959372397217902,1.4900426,1.6583800762583767
576,Esd,0.02198463742897619,1.405581,1.6578806923773826
577,Erbb2ip,0.022022582392203924,1.118926,1.6571317565301866
578,Ndufb5,0.022098643268290776,1.1183349,1.6556343887213052
579,Atp1a1,0.022098643268290776,0.6970671,1.6556343887213052
580,Enpp4,0.022111342271007535,2.6659207,1.6553848927357278
581,Nap1l4,0.022136759319554156,1.1741556,1.6548859567476355
582,Fam162a,0.022482384665971474,1.6661048,1.648157625827797
583,Mia3,0.022495275193153655,1.0110964,1.6479086895783408
584,Tcf4,0.02257275335343808,0.7466879,1.64641546381661
585,Psenen,0.022976762727992664,1.3802865,1.6387111605218663
586,Sap18,0.023016191702928828,1.8577198,1.6379665338437717
587,Emilin1,0.023016191702928828,1.0171682,1.6379665338437717
588,Stat3,0.02302934774730674,0.93802464,1.6377183622423224
589,Ttc28,0.023108421250238417,2.236108,1.6362297241760404
590,Prpf8,0.02326727583510013,1.5095413,1.6332544615366478
591,Mtch1,0.023333744545118343,1.1162987,1.6320155610438847
592,Mrpl43,0.02354755332924338,1.9406269,1.628054210862445
593,Sep15,0.023614716308052338,0.8794053,1.6268172673893133
594,Stra13,0.02366856631005556,1.2173017,1.6258280480484892
595,Tgfbr2,0.023722522823374267,1.7883886,1.624839126858844
596,Golm1,0.02384431528822913,2.5093691,1.622615144222495
597,Mgp,0.024021195116594802,1.9306661,1.6194053891216833
598,Zfp862-ps,0.02406217474916965,2.6285415,1.6186651235098357
599,Megf10,0.02429553955973878,2.5991702,1.6144734516034367
600,Atxn10,0.024336924592336488,1.4837091,1.6137343035490475
601,Camk2n1,0.024350733174469535,1.9881245,1.6134879581112442
602,Atf6,0.024489192893627058,1.4830049,1.6110255279671684
603,Fhl2,0.024796207623894166,2.5199018,1.605614735865631
604,Sra1,0.02530578732204155,1.7762654,1.5967801462311486
605,Aurkaip1,0.025405917873614466,1.4881772,1.595065110131962
606,Ubl5,0.025506391079837962,0.8830648,1.5933509857253125
607,Myh9,0.02552077242144142,0.6867956,1.5931061852293587
608,Hmg20b,0.025970086947224427,1.9519913,1.5855265963608176
609,Frmd6,0.025970086947224427,1.4790385,1.5855265963608176
610,Tbca,0.026160535025638042,0.94817704,1.5823533782259736
611,Cpe,0.026263583109834465,1.0179418,1.5806460239177431
612,Sec62,0.026307853846498547,0.6800644,1.5799145795326957
613,Tceal9,0.026307853846498547,0.94325715,1.5799145795326957
614,Serpina3g,0.02636698179685458,4.498298,1.5789395806347355
615,Srp19,0.02639658880827261,0.946069,1.578452192731053
616,Secisbp2l,0.026530176095433088,1.4625881,1.5762598673557384
617,AC162528.2,0.02655994134404804,3.0116897,1.5757728884148783
618,Ctsb,0.026589735435326896,0.7054258,1.5752859838248545
619,Pkn2,0.02667929098781566,1.0193237,1.5738257161411997
620,Myo1b,0.02673913931120526,1.7048737,1.5728525760721648
621,Mrpl17,0.026799103540172575,1.6786512,1.5718797333618062
622,Arl1,0.02691938042957434,1.2784832,1.5699349399574771
623,Clta,0.026979693447796944,0.85112685,1.568962989233668
624,Creb1,0.027009893678637768,1.1660018,1.5684771253598206
625,mt-Atp8,0.02738986569243897,0.7005363,1.5624100973252881
626,Tbrg1,0.027527780116844675,1.2778609,1.5602288093795125
627,Mrps36,0.02765087317692842,2.3332007,1.558291149714288
628,Lamc1,0.027774440648610777,2.6166265,1.5563546785857587
629,Snw1,0.027774440648610777,1.0492898,1.5563546785857587
630,Chd4,0.027914022929834914,0.6983737,1.5541775690891215
631,Gadd45g,0.028085444400468767,2.4500353,1.5515186998225765
632,Smarcb1,0.028085444400468767,1.1515119,1.5515186998225765
633,Chchd1,0.028179328878919052,1.155323,1.5500693542945432
634,Sepp1,0.028257772422636107,1.3270264,1.5488620768359203
635,Aff4,0.02854172911181587,1.4287071,1.5445197200450238
636,Tm4sf1,0.028589293388459322,2.5727718,1.5437965785099832
637,Adam12,0.028972271205948915,1.9035385,1.5380174580738417
638,Abca9,0.02903652831477873,2.1631134,1.5370553102813536
639,Mbnl2,0.029100908050486953,0.8447559,1.5360934592902789
640,Fam63b,0.029165410597890976,0.991697,1.5351319050853935
641,Tmem47,0.029327205481923486,3.264295,1.5327293179127637
642,Bnip3l,0.029457196819654977,1.0736362,1.5308085834838374
643,Swap70,0.02996560522813124,1.3338133,1.5233769462477147
644,St5,0.03019767019218888,3.7483022,1.5200265623973952
645,Timm8b,0.030214305196373192,1.420629,1.5197873882714108
646,Rwdd1,0.030414540232212607,1.2765269,1.5169187442552163
647,Mesdc2,0.030481538078519985,1.6956878,1.5159631225633825
648,Fkbp2,0.030498307334428428,1.0553404,1.5157242634635955
649,Fat3,0.03056546362368294,1.7658186,1.5147690123499047
650,Nedd9,0.030582272527125327,1.8454198,1.514530245891642
651,Atp5j2,0.030632746879300052,0.72393113,1.5138140576813817
652,Ppp1r14b,0.03070015728990465,0.9096725,1.5128593994425967
653,Copb2,0.030937097799623756,0.9764848,1.5095204297680755
654,Sgms2,0.031039123280961655,0.8526657,1.5080905541541134
655,Ift20,0.031261169584810726,1.0663656,1.5049947776051444
656,Mrps24,0.03143290061515694,1.3433539,1.502615540616791
657,Smurf2,0.031467343763556116,1.7773069,1.5021399154127246
658,Rdx,0.03174405626350566,0.697214,1.4983375797770373
659,Phpt1,0.03176141985928569,1.4407055,1.4981000911545883
660,Ski,0.031778791598229536,1.4574823,1.4978626210430073
661,Cebpd,0.032022852651416106,0.9683515,1.4945399829855543
662,Lmo7,0.03239195593124113,1.7420948,1.489562827090218
663,Eif4g3,0.03248037295016363,1.0116053,1.4883789926923097
664,Pdgfc,0.03256899662617114,1.698404,1.4871956208158286
665,Gadd45b,0.032746865458419074,1.972227,1.4848302645046423
666,Emc6,0.03305115160471389,1.3266704,1.4808134037468936
667,Sf3b5,0.03324932962464983,0.832267,1.4782171065488572
668,Ctnnd1,0.03330355433232022,1.8657204,1.4775094138048346
669,Qk,0.03407068105822893,0.60719067,1.467619184985853
670,Golga4,0.03423701618695589,0.77095896,1.4655040918338549
671,Ndufs7,0.03429261522968337,1.0609062,1.4647993933770136
672,Ginm1,0.03442264645524575,2.4384122,1.4631557436328824
673,Tanc1,0.03459044826575441,1.6795962,1.4610438098248375
674,Tmem123,0.03466525084045321,0.9819735,1.4601056528651655
675,Vasn,0.03472144340274894,1.6775912,1.45940222909407
676,Creb3l2,0.03545905481997436,1.7702761,1.4502728449319526
677,Tnks2,0.0356503254889149,0.8130244,1.447936500667814
678,Med13l,0.03572707981424165,1.0986227,1.4470024798062127
679,Rps3a1,0.035746290404013455,0.4840329,1.4467690207344652
680,Fkbp1a,0.03576550980340571,1.2271152,1.4465355801196769
681,Tmod3,0.03591958251979494,1.2717438,1.4446687196217434
682,Psma2,0.03613235637720973,0.81984764,1.4421037149265972
683,Yy1,0.036521971237317576,0.68716264,1.4374457898895014
684,Rnf10,0.036659179509760276,1.7174236,1.4358172594603051
685,Sh3pxd2b,0.036698462439523336,1.589858,1.4353521310617772
686,Trim44,0.036737781222696296,1.1834154,1.4348870764416792
687,Arf4,0.036737781222696296,0.88448656,1.4348870764416792
688,Atp5o,0.03677713588449771,0.7805077,1.434422095597988
689,Nipbl,0.036836235204816783,0.641552,1.4337247626587846
690,Ktn1,0.03693491382268592,1.1436265,1.4325629099467885
691,Cyb5a,0.037053625239022434,2.3137803,1.4311692952613957
692,Nus1,0.037053625239022434,1.2043864,1.4311692952613957
693,Sfr1,0.037833195230425457,0.7207347,1.4221269784973127
694,Neo1,0.03793414197171708,2.0144057,1.4209697347490606
695,Pbxip1,0.03795435878684822,1.5456135,1.420738341286993
696,Eif1b,0.03801506422336288,1.2064385,1.4200442714713604
697,Ppdpf,0.03819767619947881,1.7972466,1.4179630570998392
698,Ppfibp2,0.03825871236768828,2.127255,1.4172696506447915
699,Dnajc1,0.0383402228934808,1.0125709,1.416345366650252
700,Igsf10,0.03838103348601157,4.091,1.4158833351964573
701,Nfix,0.03854464531770552,0.8512488,1.4140359462899899
702,Emp2,0.03872941677561327,3.1004155,1.4119590429839666
703,Saa3,0.03872941677561327,6.996145,1.4119590429839666
704,Pum1,0.038914940287983764,0.8853463,1.4098836316065515
705,Ddrgk1,0.03930908128873351,1.2565582,1.405507106164545
706,Thra,0.039706606565642046,1.435747,1.4011372273352583
707,Nptn,0.04000169842194788,0.8580442,1.3979215686815232
708,Kdelr2,0.040065173864991935,0.8222052,1.3972329682744309
709,Efcab14,0.04010753827752075,1.5436292,1.3967739933486465
710,Gabarap,0.0404051543598522,0.6071317,1.393563229759306
711,Fam50a,0.040726104612552626,1.791516,1.3901271275073503
712,Skp1a,0.04076906080423091,0.80748475,1.38966929326303
713,Rab10,0.04085508839658155,0.91005266,1.3887538454979054
714,Cdh15,0.04096283917322875,2.268382,1.3876099496266119
715,Spen,0.041027605148662605,0.9617537,1.3869238328033913
716,Cd55,0.04107083064903052,3.1157413,1.3864665135417136
717,Psmd7,0.04122242386794302,1.293049,1.3848664754019424
718,Pten,0.041614412831298325,0.7554708,1.3807562287716575
719,Srsf11,0.04170194877107983,0.7999391,1.3798436495645876
720,Gabarapl2,0.0417677029780545,1.8429217,1.3791594081772152
721,Ssr2,0.04178964054117361,0.9890245,1.3789313644786803
722,Rnaseh2c,0.04187748835197843,0.81963223,1.3780193734971686
723,Wasl,0.04227474015255206,1.7127987,1.3739190531721983
724,C1qtnf6,0.04229690285718646,1.751801,1.373691432182359
725,Lima1,0.04251907100599195,1.8223478,1.3714162328923656
726,Herc2,0.04274222529061944,1.0295076,1.3691428708879407
727,Ifnar2,0.04307881296116824,1.180377,1.3657362722152127
728,Mrps18c,0.043349693516155155,1.0010096,1.3630139686540486
729,Cct5,0.04337233171272659,0.6088983,1.3627872293903243
730,Ndufb7,0.04355379710958042,0.6359414,1.360973976319889
731,Runx3,0.043918652293609306,1.4404361,1.3573509952981515
732,Phf5a,0.043918652293609306,1.2079222,1.3573509952981515
733,Asap1,0.043918652293609306,0.8184166,1.3573509952981515
734,Ubxn4,0.0439873491472837,0.7608885,1.3566722095483883
735,Chd6,0.04407908605049492,1.4541044,1.3557674188600313
736,Irx3,0.044102045494693355,2.4953475,1.3555412670750961
737,Luc7l,0.044147994668555506,1.2943352,1.3550890185679516
738,Stk17b,0.044355266323138354,1.1138599,1.3530548087680567
739,Psma7,0.04442453910921206,0.56272346,1.3523770691695773
740,Sdk2,0.04495866927368624,1.339323,1.3471865518795625
741,RP23-216P14.8,0.04526295733604777,0.6990827,1.3442570740496957
742,AC159092.1,0.04568714387120625,3.1895175,1.3402059909866613
743,Itga1,0.045781861041098326,1.1398906,1.3393065571518248
744,Atox1,0.046043186625919746,0.62575084,1.3368346266981745
745,Cd9,0.046138525069103827,0.7518517,1.3359362928792455
746,Ccdc59,0.04637759871926692,1.5621898,1.3336917414671008
747,Cltc,0.04644952386109546,0.6121932,1.3330187334584707
748,Arhgap31,0.046617714426036405,1.9613261,1.3314490228895064
749,Sulf1,0.04678641726086004,2.4028306,1.3298802102771974
750,AC166332.1,0.04727125846968087,2.2890627,1.325402835624676
751,Lamtor4,0.047441948125446484,0.5382686,1.323837485690164
752,Nr3c1,0.04746637461542804,0.9050719,1.3236139375388718
753,Sppl2a,0.047834042707494036,0.6771379,1.3202629130573333
754,Ifitm5,0.04788324548992232,1.9197209,1.3198164211186785
755,Tmem119,0.048006438559740544,2.0137365,1.3187005117193096
756,Akap12,0.04810518467263778,3.13749,1.3178081137847464
757,Pxk,0.04815462169005351,1.6935087,1.3173620246731146
758,Pcdh7,0.04837761679394289,2.1669333,1.3153555299124013
759,Cox7a2,0.048501877307333206,0.5943155,1.314241451326872
760,Wnt4,0.048551656509608965,3.0766017,1.313795948027663
761,H2-Q6,0.048651343631274414,2.4526818,1.3129051610772273
762,Ost4,0.048676292247778544,0.8753991,1.3126825100980204
763,Cope,0.049202699726918604,1.2278938,1.3080110670632044
764,Prrc2b,0.04925308198211459,1.1529285,1.307566588598912
765,Gde1,0.0493035075189136,3.2195203,1.307122183320673
766,Ifi27,0.049404488547558086,1.9103911,1.3062335923135735
767,Pnrc1,0.049988502399367536,1.0701282,1.301129874038234
768,Efna5,0.05011622491446154,2.9029815,1.3000216503787148
769,Hcfc1r1,0.05057829319035261,1.7048928,1.2960358303992572
770,Mrpl54,0.05068145832230906,1.2435541,1.2951508970991803
771,Gatad1,0.05086242147470615,1.1984112,1.2936029676351564
772,Cox14,0.051199931778022886,0.8687799,1.2907306177047932
773,Hmgn3,0.051225971595747814,3.0735571,1.2905097956467229
774,Shox2,0.05125202250038275,1.3836964,1.2902889918639198
775,Cnot6,0.05138244344895272,0.73988515,1.289185247069188
776,Zc3h15,0.05148698012705658,0.94140697,1.2883025801598857
777,Rnd3,0.0521443748270302,1.6340606,1.2827925350485034
778,Oat,0.05225020667775442,1.0882077,1.2819119873445495
779,Cstb,0.052382749031770266,0.7937053,1.2808117136618296
780,Rnf11,0.05251557239423335,1.3774453,1.2797118965545642
781,Arhgdia,0.052675331975847575,0.69821274,1.278392718656276
782,Suco,0.05270199802823221,1.4329736,1.2781729195846627
783,S1pr1,0.05272867536293626,1.5943574,1.2779531387727137
784,Sh3bgrl,0.05272867536293626,0.6094187,1.2779531387727137
785,RP23-253N17.1,0.052888976495962484,1.5789934,1.2766348373382979
786,Pttg1ip,0.053130191643586726,1.186837,1.2746586175628376
787,Akap9,0.05329151181165836,0.77295923,1.2733419592083701
788,Parva,0.05396808958110172,3.2137544,1.2678629552731313
789,Rprd2,0.054022524151882106,1.1848874,1.2674251276712736
790,S100a6,0.05426804711727739,0.59554136,1.2654558066027668
791,Hspa13,0.0547894317927251,1.7616314,1.2613032034996514
792,Mt1,0.054954944918251245,0.74238855,1.259993223093314
793,Kras,0.05534276392786975,1.2675294,1.2569391551219269
794,Myl6,0.055481822341994995,0.7370277,1.2558492826370582
795,Rnf19a,0.05562117179281113,2.1587095,1.254759865925093
796,Ptprg,0.0557608127230022,2.4585397,1.2536709049505255
797,Pcm1,0.055984845594008036,0.85658437,1.2519295152363075
798,Hif1a,0.056378706820969654,1.0185874,1.2488848899216352
799,Pld3,0.056378706820969654,2.3765833,1.2488848899216352
800,Mrpl36,0.0568600652501295,1.2285925,1.245192646267896
801,R3hdm2,0.05720190251811435,1.597729,1.2425895264626023
802,Ssh2,0.05748807104002581,1.2935487,1.2404222634661697
803,Mrpl34,0.05754544735542709,1.3932989,1.2399890294038776
804,Rnf150,0.058237684383439896,2.2157218,1.234795901543358
805,Uqcrc1,0.058995400673573783,1.1502982,1.2291818449671301
806,Plekhm3,0.058995400673573783,2.4482684,1.2291818449671301
807,Eef2,0.058995400673573783,0.63074005,1.2291818449671301
808,Txndc17,0.05923018405720245,0.9642841,1.2274569177912162
809,Ramp1,0.05958381270554804,0.75074154,1.224871710184388
810,Lepr,0.05996888520199245,2.667699,1.2220740244509178
811,Prkcdbp,0.06032616626898128,3.0311902,1.2194942732436789
812,RP23-463F22.3,0.06035601917345265,2.973369,1.2192794121703958
813,Olfml2a,0.0604157617204535,2.6907473,1.2188497445705377
814,Agfg1,0.06113650315139717,1.4242873,1.2136994054117485
815,AC157774.6,0.061257316332056215,1.0746764,1.2128420334469951
816,Itga9,0.06137832715905397,5.384502,1.2119849522595592
817,Kmt2c,0.0614086107750993,1.22934,1.2117707273944633
818,Zzz3,0.061469215123602566,1.0832618,1.2113423321803394
819,Ndufs5,0.06180342485258325,1.1479636,1.2089874577046258
820,Zcchc17,0.06186435154931387,1.1741191,1.2085595349085454
821,Tmx1,0.06201688579353722,1.0730346,1.2074900458484423
822,Uqcr10,0.06201688579353722,0.6658728,1.2074900458484423
823,Zyg11b,0.06210855562911853,1.5521504,1.206848570409859
824,Sod2,0.06210855562911853,1.2219493,1.206848570409859
825,Itm2c,0.06216973111685119,0.90905946,1.206421010944862
826,Nrd1,0.06247635680844031,0.97865933,1.204284303460494
827,C1s1,0.06263013808100314,3.2390656,1.2032166308062506
828,Arcn1,0.063497108200098,1.1524113,1.1972460529968094
829,Sptan1,0.06368417173056337,1.2590433,1.195968495204098
830,Setd2,0.06371539320007225,0.75684834,1.1957556324332803
831,Nradd,0.06390298763398072,2.9630582,1.1944788369492647
832,Iah1,0.06415382287406647,2.9667222,1.192777459263417
833,RP24-458F14.3,0.06459474041801298,2.365951,1.1898028426926335
834,Tmem147,0.06510170534913842,1.511551,1.18640763487236
835,Ergic3,0.06513349932234341,1.5327897,1.1861955885607678
836,Rpl27,0.06535641590551386,0.6027729,1.1847117721907148
837,Rplp1,0.06570798418793,0.5851683,1.1823818560401524
838,Smad7,0.06583621309060833,1.7687725,1.1815351577646682
839,Zmym5,0.06593252005907912,1.3721824,1.1809003244256286
840,Adgrf5,0.0661899063796104,3.103723,1.1792082331865712
841,Dhrs7,0.06752203602298477,0.9517101,1.1705544707038493
842,Nfu1,0.067587578182468,1.8495435,1.1701331150424363
843,Tcf25,0.06788316594822726,0.6448053,1.168237911171953
844,Atp5c1,0.06801487915317393,0.5735984,1.1673960692459613
845,Ctdspl,0.0683120023800758,1.0062152,1.1655029843201186
846,Rb1cc1,0.06864338998326286,0.7429891,1.1634012768104243
847,Vdac1,0.06917635738079835,0.57366747,1.1600423103625521
848,Zfp397,0.06934360509347243,1.433651,1.1589935836270928
849,Clec11a,0.0695783096498407,1.7798947,1.1575261263021968
850,Zfp329,0.06971271912903407,1.8327997,1.156687977373888
851,Cyc1,0.06998217758113634,1.1499933,1.15501254803834
852,Eif5,0.0703540781258018,0.56002253,1.152710723301027
853,Hgsnat,0.07055761542735622,1.9053825,1.1514561050905285
854,Tcea1,0.07065956505975976,0.8003664,1.1508290401636647
855,Ak1,0.07069357510715701,2.7883987,1.150620054693919
856,Heg1,0.07096613907444613,1.6426347,1.148948821997758
857,Galnt1,0.07103441453111725,0.46945143,1.1485311946630221
858,Fkbp11,0.07106857244940573,1.8711804,1.1483224081198689
859,Caprin1,0.07130805509983437,0.59744525,1.1468614086079498
860,Vezf1,0.07137660007466098,0.9608294,1.1464441429029166
861,Rap1b,0.07144519904141129,0.50168747,1.1460269495164825
862,Rap2a,0.07182345977976869,1.3721862,1.1437336784765586
863,Stard3nl,0.07192690605555635,1.566696,1.1431086205263807
864,Vps35,0.07220335956342466,0.99800485,1.1414425945922384
865,Mkln1,0.072237977351738,1.2334275,1.1412344226790019
866,Mrfap1,0.07241127021722558,0.49322996,1.1401938341864217
867,Rsf1,0.07289830163268432,0.90294695,1.1372825896538428
868,Lasp1,0.07310784839410726,0.86645496,1.1360359974431269
869,Pold4,0.07310784839410726,2.0606282,1.1360359974431269
870,S100a10,0.07331788771280577,0.630751,1.134790055546796
871,Wdfy3,0.07331788771280577,1.9136488,1.134790055546796
872,Ptpn14,0.07384514617490408,2.3832297,1.131678045493976
873,Abi2,0.07402158636083538,1.752065,1.1306416117513822
874,Bmp5,0.07416298649238302,2.4124582,1.1298127897717734
875,Prrc1,0.07444644904683026,1.2724514,1.128156012433572
876,Zfand5,0.0749803271773389,0.65589786,1.1250526688624158
877,Myo6,0.07501602993672352,2.086957,1.124845923685658
878,Pomp,0.07508747710347852,0.56081873,1.1244324874745462
879,Ubr1,0.07551732779914812,1.6544242,1.1219533860645552
880,Cuedc2,0.07573300513823926,0.97227347,1.1207148097268147
881,Tomm5,0.07616586779013233,0.8399681,1.1182396054493307
882,Srgap2,0.0764555624718793,1.2928311,1.1165909123057796
883,Ctsd,0.07689178859795197,0.6266028,1.1141200367526627
884,Timm10b,0.07722028780245178,1.0480449,1.1122685840797013
885,Xpo1,0.07747657703416928,0.81372386,1.110829574943253
886,Bri3,0.07821265217792377,1.0206758,1.1067229870092343
887,Tmem30a,0.07876843621680114,0.5273214,1.1036477764572494
888,Pkd2,0.07932742929377423,1.764265,1.1005766193507585
889,Rasa1,0.0793648099041455,1.6455512,1.100372019640064
890,RP23-239P22.2,0.07951447559907467,2.4587166,1.0995538008967158
891,Mapk8,0.07973940430921495,1.9223002,1.0983270130451719
892,Apc,0.07977694266134229,1.0052739,1.0981226114299243
893,Map4k3,0.07977694266134229,1.747919,1.0981226114299243
894,Gpc4,0.0799272397307279,2.7692025,1.0973051850335362
895,Mien1,0.08000247451380593,1.7614889,1.096896579869667
896,Eea1,0.08004011348040647,1.1888626,1.0966923042952041
897,Nudc,0.08019081326698961,0.6671054,1.0958753820397638
898,Ptov1,0.0802285242122035,1.533409,1.09567119648492
899,Rabep1,0.08049290442758797,1.5324961,1.094242401666454
900,Pycard,0.08049290442758797,0.95481974,1.094242401666454
901,Slc38a10,0.08060642665163746,1.059451,1.093630331047559
902,Sars,0.08060642665163746,1.2365701,1.093630331047559
903,Cox4i1,0.08060642665163746,0.77231276,1.093630331047559
904,S100b,0.08072007887065481,1.8733224,1.093018422426827
905,Psmb2,0.08075799184872173,1.1703933,1.092814488884691
906,Ago3,0.08098577347963032,1.8982855,1.0915912655897502
907,Pde1a,0.08117598969721074,3.3101025,1.0905724077537973
908,Ltbp3,0.08132842363941518,2.066978,1.0897576453973579
909,Sp7,0.08151929266643497,1.0301392,1.0887395973087557
910,Use1,0.08155751005546456,0.93983793,1.0885360416687735
911,Mrpl18,0.08182543900881677,0.8627441,1.0871116559424125
912,Ank,0.08190212114492679,1.1411684,1.0867048505032197
913,Hipk1,0.08194048406594161,0.57891744,1.0865014747672266
914,Rasgrp2,0.08197886156053767,0.6201609,1.0862981170198762
915,Swi5,0.08201725363242106,0.50141335,1.086094777260849
916,Chmp2a,0.08205566028529782,0.7555949,1.085891455489825
917,RP23-393I12.4,0.08205566028529782,2.7011013,1.085891455489825
918,Calr,0.08217096776694892,0.6433802,1.085281598101578
919,Ndufs4,0.08244052958404166,0.99388784,1.0838592270494445
920,Bptf,0.08251767878632324,0.6896154,1.0834529971854316
921,Zmym2,0.08267215277061646,1.188586,1.0826407532609834
922,Ogt,0.08294304617975813,0.7779577,1.0812200187095664
923,Nufip2,0.08294304617975813,0.65473056,1.0812200187095664
924,Fgfr1op2,0.08298180388832609,0.636898,1.081017128554638
925,Smg1,0.0831369814961484,0.8765226,1.0802057477317073
926,Dync1h1,0.08352595422777159,0.5468254,1.0781785541395352
927,Rbm5,0.08372099256958657,1.0893997,1.077165631444925
928,Slc35b1,0.08383819247385128,1.5458212,1.0765580935174859
929,Pnpla8,0.0838772886140399,1.1173937,1.076355616821297
930,Mir99ahg,0.08407299077251758,1.79359,1.0753435029230543
931,Cdkn1a,0.0843475945500172,1.0124326,1.0739272982384604
932,RP24-372E2.1,0.08466231571481155,2.7827752,1.0723098567170757
933,Snrnp27,0.08478058079447262,0.8041533,1.0717036125971136
934,Serpinf1,0.0848989794713468,1.0079291,1.0710975301638979
935,Leprotl1,0.0852549780858325,1.09011,1.0692802528974896
936,Fam114a1,0.0852549780858325,1.7984902,1.0692802528974896
937,Tcaf1,0.08577132808367872,2.6389859,1.0666578652523273
938,Odc1,0.08605040775341322,1.3793173,1.0652470674091952
939,Gtf2h5,0.0862902023964638,0.70354915,1.064038512357869
940,Bsg,0.08633022059598544,0.4880153,1.0638371493529823
941,Vezt,0.08693229430077588,2.4051354,1.060818858405212
942,Sh3d19,0.08701282627345555,2.940286,1.0604167247467917
943,Tug1,0.08888173859574618,1.2094496,1.0511874588471846
944,Rpl7a,0.08912787669049296,0.57344,1.049986439629331
945,Zdhhc20,0.0895393267743624,0.7056271,1.0479861753007829
946,Rexo2,0.08958055576798239,0.75505745,1.0477862474704867
947,Magi2,0.08986958690606033,2.680096,1.0463872545798707
948,Vamp5,0.08986958690606033,1.6283069,1.0463872545798707
949,St6galnac4,0.09069952838384834,1.9954592,1.04239497116289
950,Zc3h14,0.09107500798256203,1.4890674,1.040600782020908
951,Nme1,0.09120044523914446,0.5073955,1.0400030414475536
952,Med19,0.09136791093861026,3.0074308,1.0392063048048314
953,Fgf7,0.09174561258719442,2.6992733,1.03741469519283
954,Slc38a6,0.09225116536423131,2.8152254,1.0350281389026872
955,Klhl24,0.09233564128787122,1.3715682,1.03463063021052
956,Tmem33,0.09246247164857348,1.3771195,1.0340345014561299
957,Myof,0.09254710291561594,1.8576751,1.0336371718052368
958,Cdk14,0.09258944186818623,2.0361698,1.0334385338344043
959,Paip2,0.09271655204639712,0.596015,1.032842727336377
960,Rab18,0.09280136996920499,1.1417912,1.0324456125130939
961,Id4,0.09288625016966691,2.8737237,1.0320485692936976
962,Snai2,0.0934821578274203,2.3274436,1.0292712714432077
963,Pik3ca,0.0934821578274203,1.2009366,1.0292712714432077
964,Prdx2,0.09433877066425601,0.55662817,1.025309787378091
965,Ift43,0.09442477690991764,3.1258843,1.0249140325730473
966,Psmd12,0.09442477690991764,1.2390435,1.0249140325730473
967,Fis1,0.09528830033948198,0.78979987,1.0209604195077733
968,Cbx1,0.09533164199035737,1.0501652,1.0207629266336693
969,Vegfc,0.09559202355054479,4.0977254,1.0195783448840205
970,Kdm3b,0.0959836632499958,1.1822042,1.0178026790868706
971,Rc3h1,0.09607086846378324,0.8444229,1.0174082833347273
972,Dguok,0.09633286461173961,1.9083091,1.0162255250810759
973,Socs5,0.09637658616557641,2.393817,1.016028461264841
974,Atraid,0.09646407690279696,1.8656176,1.0156343872516633
975,Ptprf,0.0965516311706022,2.1914446,1.0152403847286309
976,Cep41,0.09677079497951056,2.7283473,1.0142556911727578
977,RP23-393I12.1,0.09681467545175068,2.311311,1.0140588060734668
978,Fads3,0.09765143190726179,3.2118094,1.0103213840723584
979,P4hb,0.0977840781033261,0.4666161,1.0097318543616223
980,Bmp8a,0.09818288070512621,3.215172,1.0079642297632756
981,Cuta,0.09853846158821819,0.9434208,1.006394222342855
982,Ate1,0.09853846158821819,1.6227556,1.006394222342855
983,Bmyc,0.09911847290772478,2.2027667,1.00384539764145
984,Prdm2,0.09925270785221177,1.2094607,1.0032576358068512
985,Ppp1cc,0.09934227837904433,1.1265346,1.0028658838404956
986,Stx16,0.09952161291788318,1.0033714,1.0020825941116553
987,Smap1,0.09965628323697939,0.9946266,1.0014953142327012
988,Snap23,0.10010623440941911,1.7299784,0.9995388747155267
989,Clptm1,0.10019641872990312,1.6573606,0.999147800960156
990,Tgfbr1,0.10024153517469596,1.540551,0.998952290848764
991,Snrpd2,0.10082952399619165,0.7654399,0.9964122830569704
992,Maml3,0.10087486749816436,1.7239492,0.9962170227269126
993,Stag1,0.10101099549357007,0.740982,0.9956313487691538
994,Ubap2l,0.10105640400072483,0.7318088,0.9954361597929005
995,Ankhd1,0.10123820067028409,0.8364389,0.9946555822604354
996,Smarca2,0.10128369051618911,0.8013633,0.9944604824687469
997,Slc25a28,0.10137471904780623,2.1124628,0.994070336392689
998,Map1lc3a,0.10142025774082856,2.3331678,0.9938752901076351
999,Braf,0.101511383999574,1.511649,0.9934852510417674
1000,Ubn2,0.10169383211018443,0.6097195,0.9927053869174061
1001,Golim4,0.10187654120647206,0.6950489,0.9919258081179465
1002,Poldip2,0.10251808168009116,1.9623507,0.9891995289367355
1003,Armc1,0.10284005502394611,1.3696959,0.9878376996624931
1004,Rgl1,0.10284005502394611,2.5902467,0.9878376996624931
1005,Itgb3,0.1029782895697289,1.8228757,0.987254325915246
1006,Fmn1,0.1029782895697289,3.1018736,0.987254325915246
1007,Btla,0.10316283210752919,2.2360976,0.9864767437753865
1008,Epm2aip1,0.10316283210752919,1.6347036,0.9864767437753865
1009,Kifap3,0.10334763749928688,2.2073534,0.9856994467846407
1010,Pbrm1,0.10353270597823333,0.4759181,0.9849224349209759
1011,Serf1,0.10371803777753,1.4407048,0.9841457081623475
1012,Samhd1,0.10376441189847582,0.66902274,0.9839515710177678
1013,Dido1,0.10455529571179192,0.88293576,0.9806539653315965
1014,Tmbim4,0.10464865473497165,0.8484873,0.9802663501722486
1015,Lamp1,0.10474207993760812,0.49806982,0.9798788062560236
1016,Anapc13,0.10511644312434046,0.87149715,0.9783293429670035
1017,Ddx6,0.10549186750829213,0.4747431,0.9767810193464626
1018,S100a1,0.10591549071771542,0.98328537,0.9750405173124268
1019,Mfge8,0.1063404620038545,2.0025864,0.9733014571938473
1020,Dbi,0.10648241912882402,0.5171532,0.9727220908695481
1021,Pik3ip1,0.10657714063827542,1.8369399,0.9723359356402076
1022,Armcx3,0.10681423661476545,1.1542451,0.9713708590005709
1023,Msi2,0.10695669471323928,0.89824116,0.9707920265574148
1024,Stox2,0.10700421418655748,2.4474573,0.9705991179977111
1025,Axl,0.10709930331565912,1.8924271,0.9702133542582375
1026,Pura,0.10709930331565912,0.8527846,0.9702133542582375
1027,Sfrp4,0.10714687297868329,1.235692,0.9700204990777698
1028,Epc1,0.1072420625197768,1.2120266,0.969634842093632
1029,Cep350,0.1075280331239816,0.62018794,0.9684782981304911
1030,Vps13c,0.1084375923706987,1.0051786,0.9648201335825871
1031,RP23-380L19.3,0.10891874723104375,2.498279,0.9628973625007629
1032,Rab35,0.10891874723104375,1.7152607,0.9628973625007629
1033,Ndufb8,0.10891874723104375,0.71822345,0.9628973625007629
1034,Hadha,0.10949836033159203,1.0147817,0.9605923840592356
1035,Faf2,0.10959519914428215,1.5393397,0.9602084698554157
1036,Leprot,0.11022630254187628,1.3650819,0.9577147604226472
1037,RP24-137O21.1,0.11027496763307792,6.8071213,0.9575230610197678
1038,Strn3,0.11037234873420111,0.8964418,0.9571397155225129
1039,Lars,0.11100698261974286,0.5482193,0.9546497021336563
1040,H2-Q4,0.11144802960296668,1.9779375,0.952927605426214
1041,RP23-40G2.3,0.11164449383521678,1.7638278,0.952162690917207
1042,Nfic,0.11164449383521678,0.7841546,0.952162690917207
1043,Chmp4b,0.11228489026640247,0.63445246,0.9496786810975877
1044,Filip1l,0.11233427126220484,1.6536503,0.9494877277150943
1045,Cacybp,0.11233427126220484,0.634674,0.9494877277150943
1046,Adam10,0.11238366938047353,0.55934507,0.949296792087394
1047,Med1,0.11263091693414305,0.8659632,0.9483423802583941
1048,Fam173a,0.11263091693414305,0.77190316,0.9483423802583941
1049,Nrp1,0.11282902354665832,1.2322204,0.9475791703453366
1050,Kdelr1,0.11292817978817224,0.48728487,0.9471976718977233
1051,Slit3,0.1135743702642509,1.5286804,0.9447196625390383
1052,Sdc4,0.11402343640571101,0.95201176,0.9430058744917824
1053,Fst,0.1140734188160992,3.6388,0.9428155423160044
1054,Eapp,0.11487548547705222,1.0590906,0.9397726402233788
1055,Ube2b,0.11492576158105022,0.7296901,0.939582609619404
1056,Zfr,0.11618829858248919,0.84038407,0.9348376078918668
1057,Smim7,0.11628977052714941,0.9931687,0.9344584864667683
1058,Sec16a,0.11634053260389925,1.9575754,0.934268952344381
1059,Mark3,0.11649292329440665,1.2964271,0.9337004563335668
1060,Tpst2,0.11684911137893084,1.5849226,0.9323745860076917
1061,Smim13,0.11700202499131192,2.1631446,0.9318066217158706
1062,RP23-359B23.5,0.11792280877277028,0.42936447,0.9284021850143023
1063,Xrn1,0.11843680644076157,1.0784202,0.9265133115483047
1064,Minos1,0.11900423135590606,0.43975267,0.9244375964070454
1065,Mtss1l,0.11921109518883276,2.8048406,0.9236833221541556
1066,Slc39a1,0.11926285515240212,1.2409512,0.923494797857204
1067,Dcun1d5,0.11957378484983094,0.75032836,0.9223640238843452
1068,Tmem131,0.1200413696786988,1.4301798,0.920669057894742
1069,Atp6v0b,0.12014547160968375,0.45448628,0.9202925934991846
1070,Tnks1bp1,0.1208761656255873,3.273656,0.9176593249269793
1071,Cfdp1,0.12155777653543609,1.002024,0.9152172523829981
1072,Ddx1,0.12161033239147975,1.089172,0.9150295244878593
1073,Ssbp4,0.12171549740855378,1.3290409,0.9146541217656259
1074,Grem1,0.12171549740855378,4.6400356,0.9146541217656259
1075,Lamtor2,0.12187337824911092,0.5521479,0.9140911503469309
1076,Pigx,0.12213686872304784,1.6916229,0.9131532183972485
1077,Erc1,0.12218962021024915,2.1432118,0.9129656850662559
1078,Ino80,0.12261227340376027,1.46283,0.9114660550644218
1079,Tlk2,0.12293001221056488,1.223463,0.9103420752402563
1080,Fzd1,0.12319528551596952,2.96213,0.9094059115999678
1081,Ralbp1,0.12340782583380491,0.41426116,0.9086572989034927
1082,Elf2,0.12346100561916773,0.8483735,0.9084701899229609
1083,Mmgt2,0.12367390368867694,1.7804888,0.9077219307642125
1084,Pde5a,0.12394042912465902,2.0451427,0.9067870045059395
1085,Adamts10,0.12394042912465902,2.4683006,0.9067870045059395
1086,Rnf146,0.12501101536873077,1.3062787,0.9030517173672876
1087,Mafb,0.1256029033317315,1.0011481,0.9010003216945468
1088,Lsm12,0.12598069478989726,0.8731182,0.89969600082353
1089,Ice1,0.12603473717990227,1.4228618,0.8995097399112965
1090,Rer1,0.12603473717990227,0.96067345,0.8995097399112965
1091,Lama4,0.12614287613074113,3.487774,0.899137271063723
1092,Dnajc21,0.12619697269848296,1.5586829,0.8989510631276472
1093,RP23-79J21.3,0.1270105910854282,2.1695557,0.8961600628379247
1094,Smim11,0.1270649771256194,1.0842019,0.8959741373853152
1095,Txndc5,0.12766442033259845,1.2157805,0.8939301223625788
1096,Ankrd17,0.12793762060936573,0.9747045,0.8930017305750912
1097,Psmb5,0.1283208644997473,0.6499314,0.891702723201081
1098,Pard3,0.12848538481839586,2.057095,0.8911462704160369
1099,Plxnd1,0.12848538481839586,0.9950077,0.8911462704160369
1100,Tead1,0.12859515607844907,1.322094,0.8907753901055814
1101,Ermp1,0.12870500020859357,1.5848423,0.8904045803619907
1102,Ict1,0.12875994960851705,1.3625413,0.8902192019518425
1103,RP23-329K17.1,0.12881491723624255,3.8727446,0.8900338411822974
1104,Rnf216,0.1288699030951954,1.6155776,0.8898484980529843
1105,Aimp1,0.12892490718879981,0.47604725,0.8896631725635327
1106,Fam76a,0.12925531486981207,1.2079726,0.8885515900431127
1107,Ppm1a,0.12958637986060018,1.2662903,0.887440642464101
1108,Myo9a,0.12958637986060018,0.9163193,0.887440642464101
1109,Sesn3,0.1297521590779182,1.6020013,0.8868854067525345
1110,Txnl4a,0.12986276999724797,2.7045038,0.8865153377816862
1111,Acap2,0.12997345410133637,0.63188815,0.8861453393435219
1112,Pam16,0.13019504197298434,2.7371304,0.8854055540533332
1113,Actn1,0.13036142518969326,0.5049422,0.8848509002118332
1114,Atl3,0.13052797334835703,1.5934527,0.8842964050387062
1115,Klf6,0.13069468654095873,0.47776106,0.8837420685238877
1116,Lsm4,0.13164251637494181,0.5256019,0.8806038246661284
1117,Btd,0.13164251637494181,2.6025774,0.8806038246661284
1118,Nckap1,0.1320343443247243,2.1401434,0.8793130868952632
1119,Srsf10,0.13237091553343822,0.6886591,0.8782074273653375
1120,Ywhab,0.13287701789261738,0.43965384,0.8765501271499301
1121,C3,0.13298968827227897,0.5251179,0.876182031965722
1122,Prpf19,0.1330460511899423,1.1658614,0.8759980107921693
1123,Scaf8,0.13327168779161036,1.5004094,0.8752621022128775
1124,Sertad2,0.13344110951493854,1.5168282,0.8747103556885595
1125,Yipf5,0.13400705247155284,0.8190169,0.8728723451509943
1126,Col16a1,0.1340637487203697,2.0651364,0.8726886409335755
1127,Fam69a,0.13412046351959173,1.8539162,0.872504954321259
1128,Copa,0.13412046351959173,0.5834858,0.872504954321259
1129,Slc35b2,0.13412046351959173,1.0935762,0.872504954321259
1130,Phldb2,0.13417719687258386,2.920314,0.8723212853136681
1131,Pfdn1,0.13417719687258386,1.2093481,0.8723212853136681
1132,Rps20,0.13423394878271028,0.51432157,0.8721376339104263
1133,Mtch2,0.13446114206181745,1.1134052,0.8714032043334228
1134,Ssu72,0.13463173203580053,0.8165774,0.8708525669778847
1135,Tmem126a,0.13485944552643342,2.748729,0.8701186302541093
1136,Jdp2,0.1350304259058974,1.174156,0.8695683625107891
1137,Anxa7,0.13531576540001372,1.1648244,0.8686516015741459
1138,Atxn7,0.13537288915825946,1.4272549,0.8684683021787541
1139,Ncoa7,0.13543003154413077,1.4680626,0.8682850203797938
1140,Tmem165,0.13565878743084706,0.66176564,0.8675520691407119
1141,Mrps17,0.13577327722700702,0.7693947,0.8671856990899374
1142,Skap2,0.13605982816940337,0.5984142,0.8662700818476479
1143,Mrpl35,0.13669188359417636,1.1216936,0.8642572719348112
1144,Tnip1,0.13669188359417636,1.5810999,0.8642572719348112
1145,Nfkb2,0.13680704579051964,3.341219,0.8638915351513867
1146,Irf1,0.13692228283146254,1.2430602,0.8635258687158539
1147,Pnkd,0.13692228283146254,2.5806847,0.8635258687158539
1148,Dse,0.1370375947436577,1.6387745,0.86316027262518
1149,Naa35,0.13721070305382374,1.5451632,0.8626120103791421
1150,RP24-227L14.1,0.13813679720213168,1.6664591,0.8596906176332301
1151,Stub1,0.1383109748918111,0.64777887,0.8591433575201533
1152,Dnajc8,0.13860164703644431,0.4361175,0.8582316088685901
1153,Bcap31,0.13912604246355875,0.6924038,0.8565915685010808
1154,Slc3a2,0.13924278197845644,1.2965215,0.8562273083852872
1155,RP23-446O11.1,0.1393011800099717,1.6169515,0.8560452046840858
1156,Ubr3,0.13941803263764418,1.6632439,0.8556810499931671
1157,Lxn,0.13941803263764418,2.9519086,0.8556810499931671
1158,Ccnl2,0.13982761110970068,0.9466155,0.8544070620054596
1159,Larp1,0.13988619782748035,0.30809903,0.8542251339933011
1160,Evc2,0.14029683386556607,3.6789854,0.8529521297573064
1161,Phactr2,0.14041432858671077,1.269538,0.8525885723441988
1162,Sdf4,0.14064954505179383,0.6956219,0.8518616682752824
1163,Nucb1,0.14064954505179383,0.47885996,0.8518616682752824
1164,Tceal8,0.14094399157192863,1.5376549,0.8509534333275
1165,Egfr,0.14147518917721297,3.6039517,0.8493197166641328
1166,Tm9sf2,0.14183017466080264,0.54724646,0.8482313622801997
1167,Nbeal1,0.14183017466080264,1.4072891,0.8482313622801997
1168,Tmem87b,0.1419486550809029,2.3045762,0.8478687179229742
1169,Ociad1,0.142304552483995,0.99002653,0.8467812061205469
1170,Ppfibp1,0.14248275792749449,1.5662887,0.8462376871642662
1171,Mast2,0.14295881004532435,2.496858,0.8447890754499511
1172,Mrps18b,0.14295881004532435,2.5114927,0.8447890754499511
1173,Tpd52l2,0.14325696186675965,1.0458287,0.8438842634139779
1174,Uqcc3,0.14331664943793915,0.9746785,0.8437033536431287
1175,Eif1a,0.1434958266237774,0.85753495,0.8431607295963357
1176,Cped1,0.1434958266237774,2.1510637,0.8431607295963357
1177,Plxna1,0.14355559052065311,2.57836,0.8429798900013712
1178,Supt6,0.14391457489593776,0.8917273,0.8418952208212451
1179,Senp7,0.14409432501144478,1.5781387,0.8413531230357455
1180,Impdh2,0.14457450011457548,1.2010105,0.8399083006522894
1181,Tex264,0.14469473527193605,2.0251162,0.839547270428596
1182,Arl3,0.1448752316492555,2.3443606,0.8390058566096212
1183,Rnf214,0.145055900473642,2.021499,0.838464600601241
1184,Ptprs,0.145055900473642,0.6675065,0.838464600601241
1185,Ndufs6,0.145055900473642,0.43613946,0.838464600601241
1186,Iws1,0.14511616175174177,0.85756284,0.8382842169989968
1187,Svil,0.14535739863337047,0.80331475,0.837562857915775
1188,Commd6,0.1454177558122085,1.5561984,0.8373825619744724
1189,Vimp,0.14596183435006177,0.35086882,0.835760687352444
1190,Syne2,0.14711555963974596,1.3648069,0.832341391797836
1191,Rmnd1,0.14723740890009993,3.6784835,0.8319818339195449
1192,Ahcyl1,0.1473593353049422,0.84441274,0.831622346118771
1193,Cdc123,0.14772557764209118,0.89669025,0.830544303150413
1194,RP23-44N5.4,0.1480925151995705,3.4253252,0.829466890767572
1195,Vldlr,0.14833752681157647,0.84884113,0.828748966129395
1196,Fmo1,0.1485828479203381,3.2843149,0.8280313216890709
1197,Twf1,0.14870562459963355,1.0672212,0.8276726045352982
1198,Ifnar1,0.14870562459963355,1.9384261,0.8276726045352982
1199,Wwox,0.148828478729448,2.7278502,0.8273139574216217
1200,Gstm5,0.14895141033519713,2.571537,0.8269553803449159
1201,Igbp1,0.14919750607609286,1.0108577,0.8262384362899144
1202,Vapa,0.14932067026200235,0.43168697,0.8258800693053652
1203,BC003965,0.1495055620065265,1.3691038,0.8253426501234326
1204,Chd9,0.15006128539081068,1.0752788,0.823731337802252
1205,Wisp2,0.15006128539081068,2.4979088,0.823731337802252
1206,Iscu,0.15074264064822154,1.1049267,0.8217638812036316
1207,Birc3,0.15074264064822154,1.5357921,0.8217638812036316
1208,Hivep2,0.15105312601247492,2.335522,0.8208702826653091
1209,Snrnp200,0.1511774565155333,1.3103524,0.8205129657187263
1210,Shc1,0.1512396509990766,1.2958802,0.8203343334871672
1211,Bet1l,0.15142635141547703,2.005076,0.8197985417547022
1212,Asxl1,0.15142635141547703,1.1002657,0.8197985417547022
1213,Zfp608,0.15155091586262928,1.2570022,0.8194414347309732
1214,Ppp1r2,0.15167555834138963,0.7777959,0.8190843976752396
1215,Dctpp1,0.15192507749411335,2.02304,0.8183705334551747
1216,Psmb10,0.15204995421823134,0.7305173,0.8180137062845481
1217,Utp3,0.15242505328223915,0.70263755,0.8169436444925052
1218,RP23-314A12.1,0.15255024268421913,0.9216608,0.8165870971246002
1219,Ssbp1,0.1526755103181984,1.0650365,0.816230619699497
1220,Ndufs8,0.1526755103181984,1.3991014,0.816230619699497
1221,Yif1b,0.1526755103181984,1.9124275,0.816230619699497
1222,Mphosph10,0.1528008562091623,1.0458165,0.8158742122140413
1223,Fhod3,0.1528635585088175,2.7547925,0.8156960346976956
1224,Gnai3,0.1529890218320743,0.5524797,0.8153397321157969
1225,Ube2q2,0.15374344735093282,1.778719,0.8132033850808408
1226,Pls3,0.15431112002061068,1.6328562,0.8116027765319388
1227,Csmd1,0.15488038394467368,4.8016768,0.8100035834289766
1228,Fkbp9,0.15494373381542953,1.0139818,0.8098259826670936
1229,Ift46,0.15494373381542953,3.2878344,0.8098259826670936
1230,Ddx24,0.15500710336225026,0.5337558,0.8096483993758916
1231,RP24-179O3.1,0.15513390149644274,5.0480165,0.8092932852039445
1232,Pak1,0.15526077837195426,1.0647954,0.8089382409099635
1233,Cd276,0.15545124137919678,1.8392166,0.8084058054832373
1234,Ralgapa1,0.1558963447328784,1.3016601,0.8071640674984649
1235,Mast4,0.15608739908607838,2.9516566,0.8066321560552925
1236,Fam8a1,0.15647004062673212,1.4402719,0.8055688046737028
1237,AC114920.2,0.15653388332377388,0.5218914,0.8053916405597862
1238,Cct2,0.15704533626625958,0.32765064,0.8039749562021374
1239,Lbh,0.1573015373000659,0.69297534,0.8032670330176971
1240,Slc43a2,0.15749389585710738,1.0812895,0.8027362739184947
1241,Crebzf,0.1577506511321779,2.0266862,0.8020288394845999
1242,Rnase4,0.15820073570876403,1.7581973,0.8007915011574728
1243,Sorbs2,0.15826511281080202,1.5079224,0.8006148083440618
1244,Dapk2,0.1589099752836739,1.3685803,0.7988488398934459
1245,Anapc16,0.1589099752836739,0.84970546,0.7988488398934459
1246,Pdxdc1,0.159492049951367,1.2743981,0.7972609599315745
1247,Akap11,0.15955682433952156,1.1465644,0.7970846160419858
1248,Dlc1,0.15981612088339503,1.8600376,0.7963794148995064
1249,Arpc5l,0.16040070302985288,1.01031,0.7947937325523752
1250,Ctdsp2,0.16085649429717142,0.722218,0.7935614005345353
1251,Grpel1,0.16085649429717142,1.3114198,0.7935614005345353
1252,Gpatch2,0.16131326342529106,2.0397315,0.7923299227809023
1253,Sec31a,0.16190197653038163,0.51177055,0.7907478492639314
1254,Zkscan3,0.16190197653038163,0.82594,0.7907478492639314
1255,Ppp2ca,0.1621641467804651,0.4219368,0.7900451586117467
1256,Slc4a7,0.16229535199074552,1.2829319,0.789693917842754
1257,1810055G02Rik,0.16242663728965934,2.3566842,0.7893427467741961
1258,Gnl3,0.16249230997980324,0.75454736,0.7891671873765721
1259,Ndufb6,0.16262371545635546,0.4477125,0.7888161208526162
1260,St13,0.16347980572874277,0.32044497,0.7865358870540651
1261,Tomm22,0.16361181289605642,0.49252185,0.7861853431441379
1262,Psmb8,0.1638760682331708,0.6027834,0.785484464325448
1263,Cog4,0.16467076396695257,2.189784,0.783383499645609
1264,Hint2,0.1648698905995325,1.5197484,0.7828586502404971
1265,Ppp2r5c,0.1650027423711704,0.47484747,0.7825088376844616
1266,Pdia6,0.16506919847078616,0.3887838,0.7823339575194388
1267,Rftn1,0.16506919847078616,2.2331026,0.7823339575194388
1268,Sept8,0.1654683582466886,1.6667503,0.7812850420856732
1269,Vegfa,0.16560157278649745,1.0803143,0.7809355428575793
1270,Commd2,0.1662020369647338,1.3798074,0.7793636578255383
1271,Cgrrf1,0.16653633490693787,2.570839,0.7784909974248546
1272,Sin3b,0.16720644696764453,0.68617564,0.7767469815112674
1273,Kirrel,0.16740787513220057,1.6366175,0.7762241159603597
1274,Phf3,0.1676094855344994,0.6100235,0.7757014069544249
1275,Rarg,0.1676094855344994,3.4110422,0.7757014069544249
1276,Exoc3l4,0.16794590805703724,2.4886324,0.7748305731256698
1277,Smap2,0.1680132533654154,0.9774382,0.7746564585334162
1278,Marc2,0.16841775108571544,0.4175847,0.7736121361600731
1279,C1galt1,0.16889058842414706,0.69549906,0.7723945511947916
1280,Adgrl1,0.16902586757326377,2.4465032,0.7720468262463682
1281,Bicd2,0.16949998476196582,2.0555763,0.7708303365039342
1282,Maged2,0.17004305331889102,2.9009922,0.7694411053772242
1283,Capn2,0.17004305331889102,1.9673704,0.7694411053772242
1284,Orc6,0.17072372167429917,0.9944874,0.7677061304582989
1285,Ngly1,0.17072372167429917,1.7723713,0.7677061304582989
1286,Brd4,0.17133806641653881,0.37918863,0.766146138505359
1287,Ppp1r11,0.17168008344756802,1.3746209,0.7652800842830082
1288,Ccni,0.17188553879508084,0.7334944,0.7647606601697554
1289,Rora,0.17195406478273123,1.6721501,0.764587553532894
1290,Lage3,0.17209117808273033,1.4799556,0.7642413923580332
1291,Dhps,0.1723656500606766,2.5699718,0.7635492783922286
1292,Tmem50a,0.1723656500606766,0.3410646,0.7635492783922286
1293,Gnpda2,0.17250300878381675,1.786014,0.763203325594689
1294,Sarnp,0.1726404493598337,0.54437506,0.7628574422496598
1295,Ctsz,0.17270920034971904,0.40497124,0.7626845266208058
1296,Rplp0,0.17284676374733043,0.45328924,0.7623387474483548
1297,Rcn2,0.17291557616068776,1.0517695,0.7621658839039327
1298,Tor1aip2,0.17291557616068776,0.9451178,0.7621658839039327
1299,Rab11a,0.1732599454855146,1.0371484,0.7613018265833482
1300,Nup50,0.17339783665499087,0.735374,0.7609563251681174
1301,Tnfsf11,0.17353580982361239,2.1287303,0.760610893183931
1302,Sel1l,0.1737429233740153,0.7788359,0.7600928753836271
1303,Tapbp,0.17395022154861606,0.49854067,0.7595750137845718
1304,Arid2,0.17401936198081058,0.7334038,0.7594024279610118
1305,RP23-233B6.2,0.17415770442296874,1.2294035,0.7590573083755972
1306,Kdm2a,0.1745039198623678,0.45780814,0.7581948130860283
1307,Golph3,0.17492005638977604,0.8467782,0.757160391321666
1308,Lims1,0.17492005638977604,0.40012226,0.757160391321666
1309,Rheb,0.17526740223773474,1.2602955,0.7562988502765216
1310,Ubn1,0.1754064845833675,0.7826303,0.7559543552874408
1311,Ube2v2,0.17575455065774703,0.7447478,0.7550934213581372
1312,Ylpm1,0.17582422564512146,1.0913203,0.7549212866049662
1313,Chst15,0.17582422564512146,1.7841538,0.7549212866049662
1314,Zfp260,0.17610313159517288,1.0551509,0.7542329210207385
1315,Txndc9,0.17610313159517288,1.4233363,0.7542329210207385
1316,Chd7,0.17652210882575337,0.39005914,0.7532008928840489
1317,Ulk2,0.17701185406895892,1.5160713,0.7519976489808311
1318,Hnrnpr,0.17729216260434266,0.5411471,0.7513104624414869
1319,Socs3,0.17729216260434266,1.9614407,0.7513104624414869
1320,Socs2,0.17729216260434266,1.6252744,0.7513104624414869
1321,Mrpl30,0.17736229136913417,0.9629836,0.7511387091440033
1322,Kdm1a,0.17736229136913417,0.7241576,0.7511387091440033
1323,Cmip,0.17799438018460112,1.785134,0.749593709451477
1324,Dnajc10,0.17799438018460112,0.83566874,0.749593709451477
1325,Scfd1,0.17813507180295074,0.99458814,0.7492505668310787
1326,Mcfd2,0.17827584617304892,0.8828521,0.7489074935287594
1327,Phip,0.17834626439682066,0.33912107,0.7487359828708359
1328,Atp13a3,0.17834626439682066,0.5291012,0.7487359828708359
1329,Brk1,0.17841670331670745,0.50960386,0.7485644895411799
1330,Plekhf1,0.17876920845315414,3.6025827,0.7477072828022889
1331,Hvcn1,0.17891035547577383,0.5760682,0.7473645213899824
1332,Omd,0.17905158536987642,1.8462394,0.7470218292773732
1333,Tox4,0.17919289815717054,1.1346267,0.7466792064611162
1334,Cdc5l,0.1792635856425434,0.37920803,0.7465079210380736
1335,Kdm5b,0.17933429385934607,0.878854,0.7463366529378649
1336,Snf8,0.1795465429254114,0.7267709,0.7458229525700523
1337,Nsd3,0.17968814600955907,0.56455576,0.7454805722646689
1338,Zfp275,0.18046844700900544,2.4733477,0.7435987188981793
1339,Tmem214,0.1806105899180278,1.8156276,0.7432567888612305
1340,Asah1,0.18089512514976014,1.0531272,0.7425731365624395
1341,Specc1l,0.18103751751541275,2.5395257,0.74223141429388
1342,Gpbp1,0.18125126206143716,0.8352884,0.7417189607326391
1343,Stk39,0.1813225518535011,2.4905577,0.7415481775016382
1344,Eif1ax,0.18160791914335805,0.37200922,0.740865217680157
1345,Usf3,0.18160791914335805,1.7582008,0.740865217680157
1346,Rpl37,0.18182216321322686,0.5312264,0.7403531795599253
1347,Ctnnbip1,0.1821796532620642,1.9901265,0.7395001288418508
1348,Cln5,0.18275272123581277,1.6182356,0.7381361475635432
1349,Cyth3,0.18289619680350455,1.836945,0.7377953252749472
1350,Herc1,0.18296796588806863,0.71129966,0.7376249400829791
1351,Rpl5,0.18325525095953166,0.41453782,0.7369435723207934
1352,Zkscan1,0.18339901877219755,1.3743136,0.7366029922372086
1353,Samd4b,0.18375880386431898,1.9667327,0.7357518447438998
1354,RP23-56M2.7,0.18397492569504714,2.2887957,0.7352413638074722
1355,Rsu1,0.1843355469333786,0.88134193,0.7343909081427442
1356,Cnep1r1,0.18484129541122485,1.0754637,0.733200996504905
1357,Col4a1,0.18491362892910934,1.9593613,0.7330310782914794
1358,Stat6,0.18534806990310737,1.0969064,0.7320119320773331
1359,AC160535.1,0.18571068035091298,0.5112744,0.7311631189630499
1360,RP23-195A18.3,0.18578326534112122,1.606297,0.730993408196653
1361,Pcbd2,0.18578326534112122,1.5255233,0.730993408196653
1362,Ndufb2,0.18607381505741605,0.56000596,0.7303147379717977
1363,Rcor3,0.18607381505741605,1.5356357,0.7303147379717977
1364,Wisp1,0.1862192158051773,1.2479296,0.7299755065578672
1365,Tgfb1,0.18651026918360547,0.46409217,0.7292972511100257
1366,Gna13,0.18658308501891774,0.8079552,0.7291277304497589
1367,Ltn1,0.1867287796964885,0.9505287,0.7287887409682836
1368,Qsox1,0.1872393729119588,1.2618871,0.7276028220486118
1369,Carm1,0.18789736380203625,2.1558838,0.7260793130035733
1370,Cd151,0.18833697142949468,3.117964,0.7250644175737091
1371,Tmtc2,0.18855705956078928,1.7329282,0.7245572030043135
1372,Slc40a1,0.18870389033126733,0.8115006,0.7242191463004309
1373,Dlg1,0.18929205665164262,1.166063,0.7228676101499919
1374,Pin1,0.1893656723479742,1.9840641,0.7226987458239658
1375,Bcl2,0.18943930914305496,1.1487705,0.7225298987615772
1376,Agt,0.18943930914305496,3.0845826,0.7225298987615772
1377,Cmc4,0.1895129670394199,2.692219,0.7223610689624004
1378,Rufy1,0.19002916336265296,1.8495076,0.7211797437021616
1379,Pvrl3,0.19002916336265296,2.2259731,0.7211797437021616
1380,Scarf2,0.19069436521993233,1.7653998,0.7196621396233438
1381,Atp13a1,0.19084242037640609,1.3226379,0.7193250840987981
1382,Zfp871,0.19121292842273274,1.0264013,0.7184827472438398
1383,Man2a2,0.19173252855099476,1.0243764,0.7173042002582348
1384,Wdr83os,0.19180684183774677,0.6167166,0.7171359054063158
1385,Snrnp48,0.19195553195895732,1.2450254,0.7167993674505607
1386,Osbpl8,0.19195553195895732,0.53923273,0.7167993674505607
1387,Hsd17b12,0.19225316646195456,1.1675204,0.7161264985193574
1388,Erp44,0.19225316646195456,0.813154,0.7161264985193574
1389,Pnisr,0.1927002541663062,0.43583128,0.7151177125217578
1390,Dpep1,0.19284945306714862,3.6456246,0.7147815884819224
1391,Crip2,0.19299873683405466,1.4123572,0.7144455334160347
1392,Pcmt1,0.19344709752894118,1.2420806,0.7134377820276219
1393,Ndufa8,0.19344709752894118,0.7117072,0.7134377820276219
1394,Zbtb8os,0.19374642935142028,1.861553,0.7127662925752745
1395,Vps25,0.1938213154161902,0.8480342,0.7125984633090632
1396,Polr2i,0.19397115129392428,0.8011241,0.7122628564898726
1397,Zfp292,0.19412107218562413,0.591843,0.7119273186187849
1398,Atg3,0.19419606451784643,0.6373647,0.7117595755377013
1399,Smg6,0.19457134514071162,0.8379575,0.7109211186596303
1400,RP23-129D21.1,0.19479676877192897,5.5709076,0.7104182513391268
1401,Cep170,0.19487195253991363,1.0434867,0.7102506633640916
1402,Snx18,0.19562496117877726,0.7930307,0.7085757312939849
1403,Tfpi,0.19585127914991685,2.5414515,0.7080735876293333
1404,Snrpb,0.1965313843048616,0.37008873,0.706568086804764
1405,Timm10,0.19660705819308844,1.5030751,0.7064008950527789
1406,Mrpl55,0.19660705819308844,2.2861755,0.7064008950527789
1407,Fam208a,0.19668275341991526,0.6613203,0.7062337205226866
1408,Arhgef18,0.19683420789899586,1.5827087,0.7058994231264497
1409,Irf2,0.19698574776134692,0.81488156,0.7055651946125832
1410,Wwtr1,0.19751680995013854,1.6521922,0.7043959372126145
1411,Zbtb38,0.19751680995013854,0.794314,0.7043959372126145
1412,P3h1,0.19759276142755122,1.6330962,0.7042289693114118
1413,Gfpt1,0.19759276142755122,1.0088106,0.7042289693114118
1414,Tmem11,0.1978207440880868,1.3883168,0.7037281689035826
1415,Il13ra1,0.19812502025728862,2.2120037,0.7030606760337407
1416,Trappc4,0.19842963861029184,1.298211,0.7023934585752717
1417,Ppp2r2a,0.19911628180183694,0.8554812,0.7008932261223523
1418,Zfp451,0.19988125340095098,0.8249601,0.6992279358783906
1419,Nrep,0.20003450493609942,1.646497,0.6988950842818802
1420,Fam193a,0.20003450493609942,1.2523576,0.6988950842818802
1421,Dctn4,0.20011116287086983,0.79989463,0.698728684287325
1422,Jmy,0.20072519867109284,1.1749506,0.6973981035620623
1423,Clstn1,0.20180306790031777,2.6265156,0.6950722357103505
1424,Thap12,0.20188021972800407,1.0583411,0.6949062312485966
1425,Tmem86a,0.2019573930571812,1.6134706,0.6947402439786712
1426,Atp5h,0.20203458789016082,0.44542032,0.6945742739001369
1427,Smo,0.20265292096788456,3.1809115,0.6932471321093508
1428,Cdc37,0.20304007861439055,0.41208842,0.6924182270963494
1429,Sf3b6,0.20311757474259073,0.40154994,0.692252497651261
1430,Ralgapb,0.20319509240910638,1.52104,0.692086785390985
1431,Scarb2,0.20366065084093343,1.4507675,0.6910928726858138
1432,Cct3,0.20373831933968256,0.3718708,0.6909272807069329
1433,Cox4i2,0.20381600939502376,4.6990857,0.69076170590935
1434,Arl4a,0.20381600939502376,1.589061,0.69076170590935
1435,Polr2f,0.20397145418459184,0.77876616,0.6904306078563239
1436,Psmd8,0.20412698522784634,0.5209519,0.6900995785232169
1437,Pcdh18,0.20443830614813208,1.5501136,0.6894377260026884
1438,Eif6,0.20490593488509967,1.0226655,0.6884454625332996
1439,Bdp1,0.20514004069635872,0.7549992,0.6879495626629797
1440,Tbk1,0.20521811915853339,1.4945996,0.6877842970535465
1441,Chpf2,0.20592179757138673,1.4482286,0.6862976792978536
1442,Sugt1,0.206000092131009,0.6161756,0.6861325853979345
1443,Rock2,0.20607840831270918,0.33166423,0.68596750866654
1444,Ndufa6,0.20615674611872326,0.27319875,0.6858024491032294
1445,Fam208b,0.20631348661263393,1.1450375,0.6854723814790907
1446,Pdcl3,0.20662722719047566,0.9636621,0.6848124522283809
1447,Fyttd1,0.2067842273100653,0.8986362,0.6844825905947394
1448,Rspo3,0.20717710642452314,2.5790715,0.6836582368747708
1449,Ebpl,0.20733440964310323,1.8812567,0.6833286155231495
1450,Scaf1,0.2074130937411407,1.6593996,0.6831638305890759
1451,Mllt4,0.2074917995012926,1.8694675,0.6829990628155708
1452,Zufsp,0.20757052692576972,1.4430381,0.6828343122021907
1453,Col4a3bp,0.20772804677653367,0.70864534,0.6825048624540362
1454,Angel2,0.2078856533110871,0.79999214,0.68217548134107
1455,Calhm2,0.2079644890902954,2.5665295,0.6820108165216753
1456,Itpripl2,0.20812222568358452,0.45851123,0.6816815383548462
1457,Arhgap35,0.20851694663947007,2.5650098,0.6808586431701972
1458,Pik3r1,0.20883311386369952,0.50830066,0.6802006358037043
1459,Srrm2,0.2089122099184899,0.4260958,0.6800361768446654
1460,Hars,0.2089122099184899,0.8556101,0.6800361768446654
1461,Rsrc1,0.2089122099184899,0.64658475,0.6800361768446654
1462,Fndc3a,0.2089913276771439,0.9219412,0.679871735037773
1463,Arfgef1,0.20907046714184396,0.48000684,0.6797073103825833
1464,Crtap,0.20914962831477169,0.8351828,0.6795429028786515
1465,Uqcrq,0.20914962831477169,0.3926626,0.6795429028786515
1466,Pard3b,0.2093080157940269,2.1422734,0.6792141393227866
1467,Slc39a13,0.2093080157940269,1.1980453,0.6792141393227866
1468,Tiparp,0.2093872421047095,1.0502994,0.6790497832699651
1469,Dlx5,0.20962505134707565,1.794649,0.6785568180066145
1470,Wac,0.20978369945563868,0.52704614,0.6782282602391972
1471,Cul5,0.20978369945563868,0.9297754,0.6782282602391972
1472,Dab2ip,0.2099424344753673,1.2444953,0.6778997710608183
1473,Ampd2,0.21002183458233403,0.89917034,0.6777355521914064
1474,Immt,0.21033965237468044,0.6861141,0.6770788481685632
1475,Cryab,0.21041916117468573,1.498477,0.6769147150243291
1476,Notch2,0.21081703139400965,0.82952213,0.6760943064497605
1477,Vcl,0.21089667069679519,0.5465369,0.6759302761610502
1478,Npdc1,0.2112154455092573,1.9209366,0.6752743264120367
1479,RP24-95O4.1,0.21137496350628315,3.0548966,0.6749464543747872
1480,Sec61b,0.2115345685866623,0.47932065,0.6746186508909536
1481,Tnfrsf1a,0.21209387239588706,1.1458327,0.673471878504161
1482,Tfg,0.21217386008311068,1.2734141,0.6733081224183988
1483,Akap2,0.21233390083609538,2.8624558,0.6729806616481017
1484,AC158971.1,0.21313541272235603,2.258923,0.6713443857049831
1485,Chic2,0.21361736695900102,0.770034,0.6703634423370294
1486,Cntln,0.2136977690582227,0.7935918,0.6702000117187605
1487,Vegfb,0.2139391063574272,3.8065057,0.6697098226145244
1488,Tgfb1i1,0.2139391063574272,2.1316216,0.6697098226145244
1489,Tmem101,0.21410010707909222,2.602753,0.6693831154993625
1490,Spast,0.2142611951713369,0.93629634,0.6690564768768141
1491,AC099860.1,0.2143417719866394,1.2672325,0.6688931832491497
1492,Prorsd1,0.21442237065083924,1.1718079,0.6687299067432938
1493,Colgalt1,0.2149064215793134,0.44129503,0.6677506072410191
1494,Jtb,0.21498717324397776,0.64230907,0.6675874505752626
1495,Rps27a,0.2155530472464532,0.35485327,0.6664458331999553
1496,Fbl,0.2155530472464532,0.6095274,0.6664458331999553
1497,Snhg18,0.2155530472464532,0.7275401,0.6664458331999553
1498,Dab2,0.2155530472464532,1.732039,0.6664458331999553
1499,Ttyh2,0.21587688513285386,2.5344553,0.6657938569555957
1500,Arhgap1,0.21587688513285386,1.7265037,0.6657938569555957
1501,Mcur1,0.21603893539688956,1.2844677,0.6654679715148742
1502,Ttc14,0.21628217499014868,0.3570052,0.6649792716954963
1503,G3bp2,0.21628217499014868,0.3661404,0.6649792716954963
1504,Hdhd2,0.2163632986486813,3.2037547,0.664816405978358
1505,Tuba1c,0.21652561166918305,0.5132466,0.664490725875365
1506,Glrx3,0.2168505005810808,0.56446433,0.6638395709819004
1507,Ldha,0.21693177758571192,0.3601905,0.6636768250293494
1508,Prkcsh,0.2173384913704659,0.40429065,0.6628633518689602
1509,Akt2,0.2178272714552527,1.1329207,0.661887748542189
1510,Dynll2,0.2190526776936258,0.9973248,0.6594514336501144
1511,Tmie,0.2192164384849069,3.0554714,0.6591268823245019
1512,Fbxo18,0.21929835183611757,1.659935,0.6589646323040969
1513,Eif4a1,0.21962622499114237,0.34085009,0.6583158031612595
1514,Rpl30,0.21979029344654422,0.5053883,0.6579914911467728
1515,Sec14l1,0.21987236065065152,1.0785502,0.6578293607771778
1516,Snrpd1,0.219954449841667,0.46080276,0.6576672474987444
1517,Zmym4,0.22036522566947536,1.0705146,0.6568569374581447
1518,Kif5b,0.22061195513528553,0.33699927,0.6563709564987215
1519,Creb3l1,0.2206942422972098,0.56048423,0.656208997020349
1520,Hip1,0.22077655146573216,1.5766972,0.6560470546286051
1521,Casd1,0.22160085394435491,0.8590337,0.6544285703758884
1522,Sept4,0.22168340531449426,2.6811416,0.6542668159070992
1523,RP24-424D1.5,0.22176597871465176,3.8398309,0.6541050785194902
1524,Ykt6,0.22184857414676917,1.100571,0.6539433582126061
1525,Rps11-ps2,0.22193119161278596,3.8104339,0.653781654985993
1526,Jag1,0.22193119161278596,2.2211623,0.653781654985993
1527,Tspan6,0.22226188185459061,2.19299,0.6531350128731533
1528,Cbfb,0.22234460951914758,0.58073837,0.6529733950410723
1529,Lsm2,0.22259292479356318,0.6153009,0.652488644008261
1530,Ap2m1,0.22267574065170714,0.5257342,0.6523270944836173
1531,Ube2e3,0.22309015077901062,1.0196683,0.6515196029871094
1532,Bzw1,0.2231730989852222,0.2863078,0.6513581559099623
1533,RP23-106P7.2,0.2240037949220799,1.7687879,0.6497446240776324
1534,RP23-52N2.1,0.2240869859451633,1.4165815,0.6495833647782816
1535,Chrac1,0.2240869859451633,1.2818605,0.6495833647782816
1536,Tm2d2,0.2242534342502478,1.5628784,0.6492608973830378
1537,Ncor2,0.2249201112002529,1.2441765,0.6479717104478726
1538,Sap30l,0.22517047972984106,1.5967096,0.6474885469059166
1539,Nae1,0.22542104725109935,2.1398804,0.6470055369222507
1540,Six1,0.22575544690941618,2.6024425,0.6463617624578005
1541,Myo18a,0.22575544690941618,1.0432428,0.6463617624578005
1542,Cyb5r3,0.22583910212751446,0.8994907,0.6462008614899055
1543,Clip1,0.22609020054006967,0.89151186,0.6457182609346183
1544,Tor1b,0.22684469103651195,1.1277475,0.6442713802971379
1545,Eif4g1,0.22709658645475783,0.3603227,0.6437893937195168
1546,Cdk12,0.22709658645475783,0.74982256,0.6437893937195168
1547,P3h3,0.22709658645475783,1.9023936,0.6437893937195168
1548,Mocs2,0.22718059589749506,1.1274996,0.6436287656305798
1549,Gadd45gip1,0.22726462749495613,1.1601343,0.6434681545926803
1550,Ccdc124,0.22776928243159922,1.0258598,0.6425048464113482
1551,Endod1,0.22793767806462273,1.6280624,0.6421838800717169
1552,Nisch,0.2280219091369996,0.38222584,0.6420234224724866
1553,Mt2,0.2281061623823818,1.9314034,0.6418629819196998
1554,Yes1,0.2281061623823818,2.9321399,0.6418629819196998
1555,RP23-380F8.2,0.22861214758953707,1.46088,0.6409006965525555
1556,Atp6v1d,0.22886543967566375,0.7749435,0.6404197839587267
1557,Synpo,0.22911893148188378,2.2036521,0.6399390247414937
1558,Snapc5,0.22920347314127598,1.6179636,0.6397788057506216
1559,Alg6,0.22928803699899136,1.6847948,0.6396186037997525
1560,Nrbf2,0.22962651444898863,2.7234478,0.6389779663870826
1561,Rras,0.22962651444898863,2.7877176,0.6389779663870826
1562,RP24-230J5.2,0.23013489687828692,2.1815462,0.6380175213898028
1563,Ehmt1,0.23047426283384154,0.93806875,0.6373775654297257
1564,Ccs,0.23047426283384154,1.5413625,0.6373775654297257
1565,AC152164.1,0.23064407915507845,2.6377897,0.637057689650045
1566,Nucb2,0.23072902065776313,0.82113063,0.6368977773086784
1567,Rcn1,0.23081398439084966,1.0647187,0.6367378819990125
1568,Fuca1,0.2311540616625215,0.8142473,0.6360984710681106
1569,Arpc3,0.2318352838005766,0.31195772,0.634820466587438
1570,Btbd10,0.232176428891256,1.5790604,0.6341818729784728
1571,Baz2b,0.2323471349908638,0.39177638,0.6338626783188753
1572,Sri,0.23260336112220992,0.4443287,0.6333840140001661
1573,Rtn4,0.2327742898846168,0.49914476,0.6330649895627469
1574,Ncoa2,0.23337324222218936,1.6076733,0.6319489401562173
1575,Gnb4,0.2335445719952024,2.3401484,0.6316302220603164
1576,Mrps34,0.23423078273655795,1.5901084,0.6303560302964446
1577,Pcnp,0.23491842077073055,0.5023589,0.6290829273457784
1578,Reps1,0.23491842077073055,1.842988,0.6290829273457784
1579,Vamp2,0.23491842077073055,0.88207185,0.6290829273457784
1580,Sumo2,0.23543508647866462,0.24800232,0.6281288145232513
1581,Mrps25,0.23560748696401956,1.0748577,0.627810912970264
1582,Trim33,0.23595255588915842,0.9866763,0.6271753139237193
1583,Mink1,0.23629798217579956,1.9728775,0.6265399869315638
1584,Gngt2,0.23638439459766558,1.2323111,0.6263811976885268
1585,RP23-44N5.3,0.23647082936293062,1.5709579,0.6262224254465586
1586,RP23-406N5.7,0.23664376593027936,0.9899777,0.6259049319639606
1587,Slc35a4,0.23673026773566885,1.0850775,0.625746210722398
1588,Susd6,0.23681679189106986,1.1693879,0.625587506480037
1589,Tars2,0.2371631120457347,2.1696055,0.6249528594932802
1590,Atp2c1,0.2371631120457347,1.2138565,0.6249528594932802
1591,Copz2,0.23733640626592056,1.2278308,0.6246356379829765
1592,Cbll1,0.23820421931915647,1.1928754,0.6230505501126954
1593,Mrpl57,0.23855197102800763,0.42041543,0.6224169907460066
1594,Slfn5,0.2389000808852344,1.4050161,0.6217837032094984
1595,Mia2,0.23968463807705953,0.4771406,0.6203597999761864
1596,Gamt,0.24012128728782756,3.3465974,0.6195693370615346
1597,Isoc1,0.24038354575809995,0.93552196,0.6190952630878784
1598,Eif4h,0.2411715318990134,0.47978595,0.617673958011329
1599,Itpr2,0.24143459766394582,1.4112661,0.6172004952249915
1600,Lgals3bp,0.24143459766394582,1.7749307,0.6172004952249915
1601,Kat6a,0.24152233112335053,0.36546457,0.6170427082446388
1602,Kansl1,0.24169786535813764,0.7375848,0.6167271852037501
1603,Rwdd4a,0.24169786535813764,1.265785,0.6167271852037501
1604,Zfp91,0.24178566613662622,0.30380994,0.6165694491422727
1605,Cmtm4,0.24275295626450666,2.0326223,0.6148354725155514
1606,Chtop,0.24319353186190695,0.65086555,0.6140479800326815
1607,Slc5a3,0.24319353186190695,1.6521753,0.6140479800326815
1608,Crk,0.24328171437739388,0.60678226,0.6138905324314239
1609,RP24-122N24.2,0.24328171437739388,1.5124567,0.6138905324314239
1610,Dnttip2,0.24372296401850135,0.60428905,0.613103548875765
1611,Sil1,0.24451862951617853,1.9281746,0.6116880470194616
1612,Bmp4,0.2446071492236761,2.2969682,0.611530853828685
1613,Ilk,0.24496145298346006,0.57741153,0.6109022506300257
1614,Gmppa,0.24505008516330395,1.1386986,0.6107451422191069
1615,Gxylt2,0.24513873984208046,0.5955202,0.6105880507627405
1616,Tspyl1,0.24522741702127338,1.0820153,0.6104309762604526
1617,Helz,0.24558235077182233,0.53574896,0.6098028477826173
1618,Rin2,0.2459376446472712,1.12649,0.6091749905321523
1619,Podxl2,0.24629329874172745,2.7259073,0.6085474044787281
1620,Irx5,0.24682745549879181,2.1700575,0.6076065338266534
1621,Slc30a9,0.24691656046544586,1.570726,0.6074497813618258
1622,Coro1c,0.2470056879618182,0.8815606,0.6072930458415947
1623,Parg,0.24736242327339297,1.0218306,0.6066662731971356
1624,Scpep1,0.24754092614501244,0.8290188,0.6063529885301354
1625,Ust,0.24789820237737992,1.9845824,0.6057266224875841
1626,Cog2,0.24789820237737992,1.633697,0.6057266224875841
1627,Ap2b1,0.24798757779572522,0.5788549,0.605570073326558
1628,Smad1,0.2482558393382046,0.94686985,0.6051005274749381
1629,RP23-372C7.2,0.2482558393382046,2.6554334,0.6051005274749381
1630,Nsd1,0.2482558393382046,0.2877865,0.6051005274749381
1631,Tmem109,0.2484347931202877,1.0031028,0.6047875815953164
1632,Diaph2,0.2486138371186275,0.78864723,0.6044747034617518
1633,Slc41a2,0.2486138371186275,2.55802,0.6044747034617518
1634,Borcs8,0.2487033929524325,1.8199105,0.604318289798551
1635,Desi2,0.24879297134454492,1.2751169,0.6041618930704358
1636,Aqp1,0.24888257229637523,1.28644,0.6040055132769303
1637,Plekhg2,0.24915151052425277,3.4516318,0.6035364754993093
1638,Nrbp1,0.2492412017290253,1.0067096,0.6033801634394786
1639,Ergic2,0.24968999628201982,0.7929252,0.6025988571142011
1640,Psma4,0.24977982290821887,0.31784314,0.602442646640583
1641,Uba6,0.24986967210953426,1.0037538,0.602286453096331
1642,Rcan2,0.24986967210953426,3.4660437,0.602286453096331
1643,Zc3hav1,0.25004943824306847,0.7185368,0.6019741167940162
1644,Gps1,0.25013935517805974,1.1783462,0.6018179740349995
1645,Ptpn4,0.25040924147252897,1.4681267,0.6013496473207827
1646,Atp6v1g1,0.25058927859055025,0.3123314,0.6010375141422246
1647,Kbtbd11,0.2507694060587806,3.2810225,0.600725448663944
1648,Emc3,0.25085950367765497,1.3606328,0.6005694413112136
1649,Mgst1,0.25103976669176775,0.35964084,0.6002574773761831
1650,Nfat5,0.25140056386367293,1.5417244,0.5996337525744562
1651,Robo2,0.25167139903617886,1.909964,0.5991661366428893
1652,Scn1b,0.25185206883512434,2.2423966,0.5988544772859675
1653,Arid4b,0.2520328290604954,0.4965852,0.598542885602543
1654,Mrpl27,0.2522136797230634,1.4928823,0.5982313615887862
1655,Mrpl42,0.2523041389716546,0.6477539,0.5980756249568357
1656,Psma1,0.25284736938981534,0.30300266,0.5971415603839392
1657,Pias2,0.2529379869597258,1.2385467,0.5969859421537844
1658,Mrps12,0.2530286271522917,0.9875224,0.5968303408362539
1659,Ptpn11,0.25311928996883837,0.56712395,0.5966747564308686
1660,Trim12a,0.2533006834791669,2.2163758,0.596363638354615
1661,Pcyox1,0.25339141417559097,0.7609492,0.5962081046827865
1662,Safb2,0.2538454071229811,0.57354563,0.5954306899674328
1663,Vps28,0.2538454071229811,0.7077748,0.5954306899674328
1664,Csnk2a2,0.25402716274355885,0.8292302,0.59511984243943
1665,Ccdc127,0.2544819479904993,0.93820715,0.5943430194811448
1666,AC161207.1,0.2545729729695181,2.0806055,0.5941877056047952
1667,Cdc42bpa,0.2545729729695181,1.2450361,0.5941877056047952
1668,Avl9,0.2545729729695181,2.1589873,0.5941877056047952
1669,RP23-281H4.3,0.25475509086755266,2.6963158,0.5938771285635572
1670,Cox7b,0.25511959845973553,0.20324856,0.5932561773134601
1671,Trappc5,0.25539321701597084,1.0780092,0.5927906413390611
1672,Tgs1,0.25548446851528106,1.3312184,0.5926354964808702
1673,Higd1a,0.2556670394924083,1.1769383,0.5923252574615123
1674,Brcc3,0.2558497011160289,1.021728,0.5920150860349759
1675,Arhgap42,0.2558497011160289,2.2604485,0.5920150860349759
1676,Psmb1,0.2558497011160289,0.29792994,0.5920150860349759
1677,Rac1,0.25594106592344923,0.29565886,0.5918600256678112
1678,Rab7,0.25630675182006746,0.37525436,0.5912399531619298
1679,Irf2bpl,0.2563982299672668,1.0013887,0.5910849772737437
1680,Bach1,0.25648973078620174,0.5758075,0.5909300182799069
1681,Ubr5,0.2569475750007967,0.5150117,0.5901554767090762
1682,Mybbp1a,0.2569475750007967,0.37619412,0.5901554767090762
1683,RP23-372C7.4,0.25749773648684127,3.5643077,0.589226584236752
1684,Yipf3,0.2578649645279575,0.9363777,0.5886076603661052
1685,Dld,0.2580487146932209,0.93485945,0.5882982997524555
1686,Gns,0.25823255563469816,0.9429823,0.5879890066814312
1687,Rbm10,0.2583245101495716,1.0393863,0.5878343854731942
1688,Ech1,0.25841648736215994,1.5311215,0.5876797811491627
1689,Gpatch11,0.25841648736215994,1.8831372,0.5876797811491627
1690,Map4,0.25850848727368025,1.0196786,0.5875251937088524
1691,Praf2,0.25869255519837364,2.5121872,0.5872160694774601
1692,Erh,0.2591531223262198,1.3701619,0.586443554330222
1693,Ncoa3,0.2591531223262198,1.3554773,0.586443554330222
1694,Zfp318,0.2597065522764199,2.0450444,0.5855170931831888
1695,Ublcp1,0.2610010694754329,1.4890033,0.583357713097246
1696,Wbp4,0.2610010694754329,1.0727758,0.583357713097246
1697,Hspg2,0.26137174975243127,1.0051745,0.5827413547418874
1698,Bola1,0.26137174975243127,1.3467164,0.5827413547418874
1699,H2-Q10,0.2614644766609795,4.481145,0.5825873073247643
1700,Rtn4rl1,0.26202131565122533,2.1910162,0.5816633770270032
1701,Dph3,0.26202131565122533,0.8793674,0.5816633770270032
1702,Noc3l,0.2621142017501422,1.2810262,0.5815094476736656
1703,Tnrc18,0.2621142017501422,1.1111816,0.5815094476736656
1704,Wbp1l,0.2623929965278261,1.2559965,0.5810477607975582
1705,Dnajc15,0.2626719960507843,1.171721,0.5805862256870833
1706,Rnf20,0.2626719960507843,0.29717448,0.5805862256870833
1707,Tm9sf4,0.2628581094952325,0.8723708,0.5802786199211796
1708,Psma6,0.2629512003495844,0.26324534,0.5801248423290901
1709,Bmp2k,0.26313745032816704,0.48440325,0.5798173377241982
1710,Hsp90b1,0.26313745032816704,0.4454767,0.5798173377241982
1711,Krcc1,0.26323060945464116,0.4759858,0.5796636107104209
1712,Chchd3,0.263603473567841,0.75342476,0.5790488712350592
1713,RP23-234P12.1,0.26369674650353747,3.8106682,0.5788952285087166
1714,Eci1,0.26416345268184516,2.594542,0.5781272677075922
1715,Pebp1,0.2642568622251974,0.19357938,0.5779737261100679
1716,Ubxn1,0.2643502945403464,0.40110254,0.5778202013656377
1717,Gaa,0.2644437496283881,1.5360636,0.5776666934738132
1718,Aamdc,0.2644437496283881,2.596165,0.5776666934738132
1719,Ctsf,0.2644437496283881,2.1977036,0.5776666934738132
1720,Smad5,0.26491136670021775,0.95720494,0.5768994067866722
1721,Snd1,0.26509857297734807,0.6802586,0.5765926100629508
1722,Smim10l1,0.2652858703808474,0.63190335,0.5762858807340105
1723,Mrpl41,0.2654732589193395,0.9610107,0.575979218795938
1724,Apoa1bp,0.2654732589193395,1.7244865,0.575979218795938
1725,Lpin2,0.26556698736689444,0.81960636,0.5758259130972538
1726,Ctbp1,0.26584830943564386,0.2611748,0.5753660970767374
1727,Ankrd26,0.2663176353677742,1.9831275,0.5746000739316177
1728,Elk4,0.2664115689363791,1.587613,0.5744469198315467
1729,Bcl7c,0.26688157874826957,1.7513357,0.5736814019490032
1730,Tln1,0.26688157874826957,0.36022604,0.5736814019490032
1731,Pcgf3,0.26772903300790873,1.2599775,0.5723045306007446
1732,Zcchc24,0.2679176070721243,1.2762932,0.5719987443873185
1733,Ube2a,0.2680119283234107,0.82766587,0.5718458765318359
1734,Dhx29,0.26838944148022226,1.7582251,0.5712345734399791
1735,Pwwp2a,0.26848387681242414,1.1322873,0.5710817897470759
1736,Gpr180,0.26848387681242414,1.4499125,0.5710817897470759
1737,Ogn,0.26848387681242414,0.9397366,0.5710817897470759
1738,Dpy19l4,0.26876731972842294,0.7309961,0.5706235396526453
1739,Hnrnpul2,0.26886184634357957,0.26563263,0.5704708232809557
1740,Cops7a,0.26886184634357957,1.9138297,0.5704708232809557
1741,Fam78b,0.2690509680446551,0.9217496,0.5701654410243053
1742,Ubxn8,0.26942948535784417,0.9973801,0.5695548784441415
1743,Golga3,0.2695241717567496,1.1123319,0.5694022798656324
1744,Pitpnb,0.26961888098588216,0.70401424,0.5692496981127508
1745,Frk,0.26961888098588216,2.35372,0.5692496981127508
1746,Tmbim6,0.2700927696194777,0.36297685,0.5684870417155219
1747,Eif4a2,0.2701876158506622,0.35895652,0.5683345609060619
1748,Arih1,0.2701876158506622,0.8280347,0.5683345609060619
1749,Casc4,0.2703773768253228,1.8535806,0.5680296497531849
1750,Rbm7,0.2703773768253228,0.95287627,0.5680296497531849
1751,Eva1a,0.27056722915619524,2.9229891,0.567724805885077
1752,RP23-46I13.2,0.27075717285103973,4.645178,0.5674200292977927
1753,Nxf1,0.2710422597176533,0.39760154,0.5669629905597748
1754,Trim8,0.2716130503135018,0.65801257,0.5660493671493415
1755,Hes6,0.2716130503135018,1.5450078,0.5660493671493415
1756,Cdc37l1,0.2718987540941723,0.57338566,0.5655927824502551
1757,Pink1,0.2718987540941723,1.4391319,0.5655927824502551
1758,Vapb,0.2722800124337451,0.67756,0.5649842382352562
1759,Ptch1,0.2723753841615596,1.4276875,0.5648321442110287
1760,Htra3,0.2724707787484095,1.8101859,0.5646800669976206
1761,Itga11,0.2728525857047356,2.7274196,0.564071926242288
1762,Commd3,0.2728525857047356,0.7883417,0.564071926242288
1763,Nek6,0.2730436263611995,2.1568382,0.5637679567166725
1764,Agpat4,0.2730436263611995,2.1471317,0.5637679567166725
1765,Zfyve16,0.27323475847968015,1.8071682,0.5634640544204762
1766,Ercc6,0.2736172971319518,2.5048072,0.5628564515004899
1767,Fubp1,0.27371298897018415,0.2847058,0.5627045927826877
1768,Dync1i2,0.27400020171975625,0.38048062,0.5622491174506165
1769,Ddit4l,0.27400020171975625,2.5189176,0.5622491174506165
1770,Gtf2f1,0.27419179125753557,0.87132746,0.5619455512420558
1771,Pum3,0.2742876203405342,0.6747715,0.5617937933401342
1772,Sh3bgrl3,0.2744793471392144,0.38374865,0.5614903279385263
1773,Loxl3,0.274959064534662,1.6151857,0.5607319584243858
1774,Pltp,0.274959064534662,0.96540743,0.5607319584243858
1775,Nfkbib,0.274959064534662,2.4190001,0.5607319584243858
1776,Serpinb6a,0.274959064534662,1.1163179,0.5607319584243858
1777,Pdcd10,0.27505507666060414,0.6042939,0.5605803349158507
1778,Eif2b3,0.27515111167088124,1.3303211,0.5604287282042544
1779,Pgrmc1,0.2752471695663684,0.7875839,0.5602771382891003
1780,Gtf2a2,0.27543935401646324,0.5416701,0.5599740088461305
1781,Nfe2l2,0.27543935401646324,0.4047139,0.5599740088461305
1782,Anapc7,0.2757278023524439,1.1912428,0.5595194406425656
1783,Esm1,0.27592021569374936,2.3371394,0.5592164791416496
1784,Ddx5,0.27601645670218145,0.37041125,0.5590650235801373
1785,Rnf6,0.2761127206036099,0.59945,0.5589135848105926
1786,RP23-235E15.1,0.2763053170888752,0.9973768,0.5586107576454151
1787,Tbc1d2b,0.2764980051563638,0.54960877,0.5583079976421352
1788,Rpl14,0.276690784812862,0.46104634,0.5580053047967714
1789,Klf13,0.2768836560651251,0.48296416,0.5577026791053392
1790,Paip1,0.27726967338380637,1.4850918,0.5570976291683299
1791,Timm17a,0.2778493864971109,1.2403809,0.5561905578176466
1792,Hypk,0.27823632007312293,0.3182539,0.555586179240533
1793,Tcf12,0.2786236202437439,0.9409888,0.554982069151498
1794,Clptm1l,0.2786236202437439,0.6729394,0.554982069151498
1795,Glyr1,0.2791082610592812,0.334909,0.5542273090528772
1796,Smchd1,0.27930227781558636,0.32302284,0.553925522448991
1797,Gopc,0.2795934748592166,1.5137628,0.5534729683544805
1798,Gatad2b,0.28017648789707694,0.38842598,0.5525683130366853
1799,Msrb3,0.28037100899192946,1.703725,0.5522668954334735
1800,Zc3h13,0.28037100899192946,0.42834792,0.5522668954334735
1801,Sec61g,0.28095512260926603,1.2903981,0.5513630450759133
1802,Sbf2,0.2810525551436771,1.5591205,0.5512124620353196
1803,Slk,0.2812474890177462,0.19050732,0.5509113462516211
1804,Tmem5,0.2815400618532107,0.85409147,0.5504597983122718
1805,Hist1h2ap,0.2821258268854431,0.8702675,0.5495571550342211
1806,Zhx1,0.28300602313408474,0.8137213,0.5482043214154244
1807,Ptprj,0.28310393745510987,0.82795376,0.5480540903553657
1808,Hmgcll1,0.2832018747263262,3.8064952,0.5479038760507584
1809,Rbbp6,0.28329983494844246,0.27638093,0.5477536785011002
1810,Epha3,0.2833978181221668,3.6028254,0.5476034977058867
1811,Nacc2,0.28359385332725606,2.075827,0.5473031863767843
1812,Mmp23,0.28408434304222374,1.4780818,0.5465527012215962
1813,Tmem106b,0.28447714803945445,1.2446268,0.5459526146079966
1814,Gpc6,0.28447714803945445,2.5106091,0.5459526146079966
1815,Ddx27,0.28447714803945445,0.644844,0.5459526146079966
1816,Chid1,0.28496867088958344,1.8501414,0.5452028831762838
1817,Polr2g,0.2853623025053471,0.5092687,0.5446033994598181
1818,Atxn7l3,0.2860520420488615,1.1259214,0.5435549475753387
1819,Mpzl1,0.2860520420488615,1.4858664,0.5435549475753387
1820,Brd8,0.2860520420488615,0.408199,0.5435549475753387
1821,Dnaja1,0.2866441432159711,0.16567744,0.5426569274109201
1822,Zfp580,0.286742907150643,2.8991575,0.5425073159670067
1823,Etf1,0.28684169406039506,0.1949323,0.5423577212598852
1824,Cnpy4,0.28684169406039506,1.8723813,0.5423577212598852
1825,Slc39a6,0.2869405039458611,1.4274517,0.54220814328905
1826,Cast,0.2870393368076736,0.29648128,0.5420585820539943
1827,Numa1,0.2870393368076736,0.27078187,0.5420585820539943
1828,Stk24,0.2871381926464618,0.77995956,0.5419090375542134
1829,Crlf2,0.2872370714628538,1.0981176,0.5417595097892007
1830,Rcor1,0.2873359732574755,0.5656244,0.5416099987584504
1831,Gramd1a,0.2873359732574755,1.8502064,0.5416099987584504
1832,Saraf,0.28743489803095057,0.75676465,0.5414605044614563
1833,Heatr6,0.28743489803095057,1.196256,0.5414605044614563
1834,Erap1,0.2882271235316507,1.1794083,0.5402651524399674
1835,Stk11,0.28852458731984965,0.40569204,0.5398171714776053
1836,Ufc1,0.288623787887474,0.3738552,0.5396678779461812
1837,RP23-418M3.5,0.2888222579836458,2.1207905,0.5393693410643352
1838,Smarcc2,0.2888222579836458,0.3850501,0.5393693410643352
1839,Rapgef4,0.28961705793390347,2.2124696,0.5381758625425748
1840,Srek1ip1,0.2897165113884529,0.5148083,0.5380267529821126
1841,Cklf,0.2898159878362112,0.7771955,0.5378776601432369
1842,Irf3,0.2899154872777503,1.6959958,0.5377285840254405
1843,Atp6v0e,0.29101149888588584,0.44377732,0.5360898501755235
1844,Josd1,0.2911112742966976,1.7588825,0.5359409746710226
1845,Rpl10a-ps1,0.2911112742966976,1.6278267,0.5359409746710226
1846,Foxk1,0.29151060595572076,1.6495355,0.535345639792609
1847,Pik3r2,0.2916104963771228,1.372005,0.5351968478553573
1848,Dynlt3,0.2919103056658524,0.7295343,0.5347505723130968
1849,Pigyl,0.292110293550748,1.1791114,0.5344531388377399
1850,Tmem57,0.292610665883705,0.48070022,0.5337098475544734
1851,Arhgef25,0.29281097587606775,2.0859864,0.5334126479925074
1852,Mrpl4,0.29291116538698436,1.2567439,0.5332640732704859
1853,Akap7,0.29291116538698436,2.5722277,0.5332640732704859
1854,Map2k4,0.29301137790840326,0.86171347,0.5331155152537574
1855,Zfand6,0.2932118719847697,0.8930063,0.5328184493341401
1856,Pgf,0.29341245810919214,3.7920225,0.5325214502295715
1857,Hsd17b10,0.2936131362856623,1.2338275,0.5322245179359657
1858,Fgfr3,0.2936131362856623,2.6171834,0.5322245179359657
1859,Maea,0.2942157231667757,0.9158254,0.5313341218800551
1860,Acot13,0.29512115716229115,1.2436513,0.5299996549206794
1861,Uba5,0.29512115716229115,0.6389203,0.5299996549206794
1862,Chd3,0.29512115716229115,1.085811,0.5299996549206794
1863,Aen,0.29532261793762193,1.3288556,0.5297032903551402
1864,Col22a1,0.2954233828581737,0.6645822,0.529555133112161
1865,Cisd1,0.2954233828581737,0.7731159,0.529555133112161
1866,Tmed3,0.295826672770244,0.29463795,0.5289626710602262
1867,Dctn2,0.29602845587050364,0.9420683,0.5286665401790739
1868,Gtf3a,0.29612938195825145,1.0124652,0.5285184997729075
1869,Cttn,0.2962303310716672,1.4036614,0.5283704760556643
1870,Zcrb1,0.2962303310716672,0.16285875,0.5283704760556643
1871,Mrps18a,0.2962303310716672,1.2541988,0.5283704760556643
1872,Pdrg1,0.2963313032111907,1.1563755,0.5282224690268308
1873,Nsmce3,0.2963313032111907,1.2386037,0.5282224690268308
1874,Dmap1,0.29643229837725926,3.0635116,0.5280744786858944
1875,Rrp36,0.29683650931565675,2.2377229,0.5274826841908592
1876,Zfp532,0.29683650931565675,2.1595843,0.5274826841908592
1877,Kank2,0.29693761962093723,1.6221635,0.527334777281712
1878,Nfil3,0.297038752955343,2.2870064,0.5271868870573826
1879,Crnkl1,0.297038752955343,0.59773546,0.5271868870573826
1880,Necap2,0.2976460365969289,0.9750835,0.5262998960638268
1881,Pnrc2,0.2976460365969289,0.62796384,0.5262998960638268
1882,Prkci,0.29784864872937555,2.1666822,0.5260043658545672
1883,Mtmr6,0.29784864872937555,1.063147,0.5260043658545672
1884,Mapk7,0.29805135299323493,2.8558526,0.5257089023660846
1885,Vmp1,0.2985585167488739,0.8041102,0.5249705355212799
1886,Clint1,0.298761543497828,0.34626433,0.5246753055231156
1887,Zfp644,0.2988630914267293,0.6223508,0.5245277155376373
1888,Tsc22d3,0.2988630914267293,0.89571774,0.5245277155376373
1889,Pdlim2,0.2990662563953047,1.8698928,0.5242325855913141
1890,Npc2,0.29947286278618734,0.28249142,0.5236425257827828
1891,Aars,0.29947286278618734,0.6440537,0.5236425257827828
1892,Ddi2,0.29947286278618734,0.38496023,0.5236425257827828
1893,Flnb,0.30008346355162596,1.4916304,0.5227579362184434
1894,Fem1c,0.3003890749863152,0.96198374,0.5223158664729218
1895,Evi5,0.3006948938018298,0.91101044,0.5218739467332622
1896,Lrrfip2,0.3006948938018298,0.6926343,0.5218739467332622
1897,Blvra,0.3008988882284013,1.8207433,0.5215794169031978
1898,Trpm7,0.3008988882284013,0.5106363,0.5215794169031978
1899,Bloc1s6,0.3011029748311671,1.5492926,0.5212849537320818
1900,Nt5c,0.3013071536128421,1.7696954,0.5209905572157822
1901,Dact1,0.301511424576107,1.9997538,0.5206962273501663
1902,Rpl6,0.30161359462666393,0.42094404,0.5205490874100732
1903,Ext2,0.3019202430579594,1.2393755,0.5201077675544483
1904,Smarcd1,0.3019202430579594,1.6700363,0.5201077675544483
1905,Zfp280d,0.3019202430579594,1.2428956,0.5201077675544483
1906,Borcs7,0.3021247905817388,2.0417695,0.519813637616074
1907,Trim34a,0.3023294302974915,1.8037723,0.5195195743118394
1908,Ace,0.3025341622077281,1.2797074,0.5192255776376057
1909,Ddx54,0.30263656273655337,0.7572009,0.5190786042854452
1910,Tle4,0.30345659677614334,0.50805783,0.5179034170387736
1911,RP24-227O16.1,0.303559204761668,1.391756,0.5177565935714962
1912,Ndufab1,0.30366183579940154,0.8661673,0.517609786755504
1913,Znrd1,0.30427810613800677,0.8415109,0.5167292955075035
1914,Reep5,0.3044837140145551,0.31412625,0.5164359316116081
1915,Upf3a,0.30479229874027136,0.81119704,0.5159960106160922
1916,Cdyl,0.30479229874027136,1.200975,0.5159960106160922
1917,Minpp1,0.3049981371677547,0.6178162,0.5157028131785764
1918,Spats2,0.3055131367209938,1.9674311,0.5149701108460507
1919,Zfp60,0.3061318970769933,3.142069,0.514091417208228
1920,Bok,0.3067514875457811,3.095059,0.5132133225492618
1921,Pik3r4,0.30695820218007763,1.9408526,0.5129207574165886
1922,Zfx,0.30695820218007763,0.445809,0.5129207574165886
1923,Lsm1,0.30726844708570833,2.094599,0.5124820344723029
1924,Fnta,0.307475392328062,1.5815445,0.5121896356731834
1925,Fam173b,0.30757889954144246,2.9858744,0.5120434612211816
1926,Smco4,0.3078895595528366,2.1684299,0.5116050376491501
1927,Psmd3,0.3078895595528366,0.54520965,0.5116050376491501
1928,Leo1,0.3078895595528366,0.9950576,0.5116050376491501
1929,Cpd,0.3083040957749985,0.4264318,0.5110207056962437
1930,Zfp560,0.30871900100682104,2.0158553,0.5104366397810723
1931,Rhoa,0.3089265920050398,0.22790012,0.5101447065771962
1932,Arpc1a,0.3091342752600261,0.5786334,0.5098528398702225
1933,Lysmd3,0.3091342752600261,0.67667687,0.5098528398702225
1934,Med24,0.3093420507731589,1.0717374,0.5095610396559713
1935,Apeh,0.3093420507731589,1.0593892,0.5095610396559713
1936,Zcchc11,0.3095499185457822,0.6998894,0.5092693059302621
1937,Stx18,0.3097578785792059,1.9186633,0.5089776386889123
1938,RP23-438P19.2,0.3099659308747049,0.93265927,0.5086860379277386
1939,Tgoln1,0.3099659308747049,0.3220262,0.5086860379277386
1940,Vdac3,0.3101740754335195,0.3616476,0.5083945036425568
1941,Ctnna1,0.3101740754335195,0.6247126,0.5083945036425568
1942,Med29,0.3101740754335195,2.006475,0.5083945036425568
1943,Atp10d,0.3102781823120483,2.6322122,0.5082487614271547
1944,Agpat5,0.3110075763255301,0.3051362,0.5072290311780081
1945,Ppp1r35,0.3114248803811317,1.0564848,0.5066466936927918
1946,Grwd1,0.31194702947601294,2.375792,0.5059191455948243
1947,Herpud1,0.3120515284995601,0.71161413,0.505773685804461
1948,Usp3,0.31246975527935617,0.5301858,0.5051920127229523
1949,Stam2,0.3127836675870037,1.5833384,0.5047559322810656
1950,Gng12,0.3127836675870037,0.476161,0.5047559322810656
1951,Usp8,0.31288835116109126,0.49238983,0.5046106053441592
1952,Eef2kmt,0.3129930578044382,1.5574542,0.5044652950115721
1953,Fgd6,0.3139364557255324,2.592585,0.5031582491259377
1954,Eloa,0.3139364557255324,0.5631349,0.5031582491259377
1955,Ssr3,0.3139364557255324,0.24453543,0.5031582491259377
1956,Wdr43,0.3139364557255324,0.51877826,0.5031582491259377
1957,Irs1,0.3143563435089841,1.9678118,0.5025777714418327
1958,Ndufa4,0.31477660041774536,0.31939915,0.5019975593090373
1959,Ppp4r2,0.31530244064168,0.42697528,0.5012726675232291
1960,Ubr2,0.31561822162526043,0.55226016,0.5008379315625523
1961,Cyb5b,0.31561822162526043,0.546111,0.5008379315625523
1962,Clk1,0.31572352809490156,0.40896663,0.5006930527576317
1963,Zcchc7,0.3160395859296452,0.6113052,0.5002585158814018
1964,Vps41,0.31667232451775584,0.8468018,0.4993898900048462
1965,Apol6,0.3168834219495392,3.0670838,0.49910048073448177
1966,Txndc12,0.31698900527219576,1.3070049,0.4989558009760143
1967,Dnajb1,0.3174115692747428,1.3107047,0.4983772477745818
1968,Ube2w,0.31783450241639477,1.0082097,0.49779895987967676
1969,Mrpl48,0.3179402933797564,0.77239037,0.4976544293561297
1970,Wwc2,0.3181519445199419,1.3236624,0.49736541804554735
1971,Ssna1,0.3181519445199419,0.45219812,0.49736541804554735
1972,Fer,0.318575523653686,2.7475755,0.4967875943556131
1973,Magoh,0.31878745164689404,0.4957005,0.49649878196779074
1974,Prkd3,0.3194237893290153,0.7554351,0.4956327425820567
1975,Ubtd2,0.3194237893290153,2.7670739,0.4956327425820567
1976,N4bp2l2,0.3194237893290153,0.41992676,0.4956327425820567
1977,Mios,0.3196360864562251,2.0111792,0.495344195365258
1978,Dennd5b,0.3196360864562251,2.0583458,0.495344195365258
1979,Mon2,0.3197422696258536,0.9103097,0.4951999466129317
1980,Med10,0.3199547051769108,1.0265797,0.4949114988177731
1981,Arfip2,0.32027353153218685,1.9925009,0.49447895139081327
1982,Rps11-ps1,0.32027353153218685,1.8799651,0.49447895139081327
1983,Man2b1,0.32037985312469863,0.5541546,0.49433480205057784
1984,Diablo,0.3204861977874839,1.4975132,0.494190669277167
1985,Tjap1,0.3206989563236132,2.6323836,0.4939024534286946
1986,Pold1,0.32080537019682076,1.1915566,0.49375837035257086
1987,Nrip1,0.3210182671531625,0.9269585,0.4934702538938936
1988,Nans,0.32219084988944313,0.63345766,0.4918867975572446
1989,Naa10,0.32240434664957485,0.47925264,0.4915991116771209
1990,Sar1a,0.3226179356843425,0.2706988,0.49131149202389157
1991,Dnm2,0.3228316169928799,0.43246958,0.4910239385932973
1992,Ndufa5,0.3230453905742853,0.37796485,0.49073645138107724
1993,Aes,0.3230453905742853,0.36408028,0.49073645138107724
1994,Xxylt1,0.3230453905742853,2.2805705,0.49073645138107724
1995,Senp2,0.3234732145519158,0.9215712,0.4901616755947099
1996,Ctbp2,0.3236872649461594,1.3313667,0.48987438701203495
1997,Rpl8,0.3239014076093084,0.45322382,0.4895871646306783
1998,Znhit6,0.3242227946058578,0.965233,0.4891564551767806
1999,Tspo,0.3243299697379678,0.26250756,0.48901291845485045
2000,Aifm1,0.3243299697379678,0.85009634,0.48901291845485045
2001,Nt5dc2,0.3243299697379678,0.78104454,0.48901291845485045
2002,RP23-192P17.3,0.32475890092882775,1.7541533,0.4884389370330744
2003,Nuak1,0.32486619139139494,1.4420911,0.4882954830414466
2004,Klhl22,0.32497350491959376,1.3163226,0.4881520455942776
2005,Hipk3,0.32497350491959376,0.72688496,0.4881520455942776
2006,Dnajc19,0.32497350491959376,0.5642149,0.4881520455942776
2007,Parp3,0.32497350491959376,2.4352071,0.4881520455942776
2008,Gab1,0.32529558389638624,1.9510654,0.48772183251417844
2009,Uhrf2,0.3262630663173709,0.6127206,0.48643208650147407
2010,Usp16,0.3266936581606168,0.7750633,0.4858592960497596
2011,RP23-243E17.1,0.3266936581606168,0.4700853,0.4858592960497596
2012,Rpp21,0.32680136377849844,1.4594119,0.48571613977658484
2013,Lactb,0.3271246190059788,0.6067265,0.4852867701639003
2014,Fam175b,0.3273402378004798,1.3614755,0.4850006064224538
2015,Cd1d1,0.3273402378004798,2.301558,0.4850006064224538
2016,Cnot1,0.32744808178996876,0.17477845,0.48485754935022546
2017,Rest,0.3277717521248621,0.3957654,0.4844284773210896
2018,Cdc42se2,0.32798764765133137,1.2004669,0.4841425119525935
2019,Anapc5,0.3283116638914453,0.43564695,0.4837136878655144
2020,Chchd7,0.3286358876666242,1.3138766,0.48328501252435363
2021,Papd5,0.32885215214424457,1.0287838,0.4829993115930441
2022,Acat1,0.3290685088549835,0.48286605,0.48271367676029375
2023,Mfap3,0.3290685088549835,1.1825944,0.48271367676029375
2024,Ak3,0.3291767217971675,1.3899926,0.48257088412953564
2025,Tomm20,0.32950149896802206,0.29315937,0.4821426053732801
2026,Atf7,0.32982648365004885,0.68811405,0.48171447530976613
2027,Uqcrc2,0.3299348579897904,0.268887,0.4815717983289173
2028,Larp6,0.33004325538529744,2.8297415,0.4814291378673333
2029,AC168051.1,0.3301516758363061,4.8118668,0.4812864939244763
2030,Derl2,0.33036858590376184,1.1675911,0.4810012555927907
2031,Adamts12,0.33047707551966987,2.7129347,0.480858661202886
2032,Phf12,0.3305855881900016,0.45049837,0.4807160833295556
2033,Elmo2,0.3306941239144817,0.85180575,0.48057352197226144
2034,Nr2f6,0.3306941239144817,1.7855701,0.48057352197226144
2035,Zfp820,0.3310198694100287,4.290461,0.48014593699121
2036,Oxct1,0.33134582238279087,0.2974864,0.4797185006350956
2037,RP23-223E16.4,0.3315632396259103,2.4882567,0.4794336256265782
2038,Cers4,0.3315632396259103,2.6431987,0.4794336256265782
2039,Icam1,0.33232492608550923,3.8533068,0.47843708317086253
2040,RP23-74O4.1,0.3329786991256164,1.3869387,0.4775835477191752
2041,Ghitm,0.33319680785594596,0.30100444,0.47729916794108695
2042,Cript,0.3335241438021098,0.46016765,0.47687272204579484
2043,Klf9,0.3335241438021098,0.704182,0.47687272204579484
2044,Specc1,0.33363330187634266,0.4952981,0.4767306064176935
2045,Uty,0.33363330187634266,3.3872466,0.4767306064176935
2046,Fbxo30,0.33363330187634266,1.146644,0.4767306064176935
2047,Hdac5,0.33374248299610254,2.3689919,0.4765885072905224
2048,Pabpn1,0.3338516871610483,0.378273,0.4764464246637413
2049,Nbas,0.3338516871610483,1.5789751,0.4764464246637413
2050,Rala,0.3342887342657984,0.9018603,0.47587825914969883
2051,Pgm3,0.3346167615517801,1.480952,0.47545230824175677
2052,Acp1,0.33549251481890474,0.5244437,0.474317164940919
2053,Mgme1,0.33560208765863186,1.8068211,0.47417534624678215
2054,Phf21a,0.33560208765863186,0.6001181,0.47417534624678215
2055,Pcsk7,0.33560208765863186,1.7035776,0.47417534624678215
2056,Tmem205,0.3358213024548412,1.7348374,0.4738917583315265
2057,Fam92a,0.33669908313968233,1.2990156,0.4727580662312128
2058,Ppm1l,0.33691875867012555,1.7277454,0.47247480807461056
2059,Hras,0.33691875867012555,0.6658016,0.47247480807461056
2060,Ctr9,0.3370286309870232,0.40444195,0.4723332037235956
2061,Synrg,0.3371385263378266,0.94306463,0.47219161585671443
2062,Ppp1r10,0.33735838613950464,0.8241513,0.4719084895731792
2063,2310039H08Rik,0.3374683505895496,1.3614177,0.4717669511554389
2064,Pcmtd1,0.33757833807184157,0.4919706,0.4716254292196591
2065,Ssx2ip,0.33779838213148294,1.6291833,0.4713424347918071
2066,Emc10,0.3382387466190784,0.4073317,0.47077664369571215
2067,Clock,0.33845906704014084,1.611763,0.4704938470187684
2068,Csnk2a1,0.3385692617934625,0.37298647,0.4703524733961688
2069,Kdm5a,0.3386794795747242,0.42000636,0.47021111625009127
2070,Phrf1,0.3388999842192917,0.79065126,0.4699284513853267
2071,Col13a1,0.3392309138845344,0.64018226,0.46950457764848985
2072,Slc37a3,0.3395620507769742,2.1607192,0.469080852170955
2073,RP23-200C3.5,0.33978292382537134,1.5643831,0.4687984508782801
2074,Arfrp1,0.34000388896551614,1.5254195,0.46851611546773075
2075,Mrps15,0.34011440606882126,0.35388532,0.4683749724668904
2076,Siah1a,0.3403355093395316,1.3377738,0.4680927358713515
2077,Mrpl14,0.340667336898682,0.46589354,0.4676695044852165
2078,Adgrl2,0.3415532231952386,1.5932397,0.4665416119268886
2079,Rrp1,0.3418858103203988,0.45081815,0.4661189238522315
2080,Rasa2,0.3419967187234181,0.6032967,0.4659780607483952
2081,G6pdx,0.3419967187234181,0.46308088,0.4659780607483952
2082,Mapk6,0.3422186045683362,0.4982813,0.46569638391901697
2083,Mnat1,0.3422186045683362,1.0124307,0.46569638391901697
2084,Lrp6,0.342662652399206,0.9403468,0.4651332277581256
2085,Net1,0.34277372188326083,0.7081437,0.4649924798601007
2086,Slc25a25,0.3433294144351181,2.5436857,0.46428898719580103
2087,Kcnma1,0.3433294144351181,1.6495426,0.46428898719580103
2088,Impa1,0.34377438260229,0.46427283,0.46372648922250037
2089,Shf,0.34377438260229,2.5120316,0.46372648922250037
2090,RP23-360N5.1,0.34377438260229,3.7391417,0.46372648922250037
2091,Fastk,0.3439970047158075,2.0104716,0.46344533894317885
2092,Maip1,0.3439970047158075,1.6468688,0.46344533894317885
2093,Umps,0.34421971884339875,1.059999,0.4631642544628978
2094,Fam46a,0.344553962551415,0.3000852,0.46274275110608254
2095,Rab14,0.344553962551415,0.22559026,0.46274275110608254
2096,Fam234a,0.3446654231229389,2.487721,0.4626022828819125
2097,Sfrp1,0.3446654231229389,3.6336844,0.4626022828819125
2098,Zfyve9,0.3446654231229389,1.8214257,0.4626022828819125
2099,Hist1h4h,0.3446654231229389,1.0953904,0.4626022828819125
2100,Map4k5,0.34511149540481456,1.8944597,0.4620405744444422
2101,RP24-108G5.4,0.34511149540481456,3.3359601,0.4620405744444422
2102,Gkap1,0.34578129375159095,1.7963461,0.4611985051054909
2103,BC031181,0.3458930072930332,0.9014687,0.46105821776229816
2104,Pcsk5,0.34600474382822966,1.5176913,0.46091794685953535
2105,Epn2,0.34645191989461754,1.8780494,0.46035702764179187
2106,Cic,0.3467875433494305,0.9349837,0.45993651082606224
2107,Rrm2b,0.3468994638130376,2.2850268,0.4597963714269485
2108,Dopey1,0.3468994638130376,1.4689115,0.4597963714269485
2109,Arl13b,0.3473473755444322,1.4440677,0.4592359781798002
2110,Coro1b,0.3475714693276274,0.82227623,0.45895588015810396
2111,St3gal1,0.3475714693276274,1.0759342,0.45895588015810396
2112,Ttc17,0.34779565504915044,2.0422232,0.4586758478651205
2113,Nav3,0.34779565504915044,1.2114762,0.4586758478651205
2114,Wdr60,0.34779565504915044,2.1547582,0.4586758478651205
2115,Srek1,0.3480199327039527,0.31236064,0.4583958812964425
2116,Lrpap1,0.3480199327039527,0.65956986,0.4583958812964425
2117,Tnfsf12,0.3484687637930117,2.192338,0.45783614531437145
2118,Ptpn9,0.3484687637930117,1.4217744,0.45783614531437145
2119,Rab11fip2,0.3484687637930117,1.6333128,0.45783614531437145
2120,Dclk1,0.3486933172169846,2.0970232,0.4575563758921586
2121,Arhgap17,0.34891796255366836,0.73736227,0.4572766721766125
2122,Twsg1,0.34914269979782797,1.4054404,0.4569970341633201
2123,Ccdc88a,0.3492551028835653,0.23541439,0.45685723979363935
2124,Aup1,0.3493675289441913,0.84704804,0.45671746184786705
2125,Sin3a,0.34947997797904173,0.7973882,0.4565777003254503
2126,Hn1,0.349592449987449,0.26364443,0.45643795522583774
2127,Golga2,0.349592449987449,1.0884345,0.45643795522583774
2128,Ankrd13c,0.349592449987449,0.70094824,0.45643795522583774
2129,Bad,0.34981746292225446,1.2660674,0.4561585142928152
2130,Ppp2r1a,0.35026776444493546,0.6579327,0.4555998294761169
2131,Cntrl,0.35026776444493546,0.27976498,0.4555998294761169
2132,Vsir,0.35026776444493546,0.24533772,0.4555998294761169
2133,Ets1,0.35038039724936565,0.3833129,0.4554601993206665
2134,Rnf19b,0.35060573176194565,0.8259413,0.45518098826436604
2135,Trip12,0.35060573176194565,0.2857459,0.45518098826436604
2136,Phf6,0.3507184334687168,0.9341818,0.4550414073624104
2137,Neat1,0.35094390577975765,0.25865743,0.454762294808123
2138,Srgap3,0.3513951259722885,2.2350068,0.4542042666825564
2139,Dyrk2,0.3515079884268325,0.7393118,0.4540648006860637
2140,Slc36a2,0.3518467135545148,1.1088033,0.4536465011714873
2141,Rps17,0.3519596678493797,0.43692043,0.45350710082308343
2142,Parp2,0.3519596678493797,0.8865144,0.45350710082308343
2143,Tmem208,0.3520726451025348,0.5791961,0.4533677168853171
2144,Tram1,0.35229866848082936,0.16943903,0.45308899823948173
2145,Cep120,0.3525247836836043,1.126926,0.45281034522954866
2146,Tmem70,0.3527509907050278,1.3270413,0.45253175785108424
2147,Arfgap1,0.3532036801803071,1.1770424,0.45197477997081903
2148,Nol11,0.35354343826679613,0.7055449,0.45155721881022926
2149,Brwd1,0.35354343826679613,0.68451405,0.45155721881022926
2150,Ap2s1,0.353656736859266,0.2438604,0.4514180645631894
2151,Hoxb2,0.35433701027943953,1.851887,0.4505834835102356
2152,Ndfip1,0.35456395163562293,1.9662508,0.4503054210237445
2153,Zfp652,0.35456395163562293,0.4044608,0.4503054210237445
2154,Mical2,0.35456395163562293,1.9455025,0.4503054210237445
2155,Pfdn4,0.35467745672578144,0.8632496,0.45016641437759136
2156,Emd,0.3552453262661889,0.739875,0.4494716270955137
2157,Ethe1,0.35547263464290413,0.460585,0.44919382694835674
2158,Mcl1,0.35558632323394435,0.18848185,0.4490549514651977
2159,Gcnt2,0.3557000347590493,1.3690602,0.4489160923749096
2160,Dmtf1,0.3561551101841677,0.97081476,0.4483608199313345
2161,RP23-393I12.5,0.35649665752146265,2.2327092,0.4479445376965189
2162,RP23-56B11.6,0.3566105524902431,3.3224401,0.4478058097291556
2163,Phc2,0.3566105524902431,1.2054137,0.4478058097291556
2164,Hbp1,0.35752253753705654,0.8318674,0.44669657590635026
2165,RP24-114E18.8,0.35775076301753284,0.28855786,0.4464194312957871
2166,Rab31,0.35820748899428234,1.2937552,0.44586533865758315
2167,Bhlhe40,0.35820748899428234,0.9644111,0.44586533865758315
2168,RP24-111C16.1,0.35855027408906515,2.231274,0.4454499411714028
2169,Mras,0.35855027408906515,2.2014146,0.4454499411714028
2170,Kng2,0.35866458161368997,3.0381658,0.44531150810016845
2171,Agpat3,0.3588932653973481,1.7667032,0.44503469109058624
2172,RP24-389J11.1,0.3592364628959325,2.0544274,0.4446195884000469
2173,Thoc6,0.35935090787815704,0.89162946,0.44448125358732027
2174,RP23-198E14.7,0.35957986656142904,2.692403,0.44420463308469094
2175,Rab12,0.3602672922986453,0.8073867,0.4433751645191225
2176,Tmem203,0.3603819434083183,1.9397552,0.4432369770564068
2177,Ctsh,0.36049661741661154,0.68396133,0.4430988059631159
2178,Pop7,0.36049661741661154,1.5977657,0.4430988059631159
2179,Mrpl15,0.36095554241805883,0.7615866,0.44254628527300005
2180,Rara,0.3611851422871316,1.5579581,0.44227012312992764
2181,Stxbp3,0.36141483372543537,0.8158037,0.4419940264488679
2182,Kif13a,0.36164461672567194,0.55171645,0.44171799522533545
2183,Bace1,0.36198946288859146,0.6174777,0.441304071113087
2184,Kdm4a,0.36210445738255914,1.1673338,0.44116612913290687
2185,Abca1,0.36210445738255914,1.0919306,0.44116612913290687
2186,Ccdc32,0.36244957817045775,1.843335,0.44075240135621896
2187,Ezh1,0.36279490489774413,1.6073359,0.4403388208135204
2188,Plod1,0.3629100595667689,1.2669125,0.4402009933486649
2189,Elmsan1,0.3631404375390507,1.2580079,0.4399253874896492
2190,Mea1,0.3631404375390507,1.2863225,0.4399253874896492
2191,Ttc37,0.3634861760688185,1.2797303,0.43951210136943575
2192,Ash2l,0.3634861760688185,0.5244746,0.43951210136943575
2193,Tmf1,0.3634861760688185,0.34468016,0.43951210136943575
2194,R3hdm1,0.36371678279176645,0.76498866,0.4392366590616098
2195,Col2a1,0.36371678279176645,0.3520056,0.4392366590616098
2196,Zmpste24,0.36371678279176645,0.25105256,0.4392366590616098
2197,Alg2,0.36383212046129587,1.2153583,0.4390989624377049
2198,Rab11b,0.3639474810015787,0.24777567,0.43896128216638897
2199,Ube2f,0.3639474810015787,0.8278107,0.43896128216638897
2200,RP23-424C4.5,0.3640628644116495,1.3727347,0.4388236182470993
2201,Klf3,0.3641782706905401,0.49960086,0.4386859706792735
2202,Tsn,0.3641782706905401,0.18086179,0.4386859706792735
2203,Tial1,0.3641782706905401,0.5207407,0.4386859706792735
2204,Xpnpep3,0.36440915185089695,1.3975881,0.43841072459576313
2205,Ckap5,0.36464012447485805,0.2675478,0.43813554391135556
2206,Ckb,0.3655649294495914,0.40509406,0.4370354750746626
2207,B9d2,0.3655649294495914,1.5207227,0.4370354750746626
2208,Tmem256,0.3656806329339739,0.14973186,0.43689804002463684
2209,Arl2bp,0.3657963592733756,1.1030841,0.43676062131819005
2210,Naa15,0.36649119720881396,0.35199922,0.43593645226309785
2211,RP23-168M5.3,0.3667229926483373,2.5369995,0.4356618599677999
2212,Rnf14,0.3667229926483373,0.8124179,0.4356618599677999
2213,Appl1,0.36718685766997816,0.43665618,0.4351128714347124
2214,Uri1,0.3674189272356384,0.66807115,0.43483847518788815
2215,Calm1,0.36753499627855957,0.393328,0.43470130156742903
2216,Rnf168,0.3677672028793879,0.42504826,0.43442700332959117
2217,Lmna,0.3683481190034308,0.34386554,0.4337415435599218
2218,Prpf6,0.3683481190034308,0.64864993,0.4337415435599218
2219,Marc1,0.3685806452797613,3.2581317,0.4334674739701494
2220,Mdn1,0.36869694266227926,0.45453116,0.4333304636697354
2221,Zfp281,0.36869694266227926,0.8760006,0.4333304636697354
2222,Gltscr2,0.36881326287294924,0.2662776,0.4331934696982146
2223,Vav2,0.36904597177447995,2.4729915,0.4329195307395901
2224,Cdc23,0.36939520631119893,0.9155806,0.4325087447542034
2225,Malsu1,0.3699777202924015,2.1453156,0.43182442794760223
2226,Sar1b,0.370094291541892,0.9217209,0.4316876135565392
2227,Tmed1,0.3704441421772324,2.1070585,0.43127726831366175
2228,Ppm1g,0.3706774899955454,0.4386209,0.43100378642133264
2229,Kazald1,0.3706774899955454,0.7167267,0.43100378642133264
2230,Etv1,0.3706774899955454,2.898803,0.43100378642133264
2231,Bin2,0.3709109290527093,0.56194127,0.4307303698060472
2232,Tfcp2,0.3709109290527093,1.6448045,0.4307303698060472
2233,Fzd3,0.3709109290527093,2.9933052,0.4307303698060472
2234,Wdr12,0.3709109290527093,0.5958291,0.4307303698060472
2235,Glmp,0.3709109290527093,0.58081514,0.4307303698060472
2236,Zfp146,0.3709109290527093,2.1210625,0.4307303698060472
2237,Ergic1,0.3709109290527093,0.8818059,0.4307303698060472
2238,RP23-44N5.6,0.3711444593398654,2.632745,0.4304570184632663
2239,Cpq,0.3713780808481172,1.1307062,0.4301837323884491
2240,Cdc40,0.37172868413049265,0.24962182,0.42977392564371997
2241,Relb,0.3718455974921283,2.7174335,0.42963735602453756
2242,Lrrc59,0.3718455974921283,0.16221856,0.42963735602453756
2243,Ndufv2,0.37207949260990303,0.30259457,0.4293642657263549
2244,Gli3,0.3723134789128032,1.747568,0.42909124067796023
2245,Asna1,0.37254755639174075,2.264298,0.4288182808748062
2246,Hadh,0.37289884354524183,0.18630432,0.4284089634949514
2247,Wipi1,0.3730159848411829,0.38550663,0.4282725569860246
2248,St7l,0.3730159848411829,1.9255246,0.4282725569860246
2249,Tmem134,0.3736020331048152,0.83954734,0.42759076904847565
2250,Gdi2,0.3736020331048152,0.087758794,0.42759076904847565
2251,Pop5,0.37383661188779227,0.81991667,0.427318168012803
2252,Suds3,0.37395393544837696,0.5910536,0.42718189195112033
2253,Fxr1,0.3740712817867985,0.40940815,0.427045632192781
2254,Rel,0.37418865090188425,0.53405845,0.42690938873721473
2255,Brap,0.37418865090188425,1.3770282,0.42690938873721473
2256,Gucy1a3,0.37430604279245816,1.7804743,0.4267731615838522
2257,Lix1l,0.3748933438363389,1.387897,0.4260922703301451
2258,Fundc2,0.3748933438363389,0.4815341,0.4260922703301451
2259,Scyl1,0.37512842364089516,1.2646766,0.4258200279241353
2260,Phf10,0.37512842364089516,1.1348939,0.4258200279241353
2261,Cnpy3,0.37512842364089516,1.2693031,0.4258200279241353
2262,Tnrc6b,0.37524599769276645,0.31485233,0.42568393116787906
2263,Haus5,0.3753635945094379,1.9725876,0.4255478507086944
2264,Psd3,0.3755988564323799,1.0335064,0.4252757386792577
2265,Apip,0.3755988564323799,1.801137,0.4252757386792577
2266,Pfdn6,0.37665866162482065,0.8414924,0.42405204110113826
2267,Ldlrap1,0.37677653152483626,0.5092826,0.4239161561622814
2268,Ube2h,0.37677653152483626,0.9828889,0.4239161561622814
2269,Nme3,0.37701233957068947,1.0858462,0.4236444351529374
2270,Phax,0.37772030958590286,1.0223867,0.42282966303068703
2271,Sumf1,0.37795648151708017,1.4068145,0.42255820260994154
2272,Ccdc47,0.37807460158819617,0.3184423,0.4224224968257444
2273,Ppp2r5e,0.3781927443946581,0.89936405,0.4222868073249008
2274,Emc2,0.3781927443946581,1.0156615,0.4222868073249008
2275,Rfc4,0.3781927443946581,0.70239204,0.4222868073249008
2276,Ndufs3,0.3781927443946581,1.1386231,0.4222868073249008
2277,Scoc,0.3781927443946581,0.6661553,0.4222868073249008
2278,RP23-387F9.3,0.37842909820858794,0.397558,0.4220154771709836
2279,Ado,0.37842909820858794,1.1572033,0.4220154771709836
2280,Larp4,0.37854730921353374,0.372582,0.42187983651676464
2281,RP23-241N10.2,0.37866554294878185,0.98762995,0.4217442121436079
2282,Id1,0.37866554294878185,1.1816657,0.4217442121436079
2283,Jak2,0.3790203805236555,0.98892796,0.42133743670478385
2284,Sec24b,0.37913870516741743,1.0469335,0.42120187745014703
2285,Sap30bp,0.37913870516741743,1.3105901,0.42120187745014703
2286,Tshz1,0.3793754226254914,0.45404214,0.42093080777489034
2287,Ruvbl1,0.3793754226254914,1.1540905,0.42093080777489034
2288,Dhrs3,0.3793754226254914,1.1777074,0.42093080777489034
2289,Ndufc2,0.379967613872359,0.051109396,0.420253418425085
2290,Rere,0.3803232012100618,0.9273295,0.41984718010996774
2291,Chst2,0.3804417757464511,2.3480942,0.4197117998839454
2292,Cdadc1,0.3805603729925807,0.74512476,0.41957643592980853
2293,Sae1,0.3805603729925807,0.522843,0.41957643592980853
2294,Sacm1l,0.38079763560883784,1.0028056,0.41930575683489163
2295,Kdelr3,0.38079763560883784,0.94036186,0.41930575683489163
2296,Dock7,0.38091630097634643,1.4855787,0.41917044169296325
2297,Parp14,0.381034989048359,1.1770047,0.41903514282062193
2298,Cblb,0.3811536998235603,1.5200018,0.41889986021729286
2299,Ehd3,0.38139118947825534,2.3263214,0.4186293438153736
2300,Ngfrap1,0.38150996835510675,1.0573126,0.41849411001563325
2301,Pdlim5,0.38186644116776924,0.66180784,0.4180885062143905
2302,Aig1,0.38222311822564414,3.0236802,0.4176830487980354
2303,Trip6,0.38222311822564414,2.8489819,0.4176830487980354
2304,RP23-111G16.8,0.3825799994926322,2.0823927,0.4172777377510315
2305,Dgcr2,0.38269900528849665,1.7183253,0.4171426665925334
2306,Exosc8,0.38269900528849665,0.50045085,0.4171426665925334
2307,Ube4a,0.3829370849324377,0.6559868,0.4168725730578363
2308,Hs2st1,0.3831752553036386,0.9524841,0.4166025445623658
2309,RP23-149A5.4,0.3831752553036386,1.7297353,0.4166025445623658
2310,Bmp2,0.383413516391239,2.4200306,0.4163325811015124
2311,2510009E07Rik,0.3835326809502845,1.3157635,0.41619762375762637
2312,Noa1,0.3836518681843394,2.8499808,0.41606268267066576
2313,Acvr2a,0.3836518681843394,2.7041879,0.41606268267066576
2314,Abi3bp,0.3836518681843394,0.88833517,0.41606268267066576
2315,Gmip,0.3838903106720014,0.8206478,0.4157928492652144
2316,Rsbn1l,0.3838903106720014,0.5093313,0.4157928492652144
2317,Brd9,0.3838903106720014,0.6096388,0.4157928492652144
2318,Slain2,0.3841288438432484,0.44050106,0.415523080880545
2319,Mgat5,0.3843674676870643,0.3888749,0.41525337751204344
2320,Xpa,0.3844868136077326,2.0818284,0.4151185502074132
2321,Grb10,0.38484498734814654,0.9382662,0.4147141658050789
2322,Api5,0.38484498734814654,0.07360158,0.4147141658050789
2323,Rspry1,0.3853228695663471,0.61513585,0.4141752141073781
2324,Gars,0.3853228695663471,0.609126,0.4141752141073781
2325,Yae1d1,0.3855619466064152,1.4609783,0.41390583575045137
2326,Fam96b,0.3856815191042764,1.8874493,0.4137711709429467
2327,Mif,0.3856815191042764,0.32809645,0.4137711709429467
2328,Sugp1,0.3858011142521435,2.4352653,0.41363652238197735
2329,Fmnl2,0.38592073204860455,1.9386418,0.4135018900669651
2330,Hmgxb4,0.3860403724922449,0.60063475,0.413367273997332
2331,Lrch3,0.3860403724922449,1.0592403,0.413367273997332
2332,Ccny,0.3862797213153928,0.40720955,0.41309809059189045
2333,Denr,0.3865191607102224,0.44293126,0.4128289721610261
2334,Zfp651,0.38663891436845566,1.8474804,0.4126944373096141
2335,Alg5,0.38675869066533,1.5703351,0.4125599187001107
2336,Ankrd50,0.38675869066533,1.4851213,0.4125599187001107
2337,Slc39a10,0.38675869066533,2.1168907,0.4125599187001107
2338,Zfp511,0.38699831116927275,2.367603,0.4122909302045151
2339,Sgce,0.38711815537347094,1.78203,0.41215646031726516
2340,Opa1,0.38711815537347094,0.6091393,0.41215646031726516
2341,Capn15,0.38723802221056913,2.2463572,0.41202200666960875
2342,Tmed7,0.38795769844318106,1.4610611,0.41121562578269755
2343,Arid1a,0.38807772367008897,0.27534422,0.41108128579597636
2344,Gbp7,0.3889185335729276,1.4810516,0.4101413604353002
2345,Tusc1,0.3889185335729276,1.1385589,0.4101413604353002
2346,Mbd3,0.3896401096242309,0.6435651,0.4093363431387342
2347,Dcaf17,0.38988081580750966,0.9062699,0.40906813386539725
2348,Hes1,0.38988081580750966,1.4030105,0.40906813386539725
2349,Mrpl49,0.39000120279859996,1.5917878,0.40893405356840007
2350,Mgat2,0.39012161238732845,0.44358978,0.4087999894970761
2351,Map7d1,0.39012161238732845,0.42548785,0.4087999894970761
2352,Itpkb,0.3902420445721959,1.3069448,0.4086659416508437
2353,Mgea5,0.3903624993517002,0.76441824,0.40853191002912176
2354,Sdc1,0.3903624993517002,1.3759911,0.40853191002912176
2355,Kcmf1,0.39060347668859796,0.3220898,0.4082638954568852
2356,Cmc1,0.39096511211602736,1.1336018,0.40786199526782596
2357,Prkacb,0.3912063153313686,0.63513994,0.4075941429145319
2358,Nbn,0.39132695081359825,1.3129284,0.4074602410679633
2359,Sdccag3,0.39132695081359825,0.68132585,0.4074602410679633
2360,Ndufs1,0.39144760887683594,0.52513105,0.4073263554406711
2361,Slc9a1,0.3922928474591971,1.1868922,0.40638961014046215
2362,Nck1,0.39265543112762946,0.2785935,0.40598839109986096
2363,Tlr4,0.39277633748067275,1.3362702,0.4058546838461767
2364,Ltbr,0.3932601885025706,0.6876931,0.405320016948474
2365,Map3k2,0.393502249357514,0.6448826,0.4050527807616788
2366,Trappc6a,0.39374440042508785,1.3011286,0.4047856094100319
2367,RP23-185A18.9,0.39374440042508785,0.33044213,0.4047856094100319
2368,Fnbp1l,0.3939866416927196,0.75154793,0.40451850288886404
2369,Bcl7b,0.39447139477766824,0.668356,0.4039844843192849
2370,Inafm1,0.3947139065696438,2.1358778,0.4037175722615292
2371,Plekha5,0.3947139065696438,1.3587168,0.4037175722615292
2372,Uck2,0.39495650851099373,0.6545357,0.4034507250155644
2373,Tprgl,0.39519920058894975,0.6424668,0.40318394257671475
2374,Twistnb,0.39592781751418127,0.44254994,0.4023839840560811
2375,Rab1a,0.3960493325023041,0.34451324,0.4022507143292378
2376,Cuedc1,0.396170870010093,2.1181614,0.40211746079890953
2377,RP24-299A7.2,0.3964140125781811,2.7617626,0.4018510023254547
2378,Fam20a,0.3971439805852718,2.0493872,0.40105201556054776
2379,Slc25a36,0.39750926842818335,0.8660063,0.4006527407677902
2380,Etv5,0.3976310760447721,2.6355336,0.4005196815499558
2381,Surf4,0.39775290615975345,0.26992163,0.40038663852101986
2382,Ddx50,0.3978747587714738,0.65732867,0.40025361168039586
2383,Abcf3,0.39811853147850473,1.1357427,0.39998760656173793
2384,Snx17,0.39811853147850473,0.4581147,0.39998760656173793
2385,Wtip,0.39811853147850473,2.263336,0.39998760656173793
2386,Eps8,0.39836239415258723,2.44676,0.3997216661892885
2387,RP24-483K3.1,0.3987283568227912,0.828702,0.39932287701948516
2388,RP23-460F21.1,0.39909452184377836,1.8490502,0.39892423350223716
2389,Fam174a,0.3994608891702398,0.7651329,0.39852573562168714
2390,Atl2,0.3995830565613059,0.8939684,0.398392935355806
2391,Faf1,0.39970524642401284,0.9584361,0.3982601512694298
2392,Sh3rf1,0.39982745875666803,1.7325022,0.3981273833619705
2393,Shroom2,0.4003165327528263,2.1750152,0.3975964735095458
2394,Atp5e,0.4003165327528263,0.38901344,0.3975964735095458
2395,Glod4,0.4003165327528263,0.783167,0.3975964735095458
2396,Rps23,0.4004388574097434,0.3877011,0.3974637864878518
2397,Rit1,0.4008059661320891,1.7917824,0.3970658224727466
2398,Slc6a6,0.4008059661320891,0.5008482,0.3970658224727466
2399,Grsf1,0.4012957587849374,0.7583952,0.39653543021391047
2400,Pycrl,0.4012957587849374,1.9999342,0.39653543021391047
2401,Srbd1,0.4014182630717531,0.7533342,0.39640287257884255
2402,Dctn5,0.40154078980455943,1.5713456,0.3962703311144532
2403,Rbm8a,0.40154078980455943,0.17439513,0.3962703311144532
2404,Tank,0.40203112116106177,0.684534,0.39574032695189776
2405,Pithd1,0.4022764214701693,2.0853891,0.3954754218793702
2406,Ddx42,0.4022764214701693,0.21878803,0.3954754218793702
2407,Epb41l4aos,0.4025218115146003,1.2256072,0.3952105814730542
2408,St6galnac6,0.40276729128037014,1.0479575,0.3949458057282318
2409,Suv39h1,0.40289006480437595,0.6301364,0.3948134421024061
2410,Nhp2,0.4031356791258466,0.27949864,0.39454876334097444
2411,Fam129a,0.4032585199197901,0.21279188,0.39441644820418875
2412,Vprbp,0.40350426876527423,0.8033895,0.39415186641552497
2413,Snu13,0.40375010727576477,0.28156838,0.39388734926946856
2414,Hacd4,0.4039960354370802,1.983168,0.39362289676129475
2415,Rabgap1,0.4039960354370802,1.0179918,0.39362289676129475
2416,Emc7,0.40411903313235464,0.3339054,0.3934906947449369
2417,Zcchc8,0.4042420532349995,0.40101454,0.3933585088862772
2418,Plek,0.40461124796930603,0.8483839,0.39296204825057646
2419,Rpn2,0.40461124796930603,0.18692404,0.39296204825057646
2420,Cox19,0.40498064430558234,1.490149,0.3925657330128776
2421,Cherp,0.4052270205069215,1.2005525,0.3923016036231939
2422,Lpar1,0.4052270205069215,1.326818,0.3923016036231939
2423,Fam168a,0.4052270205069215,0.6945083,0.3923016036231939
2424,Nktr,0.40559675273861806,0.20768237,0.39190553068000855
2425,Rab5a,0.4057200415898694,0.4834421,0.3917735386676033
2426,Usp12,0.4057200415898694,1.0107732,0.3917735386676033
2427,Ubap1,0.4059666864425242,1.3640301,0.39150960309222593
2428,Mllt10,0.4059666864425242,0.30972272,0.39150960309222593
2429,RP24-324P21.9,0.4062134208165983,1.066994,0.3912457321121442
2430,Cwc25,0.40670715807066227,1.1434246,0.39071818391891183
2431,Safb,0.40720125323498424,0.34055564,0.3901908940499798
2432,Vamp4,0.40720125323498424,0.92312783,0.3901908940499798
2433,Zbtb37,0.40720125323498424,1.1228995,0.3901908940499798
2434,N6amt1,0.40769570619185636,1.0452522,0.3896638624673991
2435,Akirin1,0.4079430668055426,0.43440437,0.3894004435216252
2436,Fmr1,0.4081905168229395,0.16429497,0.38913708913319867
2437,Exosc7,0.4081905168229395,0.7044391,0.38913708913319867
2438,Fyco1,0.4081905168229395,1.073649,0.38913708913319867
2439,Marf1,0.40868568500926283,0.70012987,0.3886105740093855
2440,Dlx6,0.40942910744301997,2.5508192,0.38782128538497795
2441,Gnptab,0.4099251689928012,1.1340687,0.38729541562076814
2442,Pgap2,0.4099251689928012,1.0962437,0.38729541562076814
2443,U2af1,0.41004924018716093,0.30024824,0.38716398850577144
2444,Tfdp2,0.4101733337004907,0.9482528,0.3870325775200073
2445,Irs2,0.41029744953088865,1.9253191,0.38690118266288015
2446,Utp11,0.41042158767645,0.33900103,0.386769803933795
2447,Nav1,0.4105457481352677,0.53676367,0.3866384413321566
2448,Spsb1,0.41066993090543213,2.5333657,0.38650709485736945
2449,Smim1,0.4109183633721515,2.5562828,0.38624445028596627
2450,RP24-424D1.1,0.4109183633721515,2.5848718,0.38624445028596627
2451,Nek9,0.4111668850612821,0.8787268,0.3859818702148209
2452,Tcn2,0.4111668850612821,0.27533093,0.3859818702148209
2453,Epc2,0.4112911793594517,0.5275257,0.3858506043653552
2454,Lats2,0.4115398348533774,1.0861584,0.3855881210356585
2455,Ss18l2,0.4116641960452774,0.8924517,0.3854569035542354
2456,Ypel3,0.411912985309293,0.7987416,0.3851945169552583
2457,Cnih4,0.4121618637340221,0.41076982,0.38493219483746455
2458,Dolk,0.4121618637340221,2.340988,0.38493219483746455
2459,Rbm33,0.4121618637340221,0.41787094,0.38493219483746455
2460,Vdac2,0.41228633637680456,0.13494495,0.38480105795752034
2461,Tmem63b,0.4124108313039411,1.5098928,0.38466993719608233
2462,Tfip11,0.4124108313039411,2.2359228,0.38466993719608233
2463,Cnn3,0.41253534851348495,1.8269781,0.38453883255255383
2464,Polk,0.41278444977199613,1.8578868,0.3842766716168381
2465,Manbal,0.4129090338170579,2.1871076,0.3841456153234568
2466,Xrn2,0.41315826872901107,0.092611164,0.38388355108266264
2467,RP23-181P23.2,0.41328291959198216,1.3037221,0.38375254313405516
2468,Angpt2,0.4134075927236651,2.1152072,0.38362155129917774
2469,Eif2s1,0.41365700578529885,0.39137802,0.3833596159682231
2470,Rufy3,0.41365700578529885,0.7067914,0.3833596159682231
2471,Paxbp1,0.4137817457113092,0.81376636,0.383228672470951
2472,Ncor1,0.4137817457113092,0.2683192,0.383228672470951
2473,Btg1,0.4139065078981512,0.2170264,0.38309774508501854
2474,Ksr1,0.4141560990464217,2.1518822,0.3828359386447824
2475,Msl1,0.41440577921427046,0.19062419,0.38257419664273123
2476,Sssca1,0.41440577921427046,0.91470355,0.38257419664273123
2477,Ahi1,0.41440577921427046,2.1928766,0.38257419664273123
2478,Trove2,0.41465554838581775,1.0914807,0.3823125190740807
2479,Naglu,0.4151553536762915,1.831503,0.3817893572178359
2480,Csnk1g3,0.4151553536762915,0.62256235,0.3817893572178359
2481,Tmem39a,0.4154053897632606,0.80107844,0.38152787292066564
2482,Ak2,0.41553044116016813,0.092887536,0.3813971549277229
2483,Sesn1,0.41553044116016813,1.2195364,0.3813971549277229
2484,Htt,0.41553044116016813,1.2022749,0.3813971549277229
2485,Trappc8,0.41603086905705644,1.5112467,0.38087444397959486
2486,Txndc11,0.41615603159851977,0.51490486,0.38074380649547784
2487,Rap2b,0.41615603159851977,0.7209094,0.38074380649547784
2488,Slc25a13,0.41653165255196534,1.2334266,0.3803519906405334
2489,Pigs,0.41690747345642554,1.2717049,0.3799603196691086
2490,Dap,0.41715813178286065,0.34384617,0.3796992861710065
2491,Pstk,0.41715813178286065,1.649545,0.3796992861710065
2492,Hacd1,0.4174088789357028,1.2815838,0.37943831705358283
2493,Zscan26,0.4174088789357028,1.2419167,0.37943831705358283
2494,Txnrd1,0.4175342858169169,0.5005443,0.37930785663612515
2495,Bet1,0.4175342858169169,0.24605255,0.37930785663612515
2496,Sumo1,0.417785166178691,0.34132847,0.3790469840807161
2497,Optn,0.41791063965514685,1.8004698,0.3789165719415643
2498,Trim2,0.41791063965514685,1.863592,0.3789165719415643
2499,Capza1,0.4181616531889192,0.51546204,0.3786557959373627
2500,Iqsec1,0.41828719324211694,1.4744699,0.3785254320711116
2501,Tmem184c,0.41841275548343926,1.3640813,0.37839508429462587
2502,Tecr,0.41841275548343926,0.20352758,0.37839508429462587
2503,Snrpg,0.41866394652219274,0.24718663,0.3781344370085473
2504,Cyp20a1,0.4189152262886263,1.4351882,0.3778738540743183
2505,Pex3,0.4189152262886263,1.266087,0.3778738540743183
2506,Commd1,0.41916659476614626,0.9941187,0.3776133354871295
2507,Plbd2,0.41916659476614626,1.1389161,0.3776133354871295
2508,Tor1aip1,0.41916659476614626,0.21886292,0.3776133354871295
2509,Sdf2,0.41941805193811954,0.6337224,0.3773528812421697
2510,Triap1,0.41941805193811954,1.2071439,0.3773528812421697
2511,Spry1,0.41941805193811954,1.7278332,0.3773528812421697
2512,Rpain,0.4195438137793176,1.2508838,0.3772226782465218
2513,Bckdha,0.4196695977878735,1.2044718,0.37709249133462636
2514,Bmi1,0.4202988502677748,1.7737086,0.37644179801037075
2515,Ikbip,0.42055070635788916,0.77530795,0.37618163324586673
2516,Mrpl13,0.4213068061741966,0.48052198,0.3754015248275308
2517,Phlda3,0.42193749816511417,2.698709,0.37475187655572734
2518,Mrpl40,0.42206370295348306,1.19205,0.3746219951206909
2519,Sfswap,0.4224424500605083,0.99122053,0.3742324472433686
2520,Atxn3,0.422568743336348,0.93627197,0.37410263009151157
2521,Arhgap18,0.42269505872869306,0.6106521,0.37397282900894
2522,Med4,0.4229477558542968,1.1940186,0.37371327504923857
2523,Smad6,0.4229477558542968,2.4313793,0.37371327504923857
2524,Herpud2,0.4238328921469835,0.7882031,0.37280534228397944
2525,Rabgap1l,0.4238328921469835,1.0501802,0.37280534228397944
2526,Gtf2f2,0.42421256773919536,0.5355452,0.3724164692024584
2527,Pcdhga5,0.42446579524611217,4.078524,0.37215730078959364
2528,Foxp1,0.4245924421266565,0.20629597,0.3720277406737911
2529,Lpcat3,0.4245924421266565,0.99804974,0.3720277406737911
2530,Gne,0.4247191110890094,1.8114899,0.3718981966176014
2531,Sh3pxd2a,0.424845802130981,0.6517249,0.37176866862041946
2532,Bnip3,0.4249725152503794,2.3955348,0.3716391566816397
2533,Meaf6,0.4249725152503794,0.98097414,0.3716391566816397
2534,Map2k2,0.4249725152503794,0.3757966,0.3716391566816397
2535,Dmxl1,0.42509925044500974,0.73280597,0.37150966080065684
2536,Dgkh,0.4252260077126748,0.8697013,0.37138018097686537
2537,Bcl7a,0.4253527870511754,0.90716803,0.37125071720965924
2538,Gna11,0.4253527870511754,0.7629086,0.37125071720965924
2539,Acadl,0.4253527870511754,0.29548627,0.37125071720965924
2540,Lonrf1,0.4254795884583089,2.2525055,0.3711212694984332
2541,Adcy3,0.4257332574696545,1.4401629,0.37086242224149735
2542,Rps4l,0.4257332574696545,3.4843452,0.37086242224149735
2543,Slc1a4,0.4257332574696545,3.2645285,0.37086242224149735
2544,Msl2,0.4258601250694498,0.30726096,0.37073302269457564
2545,Lyrm2,0.4259870147290449,1.2534689,0.3706036392012101
2546,Esf1,0.4259870147290449,0.6664224,0.3706036392012101
2547,Pttg1,0.4264947939210939,1.655706,0.37008626575118425
2548,Rab21,0.42662179384641963,0.24144413,0.3699569625165048
2549,Zdhhc1,0.4267488158182202,3.0721145,0.3698276753317433
2550,Atp5b,0.42700292589232625,0.204604,0.36956914910954664
2551,Add1,0.42713001399016515,0.6622164,0.3694399100708978
2552,Bod1,0.4272571241255462,1.6346613,0.3693106870797396
2553,Ist1,0.42751141049997443,0.39945856,0.3690522892374661
2554,Tchp,0.4277657849976655,2.7140763,0.36879395557786876
2555,Zfp81,0.4280202476006342,1.9763893,0.36853568609608855
2556,Rsrc2,0.4280202476006342,0.110369444,0.36853568609608855
2557,Frg1,0.4280202476006342,0.23966815,0.36853568609608855
2558,Ostf1,0.42827479829085524,0.034248315,0.3682774807872654
2559,U2surp,0.4285294370502637,0.22122581,0.36801933964653755
2560,Prdx3,0.4285294370502637,0.75288886,0.36801933964653755
2561,Notch3,0.4285294370502637,2.6608121,0.36801933964653755
2562,Xpr1,0.4287841638607547,0.5467751,0.36776126266904197
2563,Nelfb,0.4289115602794876,0.7761777,0.367632248239986
2564,Xpo4,0.4290389787041837,0.7546232,0.367503249849914
2565,Fbxo31,0.42929388156236614,2.0232818,0.36724530118428783
2566,Cspg4,0.42929388156236614,1.2168915,0.36724530118428783
2567,Emc4,0.42942136599129643,0.60252863,0.3671163509075168
2568,Whamm,0.4295488724170776,2.0857446,0.36698741666729606
2569,Fam122a,0.429803951250054,1.752123,0.3667295962940699
2570,Scamp3,0.429803951250054,0.29390383,0.3667295962940699
2571,Med14,0.429803951250054,0.44456583,0.3667295962940699
2572,Hist1h3i,0.430059118042991,1.8016014,0.3664718400597394
2573,Gfer,0.430059118042991,1.4626648,0.3664718400597394
2574,AC126938.1,0.4303143727775447,1.3894105,0.36621414795943286
2575,Acp2,0.4305697154353312,1.0705954,0.36595651998827744
2576,Cebpzos,0.4305697154353312,1.6805063,0.36595651998827744
2577,Itsn1,0.430825145997927,1.257633,0.36569895614139847
2578,Cbr1,0.430825145997927,1.6928773,0.36569895614139847
2579,Tmem60,0.4313362707636522,1.4091227,0.3651840208009655
2580,Zmynd11,0.4313362707636522,0.29715288,0.3651840208009655
2581,Dot1l,0.4314641068666917,0.5293564,0.3650553270359099
2582,Dtd2,0.43159196492973473,1.7512442,0.3649266492976557
2583,AC127339.2,0.43210361673542363,1.5249351,0.3644120986004491
2584,Akt1,0.43210361673542363,0.31708172,0.3644120986004491
2585,Tbc1d15,0.43235957433774386,0.5529157,0.3641549193967879
2586,Rpl3,0.4326156197147908,0.3614428,0.3638978042832428
2587,Hoxc10,0.4327436753129812,2.1918867,0.3637692707587371
2588,Cep104,0.43287175284782164,1.2257355,0.36364075325492806
2589,Phtf2,0.43312797371805356,1.2379134,0.36338376630695673
2590,Ggnbp2,0.43312797371805356,0.16693293,0.36338376630695673
2591,Usp31,0.43364067859479105,1.4138807,0.3628699846324879
2592,Fbxo38,0.43364067859479105,1.083204,0.3628699846324879
2593,Gabarapl1,0.4338971625635315,1.0278428,0.3626131898962092
2594,Ankrd10,0.4338971625635315,0.83449453,0.3626131898962092
2595,Ttc39b,0.4340254374222141,0.5467337,0.36248481655116827
2596,Utp23,0.43415373419394343,1.299703,0.36235645922071097
2597,Rev3l,0.43466714036381293,0.9408626,0.3618431900324774
2598,Ankle2,0.4349239748651863,1.0581968,0.3615866515099494
2599,Lum,0.43530939083408426,0.17426185,0.36120196380186687
2600,Rbfox2,0.43543790660530035,0.6476815,0.3610737665835784
2601,Psmd14,0.43543790660530035,0.08722616,0.3610737665835784
2602,Shisa5,0.43569500380571735,0.49883738,0.3608174201699341
2603,Snx27,0.4359521885340919,0.6031022,0.36056113778278087
2604,Purb,0.43608081371524565,0.16610025,0.3604330205976058
2605,Ints1,0.4364668204976273,1.1169991,0.36004876506832895
2606,Stam,0.43698180234133366,1.0818762,0.3595366484009722
2607,Crebrf,0.43723942441977237,1.0243704,0.35928068607268243
2608,Ldah,0.4377549307925137,0.9243768,0.3587689534023237
2609,RP24-286N17.2,0.43839980521171773,1.7866644,0.35812964748786363
2610,Rhod,0.4391743749082153,3.419653,0.35736300817688194
2611,Rras2,0.4391743749082153,3.492143,0.35736300817688194
2612,Eif4e,0.43930354622852097,0.4035567,0.3572352909271175
2613,Rnh1,0.43930354622852097,0.7757816,0.3572352909271175
2614,AC102225.2,0.43943273936249183,3.1593804,0.3571075896667789
2615,Rab23,0.4396911910615222,3.3673606,0.3568522351119166
2616,Pla2r1,0.4396911910615222,3.4446979,0.3568522351119166
2617,Commd9,0.439949729985465,3.1976128,0.3565969445073706
2618,Akip1,0.44007903215056754,0.9462932,0.3564693231849266
2619,Sufu,0.44007903215056754,2.201945,0.3564693231849266
2620,Knop1,0.44007903215056754,0.6107265,0.3564693231849266
2621,Ipo7,0.44007903215056754,0.34085706,0.3564693231849266
2622,Med12,0.4404670694285252,3.3381374,0.35608655512952003
2623,Slc35d1,0.4404670694285252,2.875272,0.35608655512952003
2624,Cd300d,0.4404670694285252,3.0809245,0.35608655512952003
2625,Ndufaf4,0.4408553028280606,0.77314156,0.35570393092906266
2626,Ccdc186,0.4408553028280606,0.7112432,0.35570393092906266
2627,Cops3,0.44111423401750693,0.397535,0.3554489280399557
2628,Smarca4,0.44111423401750693,0.02508262,0.3554489280399557
2629,Copg1,0.44137325232202607,0.37465456,0.35519398907405275
2630,Wdr48,0.44137325232202607,0.8829757,0.35519398907405275
2631,Snhg12,0.4415027941361579,2.9538374,0.355066543560761
2632,Lman2,0.4416323577215173,0.11767378,0.35493911402641953
2633,Eid2b,0.4417619430755849,2.7283142,0.35481170047041194
2634,Foxj3,0.4417619430755849,1.674258,0.35481170047041194
2635,Ddx31,0.4417619430755849,2.791028,0.35481170047041194
2636,Lzts2,0.4417619430755849,1.6414648,0.35481170047041194
2637,Phf20,0.4418915501958398,0.8539398,0.35468430289212066
2638,Sphk1,0.4420211790797578,1.5904443,0.3545569212909289
2639,Rbpms,0.4420211790797578,2.559963,0.3545569212909289
2640,Large,0.4421508297248127,1.8698428,0.35442955566621925
2641,Dnaja2,0.44241019628821554,0.17385316,0.3541748723437765
2642,Dtx3l,0.44241019628821554,1.9074193,0.3541748723437765
2643,Rps6kc1,0.44253991220149813,2.53824,0.3540475546448086
2644,Wdr82,0.44253991220149813,1.1763012,0.3540475546448086
2645,Adprm,0.44253991220149813,1.5594926,0.3540475546448086
2646,Srfbp1,0.44253991220149813,2.593872,0.3540475546448086
2647,Acvr1,0.44253991220149813,1.4690073,0.3540475546448086
2648,Thrap3,0.4430589933392932,0.15398939,0.35353844358288117
2649,Ahsa2,0.4434485324803098,0.7924323,0.35315677798977635
2650,Wdr89,0.4434485324803098,0.14371625,0.35315677798977635
2651,Dnajc4,0.44357842233041733,2.3329334,0.353029588065605
2652,Orai2,0.4437083339111506,1.5749644,0.3529024141105019
2653,Tpgs1,0.4437083339111506,1.816974,0.3529024141105019
2654,Zfp868,0.443838267219951,2.2672503,0.3527752561238482
2655,Eif3m,0.443838267219951,0.061554868,0.3527752561238482
2656,RP23-175J8.3,0.4439682222542569,1.7516541,0.3526481141050258
2657,Crtc3,0.4439682222542569,1.5706995,0.3526481141050258
2658,Ntan1,0.4440981990115048,1.0213988,0.3525209880534157
2659,Sypl,0.4440981990115048,0.08680015,0.3525209880534157
2660,Csrp2,0.4442281974891281,1.7284589,0.35239387796839955
2661,Lrpprc,0.4444882595952233,0.86057675,0.35213970569567354
2662,Mthfsd,0.4444882595952233,1.7248846,0.35213970569567354
2663,Rbm39,0.44461832321855,0.22402921,0.35201264350672584
2664,Commd4,0.44461832321855,1.4756075,0.35201264350672584
2665,Tmem258,0.44461832321855,0.22157139,0.35201264350672584
2666,Mtor,0.44474840855196196,1.5291867,0.3518855972818962
2667,Ydjc,0.44474840855196196,1.8256105,0.3518855972818962
2668,Zfp639,0.44487851559288016,1.4690944,0.35175856702056574
2669,Foxo1,0.44487851559288016,1.4147359,0.35175856702056574
2670,Trp53inp1,0.44526896693484663,1.1969403,0.35137757201137576
2671,Hif1an,0.4456596135512917,1.3881836,0.3509967206513797
2672,Ubp1,0.4457898724723365,0.627337,0.3508698021171992
2673,Nfia,0.4457898724723365,0.33831424,0.3508698021171992
2674,Nadk,0.4465718813299686,0.2117791,0.3501086260198119
2675,Abce1,0.4465718813299686,0.18941492,0.3501086260198119
2676,Pkd1,0.4469631783544056,1.2824079,0.3497282533695851
2677,Ing3,0.4470936540259459,0.60039026,0.3496014943929236
2678,Kpna6,0.44748521099401684,1.1160437,0.3492213131744914
2679,Sgta,0.4476157732924275,1.1418315,0.34909461800346175
2680,Anapc4,0.44774635724097755,0.9529261,0.3489679387822873
2681,Orc3,0.44774635724097755,0.84584016,0.3489679387822873
2682,Keap1,0.4478769628370304,0.7142854,0.34884127551034716
2683,Abhd14a,0.4480075900779473,0.9657994,0.3487146281870198
2684,Icmt,0.4480075900779473,1.4154233,0.3487146281870198
2685,Tfeb,0.44813823896108707,1.3896573,0.3485879968116838
2686,Cebpg,0.44839960164345616,0.41155618,0.34833478190250083
2687,Actr1a,0.44839960164345616,0.9552174,0.34833478190250083
2688,Creld2,0.4487918079175023,1.0343776,0.3479550791331228
2689,Ttc4,0.44892258659836937,1.1001405,0.34782854343268194
2690,Chmp1a,0.4490533869028994,1.0044007,0.3477020236758806
2691,Bccip,0.44918420882843135,0.44712535,0.34757551986209634
2692,Dctn6,0.4493150523723012,0.8768411,0.3474490319907072
2693,Pde4dip,0.4495768043043865,0.95409644,0.3471961040726248
2694,Svbp,0.4495768043043865,0.7081376,0.3471961040726248
2695,Fkbp14,0.44970771268726173,1.5718529,0.3470696640246868
2696,Smarca1,0.44970771268726173,1.8269261,0.3470696640246868
2697,Usp47,0.44970771268726173,0.44157156,0.3470696640246868
2698,Prpsap1,0.4498386426777944,0.9483075,0.34694323991665416
2699,Abhd11,0.4501005674711238,1.1717671,0.3466904395178145
2700,Gnaq,0.45049361665155774,0.42091,0.34631135845327654
2701,Pacsin2,0.45049361665155774,1.1142173,0.34631135845327654
2702,Rexo1,0.45049361665155774,0.66910994,0.34631135845327654
2703,Myo1c,0.450755757400799,1.4865316,0.346058717425464
2704,Lamb1,0.450755757400799,1.6902409,0.346058717425464
2705,Eng,0.450755757400799,2.4747407,0.346058717425464
2706,Gcc2,0.4508868601560311,0.15467703,0.345932420814252
2707,Gclm,0.45128029791180857,0.21468635,0.34555362658391287
2708,Pilrb1,0.4515426976303746,0.9781922,0.34530117676019834
2709,Fam160b1,0.45180518362877986,0.4033895,0.34504879066120475
2710,Bcar3,0.45180518362877986,1.6735082,0.34504879066120475
2711,Tufm,0.45180518362877986,0.979293,0.34504879066120475
2712,Rab13,0.452067755885323,2.4559376,0.34479646828194077
2713,Tulp4,0.452067755885323,0.76040435,0.34479646828194077
2714,Avpi1,0.452593159085818,2.2404323,0.34429201466262765
2715,Lrrk1,0.45272456376325876,1.161774,0.34416594107482695
2716,Lst1,0.45285598998616716,0.11170133,0.3440398834125883
2717,Hoxa10,0.45311890705744884,2.229705,0.3437878158622978
2718,RP23-32A8.1,0.45311890705744884,0.6027417,0.3437878158622978
2719,Psen1,0.45311890705744884,0.8442703,0.3437878158622978
2720,Cabin1,0.45338191027776176,0.5444699,0.34353581200675726
2721,Col5a3,0.45338191027776176,1.6827759,0.34353581200675726
2722,Sh3bp4,0.45338191027776176,2.2402565,0.34353581200675726
2723,Egln2,0.45364499962516414,0.77800363,0.34328387184096676
2724,Pla2g5,0.4539081750776748,3.2700856,0.3430319953599244
2725,Sdhaf2,0.4540397950864655,1.016284,0.3429060809996204
2726,Smarcc1,0.45430309965533544,-0.056483492,0.3426543000363191
2727,Tle3,0.45443478420989425,0.30434075,0.3425284334320705
2728,Synj2bp,0.45443478420989425,0.44430074,0.3425284334320705
2729,Pmpcb,0.45469821784543984,0.82869524,0.34227674797524843
2730,Mical3,0.45469821784543984,0.74197423,0.34227674797524843
2731,Zfp503,0.45496173749776714,1.3251957,0.34202512618315345
2732,Hotairm1,0.45496173749776714,2.8067958,0.34202512618315345
2733,Osbpl5,0.45496173749776714,1.9640679,0.34202512618315345
2734,Vps26a,0.45496173749776714,0.43404078,0.34202512618315345
2735,Klf12,0.4552253431446944,1.9524105,0.34177356805077674
2736,Ube2d-ps,0.4560166758306585,2.0054092,0.3410192755618456
2737,Txnl1,0.456148639795227,0.16440083,0.34089361583538974
2738,Zfp317,0.4562806252333679,2.638303,0.340767972018224
2739,RP23-347F4.1,0.45654466051916787,2.4969018,0.34051673210925476
2740,Eif3l,0.4566767103612217,0.0074143307,0.3403911360161967
2741,Rab8a,0.4568087816656369,0.2148233,0.3402655558299199
2742,Oaz2,0.4568087816656369,0.67590594,0.3402655558299199
2743,Zfp595,0.4568087816656369,2.3240786,0.3402655558299199
2744,Arfgap2,0.4569408744296044,0.77451044,0.340139991549797
2745,RP23-441L19.1,0.45707298865031276,2.4451218,0.3400144431752005
2746,Nek4,0.45707298865031276,1.9025128,0.3400144431752005
2747,Rtfdc1,0.45720512432494775,0.2823681,0.33988891070550303
2748,RP23-60P18.9,0.45720512432494775,0.43702537,0.33988891070550303
2749,Tsg101,0.4573372814506932,0.4464352,0.3397633941400765
2750,Rreb1,0.4573372814506932,0.39525235,0.3397633941400765
2751,Snta1,0.4573372814506932,1.8618233,0.3397633941400765
2752,Ikzf2,0.4573372814506932,1.5980144,0.3397633941400765
2753,Gpbp1l1,0.4573372814506932,0.3193764,0.3397633941400765
2754,Atad1,0.45746946002473,0.8823095,0.33963789347829315
2755,Trim35,0.4576016600442364,0.974113,0.3395124087195255
2756,RP24-269A16.1,0.4578661244083603,1.7408901,0.33926148690852415
2757,Sft2d3,0.4581306745204424,1.7190157,0.3390106287020479
2758,Nol7,0.45826298172488755,0.048991498,0.3388852234489359
2759,Tmem259,0.45839531035782066,0.7370544,0.3387598340950704
2760,Igf2r,0.45839531035782066,0.587636,0.3387598340950704
2761,Plcb3,0.4589248391176167,1.7321186,0.338258435659499
2762,Zfp746,0.4589248391176167,1.3263315,0.338258435659499
2763,Sash1,0.4589248391176167,0.77065784,0.338258435659499
2764,Sod3,0.45918973199450963,1.7892028,0.3380078318208455
2765,Ndufa12,0.45918973199450963,1.5541353,0.3380078318208455
2766,Stambp,0.45918973199450963,1.2712449,0.3380078318208455
2767,Usp22,0.45932221054722666,0.66428816,0.3378825537441005
2768,Plekha1,0.45945471050564934,1.3744863,0.3377572915615712
2769,Mtmr14,0.4598523387865494,0.68377775,0.3373816003729841
2770,RP23-296I6.8,0.4605154804348274,1.4592214,0.3367557662175725
2771,Ufl1,0.4605154804348274,0.4558245,0.3367557662175725
2772,Jrkl,0.4607808867734636,0.6263775,0.3365055437796621
2773,Taf11,0.4607808867734636,1.1218177,0.3365055437796621
2774,Dusp3,0.46104637860857156,1.3729795,0.33625538489090767
2775,Mrps10,0.46104637860857156,1.3210056,0.33625538489090767
2776,Gtpbp4,0.46117915658008446,0.21275772,0.33613032927588826
2777,Strn4,0.46131195591704843,1.2598219,0.3360052895462671
2778,Apopt1,0.46131195591704843,1.0620894,0.3360052895462671
2779,Gtf2b,0.4617104820916945,0.5744849,0.33563026566348664
2780,Zdhhc5,0.4621092004510643,0.54523665,0.33525538472658534
2781,Fam204a,0.4623751194211887,0.86712474,0.3350055435079492
2782,Fads1,0.4626411237485678,1.1283947,0.334755765808194
2783,Clcc1,0.4627741579139347,0.6064188,0.33463090077631846
2784,Mysm1,0.46290721340985863,1.2582295,0.3345060516222689
2785,Ntpcr,0.46290721340985863,1.5126054,0.3345060516222689
2786,Zc3h7b,0.46317338838167843,1.0301995,0.33425640094512116
2787,Zfp704,0.46330650785171845,0.40155602,0.33413159942075965
2788,Prnp,0.46343964864060394,1.1883265,0.33400681377169716
2789,Gm9843,0.46343964864060394,0.38393542,0.33400681377169716
2790,Mkrn1,0.4635728107454008,0.26506406,0.33388204399730176
2791,Tmem216,0.46370599416317226,1.2847668,0.33375729009694144
2792,Atxn1,0.4642389409051848,0.678663,0.3332584332232062
2793,Setx,0.4642389409051848,0.18309614,0.3332584332232062
2794,Hist2h2bb,0.4645055420775027,1.1413465,0.3330091000141087
2795,RP23-22A15.2,0.46463887460366105,0.09690888,0.33288445721428844
2796,Timm22,0.46477222841921084,0.9914897,0.3327598302834436
2797,Fchsd2,0.46477222841921084,0.5125401,0.3327598302834436
2798,Ubac2,0.465038999906646,1.0413169,0.33251062402614806
2799,Ndnf,0.465038999906646,0.5038372,0.33251062402614806
2800,Hlx,0.4651724175726053,0.6688937,0.3323860446984316
2801,Cad,0.4653058565161047,1.084725,0.33226148123715826
2802,Jmjd1c,0.4655727982238438,0.32061464,0.3320124019114085
2803,Mrpl51,0.4655727982238438,0.1319135,0.3320124019114085
2804,Picalm,0.4658398250060799,0.035174664,0.33176338604383193
2805,Lnpep,0.4662405246419916,0.5631343,0.3313899812154536
2806,Alkbh8,0.4663741336987097,0.9246852,0.3312655446629225
2807,Hspa4,0.4663741336987097,0.12510979,0.3312655446629225
2808,Mdfi,0.46664141556133687,2.1815252,0.3310167191394482
2809,RP23-225C11.1,0.4667750883612596,3.440467,0.3308923301672372
2810,Hmg20a,0.4669087824029272,0.92805856,0.33076795705386447
2811,Rab1b,0.4669087824029272,0.87545186,0.33076795705386447
2812,Cib1,0.4671762341994976,0.921313,0.3305192584010967
2813,Rhbdf1,0.46757757113237797,2.8459032,0.3301463293473718
2814,Cpsf6,0.4677113925614439,0.20923984,0.33002205137370516
2815,Nmt2,0.4677113925614439,0.83408093,0.33002205137370516
2816,Rftn2,0.46797909907865287,1.9798307,0.32977354298892525
2817,Pdia5,0.4681129841607601,1.0773543,0.3296493125765419
2818,Rpp25l,0.4682468904545076,0.9323187,0.3295250980166495
2819,Tbc1d10b,0.4682468904545076,0.6402548,0.3295250980166495
2820,Lpgat1,0.4682468904545076,0.37367538,0.3295250980166495
2821,Tsen34,0.4682468904545076,0.9246633,0.3295250980166495
2822,Tvp23b,0.46838081795687136,1.1121697,0.3294008993086127
2823,Creb3,0.468648736575338,1.6063443,0.32915254944556477
2824,Rprd1b,0.46878272768538,0.4213217,0.32902839828928265
2825,Ppt1,0.4689167399919162,0.59030133,0.3289042629823144
2826,Ypel2,0.46918482818232266,1.5927275,0.3286560399137759
2827,Tspan12,0.46918482818232266,2.801847,0.3286560399137759
2828,Zfp719,0.46918482818232266,2.843986,0.3286560399137759
2829,Ranbp10,0.4693189040601118,0.80773467,0.3285319521509341
2830,Trafd1,0.4694530011222334,1.1218983,0.3284078802348628
2831,Fgd1,0.4694530011222334,2.6589255,0.3284078802348628
2832,Nop16,0.4695871193656408,1.8929439,0.3282838241649258
2833,Socs1,0.4697212587872849,2.8100443,0.32815978394048684
2834,Mettl16,0.4698554193841137,0.39714113,0.32803575956090997
2835,Arfgap3,0.4698554193841137,1.3255478,0.32803575956090997
2836,Cnksr3,0.4698554193841137,1.9150414,0.32803575956090997
2837,Pofut2,0.47012380409110677,0.58678657,0.3277877583337961
2838,Camk1,0.47012380409110677,1.9628422,0.3277877583337961
2839,Tmem87a,0.47025802819515505,1.4960792,0.3276637814849862
2840,Psmc2,0.4707951362102233,0.3409922,0.32716803250653903
2841,Mllt3,0.4707951362102233,2.554012,0.32716803250653903
2842,Papolg,0.4707951362102233,2.440078,0.32716803250653903
2843,Taf7,0.4709294660983693,0.6269227,0.327044134862941
2844,Ccng1,0.4710638171341224,0.4470994,0.3269202530584743
2845,Snx16,0.4710638171341224,2.4000337,0.3269202530584743
2846,Unc45a,0.47133258263613964,2.3637085,0.3266725369643867
2847,Ccdc50,0.47133258263613964,0.15322159,0.3266725369643867
2848,Plekhj1,0.47133258263613964,0.23678476,0.3266725369643867
2849,Pus7,0.47133258263613964,1.480931,0.3266725369643867
2850,RP23-245B21.3,0.4716014326916316,2.374791,0.3264248842191776
2851,Plekha8,0.47187036727591425,2.2930582,0.32617729481774715
2852,Ccdc25,0.4720048662586276,0.3616922,0.32605352386935466
2853,Ebag9,0.4720048662586276,1.2350448,0.32605352386935466
2854,Fam26e,0.4721393863642639,2.331118,0.3259297687549939
2855,Trib2,0.47227392758972664,1.6162106,0.3258060294740267
2856,RP23-349B4.7,0.47227392758972664,0.6234267,0.3258060294740267
2857,Zrsr2,0.47227392758972664,0.51520675,0.3258060294740267
2858,Stoml2,0.47227392758972664,0.29797283,0.3258060294740267
2859,Lig3,0.47254307338773194,0.73739785,0.3255585984097211
2860,Adnp,0.47254307338773194,1.7497673,0.3255585984097211
2861,Nrbp2,0.47254307338773194,1.8664467,0.3255585984097211
2862,RP24-64D24.4,0.4726776779540688,2.4384546,0.32543490662510627
2863,Zfp706,0.4726776779540688,0.0006118877,0.32543490662510627
2864,Tcof1,0.47335101733474827,0.1948076,0.32481668515188
2865,Ddah2,0.47335101733474827,1.6041102,0.32481668515188
2866,Plpp5,0.4736205007517412,0.91052336,0.32456950736059814
2867,RP23-179K7.3,0.4742945782374176,1.8957987,0.323951839832695
2868,Zer1,0.47456435674319997,2.0064878,0.323704883588231
2869,Chordc1,0.47456435674319997,0.5449268,0.323704883588231
2870,Ccdc117,0.4748342195036116,1.1981199,0.32345799063134945
2871,Ifrd1,0.47523917156660245,0.84345794,0.32308776984904886
2872,Ldhb,0.4757794023065962,1.5416172,0.3225943635980764
2873,Sp1,0.4757794023065962,0.38381335,0.3225943635980764
2874,Man1a,0.47591451258767714,0.5549554,0.3224710515772728
2875,Ndufc1,0.4760496439008616,0.113498695,0.32234775537196403
2876,Phf2,0.4760496439008616,0.67164266,0.32234775537196403
2877,Btbd9,0.4760496439008616,1.4210771,0.32234775537196403
2878,Arf2,0.4760496439008616,0.6668379,0.32234775537196403
2879,Lsm7,0.476319969610861,0.41944498,0.32210121040526907
2880,Mrps6,0.476319969610861,1.3413951,0.32210121040526907
2881,RP23-356J2.10,0.47659037941121085,1.1997515,0.321854728692866
2882,Traf7,0.47659037941121085,0.6213557,0.321854728692866
2883,Mdc1,0.47686087327648774,0.7050471,0.32160831022962744
2884,Gga2,0.476996151725518,1.1151724,0.32148512471484225
2885,Cactin,0.47713145118122813,1.3823148,0.3213619550104248
2886,Prkx,0.4774021130999283,1.0287296,0.3211156630301282
2887,Arhgef17,0.4774021130999283,2.5886385,0.3211156630301282
2888,Tbx2,0.47794368887699457,1.8281517,0.3206232687657248
2889,Tbck,0.4780791352900261,1.1203511,0.32050020971592014
2890,Ints11,0.4780791352900261,1.1902674,0.32050020971592014
2891,Dyrk1a,0.47835009105616877,0.37464815,0.3202541390313734
2892,Gspt1,0.47848560040285937,0.13431124,0.3201311273953468
2893,Rnf170,0.47848560040285937,0.64311785,0.3201311273953468
2894,Pde8a,0.4786211307210112,1.1121404,0.3200081315626287
2895,Fcf1,0.4786211307210112,1.1067666,0.3200081315626287
2896,Fam195b,0.47889225425882986,0.40906975,0.3197621873045481
2897,RP23-289H16.2,0.47902784747205585,0.31067377,0.3196392388779007
2898,Fam3c,0.47902784747205585,0.312091,0.3196392388779007
2899,Mettl23,0.4791634616438615,1.0896627,0.31951630625199184
2900,Fam65a,0.479434752850303,1.077373,0.3192704883998187
2901,Acyp1,0.479434752850303,1.1937796,0.3192704883998187
2902,Gorasp2,0.479570429878478,0.32968706,0.3191476031722688
2903,Dvl1,0.479570429878478,0.97428495,0.3191476031722688
2904,Heph,0.48011334741538103,1.7413267,0.3186562202373099
2905,Dmpk,0.480928351636559,1.6610935,0.3179196196898292
2906,Eif4e2,0.4813361361190127,0.40438414,0.317551532613167
2907,Fkbp4,0.4813361361190127,-0.14140582,0.317551532613167
2908,Brox,0.4813361361190127,0.9860006,0.317551532613167
2909,RP23-109C16.3,0.4817441087319365,2.0574598,0.3171835876447058
2910,Itm2a,0.4820161949472007,1.6077198,0.31693836993947455
2911,Usp14,0.48269677595068516,0.7147673,0.3163256019302264
2912,Tia1,0.48283295477629296,0.30312052,0.3162030956810171
2913,Egr3,0.48283295477629296,1.7989168,0.3162030956810171
2914,Arfip1,0.48283295477629296,2.0856633,0.3162030956810171
2915,Mdp1,0.48283295477629296,0.9683286,0.3162030956810171
2916,Stt3b,0.482969154469191,0.114893414,0.316080605214516
2917,Plxnb2,0.4831053750260824,0.678197,0.3159581305300779
2918,Tmem9b,0.48324161644366836,0.7943654,0.31583567162705733
2919,Nkd2,0.4836504658275661,2.5886428,0.3154683896000457
2920,RP23-219K16.1,0.4836504658275661,2.683173,0.3154683896000457
2921,Klf2,0.48392313632637607,0.259717,0.31522361381062325
2922,Tcp11l2,0.48405950283871024,0.8337499,0.3151012495825499
2923,Zfml,0.48446872738762325,0.21329784,0.31473425155712986
2924,Ank3,0.48446872738762325,2.5223782,0.31473425155712986
2925,Cxcl16,0.48446872738762325,2.511343,0.31473425155712986
2926,Rbms1,0.48446872738762325,0.14522272,0.31473425155712986
2927,Rasl11a,0.48474164789693674,1.8827212,0.3144896650827205
2928,Gulp1,0.48474164789693674,2.6003845,0.3144896650827205
2929,Sh3glb2,0.48487813938462554,0.6643818,0.31436739550633797
2930,Paf1,0.48528773873983555,0.4397206,0.31400068141271903
2931,Glo1,0.485424313477832,0.7027279,0.31387847492453314
2932,Farsb,0.485560909020058,0.88134766,0.31375628420677937
2933,Fdft1,0.48583416250382083,1.848575,0.31351195007997956
2934,Orc4,0.48597082043866213,0.79466164,0.3133898066696394
2935,Bop1,0.48597082043866213,0.71477014,0.3133898066696394
2936,Vrk3,0.48597082043866213,0.88063043,0.3133898066696394
2937,Nub1,0.4861074991643427,0.56131834,0.3132676790271423
2938,Atp6v0d1,0.4861074991643427,0.20531212,0.3132676790271423
2939,Prdx6,0.4861074991643427,0.07078569,0.3132676790271423
2940,Shmt2,0.48624419867750823,0.8656812,0.3131455671518414
2941,Arl6ip5,0.4863809189748026,0.39528912,0.3130234710430887
2942,Ccdc90b,0.4863809189748026,1.4667076,0.3130234710430887
2943,Ppp2r4,0.4865176600528669,-0.0109940935,0.3129013907002369
2944,Nnmt,0.48665442190833963,2.1564155,0.31277932612263837
2945,Dicer1,0.48665442190833963,0.35925847,0.31277932612263837
2946,Pnkp,0.48720167703700235,0.31871313,0.31229122545181787
2947,Capg,0.48720167703700235,0.56547123,0.31229122545181787
2948,Nup214,0.48733854272901056,1.4068863,0.31216923969076615
2949,Vipas39,0.48747542917820685,1.9135878,0.3120472696910795
2950,Chsy1,0.48747542917820685,0.4119032,0.3120472696910795
2951,Trpc4ap,0.48747542917820685,0.20240854,0.3120472696910795
2952,Iars2,0.4876123363812124,0.62122524,0.3119253154521096
2953,Pi4ka,0.48774926433464616,1.2193748,0.3118033769732078
2954,Pcca,0.48774926433464616,2.021357,0.3118033769732078
2955,Dctn3,0.4878862130351239,0.71687007,0.311681454253726
2956,Casp1,0.4880231824792599,2.0811493,0.31155954729301505
2957,Nolc1,0.4880231824792599,0.39985198,0.31155954729301505
2958,Hspe1,0.4880231824792599,0.09690945,0.31155954729301505
2959,Tle1,0.4880231824792599,2.0227742,0.31155954729301505
2960,Myo5a,0.48816017266366507,0.18657415,0.31143765609042656
2961,Cog5,0.4882971835849482,1.6739937,0.3113157806453117
2962,Lmf1,0.4882971835849482,1.7225604,0.3113157806453117
2963,Nipa2,0.4885712676245709,0.4108838,0.3110720770249071
2964,Ptprk,0.4885712676245709,1.3298694,0.3110720770249071
2965,Scaf11,0.4885712676245709,0.12239741,0.3110720770249071
2966,Osbpl1a,0.48884543457094853,1.8544086,0.3108284364266087
2967,RP24-439I22.3,0.48884543457094853,1.3521097,0.3108284364266087
2968,Impact,0.48884543457094853,1.3475921,0.3108284364266087
2969,Zfp467,0.48939401707504915,1.5078732,0.31034134427555443
2970,Slc25a38,0.48966843257821346,1.5834259,0.3100978927124065
2971,Stk40,0.48966843257821346,1.1510074,0.3100978927124065
2972,Taf4,0.48966843257821346,1.3474225,0.3100978927124065
2973,Ttc33,0.48966843257821346,1.5280671,0.3100978927124065
2974,Tmed8,0.48994293087901486,1.6219367,0.30985450415058075
2975,Zscan12,0.49021751195007435,1.5610944,0.30961117858487747
2976,Dnajc24,0.49021751195007435,1.5097635,0.30961117858487747
2977,Nbr1,0.49021751195007435,0.62197465,0.30961117858487747
2978,Spr,0.49049217576397297,0.6523391,0.3093679160100955
2979,Zfp148,0.49049217576397297,0.3348817,0.3093679160100955
2980,Sf1,0.49062953869090775,-0.002252727,0.30924630834267414
2981,Abr,0.49062953869090775,0.6651949,0.30924630834267414
2982,Fam207a,0.4910417515104136,1.2315335,0.30888157981248276
2983,Psmb7,0.4910417515104136,0.22931735,0.30888157981248276
2984,Slc37a4,0.4913166633879189,1.3256065,0.30863850617924204
2985,Psma5,0.4913166633879189,0.617299,0.30863850617924204
2986,Ear2,0.4913166633879189,1.5972826,0.30863850617924204
2987,Aco2,0.4915916578981897,0.03342263,0.30839549551610285
2988,Pelp1,0.4915916578981897,1.1228883,0.30839549551610285
2989,Ece1,0.49186673501360845,1.0286845,0.3081525478178562
2990,Kdm7a,0.49214189470651726,0.24730681,0.3079096630792921
2991,Lcor,0.49214189470651726,1.0652989,0.3079096630792921
2992,Zfp866,0.4932433586985062,1.1090252,0.30693875361760414
2993,Tmem128,0.4932433586985062,1.0581723,0.30693875361760414
2994,Ctcf,0.4937945854374153,0.1508593,0.3064536765092806
2995,Crat,0.4937945854374153,1.0661341,0.3064536765092806
2996,RP23-3M10.7,0.4940703223949958,1.0476841,0.3062112323424831
2997,Nab1,0.4942082217585846,0.662325,0.306090033853641
2998,Psmg1,0.4946220433465285,1.26535,0.30572653275750616
2999,Dzip3,0.49489802728440946,0.95527214,0.30548427732887784
3000,Sigmar1,0.49489802728440946,1.2962551,0.30548427732887784
3001,Golt1b,0.49531215743986967,0.515545,0.3051210121260615
3002,Ppan,0.4954502419439234,0.49904132,0.3049999551732089
3003,Dync1li2,0.49572647260924685,0.38099065,0.3047578884357102
3004,Bag5,0.49627918046995334,0.90752196,0.30427394361522947
3005,Mbd2,0.4965556576087883,0.24185392,0.30403206552178036
3006,Trappc1,0.4965556576087883,0.38155916,0.30403206552178036
3007,H1f0,0.4965556576087883,0.43278724,0.30403206552178036
3008,RP23-211B19.2,0.4968322168488455,0.8665099,0.30379025029921214
3009,Pdzd11,0.4968322168488455,0.81233156,0.30379025029921214
3010,Rnaseh2a,0.49710885816175177,1.0620178,0.3035484979422875
3011,Atf5,0.49710885816175177,0.8262964,0.3035484979422875
3012,Dennd1b,0.49738558151909384,0.6045433,0.30330680844576774
3013,Pde7b,0.49752397395553827,2.749899,0.30318598726852225
3014,Psmc4,0.49780082032617234,0.5741501,0.30294439205278423
3015,Nlrc5,0.4980777486700352,2.6823304,0.3027028596843482
3016,Ubqln2,0.49849329482316485,0.7047392,0.3023406789589137
3017,Abhd12,0.49849329482316485,0.76707137,0.3023406789589137
3018,Rab6a,0.49849329482316485,0.15883334,0.3023406789589137
3019,Ep400,0.49863185116319875,0.3676004,0.30221998346840495
3020,Ift74,0.49863185116319875,2.8743546,0.30221998346840495
3021,RP23-341M13.1,0.49877042797509685,0.68331677,0.30209930368578736
3022,Saysd1,0.4989090252552759,2.8242552,0.3019786396104055
3023,Ctsa,0.49918628120613473,0.07902595,0.3017373585787235
3024,Gpr153,0.49918628120613473,2.442963,0.3017373585787235
3025,Ube2k,0.49932493986963644,0.12576662,0.3016167416211112
3026,Sp110,0.49960231855482196,0.119038,0.3013755548190617
3027,Gorab,0.49960231855482196,1.8145843,0.3013755548190617
3028,Atp10a,0.49987977902693714,1.7703509,0.3011344308302022
3029,Ctif,0.5000185399240915,2.5948665,0.3010138923890771
3030,Dcbld2,0.5000185399240915,2.381874,0.3010138923890771
3031,RP23-211P15.1,0.5001573212571714,0.09555513,0.3008933696492794
3032,Atad3a,0.5001573212571714,0.71738267,0.3008933696492794
3033,Ctsc,0.5008515343351041,0.23419413,0.30029099144720384
3034,Rnasel,0.5009904382078927,0.7758252,0.300170562901571
3035,Pot1b,0.5011293624913025,2.3226702,0.30005015005266483
3036,Ercc5,0.5011293624913025,2.2556198,0.30005015005266483
3037,Prkdc,0.5012683071817082,0.7431902,0.29992975289982804
3038,Amz2,0.5015462577689966,1.6430163,0.29968900567973106
3039,Nynrin,0.5016852636586173,2.2803597,0.2995686556111552
3040,Tctn1,0.5016852636586173,2.0519733,0.2995686556111552
3041,Usp36,0.5018242899407099,1.6475945,0.29944832123601733
3042,Letmd1,0.5025197271108642,2.036086,0.29884688473886073
3043,Kng1,0.5025197271108642,2.092398,0.29884688473886073
3044,Mr1,0.5027980445987367,2.0398688,0.29860641997102394
3045,Zc3h6,0.5027980445987367,2.0386252,0.29860641997102394
3046,Sh3kbp1,0.5029372338894573,-0.10312252,0.2984862111196912
3047,Toe1,0.5032156735461831,0.8515417,0.29824584047890224
3048,Fuom,0.5033549239048665,1.9902918,0.29812567868812834
3049,Srp9,0.5034941946122116,-0.058162596,0.29800553258288953
3050,Ddb1,0.5034941946122116,0.19503212,0.29800553258288953
3051,Yipf1,0.5036334856645517,1.213771,0.29788540216252635
3052,Tmem9,0.5036334856645517,1.8433496,0.29788540216252635
3053,Kcnj15,0.5039121287895365,1.8721609,0.29764518837378995
3054,Mcrs1,0.5040514808548351,0.69451797,0.29752510500409785
3055,Thoc2,0.5040514808548351,0.11938467,0.29752510500409785
3056,Zfand3,0.5040514808548351,0.60997576,0.29752510500409785
3057,Map3k4,0.5040514808548351,0.7407414,0.29752510500409785
3058,RP23-413C19.2,0.5041908532504359,1.5573468,0.2974050373166439
3059,Spsb3,0.5041908532504359,1.6956002,0.2974050373166439
3060,Gm26853,0.5041908532504359,1.1683804,0.2974050373166439
3061,Fam114a2,0.5043302459726596,0.6521787,0.2972849853107684
3062,Rnf213,0.5046090923822469,0.7086482,0.29704492834111323
3063,Elp5,0.5047485460622394,1.2737076,0.2969249233760138
3064,Ddx10,0.5048880200541126,0.6342264,0.2968049340898534
3065,Tnks,0.5050275143541754,0.81726485,0.2966849604819715
3066,Rab5b,0.5051670289587332,0.6866773,0.2965650025517081
3067,Athl1,0.5051670289587332,1.4692314,0.2965650025517081
3068,Ttc1,0.5054461190665455,0.7055831,0.2963251337213951
3069,Mettl7a1,0.5054461190665455,1.4287007,0.2963251337213951
3070,Axin1,0.5054461190665455,1.5564961,0.2963251337213951
3071,Dusp23,0.5055856945623989,1.4387761,0.2962052228200248
3072,Gprasp1,0.5057252903479464,1.4436462,0.29608532759363076
3073,Sec22b,0.5057252903479464,0.13457033,0.29608532759363076
3074,Rgp1,0.5057252903479464,1.4656038,0.29608532759363076
3075,RP23-47M24.3,0.5060045427732937,1.053814,0.29584558416313006
3076,Ndufb3,0.5067030286465422,-0.03560695,0.29524649985270773
3077,Rfc1,0.5068427866159964,0.07880413,0.29512673000233364
3078,Dtnbp1,0.5069825648416967,1.1478539,0.29500697582098623
3079,Ggcx,0.507122363319914,2.3057425,0.29488723730800437
3080,Cpeb2,0.5075418802323439,1.5645686,0.29452811577263377
3081,Fam117b,0.5076817596832924,0.5910379,0.29440843992649596
3082,Plec,0.5078216593680771,0.2574581,0.2942887797454143
3083,RP23-189L19.6,0.5081015194241779,1.440131,0.29404950637577104
3084,Cd3eap,0.5085214611684294,0.31448472,0.29369071379267186
3085,Atp1b3,0.5085214611684294,-0.047373775,0.29369071379267186
3086,Ankrd40,0.5085214611684294,0.48386446,0.29369071379267186
3087,Taf1,0.5086614821775284,0.2846573,0.2935711475880199
3088,Ltb4r1,0.5086614821775284,0.23488973,0.2935711475880199
3089,Pja1,0.5086614821775284,0.90847695,0.2935711475880199
3090,Glud1,0.5088015233942065,0.11525481,0.2934515970437872
3091,Zswim8,0.5089415848147026,1.1047914,0.2933320621593112
3092,C1d,0.5093618902614533,0.3221668,0.2929735514577939
3093,Snapc2,0.5093618902614533,1.1466213,0.2929735514577939
3094,Ddx26b,0.5095020324595632,0.17189053,0.29285407920571493
3095,Cyhr1,0.5099225801486468,0.5337791,0.2924957563854726
3096,Mpst,0.5104835928140627,0.9251769,0.2920182117843661
3097,Cebpa,0.5104835928140627,0.58195144,0.2920182117843661
3098,Zfp618,0.5107642201128922,2.0860143,0.29177953339724416
3099,Ap1b1,0.5113257164910261,0.89242214,0.2913023644233004
3100,Senp6,0.5116065855095044,0.15833303,0.29106387382584925
3101,RP24-535N4.2,0.5118875350403072,0.32116762,0.29082544581432335
3102,Mapkap1,0.5118875350403072,0.7081923,0.29082544581432335
3103,Ppil4,0.5121685650529233,0.41670212,0.29058708038340375
3104,Coq5,0.5121685650529233,0.9880781,0.29058708038340375
3105,Spty2d1,0.5121685650529233,0.5722067,0.29058708038340375
3106,Glis2,0.5121685650529233,2.023653,0.29058708038340375
3107,Gnb5,0.5127308664013508,1.9341998,0.29011053724210323
3108,Get4,0.5127308664013508,0.4437575,0.29011053724210323
3109,Becn1,0.5135749212725329,0.41093427,0.28939619175165293
3110,AC165086.3,0.5135749212725329,0.9722753,0.28939619175165293
3111,Nfatc2ip,0.5139972197654462,0.8044583,0.28903923011715743
3112,Alkbh1,0.5141380260607469,0.989019,0.2889202741768823
3113,Nkg7,0.5142788524151237,0.24668261,0.28880133387110796
3114,Vcp,0.5142788524151237,0.1550725,0.28880133387110796
3115,Vamp3,0.5147014517941263,0.8246998,0.28844460675412675
3116,Fxr2,0.5147014517941263,0.49810278,0.28844460675412675
3117,Hebp1,0.5152651982255829,0.8248299,0.28796918944072347
3118,Pcif1,0.515547191625703,0.73502064,0.2877315745616901
3119,Ehmt2,0.515547191625703,0.7127878,0.2877315745616901
3120,Med8,0.5156882183582945,0.43780777,0.28761279056425515
3121,Setd5,0.5156882183582945,0.25356272,0.28761279056425515
3122,Farp1,0.515829265107399,2.1871312,0.2874940221939849
3123,Ube2e2,0.516675965731114,1.6648085,0.2867817401054349
3124,Acaa2,0.5168171524869158,0.6003297,0.2866630811066217
3125,Rybp,0.5168171524869158,0.09617166,0.2866630811066217
3126,Cnot4,0.5169583592280886,0.2469514,0.2865444377296307
3127,Zfp518a,0.5170995859507287,0.7121291,0.28642580997379324
3128,Snhg1,0.5173820993247835,0.19258565,0.2861886013229055
3129,Sdhaf1,0.5175233859683781,1.5823385,0.28607002042651847
3130,Rab27b,0.5175233859683781,1.5808575,0.28607002042651847
3131,Hdgfrp3,0.5175233859683781,2.0953395,0.28607002042651847
3132,Fam214b,0.5175233859683781,1.4994138,0.28607002042651847
3133,Kctd11,0.517806019149134,1.543492,0.28583290548851426
3134,RP23-363J15.2,0.517806019149134,2.0207164,0.28583290548851426
3135,Fip1l1,0.5180887321618592,0.12149321,0.2855958530190779
3136,Ddx58,0.5183715249751759,1.679218,0.28535886301285773
3137,Rpl7l1,0.5183715249751759,0.35495597,0.28535886301285773
3138,March8,0.5186543975576671,1.0930033,0.2851219354645001
3139,Gps2,0.5186543975576671,0.5611293,0.2851219354645001
3140,Acbd5,0.5186543975576671,0.3161813,0.2851219354645001
3141,Arel1,0.5189373498778762,1.2903913,0.2848850703686502
3142,RP24-328P2.5,0.5189373498778762,1.9425931,0.2848850703686502
3143,Pxdc1,0.519220381904308,1.1818717,0.28464826771995133
3144,Hoxc8,0.519220381904308,1.5590252,0.28464826771995133
3145,Zfp9,0.519220381904308,1.2039181,0.28464826771995133
3146,RP23-127O4.7,0.519220381904308,1.8392544,0.28464826771995133
3147,Rpl36a-ps2,0.5195034936054272,1.7752048,0.2844115275130457
3148,Utp18,0.5196450793241293,0.59710765,0.2842931808235906
3149,Ddt,0.51978668494966,1.6115807,0.28417484974257373
3150,Tnfrsf1b,0.51978668494966,0.80011034,0.28417484974257373
3151,Adsl,0.5206367365247074,1.6591389,0.28346519099614204
3152,Pon3,0.5206367365247074,1.6032315,0.28346519099614204
3153,Rictor,0.5209202461248666,0.916857,0.28322876291777915
3154,Tysnd1,0.5209202461248666,1.7041872,0.28322876291777915
3155,Inpp5a,0.5209202461248666,1.1313604,0.28322876291777915
3156,Plat,0.5212038352096796,1.5875198,0.28299239724902947
3157,Ppfia2,0.5214875037473367,1.2974539,0.2827560939845243
3158,Zadh2,0.5214875037473367,0.91483414,0.2827560939845243
3159,Crebbp,0.5216293678010305,0.05690996,0.28263796575218525
3160,Slc29a3,0.5217712517059889,0.92762,0.2825198531188935
3161,Ncbp3,0.5217712517059889,0.17128819,0.2825198531188935
3162,RP23-443N7.2,0.5217712517059889,0.5886077,0.2825198531188935
3163,Arhgap10,0.5223389857586878,1.5634671,0.28204755856276625
3164,P2ry1,0.5223389857586878,1.6565892,0.28204755856276625
3165,Fbxo4,0.5223389857586878,1.4888598,0.28204755856276625
3166,Zfp729b,0.5223389857586878,1.5308377,0.28204755856276625
3167,Arl5a,0.5224809688601117,0.58621615,0.2819295239146359
3168,Ppp1r37,0.5226229717888404,0.8294406,0.28181150486152207
3169,Itfg1,0.5226229717888404,0.6421122,0.28181150486152207
3170,Pts,0.5229070371122009,0.21557641,0.28157551353765603
3171,Osbpl11,0.5230490994988215,0.5420217,0.28145754126555933
3172,Zbtb4,0.5234754055103266,1.0159173,0.28110371800054584
3173,Wbp2,0.5237597085208846,0.19256826,0.2808679137765414
3174,Fbrsl1,0.5243285520041793,1.1069598,0.28039649239072173
3175,Hfe,0.5246130924124739,1.2846738,0.2801608752181371
3176,RP23-155A10.1,0.5248977118888398,0.3668188,0.2799253203852538
3177,Tspan31,0.5251824104009581,0.43179458,0.2796898278866834
3178,Tars,0.5253247892853143,0.47309002,0.279572105011081
3179,RP23-458B6.6,0.5254671879164712,0.19318055,0.2794543977170355
3180,Mapre2,0.5256096062903781,-0.1037481,0.27933670600387267
3181,Rps6,0.5256096062903781,0.16118364,0.27933670600387267
3182,Gpx7,0.5256096062903781,1.555069,0.27933670600387267
3183,Morf4l2,0.5257520444029815,0.03116624,0.27921902987091873
3184,Galk2,0.5257520444029815,0.99278915,0.27921902987091873
3185,Mgll,0.5260369798280531,0.7327928,0.2789837243429397
3186,Rnpep,0.5260369798280531,0.33658192,0.2789837243429397
3187,RP24-80F7.5,0.5263219941592103,1.2464241,0.2787484811277042
3188,Mrps28,0.5263219941592103,0.7550509,0.2787484811277042
3189,Decr1,0.5263219941592103,1.1738875,0.2787484811277042
3190,Slc45a4,0.5271775102638571,0.9880116,0.2780431253044871
3191,Sec23a,0.5271775102638571,0.96704257,0.2780431253044871
3192,Dtna,0.5273201652339065,2.6717775,0.2779256205093111
3193,Matr3,0.5277482482669104,0.015977422,0.27757319955375404
3194,Lztr1,0.5277482482669104,0.7686217,0.27757319955375404
3195,Aco1,0.528604945517618,0.81379104,0.2768687780167102
3196,Aldh3a2,0.5288906685357091,1.0244402,0.27663409537315087
3197,Ranbp2,0.5290335595140041,0.09841403,0.2765167773987265
3198,RP23-403P24.1,0.5291764701329837,0.8497442,0.27639947498830375
3199,Gbf1,0.5293194003885335,0.42859778,0.2762821881412063
3200,Dpm2,0.529462350276537,0.6949043,0.2761649168567573
3201,Aacs,0.529462350276537,0.5749188,0.2761649168567573
3202,Taok3,0.5296053197928745,0.15647148,0.2760476611342805
3203,Gid8,0.5297483089334248,0.060316574,0.2759304209730986
3204,P4ha2,0.5297483089334248,1.6067038,0.2759304209730986
3205,RP24-123J3.1,0.5298913176940637,1.5311434,0.27581319637253504
3206,Ick,0.5300343460706646,1.7589906,0.2756959873319128
3207,Rrp8,0.5300343460706646,0.67988515,0.2756959873319128
3208,Zbtb1,0.5300343460706646,0.017071305,0.2756959873319128
3209,Oxr1,0.5301773940590986,0.28495297,0.2755787938505548
3210,Taf12,0.5303204616552342,0.83713305,0.2754616159277839
3211,RP23-466C10.2,0.5304635488549376,2.1565762,0.2753444535629228
3212,Ttf1,0.5313224834962823,0.3923133,0.2746418060519239
3213,Sucla2,0.5313224834962823,0.38346693,0.2746418060519239
3214,Pcdhgc3,0.5317522151295353,3.676211,0.27429069227331965
3215,Npm3,0.5318954981370211,0.057862822,0.27417368545028636
3216,Sned1,0.5321821228216346,2.0561981,0.27393971845490234
3217,Otud7b,0.5321821228216346,1.0914525,0.27393971845490234
3218,Fam71b,0.5323254644904338,3.2573788,0.2738227582811947
3219,Ddx52,0.5323254644904338,0.3201707,0.2738227582811947
3220,Hist1h1a,0.5324688257046717,0.32831812,0.27370581365590513
3221,Tmem115,0.5333294032106011,2.1436467,0.27300447238293385
3222,Chpf,0.5333294032106011,2.0599713,0.27300447238293385
3223,Enc1,0.5334729011260035,3.1094892,0.2728876365775622
3224,Hebp2,0.5334729011260035,2.9048426,0.2728876365775622
3225,Setbp1,0.5337599554886427,1.4540596,0.27265401159509633
3226,Gpr88,0.5337599554886427,2.6464982,0.27265401159509633
3227,Ufd1l,0.5337599554886427,0.55547976,0.27265401159509633
3228,Pak3,0.5340470878657828,2.8572097,0.2724204487791375
3229,C6,0.5340470878657828,2.787226,0.2724204487791375
3230,RP24-221F4.2,0.5341906832993024,1.8758696,0.27230369068189914
3231,RP23-378O9.1,0.5343342982238568,2.8096263,0.27218694812424815
3232,Tmem107,0.5343342982238568,2.7326105,0.27218694812424815
3233,Enpp5,0.534477932635244,1.8886974,0.27207022110550466
3234,Uso1,0.534477932635244,0.06711548,0.27207022110550466
3235,Mfap1a,0.5346215865292593,0.6775717,0.2719535096249888
3236,RP23-192P17.5,0.5349089527483457,2.2950315,0.27172013327591865
3237,H2-M3,0.5351963968474324,2.3281846,0.27148681907159555
3238,Rnf130,0.5351963968474324,0.09287241,0.27148681907159555
3239,Hsd17b7,0.5351963968474324,2.4931161,0.27148681907159555
3240,Mrpl19,0.5351963968474324,0.3146048,0.27148681907159555
3241,Mrpl32,0.5351963968474324,0.5806803,0.27148681907159555
3242,Dgkq,0.5357715185506791,2.3085365,0.2710203770754134
3243,RP23-146O20.1,0.5357715185506791,2.3943658,0.2710203770754134
3244,AC155937.7,0.5360591960872781,2.0406556,0.2707872492726619
3245,Acin1,0.5360591960872781,0.10162166,0.2707872492726619
3246,RP24-161C20.4,0.5362030640120237,1.7385,0.2706707086677375
3247,Ccdc122,0.5362030640120237,1.7506598,0.2706707086677375
3248,Mrps31,0.5362030640120237,1.3676852,0.2706707086677375
3249,Psmg2,0.5363469513687557,0.41285682,0.2705541835928727
3250,Gapvd1,0.5363469513687557,0.13176003,0.2705541835928727
3251,Slc35g1,0.5363469513687557,2.1432896,0.2705541835928727
3252,Sap130,0.5366347843612341,2.1105096,0.2703211800305958
3253,Spsb2,0.5367787299885014,1.5642456,0.2702047015418209
3254,Tgm2,0.5367787299885014,1.6718442,0.2702047015418209
3255,Tpt1,0.5369226950307973,0.23741497,0.2700882385803796
3256,Degs1,0.5369226950307973,0.10234512,0.2700882385803796
3257,Mob3b,0.5370666794838762,1.6525953,0.2699717911455901
3258,Zcchc10,0.5372106833434901,0.61148405,0.26985535923677084
3259,Exosc5,0.5372106833434901,0.33383504,0.26985535923677084
3260,Camsap1,0.5373547066053885,1.1120201,0.2697389428532398
3261,Fam219b,0.5373547066053885,1.6397139,0.2697389428532398
3262,Gnptg,0.53778689276225,1.1029319,0.2693897868475562
3263,Angpt1,0.5379309935907337,1.532952,0.26927343255835745
3264,Morf4l1,0.5380751138002133,0.07353504,0.26915709379103614
3265,Lrrc8a,0.5383634123450982,1.2328984,0.2689244628192958
3266,Acly,0.5385075906719663,0.26336798,0.2688081706135115
3267,Atg101,0.538651788362756,0.46780688,0.2686918939268742
3268,Eif3d,0.538651788362756,0.27727288,0.2686918939268742
3269,Ifi35,0.5389402418189989,1.2405097,0.268459387108309
3270,Ccnt2,0.5389402418189989,0.29944792,0.268459387108309
3271,Pigk,0.5390844975758956,0.28999773,0.2683431569750152
3272,Cyp4f16,0.5390844975758956,1.3887117,0.2683431569750152
3273,Fam193b,0.5392287726796007,1.0164884,0.26822694235813643
3274,Kif3b,0.5398060664767822,0.39156252,0.2677622390411052
3275,Eef1b2,0.5398060664767822,0.3221855,0.2677622390411052
3276,N4bp1,0.5399504382502158,-0.04093642,0.2676461019960511
3277,Sumo3,0.5402392397559829,-0.0826802,0.26741387444220144
3278,Nudcd3,0.5403836694797162,0.0486112,0.26729778393203807
3279,Zfp68,0.5406725868473633,1.2054012,0.26706564944181493
3280,Cdk5rap3,0.5408170744826628,0.25454268,0.2669496054603866
3281,Prim2,0.5408170744826628,1.2977477,0.2669496054603866
3282,Ahcyl2,0.5411061076346588,1.352762,0.26671756402147506
3283,Ogfod1,0.541539802001409,1.1723591,0.26636961816270316
3284,Rnpc3,0.541539802001409,1.0997822,0.26636961816270316
3285,Dusp1,0.541684405343381,1.1457744,0.26625366722026594
3286,Tram2,0.5419736698309585,0.6630103,0.2660218118470126
3287,Top3b,0.5421183309679062,0.86254174,0.2659059074148264
3288,Ubald1,0.5422630113611835,0.995199,0.26579001848468714
3289,Dpp8,0.5428419254108534,0.7681578,0.26532661777089095
3290,RP24-270A10.4,0.5432763129269099,0.9098492,0.26497922997344747
3291,Cdk11b,0.5432763129269099,0.2764824,0.26497922997344747
3292,Mllt1,0.5432763129269099,0.86985666,0.26497922997344747
3293,Naa16,0.5434211472145607,0.89119506,0.26486346503500474
3294,Igf1,0.5434211472145607,1.203858,0.26486346503500474
3295,Gbas,0.5435660007194386,0.818926,0.26474771559243815
3296,Nbea,0.5438557653634474,2.4496782,0.26451626319218774
3297,Cnot10,0.5441456068240531,0.38798928,0.264284872767206
3298,Flna,0.5441456068240531,0.1463657,0.264284872767206
3299,Nsa2,0.5442905563496683,0.12612912,0.2641692007937248
3300,Tfe3,0.544435525066334,0.8299227,0.26405354431200134
3301,Elovl1,0.5447255200553298,0.74153394,0.26382227782108025
3302,Chd1,0.5447255200553298,0.14108168,0.26382227782108025
3303,B3gnt9,0.5450155917560422,2.2648807,0.26359107328894765
3304,Ccp110,0.5457411063915554,0.8140025,0.26301333299224233
3305,Eya4,0.5458862667779123,2.2870848,0.2628978313903096
3306,Dsel,0.5461766449747327,2.2321246,0.2626668746383514
3307,Hbs1l,0.5463218627763985,0.6684283,0.2625514194869502
3308,Rnf7,0.5464670997076986,0.052817587,0.2624359798176838
3309,Fbxo28,0.5467576309415798,0.61858755,0.26220514692280283
3310,Tdg,0.5467576309415798,0.86476487,0.26220514692280283
3311,Brd7,0.5470482386411086,0.068976246,0.26197437594820244
3312,Tmem245,0.5470482386411086,1.161027,0.26197437594820244
3313,Irak4,0.5473389227709784,0.71546894,0.26174366688837536
3314,Ubxn2a,0.547629683295844,0.37019297,0.26151301973781266
3315,Prmt5,0.5477750921953444,0.7569721,0.2613977193767836
3316,Ubap2,0.5479205201803221,-0.10400632,0.2612824344910039
3317,Ints3,0.5480659672463477,0.8260998,0.26116716507978505
3318,Igsf8,0.5480659672463477,0.6759902,0.26116716507978505
3319,Ip6k2,0.5487934886370202,1.8721966,0.2605910501179734
3320,Arhgap24,0.5490846306053454,1.7970259,0.2603607124310446
3321,Zbtb10,0.5490846306053454,1.8796488,0.2603607124310446
3322,Gpsm1,0.5490846306053454,2.6630569,0.2603607124310446
3323,Ascc3,0.5490846306053454,0.40699902,0.2603607124310446
3324,Carnmt1,0.5493758487557896,0.7427965,0.2601304366202941
3325,Phospho1,0.5496671430527393,1.1432109,0.2599002226802019
3326,Cpz,0.5496671430527393,1.1856909,0.2599002226802019
3327,Sytl4,0.5496671430527393,2.7760496,0.2599002226802019
3328,Slc26a2,0.5499585134605423,0.83720416,0.2596700706052468
3329,Zfp827,0.5499585134605423,2.7862709,0.2596700706052468
3330,Slc7a2,0.5502499599435078,2.4233718,0.25943998038990596
3331,RP23-274C16.4,0.5502499599435078,2.3887758,0.25943998038990596
3332,Oxld1,0.5505414824659072,2.108423,0.2592099520286547
3333,Sntb2,0.5505414824659072,0.56643087,0.2592099520286547
3334,Spry4,0.5505414824659072,1.7823625,0.2592099520286547
3335,RP23-189B9.3,0.5505414824659072,1.7234322,0.2592099520286547
3336,Mlec,0.5509789087451935,0.099584244,0.25886502545110734
3337,Tnip2,0.5511247554859005,2.4295456,0.25875008084631546
3338,Fbln1,0.5511247554859005,2.2538145,0.25875008084631546
3339,RP24-344N22.1,0.5511247554859005,2.3151045,0.25875008084631546
3340,Gm26890,0.5514165059118452,2.1546872,0.25852023801417057
3341,Slc9a9,0.5514165059118452,2.2468352,0.25852023801417057
3342,Mrpl21,0.5517083322339251,0.2700871,0.25829045701400194
3343,Tti1,0.5517083322339251,2.204283,0.25829045701400194
3344,Selo,0.5517083322339251,2.2823088,0.25829045701400194
3345,RP23-379C24.2,0.55200023441622,1.960352,0.2580607378402771
3346,Dxo,0.55200023441622,2.1060386,0.2580607378402771
3347,Cdk4,0.55200023441622,0.07038784,0.2580607378402771
3348,Vit,0.5522922124227714,2.1364014,0.2578310804874622
3349,Naa38,0.5522922124227714,0.10988896,0.2578310804874622
3350,Arl5b,0.5522922124227714,1.0079651,0.2578310804874622
3351,Ei24,0.5522922124227714,0.96936643,0.2578310804874622
3352,Cdc14b,0.5524382298488955,1.6560296,0.2577162749921664
3353,Gtf2ird1,0.5525842662175819,2.109142,0.25760148495002205
3354,Fxn,0.5525842662175819,1.5525907,0.25760148495002205
3355,Acsl3,0.5525842662175819,1.5580769,0.25760148495002205
3356,Csnk1e,0.5528763957646168,0.33656713,0.25737195122241946
3357,Polr3a,0.5528763957646168,1.9392103,0.25737195122241946
3358,Elmod3,0.5531686010278025,1.6764205,0.25714247929911593
3359,Ebna1bp2,0.5531686010278025,0.14859512,0.25714247929911593
3360,H3f3a,0.5534608819710275,0.28885463,0.2569130691745714
3361,Dimt1,0.5534608819710275,2.1336517,0.2569130691745714
3362,Ahr,0.5537532385581416,1.5692418,0.2566837208432444
3363,Ccdc71,0.5537532385581416,1.5070138,0.2566837208432444
3364,Rfxap,0.5537532385581416,0.56214184,0.2566837208432444
3365,Efr3a,0.5540456707529573,0.16156498,0.2564544342995914
3366,Zfp738,0.5540456707529573,1.3611659,0.2564544342995914
3367,RP23-386A17.6,0.5540456707529573,1.5452993,0.2564544342995914
3368,Zbtb11,0.5540456707529573,0.2910451,0.2564544342995914
3369,Atf4,0.5541919151919339,-0.109241,0.25633981419641
3370,Cox7a2l,0.5543381785192478,-0.050311163,0.2562252095380679
3371,Ago4,0.5543381785192478,1.5423149,0.2562252095380679
3372,Zfp385a,0.5543381785192478,1.4293255,0.2562252095380679
3373,Zfp609,0.5543381785192478,1.1532192,0.2562252095380679
3374,Dnpep,0.5543381785192478,1.2704152,0.2562252095380679
3375,Rab3gap1,0.5544844607303653,0.27039155,0.2561106203238714
3376,Ssbp2,0.5546307618207491,1.5151341,0.25599604655312735
3377,Snrpc,0.5547770817858608,0.23296343,0.25588148822514184
3378,RP23-288B18.1,0.5549234206211585,1.3673601,0.2557669453392218
3379,Ifi203,0.5549234206211585,0.73640674,0.2557669453392218
3380,Dcp1a,0.5549234206211585,1.4091592,0.2557669453392218
3381,Polr2c,0.5549234206211585,0.25388077,0.2557669453392218
3382,Abhd16a,0.5549234206211585,1.236547,0.2557669453392218
3383,Sepn1,0.5549234206211585,0.932865,0.2557669453392218
3384,Clpb,0.5549234206211585,1.6431137,0.2557669453392218
3385,RP24-392J24.4,0.5552161548841348,0.28429595,0.25553790589080216
3386,Lonp2,0.5552161548841348,1.0077344,0.25553790589080216
3387,Fam120b,0.5555089645732995,1.4481812,0.2553089282023171
3388,Msh6,0.5555089645732995,0.46818814,0.2553089282023171
3389,Il2rg,0.5560948100844871,1.051964,0.25485115808293884
3390,Zyx,0.5560948100844871,0.2496948,0.25485115808293884
3391,Myl12b,0.5563878458335614,-0.022761794,0.254622365640936
3392,Nmd3,0.5563878458335614,1.260619,0.254622365640936
3393,Ing5,0.556680956862927,0.4660612,0.2543936349366479
3394,Pknox1,0.556680956862927,0.8727567,0.2543936349366479
3395,Ints2,0.556680956862927,0.95707226,0.2543936349366479
3396,Gcn1l1,0.556680956862927,0.42547566,0.2543936349366479
3397,Smim12,0.556680956862927,0.99893665,0.2543936349366479
3398,Phlpp2,0.5569741431360141,1.2579938,0.2541649659645158
3399,Sp2,0.5572674046162153,1.2678006,0.25393635871897935
3400,Nploc4,0.5575607412668848,0.9437673,0.2537078131944764
3401,Grk6,0.5577074377696827,0.06836462,0.2535935635758742
3402,Pou6f1,0.5577074377696827,1.8387576,0.2535935635758742
3403,Utp6,0.5578541530513387,0.96715695,0.2534793293854436
3404,Kpna3,0.5581476399328551,0.082769774,0.25325090728631583
3405,Abca2,0.5584412018746743,1.0935775,0.25302254689152637
3406,Washc2,0.5584412018746743,0.16454834,0.25302254689152637
3407,Trap1,0.5587348388399984,0.3688305,0.2527942481955068
3408,Golga5,0.5587348388399984,0.7249384,0.2527942481955068
3409,Vwa5a,0.5587348388399984,0.2682222,0.2527942481955068
3410,Slc25a44,0.5587348388399984,1.2466598,0.2527942481955068
3411,Atp11a,0.5590285507919913,0.7392326,0.25256601119268746
3412,Polr1c,0.5593223376937794,0.9176399,0.25233783587749686
3413,Dok1,0.5593223376937794,0.91033226,0.25233783587749686
3414,Clk4,0.5596161995084503,0.39373216,0.2521097222443622
3415,Slc48a1,0.5597631584965717,0.27233794,0.2519956885568237
3416,Zzef1,0.5599101361990544,0.2313624,0.2518816702877088
3417,Dirc2,0.5602041477286037,0.8918258,0.2516536800019606
3418,Fbxw2,0.5602041477286037,0.8257875,0.2516536800019606
3419,Rab28,0.5604982340600723,0.80971426,0.25142575138154
3420,Csnk1g1,0.5604982340600723,0.7687707,0.25142575138154
3421,Mtx3,0.5604982340600723,0.89189535,0.25142575138154
3422,Ppp1r12a,0.5606453052649454,0.1598878,0.25131181019408405
3423,Ppp2r3a,0.5607923951563965,0.7676203,0.2511978844208676
3424,Nhsl1,0.561380941495166,1.645214,0.25074233545644337
3425,Zmynd8,0.561380941495166,0.18953325,0.25074233545644337
3426,Gpatch8,0.561380941495166,0.2925591,0.25074233545644337
3427,Myo7a,0.5619697864476438,0.60160094,0.250287033064022
3428,Ptges3,0.5621170443092611,0.109819,0.2501732459875556
3429,Ppfia1,0.5622643208109606,0.6299387,0.2500594743183479
3430,Nr2c2,0.5622643208109606,0.59334105,0.2500594743183479
3431,Mrps16,0.5625589297159537,0.34433416,0.24983197719891365
3432,H6pd,0.5631483710016143,0.72390014,0.24937716781640226
3433,Polr2a,0.5635906473598487,0.1626169,0.24903622250681007
3434,Thyn1,0.5637381100055375,0.70883185,0.2489226048717477
3435,Dcaf10,0.5638855912398899,1.2547233,0.24880900263625377
3436,Rhobtb3,0.5644757019701281,1.8751873,0.2483547476759647
3437,Fam20b,0.564623276077422,0.6590672,0.24824122242781446
3438,Jmjd6,0.564623276077422,0.83304983,0.24824122242781446
3439,Gpr108,0.564623276077422,0.7885802,0.24824122242781446
3440,Atxn1l,0.5650661097434694,1.9108405,0.24790073905277363
3441,RP23-303F24.3,0.5652137580645231,2.7660973,0.24778727538189535
3442,Fbxl12,0.5653614249272481,1.8717312,0.24767382710358382
3443,Flii,0.5655091103269322,0.59544355,0.24756039421713813
3444,RP24-360B3.1,0.5658045367183163,2.504002,0.24733357461704195
3445,Dnajb2,0.5658045367183163,2.7425237,0.24733357461704195
3446,Gigyf2,0.5658045367183163,0.4200332,0.24733357461704195
3447,Snx4,0.5659522777005803,0.3092044,0.24722018790198932
3448,Fam3a,0.5661000372009307,2.3917315,0.247106816575999
3449,Ndufv3,0.5661000372009307,-0.080045916,0.247106816575999
3450,Sec24a,0.5663956117369926,1.2805685,0.2468801200884004
3451,Gramd3,0.5663956117369926,2.4376748,0.2468801200884004
3452,Ptpn21,0.5663956117369926,2.4305859,0.2468801200884004
3453,Rbmx,0.5666912602886818,0.6244032,0.24665348514863525
3454,Robo1,0.56698698281814,2.3670466,0.24642691175109138
3455,Amfr,0.5671348718126916,0.019008221,0.24631364812889803
3456,Cthrc1,0.5671348718126916,0.40889022,0.24631364812889803
3457,Grb14,0.5671348718126916,1.710565,0.24631364812889803
3458,Dalrd3,0.5672827792874715,2.2543123,0.24620039989015485
3459,Trio,0.5672827792874715,0.30273646,0.24620039989015485
3460,Map2k3,0.567430705237737,0.103924856,0.24608716703415967
3461,Esco2,0.5675786496587428,0.179482,0.24597394956021038
3462,RP23-138C14.7,0.5677266125457414,1.5919152,0.24586074746760486
3463,Klf16,0.5678745938939829,2.3101618,0.24574756075564086
3464,Idua,0.5678745938939829,2.353685,0.24574756075564086
3465,Trmt61a,0.5681706119551828,2.0134473,0.24552123347082774
3466,Slc7a7,0.5681706119551828,2.2352483,0.24552123347082774
3467,Rpl34-ps1,0.5681706119551828,2.2254763,0.24552123347082774
3468,Nog,0.5681706119551828,2.2388082,0.24552123347082774
3469,Tns2,0.5681706119551828,2.0804715,0.24552123347082774
3470,Polr3d,0.5681706119551828,0.9193911,0.24552123347082774
3471,Akr1b10,0.5681706119551828,2.054986,0.24552123347082774
3472,Dnm1,0.5681706119551828,2.081729,0.24552123347082774
3473,Hdgfrp2,0.5684667038042961,0.58680606,0.24529496770015105
3474,Tm2d3,0.5684667038042961,1.3469508,0.24529496770015105
3475,Taz,0.5684667038042961,0.64343786,0.24529496770015105
3476,Wars2,0.5684667038042961,2.1303103,0.24529496770015105
3477,Pak1ip1,0.5684667038042961,0.5368902,0.24529496770015105
3478,Plagl1,0.5684667038042961,1.2096466,0.24529496770015105
3479,Usp40,0.5684667038042961,1.1005503,0.24529496770015105
3480,Ctnnbl1,0.5684667038042961,0.4694815,0.24529496770015105
3481,RP23-180L12.1,0.5686147773874206,0.1782249,0.24518185788085695
3482,Rps10-ps2,0.5686147773874206,1.3817018,0.24518185788085695
3483,Med31,0.568762869403239,1.2015388,0.2450687634379887
3484,Crtc1,0.568762869403239,1.8500473,0.2450687634379887
3485,RP23-239I17.4,0.5690591087138895,1.9966065,0.24484262067871762
3486,Tmem238,0.5692072559991819,1.5988404,0.2447295723609086
3487,Syt11,0.5693554216980885,1.8531255,0.24461653941671288
3488,Trib1,0.5693554216980885,1.8462129,0.24461653941671288
3489,Nup98,0.5696518083176391,0.656765,0.244390519646348
3490,Fundc1,0.5698000292287244,0.9998105,0.24427753281877182
3491,RP24-370G18.1,0.5698000292287244,0.7509892,0.24427753281877182
3492,Piezo1,0.5699482685343069,0.8143376,0.24416456136199485
3493,Armcx1,0.570096526229601,1.4177467,0.24405160527531367
3494,Azi2,0.570096526229601,0.095069036,0.24405160527531367
3495,Irgm2,0.570096526229601,1.485778,0.24405160527531367
3496,Rcan1,0.5702448023098197,1.8460041,0.24393866455802404
3497,Rpl18-ps2,0.5702448023098197,1.6143214,0.24393866455802404
3498,Xdh,0.5703930967701727,1.0583816,0.24382573920942227
3499,Neto2,0.570541409605868,1.9663365,0.24371282922880425
3500,Gtf2h4,0.5708380903841048,1.5584719,0.24348705536870255
3501,Kalrn,0.5709864583170502,1.3694627,0.2433741914878103
3502,Usp9x,0.5711348446061455,-0.08607681,0.24326134297208463
3503,Psmd1,0.5714316722335677,0.019491052,0.24303569203331465
3504,Pdlim7,0.5715801135622798,1.3576427,0.24292288960886094
3505,Chchd5,0.572025547550681,1.1074868,0.24258457450676657
3506,Prr13,0.572025547550681,-0.036569357,0.24258457450676657
3507,Aip,0.5723225951633402,0.34193772,0.24235910790770882
3508,Rcsd1,0.5723225951633402,0.039850038,0.24235910790770882
3509,Mfn1,0.5724711464413264,0.95607114,0.24224639764676564
3510,RP24-122D14.1,0.5727683039164866,1.100023,0.24202102319852375
3511,Mrpl38,0.5727683039164866,1.2514644,0.24202102319852375
3512,Phtf1,0.5729169101040034,1.1193641,0.24190835900981406
3513,Utp15,0.5732141773547508,1.0035897,0.24168307669968792
3514,Tarbp2,0.5733628384083103,1.1481217,0.2415704585768597
3515,Rsbn1,0.5735115177408754,0.14311314,0.24145785580791365
3516,Chn1,0.5744039773241068,1.2577158,0.24078256158620862
3517,Esyt1,0.5745527844740227,0.22608258,0.2406700662746593
3518,Eif3i,0.5752970937295032,0.079330675,0.2401078199262264
3519,Dnm1l,0.5755949449769633,0.27126244,0.239883028804666
3520,Tigd2,0.5758928690489792,0.8359271,0.23965829905622454
3521,Kif1b,0.5761908659065305,0.30611008,0.23943363067524046
3522,March5,0.5763398916176776,0.6613824,0.23932131949577548
3523,Ift27,0.5764889355105589,0.783639,0.23920902365605115
3524,Plcl2,0.5767870778219699,0.32213545,0.23898447799299175
3525,Morc2a,0.5773835804103705,0.7543145,0.23853557071259787
3526,Pdlim1,0.577532751438395,0.8600023,0.2384233822312255
3527,Rab3gap2,0.5776819406089837,0.2916781,0.2383112090839263
3528,Rnf219,0.5776819406089837,0.7964631,0.2383112090839263
3529,Pdk4,0.5785774563514317,2.0445616,0.23763849217595928
3530,Haus2,0.5785774563514317,0.5740206,0.23763849217595928
3531,Dnajc30,0.5788761065167216,0.63759905,0.23741437584707284
3532,Fbxw7,0.5788761065167216,0.70123637,0.23741437584707284
3533,Zfp24,0.5791748290752912,0.3674586,0.23719032082894373
3534,R3hcc1l,0.5791748290752912,0.7071869,0.23719032082894373
3535,Sp3,0.5794736239877101,0.119717866,0.23696632711589324
3536,Daam2,0.5794736239877101,2.046981,0.23696632711589324
3537,RP24-297N9.8,0.5796230485642809,0.6125613,0.23685435324699744
3538,Tmem65,0.5806695263859757,0.7135596,0.23607096520084678
3539,Mdfic,0.5806695263859757,0.6153307,0.23607096520084678
3540,Abl1,0.5812679106802909,1.4753335,0.23562365192603066
3541,Mff,0.5812679106802909,0.050219055,0.23562365192603066
3542,Ap5m1,0.5814175518142732,0.7319687,0.23551186189990672
3543,Uggt2,0.5815672109624912,2.5893824,0.23540008718939204
3544,Zfp760,0.5818665832817633,2.6892662,0.23517658371234468
3545,Boc,0.5821660275983431,1.7364537,0.23495314148919552
3546,RP24-77I21.3,0.5821660275983431,1.6805756,0.23495314148919552
3547,Cbx6,0.5823157767431869,0.5662161,0.23484144334605336
3548,Pikfyve,0.5824655438724293,0.45054772,0.23472976051425015
3549,Zdhhc17,0.5824655438724293,1.6132616,0.23472976051425015
3550,Klhl28,0.5826153289810896,0.55259335,0.23461809299307373
3551,Ybx3,0.582765132064184,0.08178044,0.2345064407818122
3552,Hoxc6,0.582765132064184,2.5163314,0.2345064407818122
3553,Prrc2a,0.5830647921337322,0.071489066,0.23428318228618375
3554,Slco3a1,0.5832146491102077,0.56961673,0.23417157600039207
3555,Peli2,0.5833645240411618,0.47927162,0.23405998502166533
3556,Puf60,0.5833645240411618,0.85791135,0.23405998502166533
3557,Trappc6b,0.5835144169215993,0.49716684,0.23394840934929104
3558,Ncbp2,0.5836643277465235,0.1381122,0.2338368489825562
3559,Fes,0.5838142565109348,0.14022239,0.23372530392074808
3560,Tbc1d12,0.5839642032098316,1.2296547,0.23361377416315357
3561,Rcan3,0.5839642032098316,1.9238065,0.23361377416315357
3562,Slc23a2,0.5839642032098316,1.425608,0.23361377416315357
3563,Slfn8,0.584264150391063,2.0617924,0.23339076055775318
3564,RP23-65G17.3,0.5848642597470202,2.1532154,0.23294491696613426
3565,Prr7,0.5851644218415151,1.9534259,0.2327220869684995
3566,RP23-122F3.1,0.5851644218415151,0.40166062,0.2327220869684995
3567,Gm26778,0.5851644218415151,1.9742756,0.2327220869684995
3568,Mettl9,0.5853145297253232,0.259999,0.23261069491672762
3569,Esco1,0.5854646554934726,0.4607085,0.23249931816203423
3570,Usp33,0.5854646554934726,0.85630846,0.23249931816203423
3571,Mon1b,0.5857649606626854,1.8722537,0.23227661054102616
3572,Mrpl11,0.5857649606626854,0.4852405,0.23227661054102616
3573,Mob3a,0.5857649606626854,1.5245076,0.23227661054102616
3574,Cox6b1,0.5859151400536877,0.07715024,0.232165279673283
3575,Wdr13,0.5860653373089091,1.492501,0.2320539640997615
3576,Dcaf12,0.5860653373089091,0.046382643,0.2320539640997615
3577,Nod1,0.5860653373089091,1.8674083,0.2320539640997615
3578,Renbp,0.5863657853918625,1.6997142,0.2318313788325251
3579,RP24-465E5.2,0.5863657853918625,1.5623739,0.2318313788325251
3580,Mmd,0.5863657853918625,1.8221711,0.2318313788325251
3581,RP23-446P16.2,0.5863657853918625,1.6690322,0.2318313788325251
3582,Abcb8,0.5863657853918625,1.5735523,0.2318313788325251
3583,Sdhaf3,0.5863657853918625,1.8134878,0.2318313788325251
3584,Fem1a,0.5866663048712277,1.2277392,0.23160885473359982
3585,Plcg1,0.5866663048712277,1.3630134,0.23160885473359982
3586,Ranbp9,0.5868165913719554,0.51035404,0.2314976156204668
3587,Foxo3,0.5869668957066501,0.7107847,0.23138639179726705
3588,Cdk10,0.5869668957066501,1.5897486,0.23138639179726705
3589,Farp2,0.5872675578577379,0.7760152,0.23116399001780671
3590,Ppp2r2d,0.5872675578577379,0.30763826,0.23116399001780671
3591,Zmat5,0.5872675578577379,1.3236153,0.23116399001780671
3592,Dhx34,0.5872675578577379,1.5490736,0.23116399001780671
3593,Msantd3,0.5874179156640238,0.2179247,0.23105281206011583
3594,Gtpbp8,0.5875682912840628,1.7132894,0.23094164938949704
3595,Cant1,0.5875682912840628,0.41387662,0.23094164938949704
3596,Thoc5,0.5878690959451598,1.4528215,0.23071936990661462
3597,Mrpl37,0.588169971800527,1.382154,0.23049715156343448
3598,AC092855.1,0.588169971800527,1.0430174,0.23049715156343448
3599,Ddx18,0.588169971800527,0.1342261,0.23049715156343448
3600,Rbbp8,0.588169971800527,0.23938592,0.23049715156343448
3601,Thap3,0.588169971800527,1.0697644,0.23049715156343448
3602,Rnf144a,0.5884709188096258,0.274652,0.23027499435423004
3603,Xpo6,0.5887719369318807,1.2602034,0.23005289827327322
3604,Plscr4,0.5887719369318807,1.6009929,0.23005289827327322
3605,Etfrf1,0.5890730261266799,1.2655946,0.2298308633148341
3606,Arhgap32,0.5890730261266799,1.2071999,0.2298308633148341
3607,Rab24,0.5892235973635822,0.42690158,0.2297198687547678
3608,Rgs2,0.5893741863533746,0.020790357,0.22960888947318145
3609,Mum1,0.5895247930909697,0.3366938,0.22949792546935868
3610,Cd63-ps,0.589675417571279,1.2971978,0.22938697674258246
3611,RP23-78H18.2,0.589675417571279,1.1147753,0.22938697674258246
3612,Comt,0.5898260597892108,0.39475533,0.22927604329213594
3613,Itch,0.5904288059352549,0.15222013,0.22883246223930676
3614,Exosc10,0.5905795367648481,0.6909595,0.22872160515975254
3615,Car3,0.5905795367648481,0.38082242,0.22872160515975254
3616,Pld4,0.590881051540005,0.32583955,0.22849993681600583
3617,Abcc1,0.5913334564160211,0.2913206,0.22816754882802495
3618,Abcd3,0.5914842934111129,0.35214496,0.22805678336986387
3619,Med7,0.5914842934111129,0.7684432,0.22805678336986387
3620,Acaca,0.5914842934111129,0.8304841,0.22805678336986387
3621,Mkl1,0.5917860204252167,0.7438549,0.22783529825598198
3622,Tmem63a,0.5917860204252167,0.35111412,0.22783529825598198
3623,Tmem19,0.5917860204252167,0.9328266,0.22783529825598198
3624,Lrif1,0.591936910433984,0.41688287,0.2277245785988248
3625,Rbsn,0.5920878181037281,0.6689588,0.22761387420723228
3626,Ptp4a1,0.5920878181037281,0.12540379,0.22761387420723228
3627,Cacna2d1,0.5923896864056324,1.5716345,0.22739251121786735
3628,Heatr3,0.5929936347153766,0.7424703,0.22694996839429463
3629,Hist1h4c,0.593144665868246,0.7728445,0.2268393708415322
3630,Sbds,0.5932957146410041,0.408743,0.22672878854858403
3631,Exosc4,0.5935978650255993,0.79229575,0.22650766973925282
3632,Sde2,0.5939000858279649,0.7733211,0.2262866119605455
3633,Zdhhc6,0.5939000858279649,0.26240078,0.2262866119605455
3634,Wwp2,0.5939000858279649,0.3239103,0.2262866119605455
3635,Derl1,0.594202377006867,-0.10363586,0.22606561520670523
3636,Hist1h3e,0.594202377006867,0.67069036,0.22606561520670523
3637,Ddx23,0.5943535489746237,0.31921473,0.2259551397123106
3638,RP24-88B13.7,0.5951096723899061,0.57884556,0.22540299103679204
3639,Mpnd,0.595412244661886,0.6166238,0.22518223832481754
3640,Tshz3,0.5957148871036864,3.0738459,0.22496154660890116
3641,Gmps,0.5957148871036864,0.2840947,0.22496154660890116
3642,Elof1,0.5957148871036864,0.59160215,0.22496154660890116
3643,Gpr107,0.5961689822441134,1.9565755,0.22463062339002013
3644,Vbp1,0.5963203823309028,0.3076178,0.22452034614217392
3645,Angptl4,0.5964717999290312,1.2151455,0.22441008413901614
3646,Tbl1x,0.5966232350333049,0.2197667,0.2242998373798252
3647,Cnbp,0.5967746876385274,0.076352574,0.22418960586387984
3648,Heatr1,0.5969261577395,0.7493581,0.22407938959045837
3649,Zfp950,0.5972291504078904,0.6131599,0.2238590027683003
3650,RP23-325I3.1,0.5972291504078904,0.7098143,0.2238590027683003
3651,Tma16,0.5972291504078904,0.7195233,0.2238590027683003
3652,Ube2d2a,0.5975322129968421,-0.15402813,0.22363867690757627
3653,Atp13a2,0.5978353454646846,0.5432173,0.2234184120025103
3654,Vwa8,0.5979869378901581,1.8389233,0.22330830240654356
3655,Lyl1,0.5981385477697116,0.12217394,0.2231982080473244
3656,Asxl2,0.5982901750981262,0.23293252,0.22308812892413032
3657,RP23-70J9.6,0.5985934820806509,1.6845002,0.22286801638292747
3658,Mrpl16,0.5987451617243118,0.48475462,0.22275798296347307
3659,Actn4,0.5988968587959353,-0.15987697,0.22264796477715276
3660,Rab34,0.5990485732902908,2.5448804,0.22253796182324384
3661,Eif4e3,0.5990485732902908,0.35318148,0.22253796182324384
3662,Kcnt2,0.5990485732902908,2.454036,0.22253796182324384
3663,Polr3g,0.5996556053903495,2.3290658,0.2220981023172569
3664,RP24-347B12.1,0.5999592258406177,2.305065,0.2218782639399258
3665,Gfra1,0.5999592258406177,2.2049565,0.2218782639399258
3666,Firre,0.5999592258406177,2.2408535,0.2218782639399258
3667,Hoxa7,0.5999592258406177,1.2591127,0.2218782639399258
3668,Sec22a,0.6001110621474599,1.5204334,0.2217683675926434
3669,Tmem120a,0.6002629158351105,1.9708068,0.22165848647198474
3670,Ubxn6,0.6002629158351105,0.6745095,0.22165848647198474
3671,Smarcd3,0.6005666753318322,2.1293597,0.22143876990764272
3672,Cdc16,0.6007185811303951,0.7591303,0.2213289344625114
3673,Cxxc5,0.6008705042887503,0.53605443,0.22121911424110755
3674,RP23-465A17.7,0.6008705042887503,2.0134957,0.22121911424110755
3675,Flot2,0.6010224448016384,0.10913194,0.22110930924270686
3676,Lmbr1,0.6011744026637968,2.009452,0.22099951946658516
3677,Rexo4,0.6011744026637968,0.51547617,0.22099951946658516
3678,Arhgef40,0.6011744026637968,2.0282059,0.22099951946658516
3679,Atad2b,0.6011744026637968,0.1360924,0.22099951946658516
3680,Pdzd2,0.6017824074998208,1.0975958,0.22056051257039522
3681,Spc24,0.6017824074998208,0.4513626,0.22056051257039522
3682,Cdkn2aip,0.6017824074998208,0.3706548,0.22056051257039522
3683,Rxra,0.6017824074998208,1.9123083,0.22056051257039522
3684,Prkra,0.6019344520293252,1.3425604,0.22045079889479827
3685,Sgcb,0.6025428032710728,1.3113788,0.22001209636446237
3686,RP23-178N8.7,0.6026949343360369,1.6518476,0.2199024587712651
3687,Btbd3,0.6028470826922419,1.2469087,0.21979283639237174
3688,Uaca,0.6028470826922419,1.158959,0.21979283639237174
3689,Gmppb,0.6028470826922419,1.3872536,0.21979283639237174
3690,Ripk1,0.6029992483343989,0.43345353,0.2196832292270564
3691,Clec4a2,0.6029992483343989,0.050969485,0.2196832292270564
3692,Plgrkt,0.6029992483343989,0.41625428,0.2196832292270564
3693,Fxyd6,0.6033036314554013,1.628976,0.21946406053425782
3694,Foxk2,0.6033036314554013,1.1679492,0.21946406053425782
3695,Vps36,0.6034558489236577,0.14593317,0.21935449900532272
3696,Dubr,0.6036080836566877,1.5948646,0.2192449526870624
3697,Pmvk,0.6037603356491913,1.24721,0.2191354215787507
3698,Acot9,0.6039126048958656,0.4785104,0.21902590567966165
3699,RP24-283P23.1,0.6039126048958656,1.5710944,0.21902590567966165
3700,Frmd4b,0.6039126048958656,1.005984,0.21902590567966165
3701,Zfp335,0.6039126048958656,1.6082428,0.21902590567966165
3702,Yif1a,0.6039126048958656,0.90160197,0.21902590567966165
3703,Mapk8ip3,0.6039126048958656,1.3968098,0.21902590567966165
3704,Aldh9a1,0.6042171951305069,0.44893298,0.21880691950624523
3705,Hpcal1,0.6042171951305069,0.3061652,0.21880691950624523
3706,Gtpbp3,0.6042171951305069,1.7984542,0.21880691950624523
3707,Irf9,0.6045218543181465,0.4866659,0.21858799416100183
3708,Snrpa,0.6045218543181465,0.1659248,0.21858799416100183
3709,Bivm,0.6048265824162844,1.3983182,0.21836912963811808
3710,Wdr24,0.6048265824162844,1.1292406,0.21836912963811808
3711,Tet2,0.6048265824162844,0.22723864,0.21836912963811808
3712,Lca5,0.6048265824162844,1.4302871,0.21836912963811808
3713,Mmp8,0.6048265824162844,1.591865,0.21836912963811808
3714,Arnt,0.6049789722934991,0.89117926,0.21825972018324394
3715,Nkap,0.6049789722934991,0.1297526,0.21825972018324394
3716,Prkd2,0.6054362451738746,1.3883837,0.21793158303616772
3717,Wdr3,0.6054362451738746,0.24599206,0.21793158303616772
3718,Arsa,0.6054362451738746,1.3544801,0.21793158303616772
3719,Smarcad1,0.6054362451738746,0.43393365,0.21793158303616772
3720,Ell,0.6055887038658273,1.2080226,0.21782223439056705
3721,Akt3,0.6055887038658273,1.2296307,0.21782223439056705
3722,Cdk5rap2,0.6057411797481468,0.36257052,0.21771290094546644
3723,Med11,0.6057411797481468,1.1745092,0.21771290094546644
3724,RP24-68G17.3,0.6058936728155013,1.0024824,0.21760358270013844
3725,Zfp607,0.6060461830625572,1.4837009,0.21749427965385534
3726,Eif2ak4,0.6060461830625572,1.4888945,0.21749427965385534
3727,Prmt7,0.6063512550744261,1.496584,0.21727571915551305
3728,Fbxl17,0.6065038168285606,1.0625186,0.2171664617019979
3729,Cenpj,0.6068089918065147,1.2621496,0.2169479923826401
3730,Scap,0.6068089918065147,1.1865083,0.2169479923826401
3731,Ugdh,0.6068089918065147,0.26485962,0.2169479923826401
3732,RP24-221D13.1,0.6069616050196425,0.3130348,0.21683878051534078
3733,Lhfpl2,0.6069616050196425,0.84160316,0.21683878051534078
3734,Mdm4,0.6072668828674512,0.088353075,0.21662040236186023
3735,Ndufa3,0.6074195474914269,-0.07122023,0.2165112360742217
3736,Pibf1,0.6074195474914269,1.0630872,0.2165112360742217
3737,Rbm26,0.6075722292416422,0.2880051,0.2164020849783465
3738,Lsg1,0.6075722292416422,0.8815543,0.2164020849783465
3739,Lrig2,0.6080303771961321,0.90080607,0.21607472283401175
3740,Kin,0.6081831273977003,0.35864404,0.21596563249790063
3741,Cyfip2,0.6081831273977003,0.05523549,0.21596563249790063
3742,Dync1li1,0.6081831273977003,0.32028794,0.21596563249790063
3743,Upf1,0.6083358946986936,0.1219561,0.21585655734990816
3744,Ptrh2,0.6084886790937432,0.39428842,0.2157474973893046
3745,Gtf3c3,0.6087942991445192,0.859795,0.21552942302734812
3746,Rps23-ps1,0.6087942991445192,0.7637284,0.21552942302734812
3747,Atm,0.6089471347894959,1.020989,0.2154204086245359
3748,Drg1,0.6090999875070277,0.71611625,0.2153114094061949
3749,Usp6nl,0.6090999875070277,0.8328592,0.2153114094061949
3750,Atg4d,0.6092528572917337,0.9979,0.21520242537159534
3751,Btg2,0.6098645069946078,0.1875364,0.21476664105601398
3752,Tmem43,0.6100174620343961,0.34871572,0.21465773292917226
3753,Oard1,0.6103234232131058,0.25262484,0.2144399622128408
3754,Tyms,0.6104764293412321,0.7624093,0.21433109962189026
3755,Kpna4,0.6106294524880058,-0.033388846,0.2142222522081089
3756,Papd7,0.6110886239861699,1.028905,0.21389580102247202
3757,Paqr7,0.6113948233124018,0.89168805,0.21367824277116026
3758,Ddhd1,0.6115479484575188,0.8691322,0.21356948640504472
3759,Chd2,0.6115479484575188,0.34778288,0.21356948640504472
3760,Prpf18,0.6115479484575188,0.39161345,0.21356948640504472
3761,Snap29,0.6117010905834157,0.72133374,0.2134607452109808
3762,Galk1,0.6118542496846734,0.505995,0.21335201918823743
3763,Utp20,0.6120074257558716,0.67072207,0.21324330833608263
3764,Dnajb9,0.6121606187915871,0.68862426,0.21313461265378497
3765,Tmem260,0.6123138287863947,0.6741175,0.21302593214061263
3766,Tpr,0.6123138287863947,0.20808667,0.21302593214061263
3767,Fzr1,0.6124670557348671,0.64195997,0.21291726679583362
3768,Ccnd2,0.6124670557348671,0.026438963,0.21291726679583362
3769,Fkbp5,0.6124670557348671,0.3338047,0.21291726679583362
3770,Bcar1,0.6133867731484448,2.8256521,0.21226559322242386
3771,Recql,0.6136934810025525,0.686378,0.21204849001190657
3772,Lyst,0.6136934810025525,0.020627014,0.21204849001190657
3773,Stim2,0.6136934810025525,0.028564023,0.21204849001190657
3774,Apobec1,0.6138468602894073,0.75249654,0.2119399611497173
3775,Ufsp2,0.6140002564755307,0.3044435,0.21183144744859703
3776,Snx13,0.6143070995237735,0.9553029,0.21161446552663202
3777,Mex3c,0.6143070995237735,0.18119536,0.21161446552663202
3778,Smarce1,0.6146140101036404,0.29433995,0.21139754424014617
3779,Fzd8,0.6146140101036404,1.6766378,0.21139754424014617
3780,Mertk,0.6149209881714552,1.3579106,0.21118068358327263
3781,Fdx1,0.6149209881714552,0.58510137,0.21118068358327263
3782,Ppp1r7,0.6150745024996845,0.5996941,0.21107227598910677
3783,Ccdc107,0.6150745024996845,0.61679226,0.21107227598910677
3784,Cwf19l2,0.6152280336835062,0.30823916,0.21096388355014326
3785,Atg5,0.6159959422449915,-0.22927307,0.21042214865767414
3786,Smpdl3a,0.6161495744474315,0.12078468,0.21031384713451123
3787,Adcy9,0.6161495744474315,2.1768684,0.21031384713451123
3788,Spidr,0.6164568892986058,0.43895197,0.21009728953764167
3789,Cfap36,0.6167642713749288,0.51892996,0.20988079253514996
3790,Mcmbp,0.6167642713749288,-0.088478744,0.20988079253514996
3791,D930015E06Rik,0.6173792370272936,0.13284627,0.20944798028978556
3792,Cpeb4,0.6173792370272936,0.35848445,0.20944798028978556
3793,Lacc1,0.617994471052717,1.7799009,0.20901541035137342
3794,Bri3bp,0.6183021885952316,0.21308982,0.2087992162325658
3795,Extl3,0.6186099730988273,1.1086566,0.20858308267284284
3796,Nfyb,0.6186099730988273,0.18512808,0.20858308267284284
3797,Aimp2,0.6189178245193702,0.31076783,0.20836700966631636
3798,Usp24,0.6189178245193702,0.30336067,0.20836700966631636
3799,Slc41a1,0.6189178245193702,1.2866755,0.20836700966631636
3800,Stx12,0.6192257428126903,0.78533435,0.2081509972070971
3801,Nat6,0.6192257428126903,1.5166246,0.2081509972070971
3802,Auts2,0.6195337279345834,1.3020053,0.20793504528929374
3803,Kctd12b,0.6195337279345834,1.1240108,0.20793504528929374
3804,Syap1,0.6195337279345834,1.3598826,0.20793504528929374
3805,AC121113.1,0.6196877455424213,0.4084513,0.20782709203158156
3806,Ctps2,0.6198417798408098,1.3741544,0.2077191539070135
3807,Mpped2,0.6198417798408098,1.7550097,0.2077191539070135
3808,Zfp422,0.6198417798408098,0.25644854,0.2077191539070135
3809,Podnl1,0.6198417798408098,1.0062014,0.2077191539070135
3810,Sept1,0.6198417798408098,0.5770575,0.2077191539070135
3811,Thap2,0.6201498984870948,0.42289516,0.20750332305436195
3812,Wfdc17,0.6201498984870948,0.34413657,0.20750332305436195
3813,Zfp395,0.6203039828239136,0.4920705,0.2073954303248046
3814,Micu2,0.6203039828239136,0.5669012,0.2073954303248046
3815,Scarb1,0.6207663358225659,1.2400805,0.20707184291435946
3816,Cby1,0.6207663358225659,1.6690508,0.20707184291435946
3817,Zfp386,0.6207663358225659,1.108512,0.20707184291435946
3818,Tnfaip8l2,0.6207663358225659,0.35949892,0.20707184291435946
3819,Rabggta,0.6207663358225659,1.6011952,0.20707184291435946
3820,Kif1bp,0.6210746544230277,1.0643636,0.20685619361521132
3821,Aftph,0.6210746544230277,-0.03776319,0.20685619361521132
3822,Bahcc1,0.6213830395860988,1.4589183,0.206640604822098
3823,RP23-331E5.10,0.6213830395860988,1.6387773,0.206640604822098
3824,RP23-79E13.7,0.6213830395860988,1.2531,0.206640604822098
3825,Ak6,0.6213830395860988,0.33706307,0.206640604822098
3826,Mbd6,0.6216914912673293,0.07051334,0.20642507652911693
3827,Psmc3,0.6216914912673293,-0.14797345,0.20642507652911693
3828,Cr1l,0.6216914912673293,0.4543079,0.20642507652911693
3829,Ecsit,0.6216914912673293,1.5123423,0.20642507652911693
3830,Ppp1r12c,0.6216914912673293,0.08953777,0.20642507652911693
3831,Kctd10,0.6220000094222347,0.44235745,0.20620960873036379
3832,Dffa,0.6223085940062951,1.4693456,0.20599420141993285
3833,AC152939.2,0.6223085940062951,0.92795616,0.20599420141993285
3834,Inpp5b,0.6223085940062951,1.0836172,0.20599420141993285
3835,Siva1,0.6226172449749561,-0.22580974,0.20577885459191658
3836,Lysmd1,0.6226172449749561,1.2510006,0.20577885459191658
3837,Gpm6b,0.6226172449749561,1.3359882,0.20577885459191658
3838,Akirin2,0.6229259622836278,0.08624482,0.20556356824040606
3839,Tbc1d1,0.6229259622836278,1.0921698,0.20556356824040606
3840,Abhd10,0.6229259622836278,1.1218202,0.20556356824040606
3841,Cfap20,0.6230803458015242,0.39042217,0.20545594774149328
3842,Rhoj,0.6230803458015242,1.2694726,0.20545594774149328
3843,Hist1h2ab,0.6232347458876862,1.4265792,0.20534834235949034
3844,Mvp,0.6232347458876862,1.0311793,0.20534834235949034
3845,Lrrcc1,0.6232347458876862,0.30864537,0.20534834235949034
3846,Gle1,0.6233891625365306,0.2819471,0.20524075209365808
3847,Fabp5,0.6233891625365306,0.45868582,0.20524075209365808
3848,Zc3h10,0.6238525118032907,1.2940588,0.20491807198579257
3849,Iars,0.6244705423640768,0.3397817,0.20448804342350502
3850,Pygb,0.6244705423640768,1.3038625,0.20448804342350502
3851,Atg14,0.6244705423640768,0.88267726,0.20448804342350502
3852,Gemin5,0.6244705423640768,0.9874844,0.20448804342350502
3853,Taf5,0.6244705423640768,1.0342258,0.20448804342350502
3854,Dph6,0.6247796567744821,0.8913482,0.2042731198068457
3855,Rps19bp1,0.6250888372117958,0.9826505,0.2040582566252827
3856,Pdk1,0.6250888372117958,1.105938,0.2040582566252827
3857,Med16,0.6252434521765232,0.08143052,0.2039508476958118
3858,Kdelc2,0.6253980836311496,0.9747831,0.20384345387289396
3859,Pdha1,0.6255527315700609,0.18310966,0.2037360751557887
3860,Zfp282,0.6257073959876409,0.8981169,0.20362871154375545
3861,Cdkn1b,0.6257073959876409,0.14545728,0.20362871154375545
3862,Mrpl22,0.6260167742363322,0.6400234,0.20341402963194186
3863,Itgb1bp1,0.6260167742363322,0.7242285,0.20341402963194186
3864,Mrps7,0.6261714880562004,0.27264434,0.20330671133067965
3865,Sec13,0.626945303885709,0.27109906,0.20277034634117147
3866,Gm6563,0.62725494525313,0.8780722,0.20255590603937057
3867,Pank2,0.6275646522875429,0.050692063,0.20234152612524273
3868,Ly9,0.627874424943802,0.72890115,0.20212720659285288
3869,Csf1r,0.6281842631767272,0.06421317,0.20191294743626412
3870,Mesdc1,0.6284941669411035,0.36548525,0.2016987486495381
3871,Heatr5b,0.6288041361916819,0.5809521,0.20148461022673453
3872,Ano6,0.6291141708831787,0.30992898,0.20127053216191146
3873,Tiprl,0.6292692127551106,0.01460613,0.20116351576188554
3874,RP23-273D6.2,0.6294242709702752,0.7103562,0.20105651444912578
3875,As3mt,0.6300446671498221,0.6532229,0.20062866005588417
3876,Mat2a,0.6300446671498221,-0.0177542,0.20062866005588417
3877,Josd2,0.6300446671498221,0.5695994,0.20062866005588417
3878,AC102483.1,0.6303549631514636,0.5914361,0.2004148233635331
3879,Rnf13,0.6303549631514636,0.610466,0.2004148233635331
3880,Bcas2,0.6308205294159266,0.058699414,0.20009418143861032
3881,Usp15,0.6309757507512004,0.034328222,0.19998733095762114
3882,Syf2,0.6309757507512004,0.23998496,0.19998733095762114
3883,Zeb2os,0.6309757507512004,0.55886173,0.19998733095762114
3884,Banp,0.6309757507512004,0.6385643,0.19998733095762114
3885,Irf2bp1,0.6312862422582805,0.5588855,0.19977367523215508
3886,Kxd1,0.6315967988427669,0.6726516,0.19956007981707644
3887,Fyn,0.6317521015247909,0.26319104,0.199453304724071
3888,RP23-394K2.4,0.631907420459066,0.48330894,0.19934654470642865
3889,Stx8,0.6325288586045552,0.4598738,0.19891965537459108
3890,Dlx3,0.6326842587144748,1.3957499,0.19881297072258935
3891,Dip2c,0.6329951075825708,1.4679879,0.1985996466305181
3892,Pafah1b2,0.6340835888268228,0.45043966,0.1978534869552633
3893,Fam214a,0.6343947290521268,2.0064552,0.19764043406542978
3894,l7Rn6,0.6347059338973552,0.29240522,0.1974274414263445
3895,Crls1,0.6347059338973552,0.38904563,0.1974274414263445
3896,Ifitm1,0.6350172033165717,1.9462584,0.1972145090320343
3897,Kifc3,0.6353285372638056,1.8294748,0.19700163687652472
3898,Ugcg,0.6353285372638056,0.57510465,0.19700163687652472
3899,Mak16,0.635639935693052,0.52957,0.19678882495383945
3900,Med20,0.635639935693052,1.6695492,0.19678882495383945
3901,Kif13b,0.6359513985582721,0.4336888,0.19657607325800058
3902,Magi3,0.6359513985582721,1.8480462,0.19657607325800058
3903,Chst11,0.6361071541399758,0.7092112,0.19646971999328003
3904,Riok3,0.6362629258133928,0.16227499,0.1963633817830286
3905,Nars,0.636574517412307,-0.11786772,0.19615075052294237
3906,Hspd1,0.6367303373262687,-0.080455154,0.1960444574716119
3907,Isca2,0.6368861733088733,0.17804562,0.19593817947175912
3908,Cds2,0.6371978934569167,0.54821813,0.19572566862349433
3909,RP24-546N2.2,0.6371978934569167,1.6018456,0.19572566862349433
3910,Nav2,0.6373537776108033,1.3727524,0.1956194357735857
3911,RP23-461P7.1,0.6373537776108033,1.2412531,0.1956194357735857
3912,Mboat7,0.6375096778102278,0.24351375,0.19551321797216187
3913,P2rx4,0.6378215263225635,1.4950613,0.19530082751177397
3914,Mrps5,0.6378215263225635,0.23757908,0.19530082751177397
3915,Dtd1,0.6379774746239053,1.1887432,0.19519465485131257
3916,Pdcl,0.6381334389476465,0.4588197,0.1950884972363412
3917,Eif3g,0.6382894192879972,0.2137834,0.19498235466611094
3918,Ptpn2,0.6384454156391655,0.030277744,0.19487622713987263
3919,Lrba,0.6384454156391655,1.0437418,0.19487622713987263
3920,RP24-84B10.1,0.6384454156391655,1.4231381,0.19487622713987263
3921,Soat1,0.6384454156391655,-0.092943855,0.19487622713987263
3922,RP23-413D14.9,0.6384454156391655,1.5015093,0.19487622713987263
3923,Mtss1,0.6390695610360968,0.28649917,0.19445186745985546
3924,Fam220a,0.639381729648717,1.3345087,0.1942397778643166
3925,Atg2b,0.6398501023297205,0.9928948,0.1939217562597276
3926,Tsc2,0.6398501023297205,0.97688556,0.1939217562597276
3927,Med25,0.6400062584700321,1.161002,0.19381577913218997
3928,Dnttip1,0.6401624305573084,1.0699329,0.19370981704039816
3929,RP23-147I23.2,0.6401624305573084,1.0650436,0.19370981704039816
3930,Elac2,0.6403186185857317,1.140805,0.193603869983602
3931,Hnmt,0.6403186185857317,1.1619685,0.193603869983602
3932,Casp9,0.6406310424427392,1.2789911,0.1933920209719947
3933,RP24-251F16.4,0.6407872782596777,1.1983039,0.1932861190156826
3934,Cyp51,0.6409435299944723,1.3209015,0.1931802320913639
3935,Nectin1,0.6409435299944723,1.088688,0.1931802320913639
3936,Tmem184b,0.6410997976412949,0.9355739,0.19307436019828791
3937,Rlf,0.6410997976412949,0.8335569,0.19307436019828791
3938,Mga,0.6410997976412949,0.42760533,0.19307436019828791
3939,Cars2,0.6412560811943151,0.7677805,0.19296850333570373
3940,Rnf217,0.6414123806477008,0.9632236,0.19286266150286038
3941,Trappc10,0.6414123806477008,0.15554538,0.19286266150286038
3942,Gmcl1,0.641725027232229,0.77625996,0.19265102292339145
3943,Gnai1,0.641725027232229,0.6571371,0.19265102292339145
3944,Crim1,0.6420377373481791,1.0966628,0.19243944445387112
3945,Hist1h3f,0.6421941162158342,0.8980724,0.19233367775846316
3946,Ranbp6,0.6425069215412798,0.7946524,0.19212218944259363
3947,RP23-393I12.3,0.6425069215412798,0.715826,0.19212218944259363
3948,Fam98a,0.6429762484170494,0.2863192,0.19180506964487792
3949,Fcgr4,0.6431327223889218,0.9208692,0.1916993930895882
3950,Ets2,0.643445717817448,0.81944346,0.1914880850404191
3951,Cpt1a,0.6437587765199411,0.30132976,0.19127683706811427
3952,Rap1gds1,0.6437587765199411,0.18108593,0.19127683706811427
3953,Zdhhc4,0.6439153295842643,0.7107279,0.19117123560890448
3954,Coq2,0.6439153295842643,0.6990053,0.19117123560890448
3955,Yaf2,0.644071898449482,0.64011693,0.19106564916665286
3956,Ctps,0.644071898449482,0.87494403,0.19106564916665286
3957,Vps4a,0.6443850835591176,0.34021148,0.19085452133001263
3958,Taf13,0.6445416997917891,0.5643312,0.19074897993411793
3959,Arid3b,0.6446983318018618,0.8893415,0.1906434535521694
3960,Srm,0.6453250174985614,0.26100302,0.19022149814876993
3961,Ier3,0.6454817283074198,0.7996115,0.19011604682525107
3962,Scd2,0.6454817283074198,0.061298005,0.19011604682525107
3963,Thbd,0.6454817283074198,0.7529174,0.19011604682525107
3964,Ero1lb,0.6456384548583767,0.27752754,0.19001061051115717
3965,RP23-341K9.1,0.6456384548583767,0.11952135,0.19001061051115717
3966,Gnpnat1,0.6456384548583767,0.7072937,0.19001061051115717
3967,Csnk1d,0.6457951971455407,0.5924976,0.18990518920573454
3968,Mfng,0.6459519551630188,0.47788697,0.18979978290822905
3969,Tbc1d8b,0.6461087289049159,0.58428186,0.1896943916178866
3970,Map3k20,0.6462655183653344,-0.030575743,0.18958901533395298
3971,Dtx3,0.6464223235383748,0.60385495,0.189483654055674
3972,Atp11b,0.6464223235383748,-0.09782687,0.189483654055674
3973,Nt5c3,0.6465791444181357,0.19554456,0.18937830778229514
3974,Plekha3,0.6468928332742017,0.60144395,0.18916766024722
3975,Csad,0.6468928332742017,0.60755795,0.18916766024722
3976,Sf3a1,0.6468928332742017,0.19853064,0.18916766024722
3977,Gripap1,0.6470497012386934,-0.08457679,0.18906235898401424
3978,Phb2,0.6472065848862782,0.046176936,0.18895707272269016
3979,Ccnl1,0.6473634842110445,-0.12671627,0.18885180146249259
3980,Pml,0.6473634842110445,0.7275148,0.18885180146249259
3981,Ankfy1,0.6475203992070777,-0.09498458,0.18874654520266676
3982,Epsti1,0.6475203992070777,0.65516245,0.18874654520266676
3983,Lztfl1,0.6476773298684619,0.6074905,0.1886413039424574
3984,RP23-55L3.5,0.6476773298684619,0.10131789,0.1886413039424574
3985,Myo9b,0.6478342761892789,0.056625605,0.18853607768110928
3986,Calm3,0.6478342761892789,-0.005599195,0.18853607768110928
3987,Ap2a1,0.6481482157855274,-0.13646147,0.1883256701519755
3988,Slc43a3,0.648305209049112,0.10071067,0.1882204888826788
3989,Dgcr6,0.6484622179484355,0.53509855,0.18811532260922148
3990,Cacnb3,0.6487762826305823,1.5982814,0.18790503504680167
3991,Cep164,0.6487762826305823,0.06915884,0.18790503504680167
3992,Nsrp1,0.6494045993627404,0.04858105,0.18748463983877478
3993,Otud6b,0.6494045993627404,0.5231672,0.18748463983877478
3994,Clpx,0.6495617175461164,0.5287926,0.18737957851502623
3995,Dennd4c,0.6495617175461164,0.53570193,0.18737957851502623
3996,Gipc1,0.6495617175461164,0.32034206,0.18737957851502623
3997,Coa6,0.6497188513177434,0.6206305,0.18727453218106827
3998,Fam45a,0.6498760006716765,0.34910575,0.18716950083614417
3999,Apitd1,0.6505047537914894,0.20527773,0.18674952533165204
4000,Zfp800,0.6506619809677,-0.1131991,0.1866445689205454
4001,Cdr2l,0.6506619809677,1.4626919,0.1866445689205454
4002,Fbxl20,0.6506619809677,1.0949849,0.1866445689205454
4003,Wdfy1,0.6512910450788395,0.51547855,0.1862248931134688
4004,Bglap3,0.6512910450788395,1.8353813,0.1862248931134688
4005,Ric1,0.6512910450788395,1.1402309,0.1862248931134688
4006,RP24-408B13.1,0.6512910450788395,0.21317722,0.1862248931134688
4007,Magohb,0.6514483499283841,0.31695548,0.18612001161724986
4008,Aldh7a1,0.6516056702946993,1.717724,0.18601514510173583
4009,Hoxa5,0.6516056702946993,1.889976,0.18601514510173583
4010,RP23-42N14.3,0.6519203575537598,2.9356453,0.18580545700979068
4011,Haus3,0.6519203575537598,0.37145767,0.18580545700979068
4012,Setdb1,0.6525499180103047,0.09378577,0.18538626056100743
4013,En1,0.6525499180103047,2.77624,0.18538626056100743
4014,Pcdhb17,0.6525499180103047,2.5793998,0.18538626056100743
4015,E2f5,0.6525499180103047,2.8132088,0.18538626056100743
4016,R3hcc1,0.6525499180103047,1.7086374,0.18538626056100743
4017,Mapre3,0.6525499180103047,1.7211882,0.18538626056100743
4018,Gabpb2,0.6528647911121177,-0.08536577,0.18517675219203697
4019,RP23-73N8.1,0.6528647911121177,2.5332246,0.18517675219203697
4020,Napb,0.6531797260657886,2.5484788,0.1849673037185895
4021,Ptdss2,0.6531797260657886,1.6862743,0.1849673037185895
4022,Samd14,0.6531797260657886,1.8650599,0.1849673037185895
4023,Mllt6,0.6533372167220974,1.0117477,0.18486260194078993
4024,Spryd7,0.6534947228233989,2.4133291,0.18475791513459458
4025,Tecpr1,0.6534947228233989,1.7157222,0.18475791513459458
4026,Atf7ip,0.6536522443636981,-0.006711317,0.18465324329924437
4027,Tmem218,0.6538097813369979,2.3973744,0.18454858643398012
4028,Tcf7,0.6538097813369979,0.89436036,0.18454858643398012
4029,Ralb,0.6538097813369979,0.15675417,0.18454858643398012
4030,Lysmd2,0.6538097813369979,2.2965438,0.18454858643398012
4031,Dcun1d3,0.6538097813369979,2.3518744,0.18454858643398012
4032,Pla2g15,0.6539673337372993,0.014784616,0.18444394453804255
4033,Ctso,0.654124901558601,1.2963194,0.1843393176106725
4034,Ccdc170,0.654124901558601,2.305979,0.1843393176106725
4035,RP23-414A20.3,0.654124901558601,2.2123315,0.1843393176106725
4036,Ube3c,0.6542824847949001,0.4676335,0.18423470565111028
4037,Habp4,0.6544400834401913,1.3429059,0.18413010865859636
4038,Srrt,0.6544400834401913,-0.19187692,0.18413010865859636
4039,Kazn,0.6544400834401913,2.0436313,0.18413010865859636
4040,Cpsf7,0.654755326933719,-0.021320347,0.18392095957167454
4041,Ilvbl,0.654755326933719,1.5608226,0.18392095957167454
4042,RP23-89F9.3,0.654755326933719,1.9837468,0.18392095957167454
4043,Mettl21a,0.654755326933719,2.0758195,0.18392095957167454
4044,Aak1,0.654755326933719,0.267237,0.18392095957167454
4045,RP23-440J24.4,0.654755326933719,2.2561643,0.18392095957167454
4046,Cyb561,0.654755326933719,2.135394,0.18392095957167454
4047,Zfp933,0.6550706319911006,2.1653125,0.18371187034382863
4048,Frs2,0.6550706319911006,1.1324877,0.18371187034382863
4049,Glipr1,0.6550706319911006,-0.07350378,0.18371187034382863
4050,RP23-28C17.4,0.6550706319911006,1.9845291,0.18371187034382863
4051,Fem1b,0.655228307591202,0.13368833,0.18360734817515897
4052,RP23-161B9.5,0.655385998564221,1.9270998,0.18350284096897798
4053,Ptk2,0.655385998564221,1.3813641,0.18350284096897798
4054,Zfp142,0.655385998564221,1.6743842,0.18350284096897798
4055,Igfbp5,0.6557014266049312,0.16590737,0.1832938714410407
4056,Dvl2,0.6557014266049312,1.8258318,0.1832938714410407
4057,RP23-306B14.2,0.6557014266049312,1.4798836,0.1832938714410407
4058,Jcad,0.6560169160650499,1.8007727,0.1830849617539332
4059,Loxl2,0.6560169160650499,0.47545883,0.1830849617539332
4060,Spef1,0.6563324668963628,1.4577758,0.18287611190157
4061,E2f6,0.6563324668963628,1.8405049,0.18287611190157
4062,Bclaf1,0.6563324668963628,0.032632705,0.18287611190157
4063,Ildr2,0.6563324668963628,1.56599,0.18287611190157
4064,Chac2,0.6563324668963628,1.4530954,0.18287611190157
4065,Gtf2h2,0.6563324668963628,0.96326774,0.18287611190157
4066,Smad3,0.6566480790506231,1.382121,0.18266732187786408
4067,Sirt6,0.6566480790506231,1.3265425,0.18266732187786408
4068,Wrap73,0.6566480790506231,1.6992172,0.18266732187786408
4069,Psmc5,0.6569637524795504,0.004530518,0.18245859167672704
4070,Map2k1,0.6569637524795504,0.3065271,0.18245859167672704
4071,Ubiad1,0.6569637524795504,1.7270681,0.18245859167672704
4072,RP23-12I24.9,0.6569637524795504,1.0857519,0.18245859167672704
4073,Mterf4,0.6569637524795504,1.7575765,0.18245859167672704
4074,H2-T23,0.6571216121569181,0.44300616,0.18235424900771852
4075,Trmt10a,0.6572794871348328,1.2799939,0.18224992129206824
4076,Lpar3,0.6572794871348328,1.0340085,0.18224992129206824
4077,Rnf24,0.6572794871348328,1.0865557,0.18224992129206824
4078,Bhlhb9,0.6572794871348328,1.2145715,0.18224992129206824
4079,Aga,0.6572794871348328,0.9881187,0.18224992129206824
4080,Surf2,0.6575952829681246,1.1767758,0.18204131071779586
4081,Eno3,0.6575952829681246,0.5906422,0.18204131071779586
4082,RP24-320O9.1,0.6575952829681246,1.2543769,0.18204131071779586
4083,Ccdc43,0.6579111399310482,1.2029923,0.18183275994781614
4084,Kif16b,0.6579111399310482,0.81331235,0.18183275994781614
4085,Ccdc28b,0.6579111399310482,1.4927207,0.18183275994781614
4086,Rnf167,0.6579111399310482,0.8017904,0.18183275994781614
4087,Zscan21,0.6582270579751925,0.9229763,0.18162426897603395
4088,N4bp2,0.6582270579751925,0.11846969,0.18162426897603395
4089,Fam58b,0.6582270579751925,1.2030976,0.18162426897603395
4090,Rdm1,0.6582270579751925,1.2863706,0.18162426897603395
4091,Hacd3,0.6582270579751925,0.82133824,0.18162426897603395
4092,Vps53,0.6583850398875852,0.33095664,0.18152004591256168
4093,Spop,0.6585430370521145,-0.06797298,0.1814158377963522
4094,Szrd1,0.6585430370521145,0.35871643,0.1814158377963522
4095,Cltb,0.658859077113338,0.91399705,0.1812074664026723
4096,Tubgcp2,0.658859077113338,1.1426584,0.1812074664026723
4097,Rhoq,0.6591751781103548,0.52842075,0.18099915478889378
4098,Fam132a,0.6591751781103548,0.38216528,0.18099915478889378
4099,Tnrc6a,0.6594913399946234,-0.11888622,0.1807909029489148
4100,Cep63,0.6594913399946234,0.9770325,0.1807909029489148
4101,Gtf3c6,0.659649443754299,0.017645039,0.18068679944219293
4102,Txlng,0.6598075627175701,0.90263087,0.1805827108766318
4103,Tada3,0.6598075627175701,0.7773078,0.1805827108766318
4104,Dhx15,0.6601238462305887,0.031717006,0.18037457856593936
4105,Arrdc3,0.6601238462305887,0.8804005,0.18037457856593936
4106,Pbx3,0.6604401904850403,0.92918426,0.1801665060107306
4107,Tubg1,0.6604401904850403,0.83604026,0.1801665060107306
4108,Immp1l,0.6604401904850403,0.7779274,0.1801665060107306
4109,Focad,0.6604401904850403,0.68714947,0.1801665060107306
4110,Sos2,0.6604401904850403,0.2708284,0.1801665060107306
4111,RP24-252G15.5,0.6607565954322537,0.8176219,0.17995849320489674
4112,Fam134c,0.6607565954322537,0.6801338,0.17995849320489674
4113,Basp1,0.6607565954322537,1.0975546,0.17995849320489674
4114,Narf,0.6607565954322537,0.9825882,0.17995849320489674
4115,Mrps26,0.6607565954322537,0.24987471,0.17995849320489674
4116,Guca1a,0.661073061023525,0.6350398,0.17975054014232758
4117,Ikbkap,0.661073061023525,0.6599083,0.17975054014232758
4118,Pid1,0.661073061023525,0.89402896,0.17975054014232758
4119,Wbscr22,0.661073061023525,0.8712782,0.17975054014232758
4120,Trmt13,0.661073061023525,0.7584863,0.17975054014232758
4121,Gmfb,0.6613895872101179,-0.059225734,0.1795426468169112
4122,Atg2a,0.6617061739432636,0.7351825,0.17933481322253392
4123,Mmadhc,0.6621811674610074,0.3574768,0.1790231748132886
4124,Pno1,0.6623395288539766,0.8880968,0.17891932520243375
4125,Mipep,0.6623395288539766,0.7873605,0.17891932520243375
4126,Pcyt2,0.6626562969338445,0.75876844,0.17871167076447525
4127,Gpat4,0.6626562969338445,0.29408514,0.17871167076447525
4128,Mitd1,0.6626562969338445,0.5821682,0.17871167076447525
4129,Znfx1,0.6629731253648663,0.6839068,0.17850407603308469
4130,RP24-499A8.6,0.6629731253648663,0.6376517,0.17850407603308469
4131,Khk,0.6629731253648663,0.44410893,0.17850407603308469
4132,Scamp1,0.6632900140981113,0.6942663,0.17829654100214015
4133,Zfp518b,0.6636069630846166,0.6579854,0.17808906566551788
4134,Ahctf1,0.6639239722753872,0.15185681,0.17788165001709255
4135,Fyb,0.664082499432052,0.03147044,0.17777796457403922
4136,Comp,0.664082499432052,1.0308878,0.17777796457403922
4137,Dclre1a,0.6642410416213953,0.57690656,0.1776742940507373
4138,Dusp7,0.6642410416213953,0.5953302,0.1776742940507373
4139,Ccdc174,0.6645581710735813,0.3522506,0.17746699776032346
4140,Plin2,0.6647167583241511,0.08403205,0.1773633719916788
4141,Acads,0.6648753605828533,0.5961486,0.17725976113972053
4142,Pqbp1,0.6651926101000869,0.51739824,0.17705258418279685
4143,Med21,0.6653512573463292,0.123557456,0.176949018076298
4144,Npr2,0.6658272889617817,2.0779762,0.17663840923545038
4145,Hsd17b4,0.6658272889617817,0.5506569,0.17663840923545038
4146,Limd1,0.6658272889617817,-0.033855703,0.17663840923545038
4147,Sacs,0.6661447182078337,0.5249762,0.17643141123275527
4148,Dnajc13,0.666462207265029,0.123560056,0.1762244728691947
4149,Tmem135,0.6667797560840829,0.6162439,0.17601759413862825
4150,Slc19a1,0.6667797560840829,0.63415486,0.17601759413862825
4151,Npc1,0.6667797560840829,0.59555036,0.17601759413862825
4152,Enpp6,0.6669385528888965,0.68787414,0.1759141771337985
4153,Man1c1,0.6670973646156781,0.5788402,0.17581077503491402
4154,Ranbp3,0.6670973646156781,0.4199267,0.17581077503491402
4155,Aggf1,0.6670973646156781,0.13887829,0.17581077503491402
4156,Nelfcd,0.6680505479920638,0.1071457,0.1751906754234387
4157,Cdc42ep1,0.6680505479920638,1.9211419,0.1751906754234387
4158,Cwc15,0.668209463999762,-0.03816172,0.17508737764465993
4159,Agfg2,0.6683683948800154,0.3529267,0.17498409476567936
4160,Ap3b1,0.6683683948800154,0.14153169,0.17498409476567936
4161,Qser1,0.6685273406266385,0.31480238,0.17488082678572803
4162,Ugp2,0.6685273406266385,0.03049171,0.17488082678572803
4163,Cpxm1,0.6686863012334435,1.8453529,0.17477757370403713
4164,Med15,0.6686863012334435,0.5103631,0.17477757370403713
4165,Srsf7,0.6694813269534932,0.029943358,0.1742615317425666
4166,Pphln1,0.6696403765913387,0.43702388,0.17415836803428378
4167,Nfx1,0.6696403765913387,-0.01058678,0.17415836803428378
4168,Tcf3,0.6696403765913387,0.08647293,0.17415836803428378
4169,Loxl4,0.6696403765913387,1.7407603,0.17415836803428378
4170,Skiv2l2,0.6699585203112649,0.43461272,0.17395208529557257
4171,Ube2o,0.6699585203112649,1.6333431,0.17395208529557257
4172,Slc35e1,0.6699585203112649,0.43522692,0.17395208529557257
4173,Polr2h,0.6699585203112649,0.17950113,0.17395208529557257
4174,Mfap2,0.6701176143809364,1.3132327,0.1738489662636045
4175,Kdelc1,0.6702767232488042,1.5956626,0.17374586212220147
4176,Ormdl3,0.6702767232488042,0.7251589,0.17374586212220147
4177,Fam172a,0.6702767232488042,0.4501612,0.17374586212220147
4178,RP23-354E8.2,0.6702767232488042,0.46616107,0.17374586212220147
4179,Phldb1,0.6704358469086587,1.1936568,0.1736427728705934
4180,Nop14,0.6705949853542883,0.4589201,0.17353969850801007
4181,Gatsl3,0.6707541385794797,2.5090644,0.17343663903368114
4182,Zfp266,0.6707541385794797,1.3295423,0.17343663903368114
4183,Ccnt1,0.6709133065780172,0.14469986,0.17333359444683633
4184,Ext1,0.6709133065780172,0.5957497,0.17333359444683633
4185,Exoc5,0.6709133065780172,0.00024014164,0.17333359444683633
4186,Klhdc10,0.6709133065780172,0.3927378,0.17333359444683633
4187,Dpy19l3,0.6710724893436835,2.1567354,0.17323056474670492
4188,Impdh1,0.671231686870259,0.19362152,0.17312754993251642
4189,Slc12a4,0.6713908991515223,1.0642087,0.17302455000350012
4190,Rbms2,0.6713908991515223,2.236619,0.17302455000350012
4191,Tra2a,0.6713908991515223,-0.04645391,0.17302455000350012
4192,Sptbn1,0.6715501261812502,-0.010143713,0.17292156495888494
4193,Smad9,0.6717093679532169,2.1486948,0.17281859479790027
4194,Xiap,0.6717093679532169,0.008305631,0.17281859479790027
4195,Armcx2,0.6718686244611952,1.3183048,0.1727156395197749
4196,Clic5,0.6723464823388962,1.9661572,0.17240686297484265
4197,Smim8,0.6723464823388962,1.9003258,0.17240686297484265
4198,Hoxb5,0.6723464823388962,1.8972906,0.17240686297484265
4199,Snx12,0.6725057977286073,0.38568896,0.172303967220442
4200,Gdf11,0.6726651278231635,2.0251396,0.17220108634504386
4201,Tspyl2,0.6726651278231635,1.9117142,0.17220108634504386
4202,RP23-175G2.2,0.6726651278231635,1.8574541,0.17220108634504386
4203,Pdlim4,0.6728244726163252,1.516095,0.1720982203478766
4204,Zfp664,0.6728244726163252,1.431798,0.1720982203478766
4205,Uxt,0.6729838321018515,1.6622868,0.1719953692281683
4206,Rarres2,0.6729838321018515,1.9171606,0.1719953692281683
4207,Rmdn1,0.6733025951250222,1.6384635,0.17178971161804152
4208,Qsox2,0.6733025951250222,1.6256509,0.17178971161804152
4209,Abcd2,0.6733025951250222,0.03630961,0.17178971161804152
4210,Napa,0.6734619986501744,0.40708074,0.17168690512607881
4211,Rab11fip4,0.6734619986501744,1.1399838,0.17168690512607881
4212,Jmjd8,0.6736214168427064,1.712257,0.17158411350848696
4213,Farsa,0.6737808496963669,0.17720342,0.17148133676449376
4214,Fbxl15,0.6739402972049028,1.6719102,0.17137857489332675
4215,Plekhg5,0.6739402972049028,1.5767404,0.17137857489332675
4216,Ss18l1,0.6739402972049028,1.949118,0.17137857489332675
4217,Kbtbd3,0.6739402972049028,1.550513,0.17137857489332675
4218,Znhit3,0.6739402972049028,1.6497651,0.17137857489332675
4219,Per1,0.6742592361615789,1.4531006,0.17117309576638112
4220,Papss2,0.6744187275972028,0.6930726,0.17107037850905732
4221,Ccdc58,0.6744187275972028,1.1841044,0.17107037850905732
4222,Xndc1,0.6745782336626702,1.3006363,0.17096767612146893
4223,Rhebl1,0.6745782336626702,1.5862516,0.17096767612146893
4224,Stim1,0.6747377543517181,0.27163178,0.1708649886028431
4225,Tecpr2,0.6747377543517181,1.2386634,0.1708649886028431
4226,Ppme1,0.6747377543517181,0.22590065,0.1708649886028431
4227,RP23-192C21.3,0.6748972896580815,1.6227684,0.17076231595240685
4228,Fig4,0.6748972896580815,1.6909806,0.17076231595240685
4229,RP23-335G1.1,0.6748972896580815,1.6436577,0.17076231595240685
4230,Pon2,0.6750568395754935,0.3244079,0.17065965816938705
4231,Entpd7,0.6750568395754935,0.33381146,0.17065965816938705
4232,Carf,0.6752164040976851,1.1456062,0.17055701525301045
4233,Arrdc2,0.6752164040976851,1.2972848,0.17055701525301045
4234,Ap1ar,0.6753759832183859,0.44063118,0.17045438720250364
4235,Ddx41,0.6753759832183859,0.18249686,0.17045438720250364
4236,RP24-273K21.3,0.6755355769313227,1.4837921,0.1703517740170932
4237,Ube2d1,0.6756951852302211,0.89091027,0.1702491756960055
4238,RP24-100B13.1,0.6756951852302211,0.9826452,0.1702491756960055
4239,Rps19-ps6,0.6756951852302211,1.1581572,0.1702491756960055
4240,Dctn1,0.675854808108804,0.04514055,0.17014659223846704
4241,Cdc42bpb,0.675854808108804,0.63111067,0.17014659223846704
4242,Tcaim,0.675854808108804,1.331899,0.17014659223846704
4243,Hnrnph3,0.6760144455607933,-0.14457808,0.17004402364370377
4244,Fahd1,0.6760144455607933,0.69155407,0.17004402364370377
4245,Tbc1d20,0.6761740975799077,0.19644171,0.16994146991094217
4246,Snx8,0.6761740975799077,0.92599803,0.16994146991094217
4247,RP23-336M12.2,0.676333764159865,0.90331554,0.16983893103940798
4248,Ctbs,0.6764934452943805,1.1529427,0.16973640702832726
4249,Kcnq1ot1,0.6764934452943805,0.035023723,0.16973640702832726
4250,RP24-344N22.3,0.6764934452943805,1.0608629,0.16973640702832726
4251,Zfp593,0.6766531409771677,0.9372494,0.1696338978769258
4252,Rasa4,0.676812851201938,0.8542229,0.1695314035844293
4253,Zfp84,0.6769725759624012,0.9561755,0.1694289241500633
4254,Eri3,0.6769725759624012,0.83050936,0.1694289241500633
4255,Rfx3,0.677451837395014,0.8366988,0.16912157498800287
4256,AC130827.2,0.6777714175798069,0.9320909,0.16891674982307994
4257,Sike1,0.6779312294222181,0.32373238,0.1688143595212288
4258,Nudcd1,0.6780910557562341,0.82222235,0.16871198407208451
4259,Prr5l,0.6782508965755488,0.65753186,0.16860962347487182
4260,Echdc1,0.6782508965755488,0.9030218,0.16860962347487182
4261,Cep295,0.6782508965755488,0.69959366,0.16860962347487182
4262,Slc39a9,0.6782508965755488,0.20175803,0.16860962347487182
4263,Slc31a1,0.6784107518738542,0.6730287,0.16850727772881544
4264,Abcf1,0.6785706216448408,0.12807669,0.16840494683313953
4265,Hsph1,0.678890404579606,0.09086996,0.16820032958982806
4266,Prps1l3,0.6792102453293256,0.7864378,0.16799577173873156
4267,Arpp19,0.6792102453293256,-0.051944014,0.16799577173873156
4268,RP24-354K18.1,0.6792102453293256,0.87489915,0.16799577173873156
4269,Pddc1,0.6793701873689977,-0.04051826,0.16789351508332417
4270,Pogk,0.6793701873689977,0.7700447,0.16789351508332417
4271,March1,0.6795301438434496,0.71586066,0.16779127327364265
4272,Anapc15,0.6804901854662777,-0.26147386,0.16717813413232266
4273,Qdpr,0.6804901854662777,0.14505526,0.16717813413232266
4274,Galnt10,0.6808103145318941,0.6034821,0.16697387314915674
4275,Tubb2a,0.6808103145318941,0.69178694,0.16697387314915674
4276,Fam53a,0.6811305011086969,0.45201054,0.16676967152093636
4277,Upf2,0.6811305011086969,0.016228417,0.16676967152093636
4278,Hoxb4,0.6814507451459495,0.48926076,0.16656552924144388
4279,Ano10,0.6814507451459495,0.6477791,0.16656552924144388
4280,Zbtb14,0.6816108886963806,0.5026822,0.16646348035552727
4281,Thumpd1,0.6817710465928839,0.046950124,0.16636144630446031
4282,Ttc32,0.6820914053987017,-0.06803193,0.1661574227037645
4283,Pea15a,0.6825720510441353,0.71626467,0.1658514985446487
4284,Prkag2,0.6827322948836362,0.44674477,0.16574955348634526
4285,Tex10,0.6828925530247127,0.5903756,0.16564762325744573
4286,Clk2,0.6832131121861338,0.72939646,0.1654438072847444
4287,Zfp101,0.6838544018477236,0.5231483,0.16503635325793162
4288,Trip4,0.6838544018477236,0.2981167,0.16503635325793162
4289,Kidins220,0.6843355188145546,0.13522501,0.16473091839205287
4290,Cfap97,0.6843355188145546,0.55343115,0.16473091839205287
4291,Cyfip1,0.6843355188145546,0.05303349,0.16473091839205287
4292,Kif1c,0.6843355188145546,0.87244177,0.16473091839205287
4293,Rinl,0.6844959196210305,0.52941126,0.16462913641436278
4294,Shkbp1,0.6851376650976871,0.44843146,0.16422215670416315
4295,Amot,0.6852981369975972,1.7622868,0.16412044882285495
4296,Psmd11,0.6852981369975972,-0.027391972,0.16412044882285495
4297,Vps13b,0.6856191233895665,0.1798666,0.16391707751026915
4298,Asb8,0.6857796378688337,0.5404215,0.16381541407743122
4299,Washc1,0.6857796378688337,0.37340984,0.16381541407743122
4300,Nkiras2,0.6861007093619375,0.60678923,0.16361213165476404
4301,Timm17b,0.6864218375251185,0.36387154,0.16340890848423847
4302,Hmgcl,0.6864218375251185,0.47623056,0.16340890848423847
4303,Nab2,0.686582422841975,1.1100355,0.16330731911657723
4304,Fgfr1op,0.6867430223071314,0.35556915,0.1632057445596092
4305,Yap1,0.686903635914177,1.5099127,0.16310418481255357
4306,Ier5,0.686903635914177,0.24987373,0.16310418481255357
4307,Slirp,0.6870642636566996,0.3715081,0.1630026398746293
4308,Cgref1,0.6872249055282849,0.72345304,0.16290110974505517
4309,Zcchc9,0.6873855615225164,0.3490674,0.16279959442305006
4310,Heatr5a,0.6877069158532445,0.3924702,0.16259660819862104
4311,Plxnb1,0.6878676141768989,2.48543,0.16249513729463425
4312,Vcan,0.6880283265975156,0.43963456,0.16239368119509043
4313,Ccdc8,0.688189053108669,1.3774822,0.16229223989920774
4314,Card6,0.688189053108669,1.498254,0.16229223989920774
4315,Arvcf,0.688189053108669,2.2474906,0.16229223989920774
4316,Nup155,0.688189053108669,0.53811127,0.16229223989920774
4317,Six4,0.6885105483768732,2.2291093,0.16208940171529812
4318,Ola1,0.6889928967974501,0.13050489,0.16178525544734235
4319,Mxra7,0.6891537077167755,1.94156,0.16168390295700347
4320,Nhs,0.6894753716854938,2.1481886,0.16148124237010072
4321,Hsdl1,0.6894753716854938,0.31038606,0.16148124237010072
4322,Chst12,0.6894753716854938,0.22341968,0.16148124237010072
4323,Extl2,0.689797091784686,1.1470702,0.16127864096967992
4324,Dnajb11,0.689797091784686,-0.032494966,0.16127864096967992
4325,Mob3c,0.689797091784686,1.9985822,0.16127864096967992
4326,Cstf2,0.689797091784686,0.19998406,0.16127864096967992
4327,B4galt2,0.689797091784686,1.994325,0.16127864096967992
4328,RP23-65G17.2,0.689797091784686,1.9987206,0.16127864096967992
4329,Pqlc1,0.6899579728670966,-0.12759556,0.16117736246244305
4330,Zmat2,0.6899579728670966,-0.022268888,0.16117736246244305
4331,Mospd2,0.6899579728670966,0.8943656,0.16117736246244305
4332,RP23-140G16.1,0.6901188679627861,1.239997,0.1610760987494779
4333,Tead2,0.6901188679627861,1.8593601,0.1610760987494779
4334,Copg2,0.6901188679627861,-0.115269765,0.1610760987494779
4335,Akap1,0.6901188679627861,0.9090405,0.1610760987494779
4336,Mbip,0.6901188679627861,2.0820162,0.1610760987494779
4337,Daam1,0.6901188679627861,0.4186275,0.1610760987494779
4338,Nop2,0.6901188679627861,1.3646946,0.1610760987494779
4339,Tmem132a,0.6901188679627861,1.9687825,0.1610760987494779
4340,Rad54l2,0.6901188679627861,0.45692432,0.1610760987494779
4341,Deptor,0.6904407001681978,1.4393953,0.16087361570322997
4342,Tcf7l1,0.6904407001681978,1.2616673,0.16087361570322997
4343,Nom1,0.6907625883492943,0.02101972,0.16067119182466982
4344,Taf6l,0.6909235534145826,0.31589735,0.16057000207131394
4345,Decr2,0.6910845324544184,1.5928202,0.16046882710752924
4346,Poldip3,0.6910845324544184,0.29135394,0.16046882710752924
4347,Ano8,0.6910845324544184,1.1968899,0.16046882710752924
4348,Lyrm9,0.6910845324544184,1.8131713,0.16046882710752924
4349,Armcx4,0.6910845324544184,1.8946738,0.16046882710752924
4350,Cemip,0.6910845324544184,1.7038484,0.16046882710752924
4351,Traf4,0.6910845324544184,1.5903958,0.16046882710752924
4352,Pld1,0.6910845324544184,1.3067158,0.16046882710752924
4353,Lrp10,0.6912455254623397,0.12274809,0.16036766693253204
4354,Ube2z,0.6914065324318828,0.20977695,0.1602665215455385
4355,Dtx4,0.6915675533565819,0.93990386,0.16016539094576454
4356,Hdac4,0.6915675533565819,0.39487147,0.16016539094576454
4357,Sec16b,0.6917285882299697,1.6110672,0.16006427513242608
4358,Mtif3,0.6920506997969311,1.5821798,0.159862087861919
4359,Emg1,0.6922117764775604,0.0039163567,0.1597610164031815
4360,Anxa2,0.692372867080989,-0.088551894,0.15965995972774216
4361,Tpt1-ps3,0.692372867080989,1.1957307,0.15965995972774216
4362,Coq10a,0.692372867080989,1.4456816,0.15965995972774216
4363,RP23-403O11.1,0.692372867080989,1.5158383,0.15965995972774216
4364,Dhcr7,0.692372867080989,1.3757825,0.15965995972774216
4365,AC102077.1,0.692372867080989,1.4011632,0.15965995972774216
4366,Rps10-ps1,0.6926950900303348,1.0769352,0.1594578907236192
4367,Gys1,0.6926950900303348,-0.17560227,0.1594578907236192
4368,RP23-269H21.1,0.6930173685931302,1.4835849,0.15925588084327164
4369,Bglap2,0.6930173685931302,0.991766,0.15925588084327164
4370,Rnf103,0.6930173685931302,1.0954319,0.15925588084327164
4371,Inppl1,0.6933397027175063,0.909925,0.15905393008041976
4372,Cox11,0.6933397027175063,1.4820418,0.15905393008041976
4373,Tbc1d4,0.6933397027175063,1.1615582,0.15905393008041976
4374,Strada,0.6933397027175063,1.2663248,0.15905393008041976
4375,Abca8b,0.6933397027175063,1.3545899,0.15905393008041976
4376,Tut1,0.6933397027175063,1.363836,0.15905393008041976
4377,Tax1bp3,0.6936620923515642,0.9069748,0.15885203842878187
4378,Arhgef10,0.6936620923515642,1.115372,0.15885203842878187
4379,Akap8l,0.6936620923515642,0.969,0.15885203842878187
4380,Zfp46,0.6936620923515642,1.101652,0.15885203842878187
4381,F3,0.693984537443375,1.1786506,0.15865020588207462
4382,Egln3,0.693984537443375,1.1000739,0.15865020588207462
4383,Raf1,0.6943070379409795,0.83243,0.15844843243401305
4384,Ap3m1,0.6943070379409795,0.5819929,0.15844843243401305
4385,Tfr2,0.6943070379409795,1.1269752,0.15844843243401305
4386,Dusp5,0.6943070379409795,1.1730196,0.15844843243401305
4387,Zc3hc1,0.6943070379409795,1.0869749,0.15844843243401305
4388,RP24-500I24.3,0.6946295937923888,1.2040772,0.15824671807831034
4389,Hist1h2bj,0.6946295937923888,0.8992269,0.15824671807831034
4390,Prmt3,0.6949522049455836,0.8791493,0.15804506280867814
4391,Trip10,0.6949522049455836,1.3446107,0.15804506280867814
4392,RP23-252E4.2,0.6949522049455836,0.8544967,0.15804506280867814
4393,Exoc1,0.6949522049455836,1.0556661,0.15804506280867814
4394,Rhot1,0.6949522049455836,0.87490016,0.15804506280867814
4395,Nr2c2ap,0.6952748713485146,0.6296993,0.15784346661882648
4396,Alkbh7,0.6952748713485146,0.7113291,0.15784346661882648
4397,Qpctl,0.6952748713485146,1.0270808,0.15784346661882648
4398,Narfl,0.695597592949103,0.8731,0.15764192950246336
4399,Enkd1,0.695597592949103,0.78268236,0.15764192950246336
4400,Rrp7a,0.695597592949103,0.8632766,0.15764192950246336
4401,Aida,0.6962432015347846,0.07826581,0.15723903246502752
4402,Hacd2,0.6962432015347846,0.9105624,0.15723903246502752
4403,Leng1,0.6962432015347846,0.7459281,0.15723903246502752
4404,Col4a2,0.69656608841557,1.0290921,0.15703767253136264
4405,Uggt1,0.69656608841557,0.089080684,0.15703767253136264
4406,Slc8a3,0.69656608841557,0.66865164,0.15703767253136264
4407,Mogat2,0.6968890302853965,0.18787953,0.15683637164600228
4408,Wdr61,0.6968890302853965,0.17401984,0.15683637164600228
4409,Itga5,0.6972120270920357,0.8153377,0.1566351298026461
4410,Dpf2,0.6972120270920357,0.45628077,0.1566351298026461
4411,Mut,0.6972120270920357,0.15452728,0.1566351298026461
4412,Atg4c,0.6975350787832284,0.80614376,0.15643394699499238
4413,Rcbtb1,0.6975350787832284,0.6922199,0.15643394699499238
4414,RP24-421E18.7,0.6975350787832284,0.87624025,0.15643394699499238
4415,Rprd1a,0.6975350787832284,0.61605716,0.15643394699499238
4416,Baiap2,0.6975350787832284,0.8052155,0.15643394699499238
4417,Prkag1,0.6975350787832284,0.14062262,0.15643394699499238
4418,Supt20,0.6978581853066868,-0.022652851,0.1562328232167372
4419,Fbxo8,0.6978581853066868,0.5332152,0.1562328232167372
4420,RP23-285C18.2,0.6978581853066868,0.23449688,0.1562328232167372
4421,Mars,0.6978581853066868,0.6289509,0.1562328232167372
4422,Ppp2r5d,0.6978581853066868,0.669475,0.1562328232167372
4423,Dennd1a,0.6981813466100925,0.68839544,0.1560317584615753
4424,Smg8,0.6985045626410975,0.7214067,0.15583075272319966
4425,Pla2g12a,0.6985045626410975,0.67972654,0.15583075272319966
4426,Polr2b,0.6985045626410975,0.1014394,0.15583075272319966
4427,Ruvbl2,0.6988278333473245,0.5998832,0.15562980599530135
4428,Yars,0.6988278333473245,0.5419383,0.15562980599530135
4429,AC121847.1,0.6988278333473245,0.58582073,0.15562980599530135
4430,Ttc9c,0.6988278333473245,-0.0069154454,0.15562980599530135
4431,Pcsk6,0.6988278333473245,0.33850053,0.15562980599530135
4432,Ago1,0.6988278333473245,0.60974634,0.15562980599530135
4433,Parn,0.6988278333473245,0.48180658,0.15562980599530135
4434,Gpatch4,0.6988278333473245,0.67119837,0.15562980599530135
4435,Slx4ip,0.6988278333473245,0.49826893,0.15562980599530135
4436,Cdk13,0.6989894891872699,0.19711795,0.15552935475830937
4437,Gadd45a,0.6994745385757839,0.6604901,0.15522808954569398
4438,RP24-309L4.3,0.700121461875856,0.6182975,0.15482660906224896
4439,Otud4,0.700121461875856,0.057558645,0.15482660906224896
4440,Zfp407,0.7004450051714872,0.45979622,0.1546259572920475
4441,RP23-221O14.10,0.7004450051714872,0.1923639,0.1546259572920475
4442,Tmem55a,0.7010922547911622,0.4927742,0.15422483066309192
4443,Eef2k,0.701254101121982,-0.13962536,0.15412458585779537
4444,Wipi2,0.7017397214313386,0.50701076,0.15382393987392015
4445,Galc,0.7017397214313386,0.42304352,0.15382393987392015
4446,Ifi47,0.7017397214313386,0.4065421,0.15382393987392015
4447,Fut8,0.7020635360024858,0.37631205,0.15362358290344202
4448,Zbtb43,0.7020635360024858,0.26499906,0.15362358290344202
4449,Dnajb4,0.7020635360024858,0.42452785,0.15362358290344202
4450,Sirt2,0.7020635360024858,0.5095347,0.15362358290344202
4451,Gnb1,0.7022254635777715,-0.13533635,0.15352342652146192
4452,Cdk2ap1,0.7023874046707448,-0.10843566,0.15342328487393309
4453,Lmnb2,0.703359334730719,-0.020895453,0.15282274436792134
4454,Plcd1,0.703359334730719,1.7929041,0.15282274436792134
4455,Pkig,0.7036834192598048,-0.094419725,0.15262268203898072
4456,Ppa1,0.7036834192598048,0.39590895,0.15262268203898072
4457,Nfkbil1,0.7040075576220455,0.13644876,0.15242267861934664
4458,Zfp771,0.7040075576220455,0.26955634,0.15242267861934664
4459,Orai1,0.7040075576220455,-0.036119338,0.15242267861934664
4460,Thap11,0.7040075576220455,0.43249068,0.15242267861934664
4461,Snhg20,0.7043317497645616,0.398793,0.15222273410268142
4462,Mettl1,0.7046559956344445,0.34976864,0.15202284848264572
4463,RP23-363J15.1,0.7046559956344445,1.4798498,0.15202284848264572
4464,Dpp3,0.7046559956344445,0.12750311,0.15202284848264572
4465,Haghl,0.7053046483445296,0.16358675,0.15162325390709702
4466,Phb,0.705629055078768,0.33850554,0.15142354493889693
4467,Suclg1,0.705629055078768,0.0013995118,0.15142354493889693
4468,Nlk,0.705629055078768,0.39790645,0.15142354493889693
4469,Bscl2,0.705629055078768,0.36793414,0.15142354493889693
4470,Pigu,0.7059535153284462,0.17910111,0.151223894841952
4471,Ints10,0.7059535153284462,0.4129845,0.151223894841952
4472,Lipa,0.7059535153284462,0.14437234,0.151223894841952
4473,Pfdn2,0.7061157655049967,-0.089828365,0.1511240918682166
4474,Hsdl2,0.7062780290405093,0.20338595,0.15102430360991437
4475,Helb,0.7064403059283475,-0.012808424,0.15092453006625167
4476,Nckap5l,0.7067648997344466,1.9202816,0.1507250271196691
4477,Cgnl1,0.7067648997344466,1.9687781,0.1507250271196691
4478,Rps27,0.7072518904200235,0.3092702,0.15042588303974155
4479,Elk1,0.7074142472823499,1.8454068,0.150326197767241
4480,Slc35f5,0.7074142472823499,1.1190405,0.150326197767241
4481,Atp6v0a2,0.7075766174504965,0.3719551,0.15022652720382068
4482,Ubtf,0.707901397677644,-0.14445235,0.15002723020104244
4483,Prkab2,0.707901397677644,1.3357552,0.15002723020104244
4484,Hivep1,0.707901397677644,0.22915891,0.15002723020104244
4485,Hoxd8,0.707901397677644,1.3387893,0.15002723020104244
4486,Bag3,0.707901397677644,0.8458529,0.15002723020104244
4487,Zfp30,0.7080638077233379,1.8579588,0.14992760376009495
4488,Rnf25,0.7082262310482371,-0.105600975,0.1498279920250487
4489,Apobr,0.7082262310482371,0.19581535,0.1498279920250487
4490,Abcb7,0.7082262310482371,0.34731814,0.1498279920250487
4491,Zfp799,0.7083886676456836,1.7564769,0.1497283949951087
4492,March6,0.7083886676456836,0.061656024,0.1497283949951087
4493,Tbcb,0.7085511175090177,-0.10810705,0.14962881266947964
4494,Uckl1,0.7085511175090177,0.29400265,0.14962881266947964
4495,Spg11,0.7087135806315771,1.5727506,0.1495292450473665
4496,Eme2,0.7087135806315771,1.7755866,0.1495292450473665
4497,Mthfd2l,0.7087135806315771,1.820367,0.1495292450473665
4498,Nubp1,0.7087135806315771,0.451846,0.1495292450473665
4499,Eml1,0.7087135806315771,1.603447,0.1495292450473665
4500,Scnm1,0.7087135806315771,1.8768947,0.1495292450473665
4501,Cers5,0.7088760570066985,0.3363166,0.1494296921279738
4502,Laptm4b,0.7090385466277165,1.723538,0.14933015391050616
4503,Lin37,0.7090385466277165,1.9850773,0.14933015391050616
4504,RP23-440D19.2,0.7092010494879637,0.18454918,0.149230630394168
4505,Mylip,0.7092010494879637,0.27593437,0.149230630394168
4506,Napg,0.7092010494879637,0.20390086,0.149230630394168
4507,Zfp948,0.7093635655807711,1.771671,0.14913112157816377
4508,Megf9,0.7098511931878382,-0.08175189,0.1488326833241954
4509,Snx21,0.7098511931878382,1.092987,0.1488326833241954
4510,Bin3,0.7098511931878382,0.17153244,0.1488326833241954
4511,H1fx,0.7100137621441607,1.5592628,0.1487332333015675
4512,Slc39a3,0.7100137621441607,1.4178098,0.1487332333015675
4513,Impa2,0.7101763442996711,-0.07317666,0.14863379797529366
4514,Lats1,0.7101763442996711,0.24412507,0.14863379797529366
4515,Dennd6a,0.7101763442996711,0.098719195,0.14863379797529366
4516,RP23-114B10.6,0.71033893964769,1.4102312,0.1485343773445773
4517,Zdhhc21,0.71033893964769,0.32487282,0.1485343773445773
4518,Ube2e1,0.7105015481815354,0.23268723,0.14843497140862225
4519,Ehbp1l1,0.7106641698945242,0.00047137766,0.1483355801666318
4520,Zrsr1,0.7106641698945242,1.4323198,0.1483355801666318
4521,RP24-454N4.2,0.7109894528311888,1.4467709,0.14813684176135822
4522,Blzf1,0.7111521140414886,0.95884055,0.14803749459648163
4523,Smndc1,0.7111521140414886,0.04181541,0.14803749459648163
4524,Scyl2,0.7111521140414886,1.0027956,0.14803749459648163
4525,Yipf6,0.7111521140414886,0.7471919,0.14803749459648163
4526,Trim47,0.7113147884041799,1.416876,0.14793816212238256
4527,Trmt11,0.7113147884041799,1.2233323,0.14793816212238256
4528,Clec16a,0.711640176559966,1.345186,0.14773954124332858
4529,Rcl1,0.711640176559966,1.1073269,0.14773954124332858
4530,Wee1,0.7118028903396703,0.15544327,0.14764025283677942
4531,Snx19,0.7118028903396703,0.92111707,0.14764025283677942
4532,Mettl25,0.7119656172449857,1.1469666,0.14754097911781885
4533,Afg3l2,0.7119656172449857,0.80765224,0.14754097911781885
4534,Nprl2,0.7119656172449857,1.1182867,0.14754097911781885
4535,Ccdc14,0.7122911104056495,1.0051003,0.14734247573947398
4536,Cenpt,0.7122911104056495,1.1684036,0.14734247573947398
4537,Zfp994,0.7122911104056495,1.1278887,0.14734247573947398
4538,Spryd3,0.7122911104056495,1.033124,0.14734247573947398
4539,Pcnxl3,0.7124538766475935,0.9065846,0.14724324607849426
4540,RP24-271M20.3,0.7124538766475935,0.91623026,0.14724324607849426
4541,Pigf,0.7126166559883396,1.0192277,0.14714403110191263
4542,Ttc27,0.7126166559883396,1.0601827,0.14714403110191263
4543,Mier2,0.7126166559883396,0.84284157,0.14714403110191263
4544,Gtf3c2,0.7126166559883396,0.2055066,0.14714403110191263
4545,Zfp512,0.7126166559883396,1.0820625,0.14714403110191263
4546,Pafah1b3,0.7132679042051816,0.8543325,0.14674731802360808
4547,Sfxn3,0.7135936067319542,0.84592545,0.14654904957009418
4548,Tfpt,0.7135936067319542,1.0020782,0.14654904957009418
4549,Hdac1,0.7135936067319542,-0.105447195,0.14654904957009418
4550,Pes1,0.7135936067319542,0.034768637,0.14654904957009418
4551,Myo1e,0.713756477576425,0.9432665,0.14644993736195236
4552,Hlf,0.7139193614659938,0.89456135,0.1463508398318225
4553,Smox,0.7140822583939397,0.91216767,0.1462517569789057
4554,Klra2,0.7142451683535396,1.1211368,0.1461526888024033
4555,Klhl36,0.7142451683535396,0.7604201,0.1461526888024033
4556,Spata24,0.7145710273408019,0.55987144,0.14595459647544531
4557,Eya3,0.7145710273408019,0.5158395,0.14595459647544531
4558,Oser1,0.7147339763550096,0.07908617,0.14585557232339158
4559,Ubr7,0.7147339763550096,0.04692709,0.14585557232339158
4560,Ireb2,0.7155489163625643,0.065430716,0.14536067164539979
4561,Cep250,0.7157119433042317,0.15313447,0.14526173552065955
4562,Ube2q1,0.7157119433042317,-0.16297553,0.14526173552065955
4563,Fez2,0.7158749832102274,0.4943683,0.1451628140643391
4564,Plrg1,0.716038036073809,0.5838904,0.14506390727563834
4565,Ect2,0.716038036073809,0.14564435,0.14506390727563834
4566,Fam192a,0.7162011018882324,-0.19314577,0.1449650151537572
4567,Lmf2,0.7162011018882324,0.6034507,0.1449650151537572
4568,Psme4,0.7162011018882324,-0.07970147,0.1449650151537572
4569,Mzt2,0.7163641806467517,0.48864958,0.14486613769789541
4570,Kpna2,0.7163641806467517,0.63524354,0.14486613769789541
4571,Tmub2,0.7163641806467517,0.7232919,0.14486613769789541
4572,Ciz1,0.7163641806467517,0.5683285,0.14486613769789541
4573,Nfatc3,0.7168534945193994,-0.00801389,0.14456959331842203
4574,Mitf,0.7173429246458884,0.47960052,0.1442731809043033
4575,Smurf1,0.7173429246458884,0.7042186,0.1442731809043033
4576,Nit1,0.7173429246458884,0.44105652,0.1442731809043033
4577,Hist1h1e,0.7175060938240456,0.03950591,0.14417440608816076
4578,Phc3,0.7175060938240456,0.47332993,0.14417440608816076
4579,Hibch,0.717669275892268,0.3760347,0.14407564593163166
4580,Mtm1,0.717669275892268,0.34447822,0.14407564593163166
4581,Ammecr1,0.717669275892268,0.54131395,0.14407564593163166
4582,Mad1l1,0.7179956786718589,0.50299746,0.14387816959420913
4583,Noc2l,0.7181588993696988,-0.1580167,0.14377945341171278
4584,Zfp426,0.7181588993696988,0.41389412,0.14377945341171278
4585,Ccdc115,0.718648638614186,-0.12598401,0.14348339279946465
4586,Cep97,0.718648638614186,0.33690748,0.14348339279946465
4587,Plscr3,0.7189751956686067,0.067686394,0.14328609232931566
4588,Ttll4,0.7189751956686067,0.28339604,0.14328609232931566
4589,Ccnk,0.7193018040396083,0.0022877755,0.14308885046876121
4590,Actr10,0.7196284636729628,0.45234963,0.14289166721138347
4591,Snx15,0.7201185491212138,0.40651968,0.14259600219222981
4592,Kdm2b,0.7202819365096786,0.0767562,0.142497476480478
4593,Idnk,0.7204453366730192,0.44682115,0.1423989654147044
4594,Nek7,0.7206087496044439,-0.07538688,0.14230046899410592
4595,Vti1b,0.7209356137443697,0.36585158,0.14210352008522206
4596,Sec24c,0.7209356137443697,0.53315324,0.14210352008522206
4597,Mir17hg,0.7212625288750882,0.37034598,0.14190662974739976
4598,Ints12,0.7214260055449971,0.463155,0.141808206540628
4599,Dpagt1,0.7215894949422036,0.43209624,0.141709797974211
4600,Rbbp7,0.7215894949422036,-0.12069603,0.141709797974211
4601,Faap100,0.7217529970599037,0.2963432,0.1416114040473449
4602,Gid4,0.7217529970599037,0.4765977,0.1416114040473449
4603,Kbtbd2,0.7217529970599037,0.38773122,0.1416114040473449
4604,Lipc,0.7222435796679011,1.6069156,0.14131631009601295
4605,Aasdhppt,0.7224071325995025,0.27148643,0.1412179747193106
4606,Chfr,0.7224071325995025,0.5364023,0.1412179747193106
4607,Coa5,0.722570698217552,0.2538405,0.14111965397813875
4608,Mtx2,0.7227342765152356,0.35572952,0.14102134787169288
4609,Tenm4,0.7228978674857371,0.79240197,0.1409230563991684
4610,Hnrnpc,0.7230614711222388,-0.09160736,0.14082477955976072
4611,Clasp1,0.7232250874179212,0.60024786,0.1407265173526651
4612,Ptgfrn,0.7232250874179212,0.27456906,0.1407265173526651
4613,Ormdl2,0.723388716365963,0.10857447,0.14062826977707668
4614,Itpa,0.7235523579595413,0.19260108,0.14053003683219048
4615,Ankrd27,0.7237160121918312,-0.19973354,0.1404318185172015
4616,Ddhd2,0.7242070506526989,0.20360245,0.14013725134356492
4617,Fam133b,0.7245344726949718,0.113695994,0.13994094636252852
4618,Cdkn2a,0.7245344726949718,1.8434384,0.13994094636252852
4619,Usp46,0.7250257002242386,0.25779527,0.1396465985769427
4620,RP23-167C5.1,0.7255170409483992,1.8465775,0.13935238239517628
4621,Tbcd,0.7255170409483992,0.36297262,0.13935238239517628
4622,Hipk2,0.7255170409483992,-0.08750096,0.13935238239517628
4623,Pdgfd,0.725844664225981,1.5917861,0.1391563113764821
4624,Serinc5,0.726008494682673,0.24893904,0.13905829779546058
4625,Eif2b2,0.7261723376754989,1.2001301,0.13896029883224717
4626,Aptx,0.7261723376754989,1.6441317,0.13896029883224717
4627,Rbm43,0.726336193197606,0.24826875,0.13886231448603537
4628,Grik5,0.7265000612421406,1.7233919,0.138764344756018
4629,Scaf4,0.7265000612421406,0.27119,0.138764344756018
4630,Kat6b,0.7265000612421406,1.2687341,0.138764344756018
4631,Pygo2,0.7266639418022469,0.37526527,0.13866638964138814
4632,Mef2d,0.7268278348710674,0.04365807,0.1385684491413387
4633,Tpp1,0.7271556585074124,-0.042677015,0.138372611981752
4634,Slc25a32,0.7271556585074124,0.7816132,0.138372611981752
4635,Mmp16,0.7271556585074124,0.051410932,0.138372611981752
4636,Tardbp,0.7273195890612134,-0.08869685,0.1382747153206
4637,Tssc4,0.7276474876057508,0.37763104,0.13807896583154106
4638,Eno1,0.7276474876057508,0.057751708,0.13807896583154106
4639,Lrrc1,0.7278114555827535,1.565637,0.1379811130020186
4640,Uvrag,0.7278114555827535,0.124713816,0.1379811130020186
4641,Chmp2b,0.7279754360204199,0.114560865,0.1378832747814239
4642,Kmt2d,0.7281394289118791,0.07022031,0.13778545116894875
4643,Adamts4,0.7281394289118791,1.4170283,0.13778545116894875
4644,Micall1,0.7281394289118791,1.3034484,0.13778545116894875
4645,Tyrobp,0.7283034342502581,0.07501591,0.13768764216378518
4646,Slc2a8,0.7284674520286822,1.1791176,0.13758984776512506
4647,Cct7,0.7287955248781594,-0.12733026,0.13739430278408157
4648,Agrn,0.7287955248781594,1.2879268,0.13739430278408157
4649,Rasal2,0.7287955248781594,1.0988182,0.13739430278408157
4650,Khdrbs3,0.7287955248781594,1.2427567,0.13739430278408157
4651,Parp9,0.7287955248781594,1.0726849,0.13739430278408157
4652,Ddit4,0.7287955248781594,0.8948239,0.13739430278408157
4653,Rps24,0.7289595799354545,0.25699636,0.1372965522000814
4654,L3mbtl3,0.7291236474052794,0.8753943,0.1371988162193508
4655,Ttl,0.7291236474052794,1.1899307,0.1371988162193508
4656,Git1,0.7294518195549842,0.7848669,0.1370033880644633
4657,Tcirg1,0.7294518195549842,-0.28465408,0.1370033880644633
4658,Nsmf,0.7297800412721884,1.3191829,0.13680801831294798
4659,Cd48,0.7297800412721884,0.021584842,0.13680801831294798
4660,Ocel1,0.7299441707013812,1.056705,0.13671035533643222
4661,Vps9d1,0.7301083125017793,1.0716052,0.13661270695833214
4662,Ctsk,0.7301083125017793,-0.2854275,0.13661270695833214
4663,Traf3ip3,0.7301083125017793,0.91251016,0.13661270695833214
4664,RP23-3J8.1,0.7301083125017793,1.115533,0.13661270695833214
4665,Lfng,0.7301083125017793,1.0088968,0.13661270695833214
4666,RP24-333B11.4,0.7304366331886171,1.0911587,0.1364174539941412
4667,L3mbtl2,0.7304366331886171,1.0198792,0.1364174539941412
4668,Tmem42,0.7304366331886171,0.789657,0.1364174539941412
4669,RP23-122P5.3,0.7304366331886171,1.1712679,0.1364174539941412
4670,Triobp,0.7307650032775346,0.16292776,0.13622225941389898
4671,Rnf113a2,0.7307650032775346,0.7218217,0.13622225941389898
4672,Gmds,0.7307650032775346,0.8406444,0.13622225941389898
4673,Slc27a4,0.7307650032775346,1.1455845,0.13622225941389898
4674,Elp4,0.7307650032775346,0.88504124,0.13622225941389898
4675,Ago2,0.7310934227133377,0.052963678,0.1360271232111275
4676,RP23-380F8.1,0.7310934227133377,0.96304387,0.1360271232111275
4677,AC158114.3,0.7310934227133377,0.82474875,0.1360271232111275
4678,Natd1,0.7310934227133377,1.0020045,0.1360271232111275
4679,Nmi,0.7314218914408053,1.0840684,0.135832045379347
4680,Dcun1d2,0.7314218914408053,0.90935457,0.135832045379347
4681,Cry2,0.7314218914408053,1.0695666,0.135832045379347
4682,Ankib1,0.7317504094046887,0.49244988,0.13563702591207621
4683,Mcm9,0.7317504094046887,1.0311028,0.13563702591207621
4684,Snx14,0.7320789765497124,0.8786287,0.13544206480283214
4685,Elac1,0.7320789765497124,0.82500297,0.13544206480283214
4686,Gemin2,0.7320789765497124,0.73679143,0.13544206480283214
4687,Actr6,0.7320789765497124,0.78038526,0.13544206480283214
4688,Ncoa1,0.7320789765497124,0.7053348,0.13544206480283214
4689,Ric8b,0.7320789765497124,0.9736224,0.13544206480283214
4690,Lrp5,0.7320789765497124,0.6685286,0.13544206480283214
4691,Sptlc1,0.7322432785478711,0.12212076,0.13534460613044358
4692,Terf2,0.7322432785478711,0.057632048,0.13534460613044358
4693,AC110186.1,0.7324075928205743,0.02358072,0.13524716204512968
4694,Tap1,0.7324075928205743,0.09802023,0.13524716204512968
4695,Ing1,0.7324075928205743,-0.06051385,0.13524716204512968
4696,Adgrg1,0.7324075928205743,1.0151428,0.13524716204512968
4697,Slc25a17,0.732571919360905,0.01407665,0.13514973254607968
4698,Mxd3,0.7327362581619448,0.84557456,0.13505231763248238
4699,Ccdc137,0.7327362581619448,0.96711,0.13505231763248238
4700,Gm340,0.7327362581619448,0.78804797,0.13505231763248238
4701,Kti12,0.7327362581619448,0.8363589,0.13505231763248238
4702,Fbxw5,0.7327362581619448,0.7829643,0.13505231763248238
4703,Crot,0.7329006092167727,0.24586761,0.134954917303527
4704,Orm1,0.733064972518467,0.43137023,0.1348575315584021
4705,Dhx9,0.733064972518467,-0.13392504,0.1348575315584021
4706,Eif2ak3,0.733064972518467,0.52238923,0.1348575315584021
4707,P3h4,0.733064972518467,0.53815746,0.1348575315584021
4708,Ttbk2,0.733064972518467,0.70180196,0.1348575315584021
4709,Carkd,0.7333937358347582,0.6202192,0.13466280381639856
4710,Zranb2,0.7335581358355022,-0.15175375,0.13456546181789705
4711,Tmem181a,0.7337225480554075,0.67747104,0.13446813439998023
4712,RP23-349I9.6,0.7337225480554075,0.48733735,0.13446813439998023
4713,Ier3ip1,0.7340514091249779,-0.08533477,0.13427352330265366
4714,RP23-187N1.1,0.7343803189880052,0.41885528,0.13407897051792364
4715,Ythdc1,0.7343803189880052,-0.1093771,0.13407897051792364
4716,Oaf,0.7343803189880052,0.9398913,0.13407897051792364
4717,RP23-7F9.1,0.7343803189880052,0.3782106,0.13407897051792364
4718,Alg14,0.7343803189880052,0.63285285,0.13407897051792364
4719,Bard1,0.7343803189880052,0.79737514,0.13407897051792364
4720,Slc12a6,0.7345447921997253,0.002804945,0.1339817159907521
4721,Rraga,0.7347092775889985,0.56358874,0.13388447603929327
4722,Ercc3,0.7347092775889985,0.5385246,0.13388447603929327
4723,Nsmaf,0.7347092775889985,0.621052,0.13388447603929327
4724,Mpdu1,0.7352028067527223,-0.109237984,0.1335928436310684
4725,Fam32a,0.7352028067527223,-0.06732378,0.1335928436310684
4726,Tor2a,0.7353673407827853,0.46650267,0.13349566197433535
4727,RP23-331A21.2,0.7353673407827853,0.10027012,0.13349566197433535
4728,Dhrs7b,0.7353673407827853,0.55574393,0.13349566197433535
4729,Commd7,0.735531886955682,0.2695536,0.13339849488925193
4730,Pot1a,0.7356964452644631,0.4337493,0.1333013423750053
4731,Cops2,0.7356964452644631,0.03954245,0.1333013423750053
4732,Sertad1,0.7356964452644631,0.6137837,0.1333013423750053
4733,Zfp330,0.7358610157021783,-0.09836953,0.1332042044307824
4734,AC163616.2,0.7360255982618752,0.053549282,0.13310708105577018
4735,Spata2,0.736354799719397,0.45628673,0.13291287801012436
4736,Srebf1,0.736354799719397,0.48700863,0.13291287801012436
4737,Smu1,0.736519418603309,0.096265584,0.13281579833786394
4738,Tmem189,0.736519418603309,-0.050679903,0.13281579833786394
4739,Gzf1,0.736519418603309,-0.036720715,0.13281579833786394
4740,Slc36a4,0.7366840495813771,0.5350096,0.13271873323156058
4741,RP23-372O9.2,0.7370133477921373,0.5430015,0.13252464671357
4742,Atp9b,0.7370133477921373,0.52570516,0.13252464671357
4743,Trp53bp2,0.7370133477921373,0.47983095,0.13252464671357
4744,Zw10,0.7370133477921373,0.26921463,0.13252464671357
4745,Gon4l,0.7373426942959732,0.46289033,0.13233061844964186
4746,Sprtn,0.7373426942959732,0.5174802,0.13233061844964186
4747,Plin3,0.7376720890371534,-0.18798377,0.13213664843326373
4748,Hist1h2br,0.73800153195992,0.15171528,0.13194273665792156
4749,Zfp251,0.73800153195992,0.5204906,0.13194273665792156
4750,Tubb6,0.73800153195992,0.5208915,0.13194273665792156
4751,Nudt7,0.73800153195992,0.06189344,0.13194273665792156
4752,Ganab,0.738331023008489,0.027075315,0.1317488831170993
4753,Lcorl,0.738331023008489,0.35809025,0.1317488831170993
4754,Fam13b,0.7393197843507676,0.064230904,0.13116767183656838
4755,Wapl,0.7394846198631639,-0.16995981,0.1310708542269536
4756,Eif1ad,0.739649467344172,0.048489064,0.13097405116863312
4757,S1pr2,0.739649467344172,0.42770457,0.13097405116863312
4758,Trnt1,0.7398143267868014,0.12803641,0.13087726266079136
4759,Eif3f,0.7403089768144882,-0.07808311,0.13058698443198083
4760,Frmd4a,0.7406388031794877,0.62058365,0.13039353835020956
4761,Sidt2,0.7419585848648917,0.32407707,0.12962033578111154
4762,Smim19,0.7422886490622882,0.40881395,0.1294271805456637
4763,Htatsf1,0.7427838342124684,-0.12910552,0.12913755672105454
4764,Ap1s2,0.7429489195955401,-0.2277258,0.12904104451719794
4765,Ptges3l,0.74311401680008,1.852139,0.12894454684748516
4766,Mdh2,0.7432791258190636,-0.08572072,0.12884806371109825
4767,Zbtb44,0.7434442466454645,-0.107954495,0.12875159510721915
4768,Arhgap23,0.7434442466454645,1.0353138,0.12875159510721915
4769,Pnp,0.7436093792722545,-0.2836338,0.12865514103502976
4770,Mbtps1,0.7436093792722545,0.24261045,0.12865514103502976
4771,Kif2a,0.7436093792722545,0.09493528,0.12865514103502976
4772,Eloc,0.7437745236924038,-0.19240168,0.12855870149371196
4773,Ehd4,0.7439396798988812,-0.13947615,0.12846227648244743
4774,Aim2,0.744270027642687,0.32210463,0.12826947004680408
4775,Elk3,0.744270027642687,0.3341648,0.12826947004680408
4776,Pde7a,0.7446004224473886,0.368933,0.12807672172155118
4777,Srp72,0.7449308642566768,-0.14274451,0.1278840315001383
4778,Bicral,0.7449308642566768,0.26493746,0.1278840315001383
4779,Pbx2,0.7452613530142166,0.15342595,0.12769139937601323
4780,Cnih1,0.7452613530142166,-0.09009268,0.12769139937601323
4781,Galnt5,0.7454266149809692,1.4538121,0.1275951050983856
4782,Spata13,0.7455918886636472,0.29439002,0.1274988253426221
4783,Rps27l,0.7459224711485819,0.002593412,0.12730630939340917
4784,Pex19,0.7459224711485819,0.20102066,0.12730630939340917
4785,Fxyd5,0.7460877799367351,-0.07833783,0.12721007319832056
4786,Sqle,0.7460877799367351,1.393149,0.12721007319832056
4787,Slc25a10,0.7460877799367351,1.5332209,0.12721007319832056
4788,Il1rap,0.7462531004126076,1.0073351,0.12711385152181737
4789,Trappc13,0.7462531004126076,0.089089245,0.12711385152181737
4790,Slc22a15,0.7462531004126076,-0.11751315,0.12711385152181737
4791,Ube2l3,0.7462531004126076,-0.060419284,0.12711385152181737
4792,Msl3,0.7462531004126076,-0.067370586,0.12711385152181737
4793,Tle2,0.7467491318959762,1.1818557,0.12682527359562032
4794,Cd99l2,0.7469144990521535,0.96273905,0.1267291099852583
4795,Hoxb3,0.7470798778607555,1.2801825,0.12663296088938103
4796,AC139064.2,0.7470798778607555,1.3813844,0.12663296088938103
4797,Hspb2,0.7470798778607555,1.2096753,0.12663296088938103
4798,Mbtps2,0.7470798778607555,1.2128,0.12663296088938103
4799,Hoxc4,0.7474106704069783,1.1720859,0.12644070623779838
4800,Cttnbp2nl,0.7474106704069783,1.3707047,0.12644070623779838
4801,Nfkbiz,0.747576084130467,0.043962467,0.12634460068045172
4802,Ptk7,0.7477415094781161,1.2974668,0.12624850963430723
4803,Polr1a,0.7479069464428562,0.7975271,0.12615243309854374
4804,Ppp1r9b,0.7479069464428562,-0.0133082755,0.12615243309854374
4805,Shc2,0.7480723950176149,0.9194275,0.1260563710723405
4806,Usp7,0.7480723950176149,-0.019651303,0.1260563710723405
4807,Esyt2,0.7482378551953192,-0.06726257,0.12596032355487632
4808,Bnip1,0.7482378551953192,1.0125427,0.12596032355487632
4809,Endov,0.7484033269688941,1.102931,0.1258642905453299
4810,Ndufb4,0.7484033269688941,1.1962631,0.1258642905453299
4811,Xpo5,0.7484033269688941,1.0315316,0.1258642905453299
4812,RP23-235I2.1,0.7484033269688941,1.1019212,0.1258642905453299
4813,Trp53i13,0.7484033269688941,1.1417686,0.1258642905453299
4814,Timm50,0.7485688103312633,0.22119159,0.12576827204287988
4815,Ifi209,0.7485688103312633,-0.009329879,0.12576827204287988
4816,Nhlrc3,0.7487343052753486,1.3306621,0.12567226804670484
4817,Lrrc45,0.7490653298803467,0.91083753,0.12548030356989337
4818,Mkrn2,0.7492308595270956,0.8025879,0.12538434308761337
4819,Rpgrip1l,0.7493964007272318,0.89520454,0.1252883971083216
4820,Grhpr,0.7493964007272318,0.87354696,0.1252883971083216
4821,Asnsd1,0.7495619534736697,0.27650794,0.12519246563119582
4822,Mcph1,0.7497275177593214,1.085211,0.12509654865541403
4823,Fam89b,0.7498930935770975,0.270355,0.1250006461801541
4824,Ppp4r1,0.7498930935770975,0.66701144,0.1250006461801541
4825,Cbx7,0.7500586809199076,0.79737806,0.12490475820459346
4826,Prkab1,0.7500586809199076,0.96267873,0.12490475820459346
4827,Kif3a,0.7500586809199076,0.77671266,0.12490475820459346
4828,Klf10,0.7502242797806586,0.15185864,0.12480888472790992
4829,Rnf123,0.750389890152257,0.65707356,0.12471302574928074
4830,Zfp954,0.750389890152257,0.68919283,0.12471302574928074
4831,Chmp7,0.750389890152257,0.8218159,0.12471302574928074
4832,Cul4b,0.7505555120276066,0.62171185,0.1246171812678835
4833,Jarid2,0.7505555120276066,-0.21448205,0.1246171812678835
4834,Nob1,0.75088679026117,0.6144304,0.12442553579349319
4835,Etl4,0.75088679026117,1.4008087,0.12442553579349319
4836,Mccc2,0.7510524466051842,1.0174487,0.12432973479885447
4837,Flcn,0.7510524466051842,0.96446437,0.12432973479885447
4838,Ppcdc,0.7510524466051842,0.6319328,0.12432973479885447
4839,Fmnl3,0.7510524466051842,0.6632452,0.12432973479885447
4840,Adgra3,0.7512181144245514,0.6362344,0.12423394829815586
4841,Osbpl2,0.7512181144245514,0.56209594,0.12423394829815586
4842,Dcaf11,0.7512181144245514,0.70399976,0.12423394829815586
4843,Fdxr,0.7513837937121681,0.5883307,0.12413817629057414
4844,Tirap,0.7513837937121681,0.7052956,0.12413817629057414
4845,Spata6,0.7513837937121681,0.889301,0.12413817629057414
4846,Bola3,0.751549484460929,0.24417853,0.1240424187752861
4847,Vps8,0.751549484460929,0.64729017,0.1240424187752861
4848,Prmt9,0.7517151866637272,0.5473749,0.12394667575146837
4849,Apex2,0.7517151866637272,0.26417765,0.12394667575146837
4850,Pdk3,0.7518809003134543,0.75772166,0.12385094721829742
4851,Fam210a,0.7518809003134543,0.60604596,0.12385094721829742
4852,Stk25,0.7518809003134543,0.4765862,0.12385094721829742
4853,Manea,0.7520466254030008,0.66589904,0.12375523317494949
4854,Lpcat2,0.7520466254030008,0.83979684,0.12375523317494949
4855,Trappc3,0.7520466254030008,0.47567695,0.12375523317494949
4856,Acox1,0.7522123619252549,0.35301465,0.12365953362060099
4857,Fam160b2,0.7522123619252549,-0.10709241,0.12365953362060099
4858,RP24-381E21.2,0.7527096400171238,0.591691,0.12337252188331292
4859,Hoxa9,0.7527096400171238,0.46163046,0.12337252188331292
4860,Chek2,0.7527096400171238,0.43797958,0.12337252188331292
4861,Opa3,0.7528754221990617,0.5782401,0.12327688027672247
4862,Psd4,0.7530412157781258,0.5415532,0.12318125315501118
4863,Flot1,0.7532070207471954,0.17128785,0.12308564051735457
4864,Txndc15,0.7532070207471954,0.5422102,0.12308564051735457
4865,Znhit2,0.7533728370991477,0.43671188,0.12299004236292822
4866,Ncoa5,0.7535386648268587,0.52617574,0.12289445869090752
4867,Ggps1,0.7535386648268587,0.49492064,0.12289445869090752
4868,Guk1,0.7535386648268587,-0.115410894,0.12289445869090752
4869,Washc3,0.7535386648268587,0.2972655,0.12289445869090752
4870,Smim5,0.7537045039232028,0.36232948,0.12279888950046772
4871,Mfap1b,0.7538703543810525,0.07235138,0.12270333479078403
4872,Atg16l2,0.7540362161932791,0.34380993,0.12260779456103153
4873,Exoc7,0.7542020893527521,0.6519033,0.12251226881038518
4874,Gigyf1,0.7542020893527521,0.026823087,0.12251226881038518
4875,Oaz1,0.7542020893527521,0.22935416,0.12251226881038518
4876,Gpd1l,0.7543679738523397,0.5595608,0.12241675753801982
4877,Naa60,0.754533869684908,0.25540593,0.12232126074311025
4878,Tnfrsf21,0.754533869684908,-0.04993624,0.12232126074311025
4879,Sbf1,0.754533869684908,0.0050694738,0.12232126074311025
4880,Bcap29,0.754533869684908,-0.24808432,0.12232126074311025
4881,Tmem168,0.7546997768433221,0.32928616,0.12222577842483107
4882,Slc25a16,0.7548656953204452,0.14619596,0.12213031058235684
4883,Clcn5,0.7550316251091392,0.5331151,0.12203485721486192
4884,Dmxl2,0.7551975662022641,0.4298694,0.12193941832152075
4885,Pmm2,0.7551975662022641,0.3435003,0.12193941832152075
4886,Elf1,0.7551975662022641,-0.09705381,0.12193941832152075
4887,Ofd1,0.7555294822732398,0.39457318,0.12174858395399603
4888,Slc35e2,0.7555294822732398,0.42285976,0.12174858395399603
4889,Sphk2,0.7555294822732398,0.47085005,0.12174858395399603
4890,Msantd2,0.7555294822732398,0.57803196,0.12174858395399603
4891,Glrx2,0.7555294822732398,0.05184344,0.12174858395399603
4892,Tstd2,0.7558614434762223,0.22291136,0.1215578074731751
4893,Nup133,0.7558614434762223,-0.023287617,0.1215578074731751
4894,Rcbtb2,0.7560274409843499,0.44454402,0.1214624409382132
4895,Wdr36,0.7561934497540368,0.18475288,0.12136708887244858
4896,Nkrf,0.7565255010494836,0.43049455,0.12117642814520524
4897,Twist1,0.7565255010494836,0.15685235,0.12117642814520524
4898,Faap20,0.7565255010494836,0.061712693,0.12117642814520524
4899,Cln8,0.7565255010494836,0.20486292,0.12117642814520524
4900,Isyna1,0.7568575973053376,0.3870229,0.1209858252848324
4901,Tmem127,0.7568575973053376,0.35500595,0.1209858252848324
4902,Nup160,0.7568575973053376,0.34487107,0.1209858252848324
4903,Imp4,0.7568575973053376,0.43257877,0.1209858252848324
4904,Fut11,0.757023662275528,0.39660767,0.12089054555265533
4905,Mrpl46,0.7573558258646425,0.102111064,0.12070002948018507
4906,Mat2b,0.7575219244692448,-0.07678892,0.12060479313823759
4907,Zfp592,0.7575219244692448,0.3954379,0.12060479313823759
4908,Zbtb33,0.7576880342709935,0.3287888,0.12050957125804553
4909,Rnf26,0.7576880342709935,0.3943171,0.12050957125804553
4910,Sbno2,0.7578541552627239,0.52882934,0.12041436383878133
4911,Edc4,0.7601810200790802,0.26986104,0.11908297790290204
4912,Zc3h7a,0.7605136071154834,0.06949983,0.11889301114115713
4913,Atp11c,0.7606799172391974,0.3371849,0.1187980494309671
4914,Adrm1,0.7615116336251455,0.043254655,0.1183234575536614
4915,Dnajc25,0.7616780100054311,0.17553131,0.1182285825071213
4916,Pank3,0.7618443974032817,0.1209801,0.11813372190161836
4917,Bcr,0.7623436256301837,0.15743378,0.11784922672303062
4918,Clpp,0.7623436256301837,0.024267945,0.11784922672303062
4919,Actl6a,0.7628429527557632,0.11957923,0.11756486148388591
4920,Kcnk1,0.7628429527557632,1.5527046,0.11756486148388591
4921,Fat4,0.7635088757624005,1.2849975,0.11718590992094864
4922,Egr1,0.7635088757624005,0.001635528,0.11718590992094864
4923,RP24-271M20.4,0.7635088757624005,0.17959765,0.11718590992094864
4924,Sirt1,0.7636753838777186,0.006995366,0.11709120811204135
4925,Appbp2,0.7638419029240626,0.00011817634,0.11699652073420241
4926,Mlh3,0.7641749737809412,0.89638484,0.11680718926840335
4927,Trappc12,0.7641749737809412,1.0443252,0.11680718926840335
4928,Phka2,0.7646746618683677,-0.1572416,0.11652330028192717
4929,Rnmt,0.7646746618683677,0.026089923,0.11652330028192717
4930,Myc,0.7648412463491635,0.040684618,0.11642869947303375
4931,Tomm34,0.7653410650452848,0.29735547,0.11614498359449942
4932,RP23-465K20.11,0.7655076930044578,1.267405,0.11605044048159568
4933,Eif2ak1,0.7655076930044578,0.034618653,0.11605044048159568
4934,Fam76b,0.7656743318151373,0.17247066,0.11595591179060832
4935,Coq7,0.7656743318151373,-0.2579948,0.11595591179060832
4936,Guf1,0.7658409814700856,1.2094486,0.11586139752070461
4937,Hdac7,0.7661743132838277,-0.12780988,0.1156724122408173
4938,Pmpca,0.7661743132838277,-0.021251382,0.1156724122408173
4939,Chmp1b,0.7661743132838277,0.1546204,0.1156724122408173
4940,Ell2,0.7661743132838277,0.14635089,0.1156724122408173
4941,Irgm1,0.7665076883877494,1.2485741,0.11548348463527028
4942,Zfp729a,0.7665076883877494,1.103615,0.11548348463527028
4943,Tmem159,0.7665076883877494,1.1570727,0.11548348463527028
4944,Mpdz,0.7668411067238918,1.1482792,0.11529461469739856
4945,Rcc1l,0.7668411067238918,1.0135853,0.11529461469739856
4946,Rint1,0.7668411067238918,-0.041742127,0.11529461469739856
4947,Trp53bp1,0.7668411067238918,1.1239959,0.11529461469739856
4948,Rcor2,0.7668411067238918,0.8929916,0.11529461469739856
4949,B4galt1,0.7668411067238918,-0.0688246,0.11529461469739856
4950,Pcid2,0.7671745682342722,1.2616054,0.1151058024205353
4951,Cbfa2t2,0.7671745682342722,0.8680429,0.1151058024205353
4952,Rad23b,0.7671745682342722,-0.04278342,0.1151058024205353
4953,Wiz,0.7671745682342722,0.87636876,0.1151058024205353
4954,Iffo2,0.7675080728608838,0.86284083,0.11491704779801183
4955,Adar,0.7675080728608838,1.0175931,0.11491704779801183
4956,Fbxo45,0.7675080728608838,-0.06747531,0.11491704779801183
4957,Brd2,0.7676748413246428,-0.2663732,0.11482269210504306
4958,Zfhx3,0.7676748413246428,0.122330956,0.11482269210504306
4959,Fibp,0.767841620545696,0.92858946,0.11472835082315783
4960,Prkca,0.767841620545696,1.004661,0.11472835082315783
4961,Ptpn23,0.767841620545696,1.129379,0.11472835082315783
4962,Fntb,0.767841620545696,0.89033365,0.11472835082315783
4963,Sfmbt1,0.7680084105167863,-0.10294043,0.11463402395152188
4964,March7,0.7680084105167863,0.22978471,0.11463402395152188
4965,Fancc,0.7681752112306541,0.76664084,0.11453971148930121
4966,Ndufaf1,0.7681752112306541,0.9017924,0.11453971148930121
4967,Fbxo32,0.7685088448576796,0.8616987,0.11435112978976822
4968,mt-Nd4l,0.7685088448576796,0.9632453,0.11435112978976822
4969,Lrrc41,0.7685088448576796,0.5509482,0.11435112978976822
4970,Pik3cd,0.7685088448576796,-0.39789,0.11435112978976822
4971,Trpv2,0.7685088448576796,0.99616027,0.11435112978976822
4972,Erf,0.76884252136867,1.0777673,0.1141626057178832
4973,Vgll4,0.76884252136867,0.58273876,0.1141626057178832
4974,Sephs2,0.7691762407054994,0.08236547,0.11397413926696887
4975,Adnp2,0.7695100028100176,0.526479,0.11378573043034616
4976,Sdhaf4,0.7698438076240509,0.51248324,0.11359737920133427
4977,Unc119b,0.7698438076240509,0.88913804,0.11359737920133427
4978,Rab11fip1,0.7698438076240509,0.6599674,0.11359737920133427
4979,Tbc1d5,0.7698438076240509,0.6150732,0.11359737920133427
4980,Micall2,0.7698438076240509,0.75798225,0.11359737920133427
4981,Smg9,0.7701776550894018,0.77891695,0.11340908557325065
4982,Eef1akmt1,0.7701776550894018,0.39160815,0.11340908557325065
4983,Nt5c3b,0.7701776550894018,0.47188115,0.11340908557325065
4984,RP23-102B12.2,0.7705115451478493,0.7550794,0.11322084953941093
4985,Tmc6,0.7705115451478493,0.6363299,0.11322084953941093
4986,Smim4,0.7705115451478493,-0.045664504,0.11322084953941093
4987,Tmem14c,0.7705115451478493,-0.12776026,0.11322084953941093
4988,Mfsd7b,0.7705115451478493,0.32953158,0.11322084953941093
4989,Pigt,0.7705115451478493,0.06904161,0.11322084953941093
4990,Ap3s2,0.7705115451478493,0.5853215,0.11322084953941093
4991,Tbc1d23,0.7708454777411483,0.39272928,0.11303267109312912
4992,Cep135,0.7708454777411483,0.7935759,0.11303267109312912
4993,Arf6,0.7711794528110305,-0.38026056,0.11284455022771737
4994,Slc17a5,0.7711794528110305,0.63962644,0.11284455022771737
4995,AC124713.2,0.7715134702992036,0.54929596,0.11265648693648624
4996,Hjurp,0.7715134702992036,-0.19568792,0.11265648693648624
4997,Eif2s3y,0.7718475301473521,0.43842748,0.11246848121274428
4998,Crebl2,0.7718475301473521,0.6404343,0.11246848121274428
4999,Stip1,0.7720145759381869,-0.03485187,0.11237449993659032
5000,Krit1,0.7721816322971365,0.42682764,0.11228053304979861
5001,Gpr89,0.7721816322971365,0.55132926,0.11228053304979861
5002,Dach1,0.7721816322971365,0.53867203,0.11228053304979861
5003,Urm1,0.7721816322971365,0.35140327,0.11228053304979861
5004,Eif4enif1,0.7721816322971365,0.23360798,0.11228053304979861
5005,Mpv17,0.7721816322971365,0.5194973,0.11228053304979861
5006,RP23-94B13.9,0.772348699216905,0.06077998,0.11218658055153223
5007,Oraov1,0.7725157766901944,0.2825138,0.11209264244095428
5008,Rap1a,0.7725157766901944,-0.0597508,0.11209264244095428
5009,Acadvl,0.7725157766901944,0.60174286,0.11209264244095428
5010,Ifi204,0.7728499632681393,0.34667748,0.11190480937951489
5011,Fbxw8,0.7728499632681393,0.32028094,0.11190480937951489
5012,Trrap,0.7731841919725614,0.20073947,0.11171703385878211
5013,Pag1,0.7731841919725614,0.44925138,0.11171703385878211
5014,Dusp6,0.773351322103942,0.17083168,0.11162316767408703
5015,Zfp236,0.7735184627450277,0.4260619,0.11152931587205592
5016,Clec4a3,0.7735184627450277,0.19048189,0.11152931587205592
5017,Lman2l,0.7738527755270816,0.3984154,0.11134165541263444
5018,Dennd2d,0.7738527755270816,0.0460084,0.11134165541263444
5019,Hcfc2,0.7738527755270816,0.26250243,0.11134165541263444
5020,Pkp4,0.7738527755270816,0.36957905,0.11134165541263444
5021,Polr3c,0.7741871302602432,-0.2298419,0.11115405247381428
5022,Acox3,0.7741871302602432,0.3145785,0.11115405247381428
5023,Fam60a,0.7745215268860092,0.3329728,0.11096650704889012
5024,Zfp574,0.7748559653458531,0.13008489,0.11077901913115486
5025,Mtfr1l,0.7748559653458531,0.52050126,0.11077901913115486
5026,Pigc,0.7755249675335518,0.3682989,0.11040421579041436
5027,Pxmp4,0.7755249675335518,0.27136403,0.11040421579041436
5028,Egln1,0.7755249675335518,-0.06395156,0.11040421579041436
5029,Tprkb,0.7755249675335518,0.49159384,0.11040421579041436
5030,Tmem41b,0.7758595311442373,0.4026116,0.11021690035398625
5031,Rps16-ps2,0.7758595311442373,-0.24826632,0.11021690035398625
5032,Dnajb12,0.7758595311442373,0.28398982,0.11021690035398625
5033,Arhgap27,0.7761941363546618,0.22198066,0.11002964239790154
5034,Akt1s1,0.7761941363546618,0.32767,0.11002964239790154
5035,Prpf3,0.7765287831061829,0.32635728,0.10984244191544432
5036,Hyou1,0.7765287831061829,0.027746473,0.10984244191544432
5037,Zfp120,0.7765287831061829,0.41966328,0.10984244191544432
5038,Rbm18,0.7765287831061829,0.18926595,0.10984244191544432
5039,Rbm15b,0.7765287831061829,0.4177401,0.10984244191544432
5040,Hck,0.7765287831061829,-0.13088092,0.10984244191544432
5041,Cep83,0.7768634713401347,-0.28366163,0.10965529889989711
5042,Stk19,0.7768634713401347,0.13181895,0.10965529889989711
5043,Mfsd14a,0.7768634713401347,0.31443805,0.10965529889989711
5044,Ifrd2,0.7771982009978282,0.2882552,0.10946821334454071
5045,Ythdf2,0.7775329720205516,-0.00507563,0.10928118524265401
5046,Npat,0.7777003730254458,-0.120129846,0.10918769273466097
5047,Vamp8,0.7782026379261253,-0.20708083,0.10890730137239685
5048,Mrpl44,0.7782026379261253,-0.5199971,0.10890730137239685
5049,Cdc27,0.7782026379261253,0.21972018,0.10890730137239685
5050,Grb2,0.7787049955015005,-0.31852067,0.10862703923504857
5051,Grina,0.7788724685867,-0.08815471,0.10853364723532248
5052,Cdc26,0.7792074455530889,0.11064026,0.10834690629990759
5053,Pex2,0.7792074455530889,-0.03107909,0.10834690629990759
5054,Parp1,0.7792074455530889,-0.1460445,0.10834690629990759
5055,Slc4a1ap,0.779877522463821,0.013400926,0.10797359666166478
5056,AC129188.1,0.7800450672689772,1.7240974,0.10788030512898286
5057,Dazap1,0.7802126222903966,-0.032658074,0.10778702794536853
5058,Inafm2,0.7805477629525617,0.27477428,0.10760051662197395
5059,Nacc1,0.7805477629525617,0.19857194,0.10760051662197395
5060,Mcm3ap,0.7808829443913758,0.2044259,0.10741406268474234
5061,Ascc2,0.7815534293630735,0.0039952165,0.10704132694180543
5062,Akap10,0.7815534293630735,0.027815802,0.10704132694180543
5063,Gnpat,0.7817210759992452,-0.40132654,0.10694817886188934
5064,Exoc3,0.7818887327779617,-0.047674347,0.10685504512261432
5065,Erg,0.7822240767335084,-0.42823842,0.10666882066261449
5066,Zfp516,0.7822240767335084,0.23094748,0.10666882066261449
5067,Usp10,0.7825594611706593,0.06960888,0.10648265355505866
5068,Vps37b,0.7825594611706593,0.18322566,0.10648265355505866
5069,RP23-219K16.2,0.7827271685513758,1.4095807,0.10638959150633823
5070,Zfp53,0.7828948860303377,2.2193718,0.1062965437931978
5071,Otud5,0.7828948860303377,0.2127476,0.1062965437931978
5072,Mvb12a,0.7828948860303377,0.12757549,0.1062965437931978
5073,RP23-204N19.8,0.7832303512534444,1.8804436,0.10611049137028104
5074,Cisd3,0.7832303512534444,2.2879038,0.10611049137028104
5075,Mageh1,0.7833980989828087,1.5066261,0.10601748665881659
5076,RP23-454I20.1,0.7835658567808574,2.0499482,0.10592449627955587
5077,Aldh6a1,0.7835658567808574,2.1508415,0.10592449627955587
5078,Tmem219,0.7835658567808574,0.15022142,0.10592449627955587
5079,2810403A07Rik,0.7835658567808574,0.059592325,0.10592449627955587
5080,Hexdc,0.7835658567808574,2.027509,0.10592449627955587
5081,Rapsn,0.7839014025534328,1.7854358,0.1057385585142678
5082,Arhgap29,0.7839014025534328,1.3945,0.1057385585142678
5083,Zbtb25,0.7839014025534328,1.6578526,0.1057385585142678
5084,Abhd5,0.7839014025534328,-0.15598291,0.1057385585142678
5085,Fam171b,0.7839014025534328,1.7781398,0.1057385585142678
5086,Cc2d2a,0.7842369885120033,1.5627497,0.10555267806766098
5087,Camsap2,0.7842369885120033,0.20613766,0.10555267806766098
5088,Inhba,0.7842369885120033,0.16222891,0.10555267806766098
5089,Zfp462,0.7844047965425411,1.1231302,0.10545975933675124
5090,Hilpda,0.7845726145973803,1.5989381,0.10536685493297739
5091,Adck4,0.7845726145973803,1.5770473,0.10536685493297739
5092,Pdk2,0.7845726145973803,1.5007217,0.10536685493297739
5093,Ntmt1,0.7845726145973803,1.5980786,0.10536685493297739
5094,Hist2h2aa2,0.7845726145973803,0.17992486,0.10536685493297739
5095,Prrg1,0.7845726145973803,1.5658804,0.10536685493297739
5096,Dync2li1,0.7845726145973803,1.4477118,0.10536685493297739
5097,Tubgcp3,0.7847404426691182,-0.028049849,0.10527396485549456
5098,Hist1h4d,0.7849082807503519,-0.041065026,0.1051810891034575
5099,RP23-35F19.3,0.7849082807503519,1.4712728,0.1051810891034575
5100,Adipor2,0.7849082807503519,-0.15976346,0.1051810891034575
5101,Alms1,0.7849082807503519,1.4737004,0.1051810891034575
5102,Hmgxb3,0.7850761288336761,1.2508181,0.10508822767602108
5103,Thsd4,0.7852439869116845,1.7079673,0.10499538057233991
5104,Evi5l,0.7855797330221218,1.0942852,0.10480972933286156
5105,H2-T22,0.7855797330221218,1.4601872,0.10480972933286156
5106,Cep170b,0.7855797330221218,1.2219411,0.10480972933286156
5107,Nlgn2,0.7855797330221218,1.2225492,0.10480972933286156
5108,Lekr1,0.7855797330221218,1.3407198,0.10480972933286156
5109,RP23-363J15.4,0.7855797330221218,0.93977827,0.10480972933286156
5110,Fkbp8,0.7855797330221218,-0.17833982,0.10480972933286156
5111,Pcdhb9,0.7855797330221218,1.4854945,0.10480972933286156
5112,Zfp790,0.7855797330221218,1.3771302,0.10480972933286156
5113,Fscn1,0.7857476210397312,0.5865575,0.1047169251953731
5114,Tmem198b,0.7859155190223854,1.3465091,0.10462413537825753
5115,Zfp157,0.7859155190223854,0.98745066,0.10462413537825753
5116,Exoc8,0.7859155190223854,1.2729627,0.10462413537825753
5117,RP23-114N13.4,0.7859155190223854,1.3668556,0.10462413537825753
5118,Slc9a3r2,0.7859155190223854,1.2619227,0.10462413537825753
5119,RP23-262J12.2,0.7859155190223854,1.0383973,0.10462413537825753
5120,Hist1h2ak,0.7859155190223854,1.2477982,0.10462413537825753
5121,Slx4,0.7859155190223854,1.2256534,0.10462413537825753
5122,Rbm41,0.7859155190223854,1.1602873,0.10462413537825753
5123,Wrb,0.7859155190223854,1.155641,0.10462413537825753
5124,Zfand2a,0.7859155190223854,1.5485721,0.10462413537825753
5125,Nubp2,0.7860834269626714,0.92024356,0.10453135988066893
5126,Mterf3,0.7860834269626714,1.1122049,0.10453135988066893
5127,Gtf3c5,0.7862513448531745,1.1569393,0.10443859870176128
5128,RP23-108F2.23,0.7862513448531745,1.298379,0.10443859870176128
5129,Bbx,0.7862513448531745,0.23583029,0.10443859870176128
5130,RP23-320D23.6,0.7862513448531745,1.3397094,0.10443859870176128
5131,Rbm19,0.7862513448531745,1.2960324,0.10443859870176128
5132,Zfp932,0.7862513448531745,0.82177633,0.10443859870176128
5133,RP24-95O4.2,0.7862513448531745,0.9153739,0.10443859870176128
5134,Tbc1d17,0.7865872104551662,0.84211516,0.10425311929660433
5135,Zbed3,0.7865872104551662,0.63367766,0.10425311929660433
5136,Psmc3ip,0.7865872104551662,0.5559494,0.10425311929660433
5137,Prepl,0.7865872104551662,0.8323847,0.10425311929660433
5138,Ccdc126,0.7865872104551662,1.0758947,0.10425311929660433
5139,Dennd4a,0.7865872104551662,0.025187423,0.10425311929660433
5140,Alg12,0.7865872104551662,1.1768187,0.10425311929660433
5141,Trmt6,0.7869231157690153,-0.0026595087,0.10406769715601663
5142,Fance,0.7869231157690153,1.0038002,0.10406769715601663
5143,Zfp90,0.7869231157690153,1.028467,0.10406769715601663
5144,Sgsh,0.7869231157690153,0.8809025,0.10406769715601663
5145,RP23-407I6.5,0.7869231157690153,0.8817472,0.10406769715601663
5146,RP24-81A5.2,0.7869231157690153,1.5103337,0.10406769715601663
5147,RP23-264J18.1,0.7869231157690153,1.0265778,0.10406769715601663
5148,Sbno1,0.7869231157690153,-0.13252427,0.10406769715601663
5149,Limk1,0.7869231157690153,0.98984337,0.10406769715601663
5150,Zfp111,0.787091083299335,0.8731271,0.10397500755782009
5151,Atp8b2,0.787091083299335,0.5202842,0.10397500755782009
5152,Dnaja3,0.787091083299335,0.96504766,0.10397500755782009
5153,Pacs2,0.787091083299335,0.09029822,0.10397500755782009
5154,Cpa3,0.7872590607353547,0.62176317,0.10388233227322619
5155,Map3k14,0.7872590607353547,0.8026088,0.10388233227322619
5156,Slpi,0.7872590607353547,-0.22745723,0.10388233227322619
5157,Hook2,0.7872590607353547,0.86315143,0.10388233227322619
5158,Dnajc18,0.7874270480696497,0.8374552,0.10378967130138832
5159,Dbr1,0.7874270480696497,0.7165184,0.10378967130138832
5160,Tmem80,0.7875950452947945,0.5902028,0.10369702464145952
5161,RP23-17J18.2,0.7875950452947945,0.82065624,0.10369702464145952
5162,RP23-459L15.7,0.7875950452947945,0.8887173,0.10369702464145952
5163,Scmh1,0.787763052403362,0.63992685,0.1036043922925928
5164,Nudt2,0.7879310693879236,0.13952336,0.10351177425394108
5165,Anapc2,0.7879310693879236,0.59465003,0.10351177425394108
5166,RP23-387C21.7,0.7879310693879236,0.58782965,0.10351177425394108
5167,Acd,0.7882671329553081,0.55034596,0.10332658110389376
5168,Hist1h4k,0.7882671329553081,0.10946325,0.10332658110389376
5169,Tbc1d22b,0.7884351795232671,0.67930776,0.10323400599080346
5170,Pip4k2c,0.7886032359374926,0.714042,0.10314144518453862
5171,Adgre1,0.7886032359374926,0.14054549,0.10314144518453862
5172,Aatf,0.7886032359374926,0.60680324,0.10314144518453862
5173,RP23-43G12.1,0.7889393782749992,0.010300819,0.10295636648909505
5174,Wdr70,0.7889393782749992,0.52214205,0.10295636648909505
5175,Lamtor1,0.7892755599083283,0.0964115,0.10277134501078056
5176,RP24-194D17.3,0.7892755599083283,0.70323193,0.10277134501078056
5177,Acap3,0.7894436654423268,0.60402226,0.10267885572592668
5178,Atrnl1,0.7894436654423268,0.44554302,0.10267885572592668
5179,Trub2,0.7894436654423268,0.556414,0.10267885572592668
5180,Camta2,0.7894436654423268,0.47509757,0.10267885572592668
5181,Rufy2,0.7894436654423268,0.54123396,0.10267885572592668
5182,Dhx57,0.7896117807779586,0.5420442,0.1025863807428109
5183,Zfp703,0.7896117807779586,0.12106529,0.1025863807428109
5184,Slc25a11,0.7896117807779586,0.21726036,0.1025863807428109
5185,Zfpl1,0.7896117807779586,0.7007073,0.1025863807428109
5186,Lrwd1,0.7901161855202108,0.623642,0.10230904159540845
5187,Tsta3,0.7901161855202108,0.81132334,0.10230904159540845
5188,Rgs12,0.7901161855202108,0.44693226,0.10230904159540845
5189,Tbl2,0.790284339987926,0.17258224,0.10221662381076084
5190,Dis3l2,0.7904525042200429,0.6029594,0.10212422032360867
5191,Lgals8,0.7904525042200429,0.3894737,0.10212422032360867
5192,Spg20,0.7906206782091107,0.21979749,0.10203183113310318
5193,Slc30a5,0.790788861947678,-0.23255377,0.10193945623839536
5194,Hmces,0.790788861947678,0.22098745,0.10193945623839536
5195,Pcnx,0.7909570554282914,0.4417692,0.10184709563863605
5196,Git2,0.7909570554282914,-0.10538223,0.10184709563863605
5197,Cryzl1,0.7911252586434964,0.47208264,0.10175474933297624
5198,Zkscan8,0.7912934715858371,0.40723407,0.10166241732056652
5199,Churc1,0.7912934715858371,-0.0010779055,0.10166241732056652
5200,Traf3,0.7912934715858371,-0.37807354,0.10166241732056652
5201,Npepl1,0.7912934715858371,-0.20972371,0.10166241732056652
5202,Itpripl1,0.7914616942478562,0.54830784,0.10157009960055759
5203,Fgl2,0.7916299266220952,0.060272418,0.10147779617209983
5204,Ifih1,0.7916299266220952,0.42157358,0.10147779617209983
5205,Tesk2,0.7917981687010941,0.31414306,0.10138550703434368
5206,Nme6,0.7921346819435249,0.086806186,0.10120097162753723
5207,Tmem192,0.79230295309203,0.27175394,0.10110872535678712
5208,Nln,0.79230295309203,0.5594356,0.10110872535678712
5209,Tbxas1,0.7924712339154417,-0.06381226,0.10101649337333904
5210,Psmd10,0.7926395244062931,0.31408945,0.10092427567634282
5211,Ndufaf3,0.7926395244062931,0.2674466,0.10092427567634282
5212,Gosr2,0.7926395244062931,0.15771066,0.10092427567634282
5213,Bcl9,0.7926395244062931,0.28399256,0.10092427567634282
5214,Cog1,0.7931444538087982,0.17315882,0.10064770829556213
5215,Trim25,0.7931444538087982,0.4791097,0.10064770829556213
5216,Tob1,0.7931444538087982,0.35054404,0.10064770829556213
5217,Rps25,0.7933127828947142,0.21728306,0.10055554773586954
5218,Xrcc1,0.793481121610716,0.09744056,0.10046340145837632
5219,Rab22a,0.7936494699493288,0.03465116,0.10037126946223168
5220,Tmem229b,0.7936494699493288,0.33758894,0.10037126946223168
5221,Lpar6,0.7938178279030766,0.24791223,0.10027915174658458
5222,Mir22hg,0.7939861954644817,0.20194466,0.1001870483105841
5223,Arfgef2,0.7943229593803469,0.04372869,0.10000288427411812
5224,Dip2b,0.7943229593803469,0.3350904,0.10000288427411812
5225,Madd,0.7946597616370776,0.30093843,0.09981877734602315
5226,Letm1,0.7949966021748056,0.04239594,0.0996347275194868
5227,Mcm4,0.795333480933641,-0.082530096,0.09945073478769495
5228,Hinfp,0.7955019346272527,0.27265584,0.09935875983019825
5229,Fam73a,0.7963443459375736,0.33418137,0.09889909909261897
5230,Kctd2,0.7966813769815139,0.13809462,0.09871533467162898
5231,Ndrg3,0.7968499067277366,0.12944686,0.09862347385930328
5232,Rnf141,0.7970184459467928,0.037907973,0.09853162731128645
5233,Lemd2,0.7971869946311795,0.30139714,0.09843979502672547
5234,Ipo8,0.7976926974012748,0.19482633,0.09816438374524382
5235,Klf7,0.7980298797703793,-0.16402774,0.09798084752588902
5236,Cdc73,0.7981984850891155,-0.24279664,0.09788910080414043
5237,Oxsr1,0.7983670998206253,-0.15132141,0.09779736833987254
5238,Ptrf,0.7987043574919106,0.5946715,0.0976139461803626
5239,Gtf2e2,0.7993789854570855,0.21272567,0.0972472729135269
5240,Rgs10,0.7995476658675609,0.13623907,0.09715564022770519
5241,Slc35a2,0.8000537631846669,0.5203278,0.09688082767069288
5242,Il10rb,0.8003912080588819,-0.0213965,0.09669769054117835
5243,Sema4c,0.8003912080588819,1.3346407,0.09669769054117835
5244,Rnft1,0.800559944472249,0.030514676,0.09660614334640358
5245,Phf13,0.8007286901930826,2.6576433,0.0965146103971431
5246,Ephb4,0.8007286901930826,2.3358178,0.0965146103971431
5247,Psmd4,0.8007286901930826,-0.25182828,0.0965146103971431
5248,RP24-88B13.3,0.8008974452138506,0.081560396,0.09642309169254151
5249,Mta2,0.8008974452138506,-0.063434266,0.09642309169254151
5250,Nop9,0.801234983125057,-0.07799887,0.09624009701389194
5251,Rmnd5a,0.8014037660004254,0.07357216,0.09614862103813228
5252,Lsm3,0.8014037660004254,-0.35630664,0.09614862103813228
5253,Klhl25,0.8017413595530075,2.313036,0.09596571180946327
5254,RP24-108G5.3,0.8017413595530075,1.94798,0.09596571180946327
5255,Eri1,0.8017413595530075,-0.22392167,0.09596571180946327
5256,Dixdc1,0.8019101702151435,1.8490582,0.09587427855484154
5257,Rhno1,0.8019101702151435,0.06447473,0.09587427855484154
5258,Uchl3,0.8019101702151435,-0.15438929,0.09587427855484154
5259,Wnt5a,0.8020789901244555,1.2636782,0.09578285953888661
5260,Dgkd,0.8020789901244555,-0.076467425,0.09578285953888661
5261,RP23-419P16.9,0.8024166576544374,1.7868153,0.0956000642195512
5262,Def6,0.8024166576544374,-0.36926073,0.0956000642195512
5263,Fbxl4,0.8024166576544374,1.6965935,0.0956000642195512
5264,Ldb1,0.8027543620826005,0.06708986,0.09541732584460413
5265,Pign,0.8027543620826005,0.06704628,0.09541732584460413
5266,Rpl19-ps11,0.803429881391957,1.4204291,0.0950520199004547
5267,Tpp2,0.803429881391957,-0.0019463764,0.0950520199004547
5268,Ice2,0.803429881391957,0.99187946,0.0950520199004547
5269,Alg10b,0.803429881391957,0.5228087,0.0950520199004547
5270,RP24-331B5.1,0.803429881391957,1.4019512,0.0950520199004547
5271,Tcea3,0.803429881391957,1.1654842,0.0950520199004547
5272,Nbl1,0.8037676961523419,0.5409904,0.09486945231753773
5273,RP23-129H12.1,0.8037676961523419,1.260002,0.09486945231753773
5274,Snx33,0.8037676961523419,1.4556677,0.09486945231753773
5275,Dysf,0.8037676961523419,1.4712194,0.09486945231753773
5276,Slc36a1,0.8041055475692913,0.127883,0.09468694165157984
5277,Zbtb24,0.8041055475692913,1.6146885,0.09468694165157984
5278,Pusl1,0.8041055475692913,1.1731541,0.09468694165157984
5279,Ddx39b,0.8041055475692913,-0.19038527,0.09468694165157984
5280,Ppp1r3b,0.8041055475692913,0.96591264,0.09468694165157984
5281,Pole4,0.8042744870050862,-0.06921341,0.09459570766031633
5282,RP23-16D16.5,0.8044434355823495,1.3399309,0.09450448789571941
5283,Emid1,0.8044434355823495,1.3642974,0.09450448789571941
5284,RP24-359O2.7,0.8044434355823495,1.2633611,0.09450448789571941
5285,Snap47,0.8044434355823495,1.5265323,0.09450448789571941
5286,Mrpl3,0.8044434355823495,-0.20522024,0.09450448789571941
5287,Ift172,0.8044434355823495,1.2940311,0.09450448789571941
5288,RP23-235E15.5,0.8044434355823495,1.3523631,0.09450448789571941
5289,Isoc2b,0.8044434355823495,1.2989239,0.09450448789571941
5290,Ighmbp2,0.8044434355823495,1.273935,0.09450448789571941
5291,Iqcc,0.8044434355823495,1.1649554,0.09450448789571941
5292,Rps6kb2,0.8044434355823495,1.2417262,0.09450448789571941
5293,Clns1a,0.8044434355823495,-0.02227339,0.09450448789571941
5294,RP24-555M20.3,0.8047813601310405,1.0153562,0.0943220910430929
5295,Zfp763,0.8047813601310405,1.3195584,0.0943220910430929
5296,Mib1,0.8047813601310405,-0.25912333,0.0943220910430929
5297,Zfp513,0.8047813601310405,1.3988978,0.0943220910430929
5298,Gphn,0.8047813601310405,0.77157456,0.0943220910430929
5299,Pacsin1,0.8047813601310405,1.0778418,0.0943220910430929
5300,Grcc10,0.8047813601310405,1.2414199,0.0943220910430929
5301,Prkrip1,0.804950336087344,-0.39719796,0.09423091395334698
5302,Gltscr1,0.8051193211548677,1.1731131,0.09413975108683502
5303,Cercam,0.8051193211548677,0.6125534,0.09413975108683502
5304,Chmp3,0.8051193211548677,0.13655266,0.09413975108683502
5305,RP23-218L17.1,0.8051193211548677,0.71619797,0.09413975108683502
5306,2700062C07Rik,0.8051193211548677,1.0794055,0.09413975108683502
5307,Cnrip1,0.8051193211548677,0.9879532,0.09413975108683502
5308,RP23-207N15.3,0.8051193211548677,1.3404319,0.09413975108683502
5309,Ap3m2,0.8051193211548677,0.95106196,0.09413975108683502
5310,Snrnp40,0.8054573185933138,-0.20166007,0.09395746802007889
5311,RP23-444K20.4,0.8054573185933138,0.8806815,0.09395746802007889
5312,Ppnr,0.8054573185933138,1.0758486,0.09395746802007889
5313,Foxd1,0.8054573185933138,1.1769671,0.09395746802007889
5314,Gnaz,0.8054573185933138,1.0251042,0.09395746802007889
5315,Mnda,0.8054573185933138,1.3968788,0.09395746802007889
5316,Gcdh,0.8054573185933138,1.0677044,0.09395746802007889
5317,Stoml1,0.8054573185933138,1.0810294,0.09395746802007889
5318,Smarca5,0.8056263309491019,-0.070382416,0.09386634781811752
5319,Pfn2,0.8057953523858417,0.600713,0.09377524183595556
5320,Dhx40,0.8061334224718931,0.5086178,0.09359307252759463
5321,RP24-285E3.2,0.8061334224718931,0.863376,0.09359307252759463
5322,Nme4,0.8061334224718931,0.86193997,0.09359307252759463
5323,Zfp319,0.8061334224718931,0.81542647,0.09359307252759463
5324,Tonsl,0.8061334224718931,0.95519763,0.09359307252759463
5325,Gatc,0.8061334224718931,1.0209588,0.09359307252759463
5326,RP23-60P23.4,0.8061334224718931,0.80788976,0.09359307252759463
5327,Tpbg,0.8061334224718931,0.954504,0.09359307252759463
5328,Mov10,0.8064715287908902,0.73058826,0.0934109600881237
5329,Zfp628,0.8064715287908902,0.5131017,0.0934109600881237
5330,Ubxn7,0.8064715287908902,0.1348129,0.0934109600881237
5331,Tor4a,0.8064715287908902,0.8213064,0.0934109600881237
5332,Wbp1,0.8064715287908902,0.6563315,0.0934109600881237
5333,Rnf135,0.8064715287908902,0.6396194,0.0934109600881237
5334,Pomt2,0.8068096712822344,0.93953025,0.09322890451066873
5335,Poc1a,0.8068096712822344,0.58630353,0.09322890451066873
5336,Hs6st1,0.8068096712822344,0.68629456,0.09322890451066873
5337,RP23-390D8.2,0.8068096712822344,0.59646016,0.09322890451066873
5338,Dfna5,0.8071478498853069,0.28495282,0.0930469057883538
5339,RP24-390G17.1,0.8071478498853069,0.52973473,0.0930469057883538
5340,Cytip,0.8071478498853069,-0.58222884,0.0930469057883538
5341,Casp6,0.8074860645394687,0.68817794,0.09286496391430128
5342,Dnmt3b,0.8074860645394687,0.7263936,0.09286496391430128
5343,Zfp51,0.8074860645394687,0.5014517,0.09286496391430128
5344,Gtf3c4,0.8074860645394687,0.5610969,0.09286496391430128
5345,RP23-90A8.2,0.8074860645394687,0.59577245,0.09286496391430128
5346,Rbbp5,0.8074860645394687,-0.23774618,0.09286496391430128
5347,Acvr1b,0.8074860645394687,0.6002481,0.09286496391430128
5348,Rbm4b,0.8074860645394687,0.4021184,0.09286496391430128
5349,Cep19,0.8076551853667528,-0.05306524,0.09277401429322372
5350,Cdc42ep4,0.8078243151840605,0.35084996,0.09268307888163188
5351,Dhcr24,0.8078243151840605,0.6490571,0.09268307888163188
5352,Med22,0.8078243151840605,0.5815897,0.09268307888163188
5353,Hist1h2bm,0.8078243151840605,0.11727656,0.09268307888163188
5354,Cox5a,0.808162601758403,-0.044123087,0.09250125068346436
5355,Jade2,0.808162601758403,0.47405854,0.09250125068346436
5356,Pgd,0.808331758500263,-0.10690986,0.09241035789516797
5357,Tbcel,0.8085009242017965,0.60576785,0.09231947931291587
5358,Gpr146,0.8085009242017965,-0.15291366,0.09231947931291587
5359,Taf6,0.8085009242017965,0.58176494,0.09231947931291587
5360,Rhbdd2,0.8088392824535214,0.48194823,0.09213776476310166
5361,Rpf1,0.8090084749885277,0.011834784,0.09204692879381803
5362,Enoph1,0.8091776764528379,0.6446935,0.09195610702713534
5363,Trim26,0.8091776764528379,0.41597956,0.09195610702713534
5364,Fnip2,0.8091776764528379,0.28242528,0.09195610702713534
5365,Ldlr,0.8095161061389862,0.4619242,0.09177450609812861
5366,Haus7,0.8095161061389862,0.4970088,0.09177450609812861
5367,Cisd2,0.8098545714511864,-0.059271246,0.09159296196919146
5368,RP23-46L5.1,0.8098545714511864,0.3674224,0.09159296196919146
5369,Adgre5,0.8100238174480568,0.04490335,0.09150221120259543
5370,Polr2e,0.8100238174480568,0.11427638,0.09150221120259543
5371,L2hgdh,0.8101930723286388,0.30597007,0.09141147463343219
5372,Rffl,0.8101930723286388,0.33214796,0.09141147463343219
5373,Tsc1,0.8101930723286388,0.44404104,0.09141147463343219
5374,Ring1,0.8101930723286388,0.3842398,0.09141147463343219
5375,Zfp780b,0.8105316087105234,0.119189076,0.09123004408395728
5376,Skiv2l,0.8105316087105234,-0.07974458,0.09123004408395728
5377,Glt8d1,0.8107008901966164,1.081943,0.09113935010192163
5378,Psmg4,0.8108701805360008,0.10756851,0.09104867031387132
5379,Zfp646,0.8108701805360008,0.4193429,0.09104867031387132
5380,Edrf1,0.8108701805360008,0.19165556,0.09104867031387132
5381,Ccdc167,0.8108701805360008,0.38192135,0.09104867031387132
5382,Msh3,0.8112087877442111,0.1954104,0.09086735331627736
5383,Mgst2,0.8113781045978172,-0.3343565,0.09077671610500898
5384,Ndufs2,0.8115474302742752,-0.10803768,0.0906860930842764
5385,Ppp1r15a,0.8115474302742752,0.3494789,0.0906860930842764
5386,Ppia,0.8118861080652935,0.2510444,0.09050488961096803
5387,Prps1,0.8118861080652935,0.26500878,0.09050488961096803
5388,Homer1,0.8118861080652935,0.38907418,0.09050488961096803
5389,Naf1,0.8122248210563471,0.3175507,0.09032374288944973
5390,Tmem248,0.8125635691864972,-0.14426671,0.09014265291281737
5391,Cln3,0.8125635691864972,-0.01747572,0.09014265291281737
5392,Pola2,0.8125635691864972,0.0022417598,0.09014265291281737
5393,Steap3,0.8125635691864972,0.49092326,0.09014265291281737
5394,Ccz1,0.8125635691864972,0.0058939247,0.09014265291281737
5395,Ankrd49,0.8129023523947851,-0.245184,0.08996161967416506
5396,Pias3,0.8129023523947851,0.10177685,0.08996161967416506
5397,Mapkapk3,0.8129023523947851,-0.29427508,0.08996161967416506
5398,Thoc1,0.8129023523947851,0.40645126,0.08996161967416506
5399,Pla2g7,0.8132411706202329,0.14372988,0.08978064316658504
5400,Cd84,0.8132411706202329,-0.5221583,0.08978064316658504
5401,Bcl10,0.8135800238018425,-0.23090225,0.08959972338316793
5402,Zfp830,0.8137494634821407,-0.12983537,0.08950928476086074
5403,Bcl9l,0.8139189118785962,0.31264544,0.0894188603170025
5404,Ubald2,0.8144273092885985,-0.17084868,0.08914767204747841
5405,Dpysl2,0.8149357848692546,0.5170813,0.08887661135287706
5406,Cflar,0.8149357848692546,0.020562131,0.08887661135287706
5407,Lgals3,0.8156138735525471,0.002704855,0.0885153955029326
5408,Abcd1,0.8156138735525471,0.3142535,0.0885153955029326
5409,Upf3b,0.8159529697177039,-0.27045,0.08833487259504191
5410,RP23-234K24.8,0.8161225307294084,-0.150033,0.08824463239233808
5411,Lsm6,0.8161225307294084,-0.17685658,0.08824463239233808
5412,Cd52,0.8161225307294084,0.02074142,0.08824463239233808
5413,Noct,0.8162921003503357,0.053613145,0.08815440635597462
5414,Retreg1,0.8162921003503357,0.32241574,0.08815440635597462
5415,Pfkfb3,0.8162921003503357,0.25804174,0.08815440635597462
5416,Psmd6,0.8164616785728389,-0.118181504,0.08806419448508557
5417,RP23-189N15.6,0.8166312653892692,-0.10695007,0.08797399677880528
5418,Zfc3h1,0.8169704647733116,0.08663697,0.0877936438566068
5419,Mrps11,0.8173096984412509,0.06051346,0.08761334758245021
5420,Brca2,0.817648966331856,-0.18462616,0.08743310794940475
5421,Galnt7,0.817648966331856,-0.23925237,0.08743310794940475
5422,Sdha,0.817648966331856,-0.1802674,0.08743310794940475
5423,Nfkb1,0.817648966331856,-0.15899172,0.08743310794940475
5424,Timm8a1,0.8179882683838764,-0.253524,0.08725292495053798
5425,Lair1,0.8181579322012714,-0.5530602,0.08716285468675462
5426,Stk10,0.8183276045360426,-0.13521609,0.08707279857891549
5427,Zfp622,0.8193458169804309,0.1439302,0.08653275915814533
5428,Wdr45b,0.8200247946532804,-0.5257714,0.08617301588664568
5429,Epb41,0.8205341164815998,-0.17145035,0.08590335697326294
5430,Stx7,0.8205341164815998,-0.08224336,0.08590335697326294
5431,Cdip1,0.8208737064299593,0.72683054,0.08572365508476461
5432,Lrch2,0.8210435139999479,1.6966844,0.08563382535403667
5433,Ilkap,0.821213329956902,-0.39432475,0.08554400976449779
5434,Zfp945,0.821213329956902,1.0223392,0.08554400976449779
5435,Ipo5,0.821213329956902,-0.32171094,0.08554400976449779
5436,Fgr,0.8213831542931396,-0.61867744,0.08545420831527901
5437,Nexn,0.8213831542931396,1.6926657,0.08545420831527901
5438,Kpna1,0.8213831542931396,-0.32041317,0.08545420831527901
5439,Rabif,0.8217228280727319,1.4769555,0.08527464783432549
5440,Gemin7,0.8220625352772462,0.13018234,0.08509514390422239
5441,Mthfd2,0.8222324013946318,-0.35073525,0.08500541314356616
5442,RP23-3F1.8,0.8222324013946318,1.1699824,0.08500541314356616
5443,Ubl3,0.8222324013946318,-0.026342351,0.08500541314356616
5444,Plekhf2,0.822402275845185,-0.1700646,0.08491569651801407
5445,Azin1,0.822402275845185,-0.1922994,0.08491569651801407
5446,Bloc1s2,0.8234216971142935,0.12621744,0.08437769355317586
5447,Zfp788,0.8234216971142935,1.04852,0.08437769355317586
5448,Stn1,0.8234216971142935,1.3105074,0.08437769355317586
5449,Zfp839,0.8237615705205816,0.889185,0.08419847227295572
5450,Atf2,0.8237615705205816,-0.25430602,0.08419847227295572
5451,Parp12,0.8237615705205816,0.9552456,0.08419847227295572
5452,Sumf2,0.8237615705205816,1.1174817,0.08419847227295572
5453,Arntl,0.8241014769825264,0.8002674,0.084019307501826
5454,Msto1,0.8241014769825264,1.1175432,0.084019307501826
5455,Stag2,0.8242714425901179,-0.2977707,0.08392974630499317
5456,Pigv,0.8244414164385183,0.81385183,0.08384019923282052
5457,Ptpmt1,0.8244414164385183,-0.12686448,0.08384019923282052
5458,Tef,0.8244414164385183,1.0423962,0.08384019923282052
5459,Zfp637,0.8244414164385183,0.8760112,0.08384019923282052
5460,Arf3,0.824611398520024,-0.028723605,0.08375066628443686
5461,Pi4kb,0.824611398520024,0.9329719,0.08375066628443686
5462,Nxn,0.8247813888269294,0.5132013,0.08366114745897116
5463,Srcap,0.8247813888269294,0.9708193,0.08366114745897116
5464,Rabepk,0.8247813888269294,0.79566294,0.08366114745897116
5465,Rpap2,0.8247813888269294,1.0898958,0.08366114745897116
5466,Eml3,0.8249513873515282,0.6438404,0.08357164275555212
5467,Sema4b,0.8251213940861128,0.98013103,0.0834821521733083
5468,Gpr183,0.8251213940861128,1.0474294,0.0834821521733083
5469,Ercc6l2,0.8251213940861128,1.037562,0.0834821521733083
5470,Cyld,0.8251213940861128,0.10770522,0.0834821521733083
5471,Zfp768,0.8251213940861128,0.88916856,0.0834821521733083
5472,Gnl2,0.8251213940861128,0.034909107,0.0834821521733083
5473,Mmp19,0.8254614321544036,0.8447316,0.08330321336886039
5474,Abcg2,0.8254614321544036,0.5866749,0.08330321336886039
5475,Hagh,0.8258015029701182,0.5831234,0.083124331038654
5476,RP23-349D13.3,0.8258015029701182,0.8467266,0.083124331038654
5477,Ermard,0.8258015029701182,0.60593116,0.083124331038654
5478,RP23-380F8.3,0.8258015029701182,0.54839325,0.083124331038654
5479,Atp1a3,0.8258015029701182,0.62611157,0.083124331038654
5480,Isg20,0.8258015029701182,0.8421509,0.083124331038654
5481,RP23-285N14.1,0.8258015029701182,0.90153384,0.083124331038654
5482,Adcy6,0.8259715506389784,0.52136856,0.08303491104921172
5483,Rtn4ip1,0.8261416064715547,0.5382408,0.08294550517571414
5484,Cnst,0.8261416064715547,0.5901332,0.08294550517571414
5485,Zfp87,0.8261416064715547,0.20227768,0.08294550517571414
5486,Fam103a1,0.8261416064715547,0.38388026,0.08294550517571414
5487,Vps37a,0.8261416064715547,0.11960037,0.08294550517571414
5488,Swt1,0.8261416064715547,0.50395495,0.08294550517571414
5489,Pdp2,0.8261416064715547,0.45949945,0.08294550517571414
5490,RP23-307M2.1,0.8261416064715547,0.55542624,0.08294550517571414
5491,Ep300,0.8261416064715547,-0.1879518,0.08294550517571414
5492,Sepsecs,0.8263116704601317,0.35386914,0.08285611341728895
5493,Uhrf1bp1l,0.8263116704601317,-0.31530508,0.08285611341728895
5494,Ndfip2,0.8263116704601317,0.5106434,0.08285611341728895
5495,Arl4c,0.8264817425969925,0.5364882,0.08276673577306391
5496,Prpf39,0.8264817425969925,0.5708465,0.08276673577306391
5497,Psmb9,0.8264817425969925,-0.38774818,0.08276673577306391
5498,Naa25,0.8264817425969925,0.569763,0.08276673577306391
5499,Wdr73,0.8264817425969925,0.9061699,0.08276673577306391
5500,RP23-249K18.3,0.8266518228744193,-0.49102074,0.08267737224216665
5501,Ptcd2,0.8266518228744193,0.75646627,0.08267737224216665
5502,Bag4,0.8266518228744193,0.47741523,0.08267737224216665
5503,Pi15,0.826821911284693,0.5410409,0.08258802282372467
5504,Ripk3,0.826821911284693,0.4966052,0.08258802282372467
5505,Zfyve19,0.826821911284693,0.7269822,0.08258802282372467
5506,RP24-155C13.1,0.826821911284693,0.5866241,0.08258802282372467
5507,Abca3,0.826821911284693,0.032822814,0.08258802282372467
5508,Pwwp2b,0.826821911284693,0.15682349,0.08258802282372467
5509,Acad8,0.826821911284693,0.40856177,0.08258802282372467
5510,Gna15,0.826821911284693,0.70407736,0.08258802282372467
5511,Wdr90,0.8271621124728988,0.27919203,0.08240936632071608
5512,Nos1ap,0.8271621124728988,0.6261709,0.08240936632071608
5513,Mknk1,0.8271621124728988,0.6859766,0.08240936632071608
5514,Fiz1,0.8273322252353874,0.47867116,0.08232005923440379
5515,Foxc2,0.8273322252353874,0.5328611,0.08232005923440379
5516,Adh5,0.8275023460998351,-0.074714206,0.08223076625705573
5517,Tusc2,0.8275023460998351,0.58354574,0.08223076625705573
5518,Trp53rkb,0.8275023460998351,0.074482,0.08223076625705573
5519,RP23-6I17.1,0.8275023460998351,0.2586726,0.08223076625705573
5520,Sgsm2,0.8278426121037077,0.027291864,0.08205222262575988
5521,Amdhd2,0.8278426121037077,-0.6330384,0.08205222262575988
5522,Clec2i,0.8278426121037077,0.48439735,0.08205222262575988
5523,Ptcd1,0.8278426121037077,0.18905367,0.08205222262575988
5524,Cpsf3,0.828182910422705,-0.113157615,0.08187373541984264
5525,Ddx20,0.8283530716810541,0.3452849,0.0817845129742175
5526,RP23-416A5.5,0.8286934183568013,0.5234019,0.08160611039326603
5527,Fpr2,0.8288636037587349,0.23058003,0.08151693025619222
5528,Rnf125,0.8288636037587349,0.59507316,0.08151693025619222
5529,Mcemp1,0.8290337971930638,-0.25618252,0.08142776422022109
5530,Def8,0.8290337971930638,0.25558358,0.08142776422022109
5531,Rassf8,0.8293742081279665,0.4226366,0.08124947444809058
5532,Mrpl47,0.8293742081279665,0.32806042,0.08124947444809058
5533,Tmub1,0.8297146510996155,0.17606388,0.08107124106988088
5534,Rpp30,0.8297146510996155,0.50952774,0.08107124106988088
5535,Pdcd7,0.8298848845798733,-0.19560891,0.08098214552631026
5536,Klhl15,0.8300551260460995,0.07442208,0.08089306407859637
5537,Trp53rka,0.8300551260460995,-0.024986213,0.08089306407859637
5538,Dennd4b,0.8300551260460995,-0.00058567914,0.08089306407859637
5539,Srprb,0.8302253754905524,0.24307936,0.08080399672586447
5540,Ascc1,0.8303956329054889,0.017461792,0.08071494346723983
5541,Gcsh,0.8305658982831654,0.37660766,0.08062590430184725
5542,Ctdsp1,0.8309064528957557,-0.11153287,0.08044786824725869
5543,Nsmce1,0.8309064528957557,-0.3921775,0.08044786824725869
5544,Nabp2,0.831247039266349,0.26557645,0.08026988855509697
5545,Trappc2l,0.831247039266349,-0.25809452,0.08026988855509697
5546,Ap1m1,0.831247039266349,0.26279026,0.08026988855509697
5547,Arid5a,0.8317579782328816,0.34008265,0.08000302468108392
5548,Rpap3,0.8317579782328816,0.20826541,0.08000302468108392
5549,Snx3,0.8319283070335575,-0.3637813,0.07991409823003806
5550,Atg4b,0.8319283070335575,0.12074026,0.07991409823003806
5551,Nsmce4a,0.8320986437272269,-0.16947636,0.07982518586434492
5552,Myg1,0.8324393407625241,-0.22137451,0.07964740338551252
5553,Wdtc1,0.8324393407625241,0.24571165,0.07964740338551252
5554,Ube2n,0.8327800692767183,-0.051090777,0.07946967723757713
5555,Elmod2,0.8331208292077374,0.01018357,0.079292007413527
5556,Rnpepl1,0.8332912209351537,-0.15484169,0.0792031936207674
5557,Cnppd1,0.8336320278749854,0.35967433,0.07902560826939482
5558,Eed,0.8338024430718716,0.2003661,0.07893683670902783
5559,Nup107,0.8343137354772134,0.06960222,0.07867060647867793
5560,Max,0.8343137354772134,-0.008369223,0.07867060647867793
5561,Ndufv1,0.8344841818579937,0.13745162,0.07858189121588705
5562,Ik,0.8344841818579937,-0.036749303,0.07858189121588705
5563,Ccar1,0.8346546360153237,-0.018293392,0.07849319002529635
5564,Birc5,0.8348250979414317,-0.07754761,0.07840450290602827
5565,Fam179b,0.8348250979414317,0.20616132,0.07840450290602827
5566,Ppm1b,0.83533653025469,0.2589408,0.0781385259673802
5567,Tacc1,0.83533653025469,-0.10802344,0.0781385259673802
5568,Me2,0.8358480322070634,-0.26253024,0.07787267563902626
5569,Parl,0.8358480322070634,-0.23304981,0.07787267563902626
5570,Npepps,0.8360185482969174,-0.2351465,0.0777840869944303
5571,Trmt1l,0.8360185482969174,-0.10186989,0.0777840869944303
5572,Mpp7,0.8360185482969174,-0.06052033,0.0777840869944303
5573,Sec24d,0.8361890720933361,0.15059645,0.07769551241413111
5574,Slc15a4,0.8363596035885383,0.31366628,0.07760695189724993
5575,Insc,0.8367006896441613,0.49184915,0.07742987305022614
5576,Eef1e1,0.8367006896441613,-0.19127537,0.07742987305022614
5577,Mtmr1,0.8368712441890136,0.02152537,0.07734135471832554
5578,Pdpk1,0.8370418064015123,-0.07476503,0.07725285044632693
5579,Tatdn2,0.8370418064015123,-0.18267916,0.07725285044632693
5580,Dcps,0.8370418064015123,-0.15124792,0.07725285044632693
5581,Aff1,0.8370418064015123,0.020542527,0.07725285044632693
5582,Mtx1,0.8372123762738704,-0.075145386,0.07716436023335106
5583,Cul2,0.8372123762738704,0.1964542,0.07716436023335106
5584,Ahsa1,0.8373829537982997,0.15167598,0.07707588407851856
5585,Dync2h1,0.8373829537982997,1.3248433,0.07707588407851856
5586,Cog3,0.8382359559288612,-0.01613697,0.0766337141457194
5587,Rab9,0.8382359559288612,0.08544512,0.0766337141457194
5588,Dnajb14,0.83840657920211,-0.17970574,0.07654532232127338
5589,Slc25a24,0.83840657920211,0.20657349,0.07654532232127338
5590,Rad17,0.8389184945758188,-0.062006284,0.07628023115632086
5591,Sppl3,0.8390891481923834,-0.22055207,0.0761918955345306
5592,Rpp14,0.8392598093752802,0.06490025,0.07610357396120294
5593,Las1l,0.8394304781167081,0.023765013,0.07601526643545724
5594,Man2a1,0.8394304781167081,-0.18064745,0.07601526643545724
5595,Snrnp25,0.8394304781167081,-0.13352449,0.07601526643545724
5596,Ankra2,0.8396011544088652,0.18092042,0.07592697295641261
5597,RP23-15K13.2,0.8397718382439484,1.9007403,0.0758386935231881
5598,Mepce,0.8397718382439484,-0.48701605,0.0758386935231881
5599,Unc119,0.8399425296141536,-0.009096207,0.07575042813490268
5600,Ssh1,0.8401132285116757,0.95238876,0.07566217679067516
5601,Acsl4,0.8407960992187918,0.1362469,0.07530931183671663
5602,RP23-205D10.2,0.8407960992187918,-0.39082307,0.07530931183671663
5603,Gnl1,0.8407960992187918,0.047557265,0.07530931183671663
5604,Bbs9,0.8407960992187918,1.5853757,0.07530931183671663
5605,Glul,0.8409668356357834,0.008617064,0.07522113069955708
5606,Tagln2,0.8413083309033448,-0.081691034,0.07504481054066152
5607,RP23-357J7.6,0.8414790897382883,-0.38920614,0.07495667151716148
5608,Ccdc163,0.8414790897382883,1.4543457,0.07495667151716148
5609,Zfyve27,0.8414790897382883,-0.5777384,0.07495667151716148
5610,Zc3h12a,0.8414790897382883,1.182716,0.07495667151716148
5611,Zranb1,0.8418206297714277,-0.15035349,0.07478043557764603
5612,Pik3r3,0.8418206297714277,1.1689386,0.07478043557764603
5613,Prickle1,0.8418206297714277,1.357743,0.07478043557764603
5614,Gins4,0.8419914109539909,-0.21282639,0.07469233865986596
5615,Hspa14,0.8419914109539909,-0.28167784,0.07469233865986596
5616,Zfp1,0.8421621995701265,1.5190004,0.07460425577556093
5617,Junb,0.8425037990718378,-0.08855945,0.07442813210384565
5618,Zfp930,0.8425037990718378,1.0188727,0.07442813210384565
5619,Mob2,0.8428454282139981,0.7496323,0.07425206455543776
5620,Arhgef11,0.8428454282139981,0.6782318,0.07425206455543776
5621,Zbtb26,0.8431870869340268,1.2698591,0.07407605312327326
5622,Zhx3,0.8431870869340268,1.0580624,0.07407605312327326
5623,Klhl42,0.8431870869340268,0.961848,0.07407605312327326
5624,Glipr2,0.8433579273661809,-0.040710825,0.0739880684485742
5625,Anks3,0.8435287751693269,0.8033453,0.07390009780028609
5626,Pcbp4,0.8435287751693269,0.76168764,0.07390009780028609
5627,Uck1,0.8435287751693269,0.9493474,0.07390009780028609
5628,Rmnd5b,0.8435287751693269,0.8266246,0.07390009780028609
5629,Arl15,0.8438704928572844,1.0132815,0.07372419857940873
5630,Ogfod3,0.8438704928572844,0.94039345,0.07372419857940873
5631,Supt3,0.8438704928572844,0.5598683,0.07372419857940873
5632,Cox18,0.8438704928572844,0.7319273,0.07372419857940873
5633,Cenpq,0.8438704928572844,-0.10027662,0.07372419857940873
5634,Noc4l,0.8440413627264385,-0.27185187,0.07363627000505203
5635,Rab2b,0.8442122399352692,1.0256859,0.07354835545357159
5636,Eif3b,0.8442122399352692,-0.12623103,0.07354835545357159
5637,Zfp938,0.8442122399352692,0.78420913,0.07354835545357159
5638,Pinx1,0.8442122399352692,0.85470456,0.07354835545357159
5639,RP23-353K7.9,0.8442122399352692,0.8633848,0.07354835545357159
5640,Rnf215,0.844554016340634,0.52817076,0.07337256841570348
5641,Usp5,0.844554016340634,-0.27472493,0.07337256841570348
5642,Scp2,0.8447249155215022,-0.1265953,0.07328469592754755
5643,Ube2m,0.8448958220107152,-0.029437358,0.07319683745873139
5644,Zfp444,0.8448958220107152,0.69889814,0.07319683745873139
5645,Zbtb21,0.8448958220107152,0.6072742,0.07319683745873139
5646,Zfp553,0.8448958220107152,0.5968935,0.07319683745873139
5647,Zfp825,0.8448958220107152,0.6655113,0.07319683745873139
5648,Samd1,0.8448958220107152,0.29731417,0.07319683745873139
5649,Trim41,0.8448958220107152,0.06141317,0.07319683745873139
5650,Otud1,0.8448958220107152,0.71549714,0.07319683745873139
5651,Jup,0.8448958220107152,0.54395777,0.07319683745873139
5652,Ints6,0.8448958220107152,-0.37791947,0.07319683745873139
5653,RP24-432B3.4,0.8448958220107152,0.8606721,0.07319683745873139
5654,Tnfrsf11b,0.8448958220107152,0.8217141,0.07319683745873139
5655,Zfp874b,0.8448958220107152,0.80142945,0.07319683745873139
5656,Ostm1,0.8452376568828329,0.5059435,0.07302116257558039
5657,Gosr1,0.8452376568828329,0.5427309,0.07302116257558039
5658,Xrcc5,0.8452376568828329,0.6721131,0.07302116257558039
5659,Akr1e1,0.8452376568828329,0.613988,0.07302116257558039
5660,D030056L22Rik,0.8452376568828329,0.20958196,0.07302116257558039
5661,Cntrob,0.8455795208942904,0.17330395,0.07284554375917393
5662,Nup205,0.8457504638076745,-0.19196941,0.07275775537378794
5663,Alg9,0.8459214139823747,0.16412571,0.07266998100243358
5664,Oma1,0.8459214139823747,0.43699995,0.07266998100243358
5665,B3galt6,0.8462633360843562,-0.11808847,0.07249447429827922
5666,Aph1c,0.8462633360843562,0.3914932,0.07249447429827922
5667,Abcb10,0.8462633360843562,-0.08556564,0.07249447429827922
5668,Ap1g2,0.8462633360843562,0.27782828,0.07249447429827922
5669,B4galt7,0.8462633360843562,0.38172278,0.07249447429827922
5670,Cib2,0.8462633360843562,0.47990438,0.07249447429827922
5671,Slc25a46,0.8462633360843562,-0.10497158,0.07249447429827922
5672,Agpat2,0.8466052871374892,0.38808054,0.07231902363962882
5673,Ecd,0.8466052871374892,0.26100457,0.07231902363962882
5674,Map4k2,0.8466052871374892,0.012636213,0.07231902363962882
5675,Sf3a2,0.8466052871374892,-0.087981835,0.07231902363962882
5676,Nudt16,0.8466052871374892,0.12353315,0.07231902363962882
5677,Kctd14,0.8469472670790112,0.13559744,0.07214362901939865
5678,Mkl2,0.8469472670790112,0.079086445,0.07214362901939865
5679,Tyw1,0.8469472670790112,0.34070995,0.07214362901939865
5680,RP23-407I6.6,0.8469472670790112,0.557645,0.07214362901939865
5681,Anks1,0.8472892758461441,0.4991181,0.07196829043050308
5682,Gins2,0.8472892758461441,-0.40657386,0.07196829043050308
5683,Mocos,0.8472892758461441,0.26964504,0.07196829043050308
5684,RP23-354A20.1,0.8472892758461441,0.3796987,0.07196829043050308
5685,Pacs1,0.8472892758461441,-0.05668458,0.07196829043050308
5686,Exosc1,0.8472892758461441,0.47238678,0.07196829043050308
5687,Ptgir,0.8472892758461441,0.15418643,0.07196829043050308
5688,Smyd2,0.8472892758461441,0.31361356,0.07196829043050308
5689,Hist1h2bb,0.8472892758461441,0.02311947,0.07196829043050308
5690,Orai3,0.8472892758461441,0.4888297,0.07196829043050308
5691,RP23-298M23.12,0.8472892758461441,0.19028275,0.07196829043050308
5692,Bcs1l,0.8472892758461441,0.18058984,0.07196829043050308
5693,RP23-230O9.15,0.8476313133760925,0.15749027,0.07179300786585499
5694,RP23-388H13.4,0.8476313133760925,0.26966628,0.07179300786585499
5695,Mbd5,0.8476313133760925,0.41090158,0.07179300786585499
5696,Polq,0.8476313133760925,0.2806037,0.07179300786585499
5697,RP23-307F3.6,0.8476313133760925,0.56692153,0.07179300786585499
5698,Myh10,0.8476313133760925,0.39646342,0.07179300786585499
5699,Snrnp70,0.8478023429074949,-0.097061485,0.0717053875904084
5700,Rps6ka2,0.8479733796060458,-0.05008694,0.07161778131836509
5701,Pus1,0.8479733796060458,0.31060386,0.07161778131836509
5702,Dok2,0.8479733796060458,0.32401142,0.07161778131836509
5703,Rnf115,0.8483154744731765,-0.27232566,0.07144261078094254
5704,Zdhhc7,0.8483154744731765,-0.23172562,0.07144261078094254
5705,Tpd52,0.8484865326260453,-0.2605934,0.07135504651379011
5706,Mrpl1,0.848657597914641,0.5079839,0.07126749624649466
5707,Psph,0.848657597914641,0.0067787706,0.07126749624649466
5708,Arl2,0.8489997498675799,0.150828,0.07109243770792696
5709,Pgm2,0.8489997498675799,0.15317604,0.07109243770792696
5710,Tet1,0.8489997498675799,0.2438891,0.07109243770792696
5711,Slc11a2,0.8493419302691173,0.2654369,0.07091743515814318
5712,Timm21,0.8493419302691173,0.1794701,0.07091743515814318
5713,Nudt13,0.8493419302691173,0.39115256,0.07091743515814318
5714,Malt1,0.8496841390563614,0.2330476,0.07074248859004532
5715,Rnf185,0.8496841390563614,0.16667971,0.07074248859004532
5716,Cmas,0.8500263761664045,-0.11431179,0.07056759799653345
5717,Nagk,0.8500263761664045,-0.11598516,0.07056759799653345
5718,Cmc2,0.8500263761664045,-0.33310154,0.07056759799653345
5719,Nudt19,0.8500263761664045,0.25179595,0.07056759799653345
5720,Mgat4b,0.8500263761664045,-0.21415947,0.07056759799653345
5721,Samm50,0.8500263761664045,-0.1140902,0.07056759799653345
5722,Zfp740,0.8501975053228126,-0.13474974,0.07048017368802809
5723,Tmem194,0.8503686415363225,0.2728181,0.07039276337050607
5724,Srd5a3,0.8503686415363225,0.047519043,0.07039276337050607
5725,Lsm14b,0.8503686415363225,0.35250401,0.07039276337050607
5726,Zbtb2,0.8507109351031756,0.10672607,0.07021798470485971
5727,Atr,0.8507109351031756,0.0068685794,0.07021798470485971
5728,Erlin2,0.8507109351031756,0.39501977,0.07021798470485971
5729,Mrpl28,0.8510532568040082,-0.38433307,0.07004326199248913
5730,Sept9,0.8513956065758483,-0.16266464,0.06986859522628747
5731,Il18rap,0.8513956065758483,0.2260794,0.06986859522628747
5732,Vps13d,0.8513956065758483,0.25711742,0.06986859522628747
5733,Tmtc3,0.8513956065758483,0.21849366,0.06986859522628747
5734,Zbtb45,0.8517379843557087,-0.10876539,0.06969398439914583
5735,Cdo1,0.8517379843557087,0.14820506,0.06969398439914583
5736,Pcf11,0.8520803900805857,0.024698595,0.06951942950395373
5737,Bap1,0.8520803900805857,-0.08550337,0.06951942950395373
5738,Ythdf3,0.8527652851132972,0.078808345,0.06917048748096694
5739,Pex7,0.8531077742950461,-0.53234655,0.06899610033894216
5740,Mrpl24,0.8534502911696406,-0.3700738,0.06882176910040676
5741,Mcu,0.8537928356739982,0.2963928,0.06864749375824135
5742,Hopx,0.8541354077450217,0.055601608,0.06847327430532449
5743,Slc44a2,0.8544780073195977,-0.2960233,0.06829911073453321
5744,Exosc2,0.8544780073195977,-0.037585888,0.06829911073453321
5745,Bzw2,0.8548206343345972,0.14484414,0.0681250030387426
5746,Aprt,0.8549919581125238,-0.045630187,0.06803797014174555
5747,Snapin,0.8555059704332741,0.10171448,0.06777695524365507
5748,Zfp131,0.8555059704332741,-0.13533202,0.06777695524365507
5749,Jagn1,0.8555059704332741,-0.08596352,0.06777695524365507
5750,Ensa,0.8556773215095264,-0.026792781,0.06768997820562103
5751,Ip6k1,0.8558486793906166,-0.03126486,0.06760301513009938
5752,Pbdc1,0.8560200440686453,-0.21149865,0.06751606601619864
5753,Mrs2,0.8561914155357123,0.06782021,0.0674291308630271
5754,Zbtb7c,0.8567055705921262,1.1246638,0.06716840915896916
5755,Tmem55b,0.8568769691363245,0.020845208,0.06708152983979537
5756,Mapk1,0.8572197864653825,-0.30352122,0.06690781306936307
5757,Ltv1,0.8572197864653825,-0.5642521,0.06690781306936307
5758,Dennd5a,0.857905501864743,-0.1212616,0.06656054697516935
5759,Pisd,0.8582483998084955,0.14646406,0.06638699763712429
5760,Rnf169,0.8585913244972377,-0.0018509902,0.06621350409558828
5761,Fbxo33,0.8596202584001992,-0.53769124,0.06569335817856228
5762,Stard13,0.8596202584001992,1.4071773,0.06569335817856228
5763,Akr1b3,0.8597917706104148,-0.4275183,0.06560671599452966
5764,Tm2d1,0.8597917706104148,0.555324,0.06560671599452966
5765,Syncrip,0.8601348148678971,-0.112207785,0.06543347344882261
5766,Aldoa,0.8601348148678971,-0.2296658,0.06543347344882261
5767,Pef1,0.8603063468993188,1.3274763,0.06534687308535952
5768,Gtf2a1,0.8603063468993188,-0.31340972,0.06534687308535952
5769,Ptp4a3,0.8604778855219626,0.84565824,0.0652602866602975
5770,Kdm4c,0.8606494307279033,-0.55134314,0.065173714172742
5771,Plekhh3,0.8606494307279033,1.2579178,0.065173714172742
5772,Timm9,0.8606494307279033,-0.099941395,0.065173714172742
5773,Tmem97,0.8606494307279033,-0.010904454,0.065173714172742
5774,Ube2g2,0.8613356772261074,-0.049803324,0.0648275635796892
5775,Rad50,0.8613356772261074,-0.1610063,0.0648275635796892
5776,Cipc,0.8615072552296278,0.7464898,0.06474106076624349
5777,Mex3a,0.8618504308359219,0.8261302,0.06456809693486662
5778,Tgfb3,0.8620220284228319,1.0715681,0.06448163591514465
5779,Rrp9,0.8620220284228319,1.1356201,0.06448163591514465
5780,Rnf166,0.8620220284228319,-0.27650785,0.06448163591514465
5781,Rnf31,0.8620220284228319,0.9538222,0.06448163591514465
5782,Dock1,0.8623652431245117,0.09102498,0.06430875566315564
5783,Alg1,0.8623652431245117,1.1300968,0.06430875566315564
5784,RP23-25C24.3,0.8623652431245117,1.0030754,0.06430875566315564
5785,Fam188a,0.8623652431245117,1.1048936,0.06430875566315564
5786,Recql5,0.8627084838104384,0.8999074,0.06413593112180144
5787,Cab39,0.8628801138776541,-0.23887861,0.0640495397403724
5788,Gtf3c1,0.8630517504171208,0.4899961,0.06396316228391408
5789,Rce1,0.8630517504171208,0.93327904,0.06396316228391408
5790,Gfm2,0.8630517504171208,0.7219953,0.06396316228391408
5791,Ikbkg,0.8630517504171208,0.89044243,0.06396316228391408
5792,Aldh18a1,0.8632233934209002,0.64332783,0.06387679875153
5793,Zxdc,0.8633950428810522,0.6390399,0.063790449142324
5794,Kctd3,0.8633950428810522,0.77571595,0.063790449142324
5795,Pacsin3,0.8633950428810522,0.64267176,0.063790449142324
5796,Dnajc5,0.8633950428810522,-0.14721267,0.063790449142324
5797,Pomgnt1,0.8635666987896365,0.62809646,0.06370411345539943
5798,Rin3,0.8637383611387117,-0.4096956,0.06361779168985972
5799,RP23-300K5.1,0.8637383611387117,0.8533256,0.06361779168985972
5800,Slc10a3,0.8637383611387117,0.38995138,0.06361779168985972
5801,Tcp1,0.863910029920335,-0.15947929,0.06353148384480829
5802,Sgk1,0.8640817051265636,0.73517495,0.06344518991934814
5803,Map2k5,0.8640817051265636,0.6373765,0.06344518991934814
5804,RP23-16D16.13,0.8640817051265636,0.7829855,0.06344518991934814
5805,Ccdc191,0.8640817051265636,0.5341709,0.06344518991934814
5806,Ifit2,0.8640817051265636,0.76180565,0.06344518991934814
5807,Dis3l,0.8640817051265636,0.23053092,0.06344518991934814
5808,0610009O20Rik,0.8644250747810577,0.5379725,0.06327264382361414
5809,Tbcc,0.8644250747810577,0.49456635,0.06327264382361414
5810,RP23-359F12.1,0.8644250747810577,0.5594295,0.06327264382361414
5811,E2f4,0.8644250747810577,-0.0526355,0.06327264382361414
5812,Leng8,0.8645967692134322,-0.08384783,0.06318639165154605
5813,Kctd17,0.8647684700386292,0.48939666,0.06310015339548097
5814,Kdm1b,0.865111890835699,0.40103236,0.06292771862777002
5815,Mau2,0.865111890835699,-0.051759012,0.06292771862777002
5816,Phka1,0.865111890835699,0.49479377,0.06292771862777002
5817,Itgb7,0.865111890835699,-0.044665646,0.06292771862777002
5818,Zfp617,0.865111890835699,0.4908726,0.06292771862777002
5819,Urgcp,0.8652836107916732,0.5012322,0.0628415221143291
5820,Btaf1,0.8652836107916732,0.40783337,0.0628415221143291
5821,Synm,0.8652836107916732,0.2965295,0.0628415221143291
5822,Prodh,0.8654553371086731,0.29918814,0.06275533951330096
5823,RP23-230C2.2,0.8654553371086731,0.4154193,0.06275533951330096
5824,Thada,0.8654553371086731,0.398299,0.06275533951330096
5825,Bahd1,0.8654553371086731,0.24982882,0.06275533951330096
5826,Hps5,0.8654553371086731,0.13569832,0.06275533951330096
5827,Wdr6,0.8656270697787474,0.22943549,0.06266917082378771
5828,Gtf2e1,0.8656270697787474,0.21671194,0.06266917082378771
5829,Zfp715,0.8656270697787474,0.43151033,0.06266917082378771
5830,Tmem173,0.8657988087939436,0.4312437,0.06258301604489151
5831,Mrpl39,0.8657988087939436,0.48761234,0.06258301604489151
5832,Pfkl,0.8657988087939436,0.37231827,0.06258301604489151
5833,Nat9,0.8657988087939436,0.24846487,0.06258301604489151
5834,Myo1f,0.8657988087939436,-0.43963408,0.06258301604489151
5835,Tdp1,0.8657988087939436,0.18394233,0.06258301604489151
5836,Thap1,0.8661423058278878,0.08358788,0.06241074821535776
5837,Map3k7,0.8661423058278878,-0.0027413447,0.06241074821535776
5838,Qars,0.8661423058278878,0.35657185,0.06241074821535776
5839,Hint3,0.8663140638307265,0.38899982,0.06232463516292379
5840,Cetn3,0.8664858281468687,-0.119916305,0.06223853601751395
5841,Golga1,0.8666575987683575,0.28693736,0.062152450778229756
5842,Cyb5r4,0.8668293756872352,-0.078397736,0.06206637944417252
5843,Caml,0.8668293756872352,0.39939988,0.06206637944417252
5844,Wdr91,0.8668293756872352,0.37775466,0.06206637944417252
5845,Cep162,0.8671729483853217,-0.14093709,0.06189427848814409
5846,Scamp2,0.8673447441486105,-0.14047398,0.0618082488643751
5847,Mynn,0.8673447441486105,0.18027501,0.0618082488643751
5848,Cyth2,0.8673447441486105,0.14414625,0.0618082488643751
5849,Drg2,0.8675165461774483,0.11065051,0.061722233142237536
5850,Cxxc1,0.8676883544638729,0.25571504,0.06163623132083222
5851,Plekhm2,0.8676883544638729,0.21700677,0.06163623132083222
5852,Cnot6l,0.8678601689999212,-0.1257155,0.061550243399259866
5853,Jkamp,0.8678601689999212,-0.23719394,0.061550243399259866
5854,Eps15l1,0.8680319897776292,0.30581746,0.06146426937662112
5855,Camk2a,0.868203816789032,-0.017353497,0.06137830925201643
5856,Limk2,0.8683756500261639,0.1881249,0.06129236302454621
5857,Ltb,0.8685474894810583,0.17049332,0.061206430693310686
5858,Clcn3,0.8685474894810583,-0.1249797,0.061206430693310686
5859,Hat1,0.8685474894810583,-0.5574229,0.061206430693310686
5860,Poc1b,0.8688911870122638,-0.26515406,0.06103460771594426
5861,RP23-314A12.2,0.8690630450726372,0.055876363,0.0609487170680133
5862,Washc5,0.8694067797430747,0.24056628,0.06077697744915509
5863,RP24-127M20.2,0.8695786563371957,-0.73954517,0.060691128476427186
5864,Casp8,0.8699224280033789,-0.1297787,0.060519472199870916
5865,Orc2,0.8699224280033789,-0.2706033,0.060519472199870916
5866,Fam134a,0.8699224280033789,-0.03981729,0.060519472199870916
5867,Yme1l1,0.8700943230594929,-0.034681343,0.06043366489424126
5868,Ap4s1,0.8702662242536549,0.2405559,0.060347871475842786
5869,Fktn,0.8702662242536549,0.22409481,0.060347871475842786
5870,Slu7,0.8704381315778886,0.2638727,0.06026209194377454
5871,Psmf1,0.8704381315778886,-0.12800282,0.06026209194377454
5872,Zeb1,0.870610045024217,0.22780837,0.06017632629713546
5873,Eif3h,0.8709538902512449,-0.15678331,0.06000483665653987
5874,Gmnn,0.8711258220159859,-0.3765589,0.05991911266078065
5875,Tbc1d9b,0.8711258220159859,0.22842017,0.05991911266078065
5876,Xpnpep1,0.8712977598709043,0.1112127,0.059833402546845146
5877,Foxj2,0.8712977598709043,0.10218553,0.059833402546845146
5878,RP23-348N2.2,0.8714697038080188,-0.3921592,0.05974770631383169
5879,Ppil2,0.871641653819347,-0.06052108,0.059662023960838584
5880,Mfn2,0.871641653819347,0.035832055,0.059662023960838584
5881,Bysl,0.871641653819347,0.16539858,0.059662023960838584
5882,RP23-7E4.3,0.8718136098969058,-0.16764243,0.0595763554869639
5883,Pih1d1,0.8719855720327111,-0.36707702,0.059490700891305724
5884,Papola,0.872157540218778,-0.28966364,0.059405060172961946
5885,Alad,0.872501494709753,-0.23083751,0.059233820364608565
5886,Casp7,0.8728454733059345,-0.27807257,0.059062636054684835
5887,Nbeal2,0.8731894759434126,-0.49414164,0.05889150723597
5888,Polr3k,0.8733614862576622,-0.11421392,0.05880596363355895
5889,Mefv,0.8733614862576622,0.14573,0.05880596363355895
5890,Plekha2,0.8733614862576622,-0.21192935,0.05880596363355895
5891,Snhg4,0.8735335025582636,-0.117471814,0.05872043390124153
5892,Armt1,0.8737055248372241,-0.06474475,0.05863491803811464
5893,Sec23ip,0.874049587298248,-0.115293466,0.0584639279158195
5894,Ogfr,0.874049587298248,-0.20039566,0.0584639279158195
5895,Wtap,0.8742216274643222,-0.025185743,0.058378453654844426
5896,Xab2,0.8743936735767766,-0.08120432,0.058292993259446466
5897,Uvssa,0.8745657256276147,0.012319056,0.058207546728721776
5898,Dis3,0.8747377836088388,-0.010715708,0.05812211406176665
5899,Ipo9,0.8750819173304502,-0.08312655,0.05795129031554948
5900,Col1a2,0.8750819173304502,0.41419303,0.05795129031554948
5901,Secisbp2,0.8752539930548379,0.11739494,0.05786589923447934
5902,Shprh,0.8752539930548379,0.08500384,0.05786589923447934
5903,Dok3,0.8754260746776126,-0.34265858,0.05778052201356256
5904,Nol8,0.8754260746776126,-0.26946887,0.05778052201356256
5905,Acaa1a,0.8755981621907725,-0.02188483,0.057695158651894785
5906,Ibtk,0.8757702555863149,0.024644753,0.05760980914857155
5907,Kars,0.8757702555863149,-0.04235491,0.05760980914857155
5908,Etaa1,0.8757702555863149,-0.30628496,0.05760980914857155
5909,Hltf,0.8757702555863149,-0.11747024,0.05760980914857155
5910,Agpat1,0.8757702555863149,-0.103000015,0.05760980914857155
5911,Nol12,0.8759423548562363,-0.044548932,0.0575244735026884
5912,Ncbp1,0.8762865709871979,-0.13763432,0.05735384377962326
5913,Lgmn,0.8764586878322269,-0.08864722,0.057268549700631624
5914,Ngdn,0.8774915113115935,-0.066742316,0.056757076125232515
5915,Fkbp3,0.8776636688849292,-0.34381333,0.056671879003974045
5916,Naa20,0.8778358322445506,-0.026766405,0.056586695730197985
5917,Trim56,0.8778358322445506,0.15613595,0.056586695730197985
5918,Vps11,0.8778358322445506,-0.11330598,0.056586695730197985
5919,Slc9a3r1,0.8778358322445506,-0.110853754,0.056586695730197985
5920,Tmx2,0.8780080013824443,-0.1888708,0.05650152630299849
5921,Usp45,0.8780080013824443,0.058537427,0.05650152630299849
5922,Pspc1,0.878180176290596,0.28034323,0.056416370721469496
5923,Rbm34,0.8783523569609906,0.001756641,0.0563312289847049
5924,Rbm6,0.8785245433856121,-0.5548341,0.056246101091798485
5925,Tmx3,0.8788689334654688,-0.26779842,0.05607588683393456
5926,Rpa3,0.879041137104668,-0.10137176,0.05599080046716399
5927,Spint2,0.879041137104668,-0.1347031,0.05599080046716399
5928,Slc7a1,0.879041137104668,-0.009206395,0.05599080046716399
5929,Ube2j1,0.8792133464660227,-0.109390676,0.05590572794062543
5930,Bag6,0.8793855615415126,-0.22198655,0.05582066925341215
5931,Gng2,0.8795577823231171,-0.0815475,0.055735624404617226
5932,Cdc45,0.8799022409725828,-0.50500447,0.05556557621865407
5933,Agl,0.8800744788243984,-0.034603626,0.055480572879671515
5934,Sobp,0.8802467223502375,0.9121423,0.05539558337547842
5935,Zfp367,0.8802467223502375,-0.41739714,0.05539558337547842
5936,Fam91a1,0.8804189715420752,0.09912534,0.055310607705167394
5937,Setd7,0.8809357530333198,-0.21697755,0.055055763688450124
5938,Meis1,0.8809357530333198,0.95766425,0.055055763688450124
5939,Pkmyt1,0.8809357530333198,-0.41673845,0.055055763688450124
5940,Adgrd1,0.8812803022103184,0.62759304,0.05488593683007338
5941,Tmcc1,0.8812803022103184,-0.38303366,0.05488593683007338
5942,Mdm2,0.8814525852295818,-0.082187,0.05480104414399132
5943,Tep1,0.8814525852295818,-0.23717512,0.05480104414399132
5944,Pla2g16,0.8816248738586479,0.81922126,0.05471616528543575
5945,Ttc5,0.8817971680894852,-0.40286294,0.05463130025349837
5946,Zfp277,0.8819694679140617,0.73130757,0.05454644904727068
5947,Socs6,0.8824864008698953,-0.34464276,0.054291978373759
5948,Cep89,0.8826587229890931,0.6921955,0.05420718246128283
5949,Nfxl1,0.8826587229890931,0.675853,0.05420718246128283
5950,Mpg,0.8830033838801541,0.5878507,0.054037632098917925
5951,Nufip1,0.8830033838801541,0.7269323,0.054037632098917925
5952,Rab3il1,0.8830033838801541,0.58231544,0.054037632098917925
5953,Zfp324,0.8833480669211866,0.7162356,0.05386813701394125
5954,Ttll5,0.8833480669211866,0.33744934,0.05386813701394125
5955,Zkscan6,0.8833480669211866,0.41979784,0.05386813701394125
5956,Sestd1,0.8833480669211866,0.56779826,0.05386813701394125
5957,Vstm4,0.8836927720478809,0.2919486,0.053698697199077244
5958,Lpin1,0.8836927720478809,0.44951484,0.053698697199077244
5959,Txlna,0.883865132873251,-0.2121295,0.05361399801566336
5960,Suclg2,0.8840374991959146,-0.029654033,0.053529312647048535
5961,RP23-267O21.3,0.8840374991959146,0.46397805,0.053529312647048535
5962,Ppp2r3c,0.884382248300953,0.29390094,0.05335998335057588
5963,Fkrp,0.884382248300953,0.3976672,0.05335998335057588
5964,Tbc1d22a,0.884382248300953,0.3495012,0.05335998335057588
5965,Pwp2,0.8847270192986488,0.40706253,0.05319070930237836
5966,Zdhhc12,0.8850718121246423,0.24360287,0.05302149049517322
5967,Dhx32,0.8850718121246423,0.32216987,0.05302149049517322
5968,RP23-218K15.3,0.8854166267145612,0.4707839,0.05285232692167586
5969,Med9,0.8854166267145612,0.29702622,0.05285232692167586
5970,Tmem237,0.8854166267145612,0.29229042,0.05285232692167586
5971,Tuba8,0.8854166267145612,0.28114,0.05285232692167586
5972,Pigh,0.8857614630040211,0.30922484,0.052683218574599955
5973,Polr3e,0.8857614630040211,0.242044,0.052683218574599955
5974,Ept1,0.8857614630040211,0.14421909,0.052683218574599955
5975,RP23-395H6.2,0.8861063209286254,0.31697798,0.05251416544665725
5976,RP23-249P4.1,0.8861063209286254,0.19588967,0.05251416544665725
5977,Nek1,0.8861063209286254,0.11616697,0.05251416544665725
5978,Asb3,0.8861063209286254,-0.102958255,0.05251416544665725
5979,Epg5,0.8861063209286254,0.19152792,0.05251416544665725
5980,Ube2t,0.8861063209286254,0.04180057,0.05251416544665725
5981,Gyg,0.8861063209286254,-0.4591698,0.05251416544665725
5982,Exo1,0.8864512004239649,-0.49008128,0.052345167530557776
5983,RP24-69E5.2,0.8864512004239649,0.055045947,0.052345167530557776
5984,Bcl3,0.886796101425618,0.22261398,0.052176224819009825
5985,Ppil3,0.886796101425618,-0.16007806,0.052176224819009825
5986,Ubqln4,0.886796101425618,0.26027223,0.052176224819009825
5987,Kcnk6,0.886796101425618,0.04876634,0.052176224819009825
5988,Tmem161a,0.886796101425618,0.24889313,0.052176224819009825
5989,Nes,0.886796101425618,-0.054068964,0.052176224819009825
5990,RP24-67F19.7,0.886796101425618,0.39882407,0.052176224819009825
5991,Vps13a,0.8869685599711772,-0.45543176,0.052091774162663536
5992,Prkaca,0.8871410238691513,0.29694793,0.052007337304719875
5993,Kank1,0.8871410238691513,0.16964607,0.052007337304719875
5994,Zfp787,0.8871410238691513,-0.34006047,0.052007337304719875
5995,Wdr81,0.8874859676901191,-0.043566316,0.0518385049803924
5996,Zfp959,0.8874859676901191,0.16279651,0.0518385049803924
5997,Gdap2,0.8874859676901191,0.06524697,0.0518385049803924
5998,Sdhd,0.8874859676901191,-0.43681213,0.0518385049803924
5999,Tomm6,0.8874859676901191,-0.4143979,0.0518385049803924
6000,Insr,0.8874859676901191,0.11139628,0.0518385049803924
6001,Snx2,0.8876584475969983,0.18934335,0.05175410951218433
6002,Elp3,0.8878309328240634,0.19507053,0.05166972783873032
6003,Cwc27,0.8878309328240634,-0.30198044,0.05166972783873032
6004,Nol10,0.8881759192065142,0.13145739,0.051501005872434696
6005,Hps4,0.8881759192065142,0.002481532,0.051501005872434696
6006,Pgp,0.8885209267729894,-0.34115517,0.051332339074204654
6007,Sept6,0.8886934384800822,-0.5683726,0.051248026360832304
6008,Gtpbp1,0.8888659554589948,-0.18478705,0.05116372743673775
6009,Kctd9,0.8888659554589948,0.323868,0.05116372743673775
6010,Ptprcap,0.8892110052000245,-0.11323823,0.050995170952729464
6011,Snapc1,0.88955607593156,-0.041954756,0.05082666961487377
6012,Nelfa,0.88955607593156,-0.04955879,0.05082666961487377
6013,Mtf1,0.8897286191486025,-0.24668035,0.05074243962346942
6014,Zfp414,0.8899011675890717,0.04457261,0.050658223415862576
6015,Zfp710,0.8902462801080174,-0.29600456,0.05048983234838612
6016,RP23-343E20.2,0.8905914134238433,0.17525132,0.05032149640513293
6017,Cep83os,0.8909365674719839,-0.3360469,0.05015321557878951
6018,Rrp1b,0.8912817421878618,0.033227507,0.0499849898620407
6019,Zbtb41,0.8912817421878618,0.08449437,0.0499849898620407
6020,Dram2,0.8916269375068877,0.17266485,0.04981681924756963
6021,Gapt,0.8916269375068877,-0.35513818,0.04981681924756963
6022,Bfar,0.8916269375068877,0.040687975,0.04981681924756963
6023,Zfp36,0.8916269375068877,-0.15832484,0.04981681924756963
6024,Chuk,0.8916269375068877,0.12913209,0.04981681924756963
6025,Seh1l,0.8917995428723939,-0.14478898,0.04973275460140114
6026,Nvl,0.891972153364461,-0.44944328,0.04964870372805735
6027,Gm26870,0.8923173896959689,-0.19823341,0.049480643296183444
6028,Zfp113,0.8926626464367874,-0.23180452,0.04931263794462538
6029,Atp6v1a,0.8930079235222806,-0.22691995,0.04914468766605905
6030,Rnaset2a,0.8930079235222806,0.11571611,0.04914468766605905
6031,Rbck1,0.8933532208878013,-0.10904704,0.04897679245315843
6032,Spag5,0.8936985384686905,-0.29550165,0.04880895229859578
6033,Rpl37rt,0.8940438762002778,-0.3806696,0.0486411671950415
6034,Tor3a,0.8943892340178815,-0.12787537,0.04847343713516414
6035,Smtn,0.8943892340178815,0.055591878,0.04847343713516414
6036,Ubac1,0.8947346118568082,-0.43304056,0.04830576211163054
6037,Smim14,0.8947346118568082,-0.121022984,0.04830576211163054
6038,Pigm,0.894907308264048,-0.096761726,0.04822194523620056
6039,Gpalpp1,0.8954254273398008,-0.4750361,0.047970577144252916
6040,Klhdc4,0.8957708648544235,-0.079504885,0.0478030671857334
6041,Zfp326,0.8968072957138998,-0.15347561,0.04730086732276206
6042,RP24-185O19.6,0.8971528118897248,-0.3429967,0.04713357734815389
6043,Mrpl10,0.8976711227020333,-0.17461208,0.04688274546697007
6044,Lgr4,0.898362271668911,0.8545145,0.04654849533749529
6045,Dnajc11,0.8985350709787261,-0.24942912,0.0464649671523513
6046,Syde1,0.8985350709787261,1.4678802,0.0464649671523513
6047,Tubgcp6,0.8985350709787261,1.0139514,0.0464649671523513
6048,Tmem45a,0.8987078750995728,0.4485326,0.046381452704258565
6049,Zfp141,0.898880684023347,-0.109423265,0.04629795199229746
6050,Tgif1,0.8995719675856024,1.0507492,0.045964086487375995
6051,Abhd13,0.8999176379735275,-0.27772316,0.04579723612778963
6052,Spopl,0.8999176379735275,0.14448056,0.04579723612778963
6053,Was,0.8999176379735275,-0.40979668,0.04579723612778963
6054,Rnf220,0.9002633273461597,-0.23122662,0.04563044068697075
6055,Tmem50b,0.900609035638617,-0.09847584,0.045463700157555464
6056,Ly75,0.900954762786007,-0.42208114,0.04529701453217817
6057,Map1a,0.900954762786007,0.8085328,0.04529701453217817
6058,Nfkbia,0.900954762786007,-0.2713805,0.04529701453217817
6059,Acad9,0.9013005087234262,0.7383453,0.045130383803471334
6060,Uspl1,0.9013005087234262,-0.17113079,0.045130383803471334
6061,RP23-212I23.1,0.9016462733859603,-0.12974563,0.044963807964065856
6062,Itgb2l,0.901819162718857,-0.21029626,0.04488054062554767
6063,Pole3,0.9019920567086849,-0.19624636,0.04479728700659051
6064,Ctdnep1,0.9019920567086849,-0.19520408,0.04479728700659051
6065,Kctd1,0.9019920567086849,0.5359504,0.04479728700659051
6066,RP23-402K24.2,0.9021649553473267,0.24851291,0.04471404710627273
6067,Paox,0.9023378586266645,0.61790925,0.044630820923672515
6068,Olfm1,0.9025107665385798,-0.2105809,0.044547608457867996
6069,Slc7a6,0.9026836790749532,0.70842975,0.0444644097079372
6070,RP23-182J19.2,0.9026836790749532,0.5627561,0.0444644097079372
6071,Megf8,0.9030295179885945,0.4131366,0.04429805335200803
6072,Mlxip,0.9030295179885945,0.43103915,0.04429805335200803
6073,RP24-74O18.2,0.9030295179885945,-0.21369337,0.04429805335200803
6074,Sms,0.9033753753026215,-0.084138066,0.04413175184850681
6075,Arrb1,0.9033753753026215,-0.09842433,0.04413175184850681
6076,E4f1,0.9033753753026215,0.70043874,0.04413175184850681
6077,Srsf9,0.9033753753026215,-0.1158227,0.04413175184850681
6078,Tlcd2,0.9033753753026215,0.4978746,0.04413175184850681
6079,Mplkip,0.9033753753026215,-0.24613819,0.04413175184850681
6080,RP23-288L22.4,0.9037212509520566,0.31752062,0.04396550519005341
6081,Casp3,0.9037212509520566,-0.35786474,0.04396550519005341
6082,Slc30a4,0.9038941956322438,0.30552,0.0438824024254129
6083,Fam98c,0.9040671448719119,0.0794476,0.04379931336926598
6084,Cdca7,0.9040671448719119,-0.13291922,0.04379931336926598
6085,Mtap,0.9040671448719119,0.40719885,0.04379931336926598
6086,Nfatc4,0.9044130569971892,0.14753367,0.04363317637876076
6087,Cops5,0.9044130569971892,-0.436481,0.04363317637876076
6088,AC163329.3,0.9044130569971892,0.22773623,0.04363317637876076
6089,Rps25-ps1,0.9044130569971892,0.12684396,0.04363317637876076
6090,RP23-3F1.4,0.9047589872628798,0.32619864,0.043467094211152274
6091,Ralgds,0.9047589872628798,0.14811082,0.043467094211152274
6092,Rpap1,0.9047589872628798,0.40555355,0.043467094211152274
6093,Zfp943,0.9047589872628798,0.3935646,0.043467094211152274
6094,Itpk1,0.9047589872628798,0.21647234,0.043467094211152274
6095,Apool,0.9051049356039647,0.2041028,0.04330106685905331
6096,Frmd8,0.9051049356039647,0.0334528,0.04330106685905331
6097,Entpd3,0.9051049356039647,0.27348557,0.04330106685905331
6098,Pqlc3,0.9051049356039647,0.35776907,0.04330106685905331
6099,Sept10,0.9052779165324587,0.32238907,0.04321807373651081
6100,Spata5,0.9054509019554144,-0.09004958,0.04313509431507468
6101,RP23-328G14.2,0.9054509019554144,-0.58528334,0.04313509431507468
6102,Sft2d1,0.9054509019554144,0.5646623,0.04313509431507468
6103,Ankrd46,0.9056238918647018,0.5346091,0.043052128593820876
6104,Mpv17l2,0.9057968862521898,-0.28579244,0.042969176571825446
6105,Prr12,0.9057968862521898,0.2184123,0.042969176571825446
6106,Hccs,0.9061428884292407,-0.31499776,0.04280331362191297
6107,Rrp15,0.9061428884292407,0.18040898,0.04280331362191297
6108,Sipa1l3,0.9061428884292407,0.10425115,0.04280331362191297
6109,Erich1,0.9061428884292407,-0.03614634,0.04280331362191297
6110,Acbd6,0.9061428884292407,-0.12377421,0.04280331362191297
6111,Il1rl2,0.9061428884292407,0.15488426,0.04280331362191297
6112,Zpr1,0.9063158962025388,0.18552235,0.04272040269214725
6113,Grpel2,0.9064889084215074,-0.36602604,0.04263750545794269
6114,Abi1,0.9064889084215074,-0.23789325,0.04263750545794269
6115,Sf3a3,0.9064889084215074,-0.32824945,0.04263750545794269
6116,Col27a1,0.9064889084215074,-0.2542871,0.04263750545794269
6117,Ciao1,0.9066619250780127,0.20061673,0.042554621918374586
6118,Cyth4,0.9066619250780127,-0.28807366,0.042554621918374586
6119,Nt5dc3,0.9066619250780127,0.20628947,0.042554621918374586
6120,Bcl2l1,0.9068349461639198,0.079650685,0.04247175207251827
6121,Stard3,0.9068349461639198,-0.33691326,0.04247175207251827
6122,Miip,0.9068349461639198,0.083412364,0.04247175207251827
6123,Tab3,0.9068349461639198,0.08969018,0.04247175207251827
6124,Rnf114,0.9068349461639198,0.29331687,0.04247175207251827
6125,Ptafr,0.9068349461639198,0.002690526,0.04247175207251827
6126,Cep57l1,0.9068349461639198,-0.42442653,0.04247175207251827
6127,Ivd,0.9068349461639198,-0.06690611,0.04247175207251827
6128,Men1,0.9070079716710935,0.09842903,0.042388895919448895
6129,Il10ra,0.9071810015913977,0.00885784,0.04230605345824156
6130,Scai,0.9071810015913977,0.20723668,0.04230605345824156
6131,Cd79b,0.9071810015913977,-0.012689732,0.04230605345824156
6132,Zfp362,0.9073540359166958,0.029045332,0.042223224687971225
6133,Cmtm6,0.9075270746388506,-0.15536834,0.04214040960771273
6134,Ppt2,0.9075270746388506,0.2626849,0.04214040960771273
6135,Kctd5,0.9075270746388506,-0.11474626,0.04214040960771273
6136,Panx1,0.9078731652411786,-0.35865623,0.04197482051352992
6137,Card9,0.9078731652411786,-0.313498,0.04197482051352992
6138,Mettl6,0.9078731652411786,-0.5760141,0.04197482051352992
6139,Usp11,0.908046217105074,0.055142798,0.041892046497754735
6140,Efl1,0.9082192733332711,-0.046164528,0.0418092861682896
6141,Donson,0.9083923339176294,0.21090403,0.041726539524208794
6142,Il4ra,0.9087384681222652,0.37882143,0.041561087288496674
6143,RP24-271F24.2,0.908911541726259,-0.5509694,0.041478381695013326
6144,Pabpc4,0.908911541726259,-0.12245171,0.041478381695013326
6145,Cyp4f18,0.908911541726259,-0.29499915,0.041478381695013326
6146,Wdr76,0.9090846196538463,-0.41697165,0.04139568978321031
6147,F5,0.909257701896884,-0.9883487,0.04131301155216125
6148,Srp68,0.9096038792967333,-0.44168824,0.04114769612861944
6149,Med30,0.909950073860647,-0.16941111,0.04098243541697528
6150,RP23-32M15.2,0.909950073860647,0.042089604,0.04098243541697528
6151,Edc3,0.9101231775587628,-0.22994873,0.040899825575797945
6152,Fcor,0.9101231775587628,-0.07531317,0.040899825575797945
6153,Arl14ep,0.9102962855234555,0.06275266,0.04081722940981445
6154,Nup54,0.9102962855234555,-0.3756821,0.04081722940981445
6155,RP23-9L16.5,0.9104693977465773,-0.45949358,0.04073464691809778
6156,Cep68,0.9104693977465773,-0.25012615,0.04073464691809778
6157,ZNF654,0.9106425142199798,-0.09731782,0.04065207809972075
6158,Dpt,0.9108156349355141,-0.6068963,0.04056952295375601
6159,Hnrnph2,0.9109887598850307,-0.105586536,0.04048698147927617
6160,Arl6ip4,0.9109887598850307,-0.25294018,0.04048698147927617
6161,Copz1,0.9113350224534097,-0.2974235,0.040321939541060926
6162,Tifa,0.91150816005597,-0.16770494,0.04023943907547012
6163,Mrps9,0.9116813018599086,-0.43480858,0.04015695227765337
6164,Kdm5c,0.9118544478570727,0.06350078,0.040074479146682766
6165,Dclre1b,0.9122007523984649,-0.21425845,0.03990957388156732
6166,Casz1,0.9122007523984649,-0.4469123,0.03990957388156732
6167,Rragc,0.9125470736149143,0.082602486,0.03974472327269771
6168,Prex1,0.9127202404558978,-0.122649916,0.03966231846203391
6169,Pou2f1,0.9127202404558978,-0.41073307,0.03966231846203391
6170,Prkar2a,0.9130665865626022,-0.3070988,0.039497549823605024
6171,Ppm1m,0.9132397658120089,-0.30277485,0.03941518599398232
6172,Klf11,0.9141057236932572,0.04135062,0.03900357170462237
6173,RP23-17C12.7,0.9146253474356207,0.20985511,0.0387567669845511
6174,Mecp2,0.9156647041725571,-0.1347443,0.03826352609772727
6175,Smim15,0.9158379443624536,-0.10392659,0.038181367047834015
6176,Cfl2,0.9161844367262447,-0.013989251,0.03801708988073857
6177,Pla2g4a,0.9165309450142497,-0.04021995,0.037852867284358625
6178,Crlf3,0.9167042051094114,-0.5227005,0.0377707764478593
6179,Hist1h3c,0.9167042051094114,-0.1206953,0.0377707764478593
6180,Fhod1,0.9168774691611201,-0.03570456,0.03768869925124553
6181,Rhou,0.9170507371612062,-0.71595216,0.03760663569358576
6182,Ikzf5,0.9172240091014989,-0.5644186,0.03752458577394864
6183,Rchy1,0.9177438484819036,-0.19521876,0.03727851783385649
6184,Gas7,0.9177438484819036,-0.08110236,0.03727851783385649
6185,Rfx7,0.9179171361013067,-0.6103942,0.03719652245699278
6186,Sdad1,0.9182637230299763,0.046794888,0.037032572602423645
6187,Atp6v1h,0.9182637230299763,-0.3783014,0.037032572602423645
6188,Nsfl1c,0.9182637230299763,-0.46786404,0.037032572602423645
6189,Prelid3b,0.9182637230299763,-0.61717576,0.037032572602423645
6190,Dgat1,0.9186103254906353,-0.4189579,0.03686867727385062
6191,Isy1,0.9191302581610344,-0.27967623,0.036622936500915616
6192,Rai1,0.9196502254104844,-0.034956,0.03637731836950388
6193,Rassf1,0.9196502254104844,-0.3795748,0.03637731836950388
6194,Fam135a,0.919996889344993,1.4654047,0.036213641070301804
6195,Ppp6r2,0.919996889344993,1.0157934,0.036213641070301804
6196,Gatad2a,0.9203435684843932,-0.23607902,0.03605001825978009
6197,Snx25,0.9203435684843932,1.0627438,0.03605001825978009
6198,Idh1,0.9203435684843932,-0.18788148,0.03605001825978009
6199,Sox12,0.9203435684843932,0.66179144,0.03605001825978009
6200,Rhob,0.9206902627632397,-0.25107598,0.035886449930469966
6201,Npnt,0.9206902627632397,0.9435401,0.035886449930469966
6202,Unc13d,0.9206902627632397,0.5561079,0.035886449930469966
6203,Zc3hav1l,0.9210369721160779,1.0251559,0.03572293607490116
6204,Urb1,0.9210369721160779,1.1220243,0.03572293607490116
6205,Chic1,0.9210369721160779,0.9504869,0.03572293607490116
6206,Tfb1m,0.9213836964774449,0.85032827,0.03555947668560146
6207,Nme7,0.9213836964774449,0.90680164,0.03555947668560146
6208,Sh3bp1,0.9217304357818693,-0.030825948,0.03539607175509679
6209,Adam9,0.9217304357818693,0.6403817,0.03539607175509679
6210,Pdss2,0.9217304357818693,0.82556677,0.03539607175509679
6211,RP23-167G19.12,0.9217304357818693,0.81070447,0.03539607175509679
6212,Bmf,0.9217304357818693,0.91621417,0.03539607175509679
6213,Ap1s1,0.9217304357818693,-0.11873704,0.03539607175509679
6214,AC102096.1,0.9217304357818693,0.85370326,0.03539607175509679
6215,RP24-344N22.4,0.9217304357818693,0.86050767,0.03539607175509679
6216,Ncald,0.9217304357818693,0.73147285,0.03539607175509679
6217,Pcgf6,0.9220771899638711,-0.043503355,0.03523272127591135
6218,Nfrkb,0.9220771899638711,0.4070306,0.03523272127591135
6219,Pim3,0.9220771899638711,0.57283324,0.03523272127591135
6220,Sco2,0.9220771899638711,0.6221881,0.03523272127591135
6221,Mirt1,0.9220771899638711,0.5973775,0.03523272127591135
6222,Traf2,0.9220771899638711,0.6467936,0.03523272127591135
6223,Creb3l3,0.9220771899638711,0.1372195,0.03523272127591135
6224,Zranb3,0.9220771899638711,0.35943118,0.03523272127591135
6225,Man2b2,0.9220771899638711,0.5410872,0.03523272127591135
6226,Gas2l1,0.9220771899638711,0.49638915,0.03523272127591135
6227,RP23-465M17.2,0.9222505726134987,-0.3005512,0.035151066453226645
6228,RP23-351K4.4,0.9224239589579619,0.5928906,0.035069425240567484
6229,Usp25,0.9224239589579619,-0.18978842,0.035069425240567484
6230,Nup43,0.9224239589579619,0.68452895,0.035069425240567484
6231,Dnajc12,0.9224239589579619,0.36296216,0.035069425240567484
6232,Cbr4,0.9224239589579619,0.6614621,0.035069425240567484
6233,Cml1,0.9224239589579619,0.24355674,0.035069425240567484
6234,Pex11b,0.9224239589579619,0.41342828,0.035069425240567484
6235,Tcta,0.9224239589579619,0.38026506,0.035069425240567484
6236,Orc5,0.9224239589579619,0.466717,0.035069425240567484
6237,Oasl2,0.9224239589579619,0.44897953,0.035069425240567484
6238,Rpp38,0.9224239589579619,0.53671104,0.035069425240567484
6239,RP23-82I5.2,0.9224239589579619,0.84077406,0.035069425240567484
6240,Pak2,0.9227707426986448,-0.23462527,0.03490618364158575
6241,Klhl11,0.9227707426986448,0.5719604,0.03490618364158575
6242,Dact3,0.9227707426986448,0.1735877,0.03490618364158575
6243,Aph1b,0.9227707426986448,0.40800944,0.03490618364158575
6244,Qtrtd1,0.9227707426986448,0.6080532,0.03490618364158575
6245,Dusp28,0.9227707426986448,0.7230801,0.03490618364158575
6246,Zfp280c,0.9227707426986448,0.3860513,0.03490618364158575
6247,Smug1,0.9227707426986448,0.6271118,0.03490618364158575
6248,Map3k10,0.9227707426986448,0.22237022,0.03490618364158575
6249,Galnt11,0.9227707426986448,0.5799007,0.03490618364158575
6250,Trmt12,0.9227707426986448,0.19284445,0.03490618364158575
6251,AC133169.2,0.9227707426986448,0.20042755,0.03490618364158575
6252,Cbwd1,0.9231175411204143,-0.2897643,0.03474299647148492
6253,RP23-392I2.3,0.9231175411204143,0.08356626,0.03474299647148492
6254,Cd109,0.9231175411204143,0.28129923,0.03474299647148492
6255,Helz2,0.9231175411204143,0.20676662,0.03474299647148492
6256,Fam189b,0.9231175411204143,0.5709545,0.03474299647148492
6257,Lig4,0.9231175411204143,0.14480883,0.03474299647148492
6258,Cyp4v3,0.9231175411204143,0.094295524,0.03474299647148492
6259,RP24-302F18.2,0.9231175411204143,0.29619002,0.03474299647148492
6260,Txndc16,0.9231175411204143,0.5333314,0.03474299647148492
6261,RP23-293K21.3,0.9234643541577569,0.1172735,0.03457986372278195
6262,Rrad,0.9234643541577569,0.12682006,0.03457986372278195
6263,RP23-145F9.3,0.9234643541577569,-0.4503589,0.03457986372278195
6264,Gpr137,0.9234643541577569,0.36359155,0.03457986372278195
6265,RP24-372J15.5,0.9234643541577569,-0.024597777,0.03457986372278195
6266,Slc35a5,0.9234643541577569,0.29728198,0.03457986372278195
6267,Xrcc2,0.9234643541577569,-0.027934201,0.03457986372278195
6268,Zfp64,0.9234643541577569,-0.5074795,0.03457986372278195
6269,D3Ertd751e,0.9234643541577569,0.2375125,0.03457986372278195
6270,Poc5,0.9234643541577569,0.54786414,0.03457986372278195
6271,Iffo1,0.9234643541577569,0.13807426,0.03457986372278195
6272,Pex14,0.9234643541577569,0.37075606,0.03457986372278195
6273,RP23-328D16.1,0.9234643541577569,0.05207338,0.03457986372278195
6274,Mto1,0.9234643541577569,-0.06206308,0.03457986372278195
6275,Slc25a1,0.9234643541577569,0.2540653,0.03457986372278195
6276,Tnnt1,0.9234643541577569,-0.4188516,0.03457986372278195
6277,Cep131,0.9234643541577569,0.15557447,0.03457986372278195
6278,Tmem150b,0.9238111817451505,-0.22747806,0.03441678538799185
6279,Pias4,0.9238111817451505,0.3852672,0.03441678538799185
6280,Qpct,0.9238111817451505,0.4246685,0.03441678538799185
6281,Pex11a,0.9238111817451505,0.029222453,0.03441678538799185
6282,Sipa1l1,0.9238111817451505,0.2217027,0.03441678538799185
6283,Trit1,0.9238111817451505,0.21320371,0.03441678538799185
6284,Rfesd,0.9241580238170648,-0.7163182,0.034253761459628086
6285,Gm26518,0.9241580238170648,0.3554255,0.034253761459628086
6286,RP23-172P6.1,0.9241580238170648,-0.100709885,0.034253761459628086
6287,Rdh11,0.9241580238170648,0.271522,0.034253761459628086
6288,Rubcn,0.9241580238170648,0.2256507,0.034253761459628086
6289,Galnt6,0.9241580238170648,-0.401202,0.034253761459628086
6290,mt-Nd3,0.9245048803079612,-0.07999556,0.034090791930202084
6291,Rdh14,0.9245048803079612,0.0886293,0.034090791930202084
6292,Ddx11,0.9245048803079612,0.14206597,0.034090791930202084
6293,Mettl5,0.9245048803079612,-0.7998371,0.034090791930202084
6294,Tpst1,0.9245048803079612,-0.2813985,0.034090791930202084
6295,Sp140,0.9245048803079612,-0.3985922,0.034090791930202084
6296,RP24-282C4.9,0.9245048803079612,0.13762347,0.034090791930202084
6297,Mtmr4,0.9245048803079612,0.103209004,0.034090791930202084
6298,RP23-284P20.1,0.9245048803079612,-0.5681162,0.034090791930202084
6299,Herc6,0.9245048803079612,0.07872096,0.034090791930202084
6300,Fam109b,0.9248517511522929,0.17007045,0.03392787679222355
6301,Cep78,0.9248517511522929,0.07812913,0.03392787679222355
6302,Zfp687,0.9248517511522929,0.20530787,0.03392787679222355
6303,Ints8,0.9248517511522929,0.20524728,0.03392787679222355
6304,RP23-262J12.3,0.9251986362845048,0.14787012,0.03376501603820043
6305,Rnf187,0.9251986362845048,-0.2650883,0.03376501603820043
6306,Rab10os,0.9251986362845048,0.106138445,0.03376501603820043
6307,Eif4ebp3,0.9251986362845048,0.21642132,0.03376501603820043
6308,Rps26-ps1,0.9253720841880777,-0.45465603,0.03368360605283038
6309,Aagab,0.925545535639034,-0.17976221,0.03360220966063874
6310,Mgat1,0.925892449150309,-0.252794,0.033439457652042794
6311,Rps6ka4,0.925892449150309,0.036272794,0.033439457652042794
6312,Strbp,0.925892449150309,-0.4619877,0.033439457652042794
6313,Osbp,0.9262393767527505,-0.114988536,0.033276760004915085
6314,Rell1,0.9262393767527505,-0.64149696,0.033276760004915085
6315,Yrdc,0.9262393767527505,0.14419632,0.033276760004915085
6316,G6pc3,0.9262393767527505,-0.1639732,0.033276760004915085
6317,Rad9a,0.9262393767527505,-0.08994071,0.033276760004915085
6318,RP23-349H13.2,0.9265863183807712,-0.033554237,0.03311411671175621
6319,Stx11,0.9269332739687759,0.1971726,0.03295152776506497
6320,Trappc9,0.9269332739687759,0.028757252,0.03295152776506497
6321,Trmt1,0.9269332739687759,0.09585583,0.03295152776506497
6322,RP23-5A19.7,0.9269332739687759,-0.17508031,0.03295152776506497
6323,Pkn1,0.9269332739687759,-0.65763575,0.03295152776506497
6324,Gskip,0.9269332739687759,-0.4964818,0.03295152776506497
6325,Fam168b,0.9272802434511609,-0.19586685,0.032788993157338554
6326,Insig1,0.9272802434511609,-0.44961843,0.032788993157338554
6327,Sec23b,0.9272802434511609,-0.18568502,0.032788993157338554
6328,RP24-511J14.2,0.9272802434511609,0.095612496,0.032788993157338554
6329,RP23-89C10.1,0.9276272267623151,0.0070309257,0.032626512881072094
6330,Leng9,0.9276272267623151,-0.15156071,0.032626512881072094
6331,Sp3os,0.9276272267623151,-0.048222054,0.032626512881072094
6332,Snrk,0.9278007235831751,-0.22933288,0.03254529311489058
6333,AC167815.1,0.9279742238366194,0.14144649,0.032464086928759024
6334,Mapk9,0.9283212346084468,0.046974704,0.03230171529289093
6335,Nmral1,0.9283212346084468,-0.99380136,0.03230171529289093
6336,Spg7,0.9290152969821237,0.04032201,0.03197713494044716
6337,Zfp35,0.9293623484526803,-0.09766648,0.03181492620884564
6338,Tmem242,0.9297094133581741,-0.08070537,0.031652771763637455
6339,Cenpc1,0.9297094133581741,-0.1966634,0.031652771763637455
6340,Nop10,0.9298829508285024,-0.11875644,0.031571714896081716
6341,Tssc1,0.9300564916329396,-0.22393134,0.03149067159730517
6342,Usp48,0.9302300357632765,-0.26494667,0.03140964186636781
6343,Tpcn1,0.9304035832113032,-0.3951407,0.03132862570232953
6344,Furin,0.9304035832113032,0.07978579,0.03132862570232953
6345,Mif4gd,0.9304035832113032,-0.21494342,0.03132862570232953
6346,Rabgef1,0.9304035832113032,-0.11674047,0.03132862570232953
6347,Ms4a6b,0.9307506880275842,-0.04350177,0.03116663407118949
6348,Rpsa-ps10,0.9307506880275842,-0.6001118,0.03116663407118949
6349,Arhgap12,0.9310978060160939,-0.27769375,0.031004696696362206
6350,Ptpn12,0.9316185075530756,-0.06688497,0.030761892348246878
6351,Fkbp15,0.9317920812470085,-0.17729735,0.03068098468554525
6352,Nqo2,0.932139238357999,-0.10657103,0.03051921003450081
6353,Spred2,0.932139238357999,0.06932976,0.03051921003450081
6354,RP23-39I7.3,0.932139238357999,-0.37668407,0.03051921003450081
6355,Pofut1,0.9324864083783895,0.031182734,0.030357489609659522
6356,Ptpn22,0.9324864083783895,-0.14150281,0.030357489609659522
6357,Map3k3,0.9328335912424544,-0.50592107,0.030195823403489513
6358,Itga10,0.9328335912424544,-0.04773521,0.030195823403489513
6359,Phactr4,0.9328335912424544,0.14952683,0.030195823403489513
6360,Taf1d,0.9331807868844608,-0.29632646,0.030034211408456926
6361,Xpc,0.9331807868844608,-0.67978996,0.030034211408456926
6362,Xrcc6,0.9331807868844608,-0.4531909,0.030034211408456926
6363,Abcf2,0.9335279952386683,-0.27100146,0.02987265361702637
6364,Far1,0.9335279952386683,-0.3403268,0.02987265361702637
6365,Nt5c2,0.9352642253913054,-0.5277785,0.029065677450032378
6366,Sik3,0.9352642253913054,-0.4228536,0.029065677450032378
6367,Kit,0.9352642253913054,-0.8605668,0.029065677450032378
6368,Nxt1,0.935437865478948,-0.8542033,0.028985054316627002
6369,Klhl33,0.935785154859545,0.68897283,0.028823848664805383
6370,Lrg1,0.9359588041360509,-0.25689542,0.028743266144501886
6371,Ppat,0.9359588041360509,-0.06073131,0.028743266144501886
6372,Zswim6,0.9363061118203532,-0.08052435,0.028582141710390363
6373,Csrp2bp,0.9363061118203532,-0.2198004,0.028582141710390363
6374,Ptpn18,0.9364797702116985,-0.15911664,0.028501599794694382
6375,Cdk16,0.9366534316248717,-0.3600736,0.02842107141197949
6376,Polg,0.9366534316248717,-0.36361355,0.02842107141197949
6377,Iqgap1,0.9370007634837954,-0.039376497,0.02826005524171559
6378,Parp4,0.9375217837302116,-0.3501999,0.028018632460067288
6379,Ssbp3,0.9376954631015789,-0.22431505,0.027938185255405125
6380,Rbm15,0.9383902101470772,-0.36292467,0.027616531690993665
6381,Exoc2,0.9383902101470772,-0.19101135,0.027616531690993665
6382,Zfp62,0.938563904257308,-0.16316365,0.02753615210872395
6383,Lias,0.9390850040935558,-0.20688961,0.027295094487986782
6384,Syk,0.9394324184900287,-0.6317993,0.027134457003097655
6385,Lap3,0.9394324184900287,-0.18285738,0.027134457003097655
6386,Fopnl,0.9394324184900287,-0.47673047,0.027134457003097655
6387,Pygo1,0.9396061300152585,0.4869741,0.027054158536495954
6388,Maz,0.9401272818001157,-0.3977581,0.026813344228707407
6389,Ppm1e,0.9401272818001157,0.51889795,0.026813344228707407
6390,Prss35,0.9403010047706754,1.0021415,0.02673309982029541
6391,Rae1,0.9403010047706754,-0.41801086,0.02673309982029541
6392,Zfp36l2,0.9403010047706754,-0.09040824,0.02673309982029541
6393,Eogt,0.9406484592257935,0.9489979,0.02657265153906806
6394,RP23-434H17.3,0.9409959249780031,0.8452432,0.02641225729899058
6395,Zfp472,0.9409959249780031,1.1216986,0.02641225729899058
6396,Appl2,0.9409959249780031,0.6473808,0.02641225729899058
6397,Rbm4,0.9409959249780031,0.91551536,0.02641225729899058
6398,RP23-38L16.4,0.9409959249780031,0.7170229,0.02641225729899058
6399,Arl8b,0.9409959249780031,-0.17816664,0.02641225729899058
6400,Katnal1,0.9409959249780031,0.7795387,0.02641225729899058
6401,Gatsl2,0.9413434019614093,0.50188875,0.02625191709248679
6402,Sorcs2,0.9413434019614093,0.61110926,0.02625191709248679
6403,Hsd17b11,0.9413434019614093,-0.25903443,0.02625191709248679
6404,Osgepl1,0.9413434019614093,0.550727,0.02625191709248679
6405,Ncdn,0.9415171446442174,0.5675234,0.02617176724945691
6406,Idh3b,0.9415171446442174,-0.034938153,0.02617176724945691
6407,RP23-422D12.3,0.9416908901101114,0.61881655,0.026091630911978497
6408,RP24-86I23.4,0.9416908901101114,0.63021904,0.026091630911978497
6409,Cadps2,0.9416908901101114,0.6714614,0.026091630911978497
6410,Sac3d1,0.9416908901101114,0.56106204,0.026091630911978497
6411,Rnf44,0.9418646383508527,-0.71019256,0.026011508079104014
6412,Cycs,0.9418646383508527,-0.40020248,0.026011508079104014
6413,Pim1,0.9420383893582022,-0.1798016,0.025931398749885787
6414,Ube2j2,0.9420383893582022,-0.4583534,0.025931398749885787
6415,Alkbh3,0.9420383893582022,0.5853576,0.025931398749885787
6416,Zfp74,0.9420383893582022,0.35194784,0.025931398749885787
6417,Usp21,0.9422121431239204,0.2983147,0.025851302923376094
6418,Pcnt,0.9422121431239204,-0.16346078,0.025851302923376094
6419,Zmynd19,0.9422121431239204,0.4379233,0.025851302923376094
6420,Bloc1s4,0.9422121431239204,0.508773,0.025851302923376094
6421,Sh2b1,0.9422121431239204,-0.018371765,0.025851302923376094
6422,Mir143hg,0.9423858996397677,0.1566424,0.025771220598627027
6423,Bloc1s5,0.9423858996397677,0.33141652,0.025771220598627027
6424,Bud13,0.9423858996397677,-0.22099599,0.025771220598627027
6425,Cdpf1,0.9423858996397677,0.26037487,0.025771220598627027
6426,Iqce,0.9423858996397677,0.37861186,0.025771220598627027
6427,Ap5z1,0.9423858996397677,0.20653017,0.025771220598627027
6428,Kri1,0.9425596588975039,-0.6008556,0.025691151774690536
6429,Rhobtb1,0.9427334208888883,-0.034591265,0.025611096450618584
6430,Ncf2,0.9427334208888883,-0.4543737,0.025611096450618584
6431,Rusc2,0.9427334208888883,-0.00059268274,0.025611096450618584
6432,Acot8,0.9427334208888883,-0.42805266,0.025611096450618584
6433,Ppm1f,0.9427334208888883,0.20156975,0.025611096450618584
6434,Pyurf,0.9427334208888883,0.23914571,0.025611096450618584
6435,Slc35a1,0.9427334208888883,0.43977308,0.025611096450618584
6436,RP23-284J4.2,0.9427334208888883,-0.59088,0.025611096450618584
6437,Osgin2,0.9427334208888883,0.27217385,0.025611096450618584
6438,RP23-18K20.2,0.9430809530396376,-0.2503358,0.025451026298275246
6439,RP23-462F3.3,0.9430809530396376,-0.00870475,0.025451026298275246
6440,Tmem18,0.9430809530396376,0.35443652,0.025451026298275246
6441,Gal,0.9430809530396376,0.10616593,0.025451026298275246
6442,Purg,0.9430809530396376,0.12754309,0.025451026298275246
6443,Arsg,0.9430809530396376,-0.09127827,0.025451026298275246
6444,Ndst2,0.9430809530396376,0.08442019,0.025451026298275246
6445,Trem2,0.9430809530396376,0.31824824,0.025451026298275246
6446,Thg1l,0.9430809530396376,0.11513211,0.025451026298275246
6447,Tnfaip3,0.9430809530396376,-0.03172703,0.025451026298275246
6448,Chil1,0.9432547231825195,0.1831161,0.025371011468106986
6449,Pou5f2,0.9434284960260833,-0.044785697,0.025291010134009726
6450,Spns2,0.9434284960260833,0.2245633,0.025291010134009726
6451,Mettl17,0.9434284960260833,-0.83034474,0.025291010134009726
6452,Ppcs,0.9434284960260833,-0.21687417,0.025291010134009726
6453,RP24-230A23.4,0.9434284960260833,-0.54445565,0.025291010134009726
6454,Hoxb3os,0.9434284960260833,-0.075745046,0.025291010134009726
6455,RP23-264H19.2,0.9434284960260833,-0.14646341,0.025291010134009726
6456,Flt3l,0.9434284960260833,-0.12909654,0.025291010134009726
6457,Sqrdl,0.9436022715620866,-0.26526776,0.02521102229503469
6458,Unc50,0.9436022715620866,-0.2710013,0.02521102229503469
6459,RP24-300D7.1,0.9436022715620866,0.34162906,0.02521102229503469
6460,Katnbl1,0.9436022715620866,0.18240495,0.02521102229503469
6461,Adi1,0.9436022715620866,0.18541974,0.02521102229503469
6462,Clasrp,0.9437760497822867,0.1653731,0.025131047950233104
6463,Fam136a,0.9437760497822867,-0.71231437,0.025131047950233104
6464,Tube1,0.9437760497822867,-0.32533166,0.025131047950233104
6465,Nr2c1,0.9437760497822867,-0.14882457,0.025131047950233104
6466,RP24-556H22.3,0.9437760497822867,-0.53146976,0.025131047950233104
6467,Ndufaf5,0.9437760497822867,0.20903204,0.025131047950233104
6468,Mrps27,0.9437760497822867,-0.28710303,0.025131047950233104
6469,RP23-392C8.4,0.94394983067844,-0.43865192,0.025051087098656125
6470,Diaph3,0.94394983067844,-0.62202317,0.025051087098656125
6471,Ghdc,0.944123614242303,-0.23869172,0.024971139739354664
6472,RP23-133N21.3,0.944123614242303,-0.087803744,0.024971139739354664
6473,Card10,0.944123614242303,-0.255094,0.024971139739354664
6474,Phf7,0.944123614242303,-0.39290723,0.024971139739354664
6475,Dhx33,0.9442974004656315,0.23362915,0.024891205871379652
6476,Nr1h2,0.9442974004656315,0.14295179,0.024891205871379652
6477,Atp5l,0.9442974004656315,-0.3754014,0.024891205871379652
6478,Lpxn,0.9444711893401813,-0.2581605,0.02481128549378178
6479,Qrich1,0.9444711893401813,0.3241868,0.02481128549378178
6480,Slc12a7,0.9444711893401813,-0.5890793,0.02481128549378178
6481,Htra2,0.9444711893401813,-0.44805393,0.02481128549378178
6482,Slc1a2,0.9444711893401813,0.111159645,0.02481128549378178
6483,Tbc1d2,0.9444711893401813,-0.86437625,0.02481128549378178
6484,Tkfc,0.9444711893401813,-0.15841754,0.02481128549378178
6485,Eri2,0.9444711893401813,-0.9016245,0.02481128549378178
6486,Rad1,0.9444711893401813,-0.41565496,0.02481128549378178
6487,Zfp143,0.9444711893401813,-0.22831333,0.02481128549378178
6488,Gmpr,0.9444711893401813,-0.46071786,0.02481128549378178
6489,Ccdc6,0.9446449808577074,-0.36419517,0.024731378605611712
6490,Il17ra,0.9446449808577074,-0.21197425,0.024731378605611712
6491,Rpl7-ps7,0.9446449808577074,-0.14576644,0.024731378605611712
6492,Taf3,0.9448187750099648,-0.49696115,0.024651485205919976
6493,Camk2d,0.9449925717887077,0.16527131,0.02457160529375707
6494,Tmem106a,0.9449925717887077,0.017686486,0.02457160529375707
6495,Rbm47,0.9451663711856904,-0.7476244,0.02449173886817315
6496,Sfxn2,0.9451663711856904,0.07543229,0.02449173886817315
6497,Rmdn3,0.9451663711856904,-0.9339313,0.02449173886817315
6498,Rfng,0.9453401731926663,-0.08006265,0.02441188592821856
6499,Stk16,0.9453401731926663,-0.38686335,0.02441188592821856
6500,Porcn,0.9453401731926663,-0.11215924,0.02441188592821856
6501,Dmwd,0.945513977801389,0.09219339,0.024332046472943236
6502,Ahdc1,0.945513977801389,0.12451116,0.024332046472943236
6503,Atmin,0.945513977801389,0.16477352,0.024332046472943236
6504,Babam1,0.9456877850036113,-0.27915627,0.024252220501397262
6505,Fam167a,0.9456877850036113,-0.17449296,0.024252220501397262
6506,Ndufaf7,0.9460354071555647,-0.21255511,0.02409260900569246
6507,Lrrk2,0.9460354071555647,-0.17709632,0.02409260900569246
6508,Eaf1,0.9463830395825427,-0.22563654,0.023933051433501586
6509,Pogz,0.9465568596285444,0.20938033,0.02385329286634754
6510,Cpne3,0.9465568596285444,-0.29017162,0.02385329286634754
6511,Zfand2b,0.9467306822185556,-0.09972278,0.023773547777220242
6512,Rbmx2,0.9467306822185556,-0.1878764,0.023773547777220242
6513,Gpr65,0.9467306822185556,0.00841954,0.023773547777220242
6514,Trmt2b,0.9469045073443267,-0.14378855,0.02369381616516882
6515,Jade1,0.9469045073443267,-0.43791735,0.02369381616516882
6516,Zmiz2,0.9474259978536982,-0.39248317,0.02345470218195974
6517,Dnlz,0.9475998330400056,-0.10264825,0.02337502446870124
6518,Trim24,0.9475998330400056,-0.49459827,0.02337502446870124
6519,Gin1,0.9475998330400056,-0.10031328,0.02337502446870124
6520,Cinp,0.9475998330400056,-0.23411159,0.02337502446870124
6521,Repin1,0.9477736707208194,-0.58217764,0.02329536022776278
6522,Arhgap21,0.9479475108878879,0.0981634,0.023215709458192835
6523,Ints14,0.9481213535329588,-0.19747064,0.023136072159039796
6524,Auh,0.9481213535329588,-0.19216888,0.023136072159039796
6525,Tapt1,0.9481213535329588,-0.011469913,0.023136072159039796
6526,Dhx8,0.9482951986477797,0.095012315,0.023056448329351942
6527,Lin7c,0.9484690462240978,-0.32218233,0.022976837968177375
6528,Timeless,0.9484690462240978,-0.07153158,0.022976837968177375
6529,Ccnd3,0.9484690462240978,-0.44597334,0.022976837968177375
6530,Trappc11,0.9486428962536599,0.038496166,0.022897241074564124
6531,Tollip,0.9486428962536599,0.0028143434,0.022897241074564124
6532,Kntc1,0.9488167487282124,-0.9179241,0.022817657647560205
6533,Cdkn3,0.9488167487282124,-0.7557918,0.022817657647560205
6534,Pitpnm1,0.9488167487282124,-0.55559427,0.022817657647560205
6535,Vrk2,0.9489906036395014,0.039960116,0.022738087686213403
6536,Ttk,0.9493383207392717,-0.247175,0.02257898815668171
6537,Cnot3,0.9496860474869329,-0.29335114,0.02241994247834927
6538,Evl,0.9498599144580839,-0.24799393,0.02234043983100117
6539,Dmkn,0.9498599144580839,-0.9926112,0.02234043983100117
6540,Bre,0.9498599144580839,0.08057887,0.02234043983100117
6541,Tex261,0.9498599144580839,-0.2148606,0.02234043983100117
6542,Ngrn,0.9500337838164411,-0.1252866,0.022260950643594575
6543,Zbtb6,0.9500337838164411,-0.06375854,0.022260950643594575
6544,Cd2bp2,0.9502076555537478,0.040922325,0.02218147491517664
6545,RP24-176F12.14,0.950555406132183,-0.12492202,0.022022563831494077
6546,Afap1,0.950555406132183,-0.0024838531,0.022022563831494077
6547,Cd180,0.950555406132183,-0.08594958,0.022022563831494077
6548,Rbm27,0.951077049635531,-0.41003287,0.02178429812455375
6549,Zdhhc16,0.951077049635531,-0.17637199,0.02178429812455375
6550,Lin54,0.9514248236318831,-0.38293856,0.021625521587857816
6551,Rbl2,0.9515987141035193,-0.11548061,0.021546153497027785
6552,Stat5b,0.9515987141035193,0.07753641,0.021546153497027785
6553,Mis12,0.9521203993131551,-0.2938517,0.021308129923161313
6554,RP23-366I10.5,0.9522942989537428,-0.024479834,0.02122881562823293
6555,Pdcd6,0.9526421050414191,-0.2570154,0.02107022737719018
6556,Papss1,0.9526421050414191,-0.16310912,0.02107022737719018
6557,Pigq,0.9529899201493548,0.0029289706,0.020911692904868526
6558,Prpf4,0.9533377442114559,-0.19465026,0.020753212203629152
6559,Midn,0.9535116595796627,-0.23083696,0.020673992014777702
6560,Dbnl,0.9536855771616232,-0.3628736,0.020594785265831462
6561,Mast3,0.9543812694617341,-0.071923845,0.02027809264998963
6562,Cand1,0.9543812694617341,-0.25118876,0.02027809264998963
6563,Prkar2b,0.9547291286794541,-0.4162746,0.020119826956655176
6564,Tmem222,0.954903061526304,-0.17417838,0.02004071426028891
6565,Cap1,0.9550769965207933,-0.35436916,0.019961614996181817
6566,Nipsnap3b,0.9550769965207933,-0.3225442,0.019961614996181817
6567,Otulin,0.9554248729196272,-0.15189987,0.019803456760919873
6568,Gna12,0.9557727578098267,-0.3703522,0.019645352243217912
6569,Msh2,0.9557727578098267,-0.47461405,0.019645352243217912
6570,Cd82,0.9557727578098267,-0.29194883,0.019645352243217912
6571,Abracl,0.9557727578098267,-0.24423748,0.019645352243217912
6572,Dgcr8,0.9564685527997825,-0.2509274,0.019329304329878713
6573,Fam105a,0.9568164627672563,-0.11505225,0.01917136091892948
6574,Rnf138,0.9568164627672563,-0.24506788,0.01917136091892948
6575,Abhd17c,0.9580342120053335,-0.16496448,0.018618981714950144
6576,Ing2,0.9582081842436102,-0.22640713,0.018540124067876432
6577,Dcun1d1,0.9582081842436102,-0.3646192,0.018540124067876432
6578,Sephs1,0.9585561346835136,-0.565344,0.018382449014982774
6579,Clic1,0.9587301128685974,-0.27654707,0.01830363160724589
6580,Camk1d,0.9587301128685974,-0.79388255,0.01830363160724589
6581,Srpk1,0.9589040930194069,-0.67690444,0.018224827610704132
6582,Cir1,0.9589040930194069,-0.41230282,0.018224827610704132
6583,Cmya5,0.9592520591851144,1.1590055,0.0180672598473708
6584,Zc3h18,0.9594260451834672,-0.29797447,0.017988496078661365
6585,Efs,0.9599480147412454,0.5960944,0.017752285212852617
6586,Pecr,0.9602960039992949,0.67370385,0.017594878326319428
6587,Txnl4b,0.9602960039992949,0.6609838,0.017594878326319428
6588,Tacc2,0.9602960039992949,0.7977959,0.017594878326319428
6589,St3gal3,0.9606440008224104,0.6544297,0.017437525050035006
6590,Plcg2,0.9606440008224104,-0.34231946,0.017437525050035006
6591,Marveld1,0.9606440008224104,-0.054128394,0.017437525050035006
6592,Anxa6,0.9606440008224104,-0.3814913,0.017437525050035006
6593,Zc3h3,0.9606440008224104,0.7465501,0.017437525050035006
6594,Synj2,0.9606440008224104,0.6070452,0.017437525050035006
6595,Mapkbp1,0.9606440008224104,0.7056576,0.017437525050035006
6596,Tmem64,0.9609920051443939,0.2273396,0.017280225376320676
6597,Efnb2,0.9613400168990432,0.5170261,0.017122979297495868
6598,Sptssa,0.9613400168990432,-0.38031998,0.017122979297495868
6599,Ccdc66,0.9613400168990432,0.47130206,0.017122979297495868
6600,Gorasp1,0.9613400168990432,0.45711052,0.017122979297495868
6601,Fbxo6,0.9613400168990432,0.5363259,0.017122979297495868
6602,Clcn6,0.9613400168990432,0.1788131,0.017122979297495868
6603,WI1-1616M8.2,0.9613400168990432,0.4571588,0.017122979297495868
6604,Mrpl9,0.9613400168990432,-0.2582555,0.017122979297495868
6605,Klhl7,0.9613400168990432,0.34461465,0.017122979297495868
6606,Ltbp4,0.961688036020152,0.43834785,0.016965786805878326
6607,Pf4,0.961688036020152,0.51512367,0.016965786805878326
6608,Vti1a,0.961688036020152,0.30545226,0.016965786805878326
6609,Dhrs4,0.961688036020152,0.21408655,0.016965786805878326
6610,Asap2,0.961688036020152,0.14904824,0.016965786805878326
6611,Atg4a,0.9620360624415095,0.5518035,0.01680864789378385
6612,Sec11c,0.9622100783690894,-0.2864583,0.01673009852765606
6613,Fam234b,0.9623840960969008,0.078290954,0.016651562553526626
6614,Bcas3,0.9623840960969008,0.3072296,0.016651562553526626
6615,Gpr155,0.9623840960969008,0.3642102,0.016651562553526626
6616,Acsl5,0.962732136920107,-0.3160291,0.016494530777418838
6617,Osbpl7,0.962732136920107,0.3084726,0.016494530777418838
6618,RP24-500I24.6,0.962732136920107,0.13907158,0.016494530777418838
6619,Cables2,0.962732136920107,0.27956042,0.016494530777418838
6620,Dtx2,0.962732136920107,0.04810976,0.016494530777418838
6621,Tmem186,0.962732136920107,0.20494156,0.016494530777418838
6622,AC159257.6,0.963080184844905,-0.052541103,0.016337552557770897
6623,B3galt2,0.963080184844905,-0.10428799,0.016337552557770897
6624,Isca1,0.963080184844905,-0.41061443,0.016337552557770897
6625,Ercc4,0.963080184844905,-0.20038147,0.016337552557770897
6626,Slfn9,0.963080184844905,-0.45522654,0.016337552557770897
6627,Polr1e,0.963080184844905,-0.016395235,0.016337552557770897
6628,Slc30a6,0.963080184844905,-0.11338759,0.016337552557770897
6629,Casp4,0.963080184844905,0.22460404,0.016337552557770897
6630,Senp8,0.9634282398050676,-0.18254034,0.016180627886891473
6631,Pus3,0.9634282398050676,-0.22356112,0.016180627886891473
6632,Wdr55,0.9634282398050676,-0.5149091,0.016180627886891473
6633,Fam35a,0.9634282398050676,-0.05804531,0.016180627886891473
6634,Bmper,0.9634282398050676,-0.12625815,0.016180627886891473
6635,Galnt3,0.9634282398050676,0.10850603,0.016180627886891473
6636,Wdr18,0.9634282398050676,-0.18109852,0.016180627886891473
6637,Ppfia4,0.9634282398050676,-0.2028353,0.016180627886891473
6638,Paip2b,0.9634282398050676,0.2027787,0.016180627886891473
6639,Exosc3,0.9636022699027137,-0.53941536,0.01610218562983588
6640,RP23-117O11.4,0.9637763017343639,-0.23326688,0.01602375675708732
6641,Trub1,0.9637763017343639,-0.6861167,0.01602375675708732
6642,Smagp,0.9637763017343639,-0.2212173,0.01602375675708732
6643,Siah2,0.9637763017343639,-0.11125193,0.01602375675708732
6644,Kat8,0.9637763017343639,-0.30796674,0.01602375675708732
6645,Fbxl8,0.9637763017343639,-0.2594268,0.01602375675708732
6646,Sh3bp5l,0.9641243705665584,-0.09511936,0.015866939160663524
6647,Inpp5f,0.9641243705665584,0.14144976,0.015866939160663524
6648,Umad1,0.9641243705665584,-0.3736105,0.015866939160663524
6649,Sco1,0.9641243705665584,-0.490283,0.015866939160663524
6650,Gcfc2,0.9641243705665584,-0.94919187,0.015866939160663524
6651,Tmem29,0.9641243705665584,-0.57345974,0.015866939160663524
6652,Mad2l2,0.9641243705665584,-0.3810991,0.015866939160663524
6653,Dapp1,0.9641243705665584,-0.5614001,0.015866939160663524
6654,RP23-403O11.9,0.9641243705665584,-0.55669886,0.015866939160663524
6655,Tmem138,0.9641243705665584,0.049972363,0.015866939160663524
6656,Ric8,0.964298407550543,-0.6735647,0.015788550435064073
6657,Kat2a,0.9644724462354122,0.067018054,0.01571017508992324
6658,Blvrb,0.9644724462354122,0.1767545,0.01571017508992324
6659,RP24-245M20.4,0.9644724462354122,-0.4147273,0.01571017508992324
6660,Dolpp1,0.9648205286746823,-0.2791162,0.015553464537167785
6661,Surf1,0.9648205286746823,-0.29685804,0.015553464537167785
6662,Ampd3,0.9648205286746823,-0.11844607,0.015553464537167785
6663,Piga,0.9648205286746823,-0.8308166,0.015553464537167785
6664,Tmem129,0.9648205286746823,-0.5255822,0.015553464537167785
6665,Slc12a9,0.9648205286746823,-0.9924763,0.015553464537167785
6666,Rrs1,0.9649945724125215,-0.50275606,0.01547512932762802
6667,Nsl1,0.9651686178181218,-0.5932923,0.015396807494696737
6668,Clec4e,0.9651686178181218,-0.46075395,0.015396807494696737
6669,Hps1,0.9651686178181218,-0.3814821,0.015396807494696737
6670,Rap1gap2,0.9651686178181218,-0.523206,0.015396807494696737
6671,Usp4,0.9651686178181218,-0.5246379,0.015396807494696737
6672,Tprn,0.96551671359948,-1.4744227,0.015240203954807876
6673,Adgre4,0.96551671359948,-0.64161116,0.015240203954807876
6674,Tspan13,0.96551671359948,-0.9215481,0.015240203954807876
6675,Naip6,0.96551671359948,-0.75578207,0.015240203954807876
6676,Gpn1,0.96551671359948,-0.9142039,0.015240203954807876
6677,Dsn1,0.96551671359948,-1.3059908,0.015240203954807876
6678,Rela,0.96551671359948,-0.0854435,0.015240203954807876
6679,Exoc6b,0.96551671359948,-0.009429265,0.015240203954807876
6680,Gtpbp10,0.9658648159525024,-0.045032922,0.015083653909797106
6681,Stard9,0.9658648159525024,-0.18643257,0.015083653909797106
6682,Acad11,0.9662129248109308,-0.43988037,0.014927157351958533
6683,Glrx5,0.9663869816589655,-0.1586617,0.014848929128320231
6684,Rnf139,0.9669091617789538,0.13198791,0.014614324666965457
6685,Vps16,0.9669091617789538,-0.08069709,0.014614324666965457
6686,Fam102b,0.9670832249832996,-0.17987828,0.014536149913154318
6687,Siglecg,0.9672572897560135,-0.8655827,0.014457988524390088
6688,Gpcpd1,0.9672572897560135,-0.0793359,0.014457988524390088
6689,Cdk5,0.9676054239734093,-0.64485943,0.014301705838145308
6690,Jpt2,0.9676054239734093,-0.12398249,0.014301705838145308
6691,Gsdmd,0.9676054239734093,0.04449772,0.014301705838145308
6692,Cstf1,0.9676054239734093,-0.0669459,0.014301705838145308
6693,RP24-214P19.2,0.9676054239734093,-0.16737719,0.014301705838145308
6694,Cenpl,0.9676054239734093,-0.28855452,0.014301705838145308
6695,Aph1a,0.967779493401522,-0.22631781,0.014223584538736005
6696,Ubfd1,0.967779493401522,-0.4361686,0.014223584538736005
6697,RP23-97M20.1,0.9679535643648648,-0.10136789,0.014145476600516101
6698,Klhl20,0.9679535643648648,-0.59547955,0.014145476600516101
6699,Ywhaq,0.9679535643648648,-0.09073484,0.014145476600516101
6700,Gemin6,0.9683017108640999,-0.40568006,0.013989300803785742
6701,Zdhhc9,0.9683017108640999,-0.760353,0.013989300803785742
6702,Yipf4,0.9683017108640999,-0.3967622,0.013989300803785742
6703,Tada2b,0.9683017108640999,-0.30897066,0.013989300803785742
6704,Bambi,0.9683017108640999,-0.27414232,0.013989300803785742
6705,Araf,0.9684757863834214,0.05478365,0.013911232943345637
6706,Scyl3,0.9686498634048312,-0.5984663,0.013833178440235626
6707,Mtpap,0.9686498634048312,-0.26369506,0.013833178440235626
6708,Sav1,0.9688239419200433,-0.29992786,0.013755137293490633
6709,Tcerg1,0.9689980219207717,-0.31487796,0.013677109502145374
6710,Dohh,0.9689980219207717,-0.10619775,0.013677109502145374
6711,Ulk1,0.9689980219207717,-0.119123116,0.013677109502145374
6712,Cog8,0.9700425326569277,-0.54134464,0.013209223163402768
6713,Rad18,0.9700425326569277,-1.0211716,0.013209223163402768
6714,Srp54a,0.9703907144107677,-0.11211442,0.013053367849911842
6715,Eif3e,0.9707389018083318,-0.12761968,0.012897565923251596
6716,Dram1,0.9709129976027894,-0.5107805,0.012819684977567102
6717,Kcnn4,0.9710870947833128,-0.0132185435,0.012741817375690846
6718,Ikbke,0.9710870947833128,-0.13621846,0.012741817375690846
6719,Pias1,0.9710870947833128,-0.35021207,0.012741817375690846
6720,Sympk,0.9714352932694008,-0.44707853,0.012586122199496452
6721,Osgep,0.9716093945583872,-0.12676984,0.012508294623244536
6722,Zfp410,0.9721317065096421,-0.21767992,0.012274891930265257
6723,Emc8,0.9724799211311594,-0.24330704,0.012119356821753286
6724,Haus8,0.9731763660453755,-0.47559118,0.011808446618234847
6725,Ivns1abp,0.9731763660453755,-0.28948945,0.011808446618234847
6726,Ift52,0.9731763660453755,-0.5383668,0.011808446618234847
6727,Top1,0.9733504804903959,-0.20169686,0.011730752397856396
6728,Pde4a,0.9735245962054203,-0.85978144,0.011653071507742273
6729,RP23-366M19.1,0.9738728314123156,-0.22689264,0.011497749714433647
6730,Ppil1,0.974395193540396,-0.9145348,0.0112648669772424
6731,Hspbp1,0.9749175666507474,-0.25135237,0.011032104160126795
6732,Mark2,0.9749175666507474,-0.20648006,0.011032104160126795
6733,Dhrs1,0.9752658213816737,-0.20789593,0.010876995558060081
6734,Mbnl3,0.9757882122982381,-0.43748644,0.010644432549588422
6735,Cndp2,0.975962344922632,-0.15730606,0.010566938181453642
6736,Atrn,0.975962344922632,-0.79407907,0.010566938181453642
6737,Mms19,0.975962344922632,-0.47976527,0.010566938181453642
6738,RP23-228E2.8,0.9763106135999651,-0.6056767,0.010411989391398792
6739,Mapk13,0.9763106135999651,-1.1145319,0.010411989391398792
6740,Thoc7,0.9771813049060766,-0.19298963,0.010024850390573601
6741,Pou2f2,0.9777037328067154,-0.53281814,0.009792726705073897
6742,Cops8,0.9780520234009588,-0.086162485,0.009638044113142239
6743,Tm6sf1,0.9782261702713388,-0.68221444,0.009560722773783446
6744,Ppp3r1,0.9784003181794965,-0.44674245,0.00948341473753434
6745,Uqcrh,0.9787486170759601,0.050592206,0.009328838570479107
6746,Ppp6r3,0.9787486170759601,-0.6569631,0.009328838570479107
6747,Atp6v1e1,0.9789227680476733,-0.27343512,0.009251570437729765
6748,Fam98b,0.9790969200239789,-0.27131075,0.009174315604203577
6749,Rlim,0.9794452269571801,-0.2684623,0.009019845830932878
6750,Plpp6,0.9796193818974819,0.70138735,0.008942630889244225
6751,Gpr27,0.9796193818974819,0.71429074,0.008942630889244225
6752,Ywhag,0.9797935378091884,-0.3113778,0.008865429242890398
6753,Fasn,0.9797935378091884,-0.39394882,0.008865429242890398
6754,Ndufa1,0.9797935378091884,-0.33107662,0.008865429242890398
6755,Zfp507,0.9801418525136263,0.49021056,0.008711065832297802
6756,Mcee,0.9801418525136263,-0.60768664,0.008711065832297802
6757,Fam65b,0.9801418525136263,-0.7444593,0.008711065832297802
6758,Zfp579,0.9803160112897628,0.8619119,0.008633904066113935
6759,Tspan14,0.9804901710041141,-0.3091158,0.008556755591374799
6760,Zcchc2,0.9804901710041141,-0.59905523,0.008556755591374799
6761,Prmt2,0.9806643316483824,0.7965281,0.008479620407107584
6762,RP23-47P18.9,0.9810126556934784,0.32396978,0.008325389906097068
6763,Mphosph6,0.9811868190777098,-0.44797167,0.008248294587407582
6764,Mapk14,0.9811868190777098,-0.251367,0.008248294587407582
6765,Ncaph2,0.9811868190777098,-0.3147038,0.008248294587407582
6766,Ehd1,0.9815351485280478,-0.34318438,0.008094143808793764
6767,Acp6,0.9817093145775573,0.22929937,0.008017088346922618
6768,Lrig3,0.9817093145775573,0.40833175,0.008017088346922618
6769,Pym1,0.9817093145775573,0.43359393,0.008017088346922618
6770,Atxn2,0.9818834814988956,0.23179388,0.007940046168710508
6771,Gnl3l,0.9818834814988956,-0.26910144,0.007940046168710508
6772,Fancl,0.9820576492837638,-0.066638805,0.007863017273183752
6773,Atg16l1,0.9820576492837638,0.14278878,0.007863017273183752
6774,Tdrd7,0.9824059874108944,0.16994233,0.007708999326290739
6775,RP23-357D17.4,0.9824059874108944,-0.0022782318,0.007708999326290739
6776,Snx11,0.9824059874108944,0.20341913,0.007708999326290739
6777,Zfp182,0.9824059874108944,-0.17154093,0.007708999326290739
6778,AC123684.1,0.9824059874108944,-0.30676192,0.007708999326290739
6779,Mfsd5,0.9825801577365584,-0.15187581,0.007632010272976479
6780,Chst13,0.9827543288925558,-0.0726383,0.007555034498451567
6781,Aaas,0.9827543288925558,-0.154551,0.007555034498451567
6782,Pdp1,0.9827543288925558,0.03709492,0.007555034498451567
6783,Cluap1,0.9827543288925558,-0.22018747,0.007555034498451567
6784,RP24-270A10.5,0.9829285008705873,0.11364589,0.007478072001741634
6785,Fblim1,0.983102673662353,-0.61651784,0.0074011227818723945
6786,Exo5,0.983102673662353,0.044454288,0.0074011227818723945
6787,Rusc1,0.983102673662353,-0.5228214,0.0074011227818723945
6788,Ambra1,0.983102673662353,-0.3630138,0.0074011227818723945
6789,Fars2,0.983102673662353,0.055683997,0.0074011227818723945
6790,C5ar2,0.983102673662353,-0.095364295,0.0074011227818723945
6791,Cyb561d2,0.983102673662353,-0.32170248,0.0074011227818723945
6792,Mrps2,0.983102673662353,0.16925785,0.0074011227818723945
6793,Sgf29,0.983102673662353,-0.20026372,0.0074011227818723945
6794,Tmed4,0.9832768472595537,0.014710418,0.007324186837869248
6795,RP24-89A4.2,0.9834510216538893,-0.12575206,0.007247264168757574
6796,Zfp523,0.9834510216538893,-0.41211244,0.007247264168757574
6797,Gstt2,0.9834510216538893,-0.6029012,0.007247264168757574
6798,Afg3l1,0.9836251968370601,-0.29521698,0.007170354773562644
6799,Dpm1,0.9837993728007658,-0.6301129,0.007093458651309659
6800,Pop1,0.9837993728007658,-0.38144895,0.007093458651309659
6801,Styx,0.9837993728007658,-0.42884752,0.007093458651309659
6802,Pex16,0.9837993728007658,-0.2751133,0.007093458651309659
6803,Lypla1,0.9839735495367066,-0.2568092,0.007016575801023563
6804,Zdhhc8,0.9839735495367066,-0.19011925,0.007016575801023563
6805,Alg11,0.984147727036582,-0.9198346,0.006939706221729331
6806,Stau2,0.984147727036582,-0.97269005,0.006939706221729331
6807,Tmem199,0.984147727036582,-0.105792,0.006939706221729331
6808,Syvn1,0.984147727036582,0.09790829,0.006939706221729331
6809,Ccdc84,0.984147727036582,-0.56043875,0.006939706221729331
6810,Tal1,0.984147727036582,-0.17686339,0.006939706221729331
6811,Mphosph8,0.9843219052920918,-0.61701024,0.006862849912451779
6812,Gpank1,0.9843219052920918,-0.08398073,0.006862849912451779
6813,Zbtb5,0.9843219052920918,-0.08722301,0.006862849912451779
6814,Ppif,0.9844960842949356,-0.73037386,0.006786006872215559
6815,Zfp41,0.9844960842949356,-0.7039499,0.006786006872215559
6816,RP24-351O18.5,0.9844960842949356,-1.167678,0.006786006872215559
6817,Sparcl1,0.9844960842949356,-0.19313921,0.006786006872215559
6818,Hlcs,0.9848444445094228,-0.94006133,0.006632360594965326
6819,Rab32,0.9848444445094228,-0.6278585,0.006632360594965326
6820,Mlkl,0.9848444445094228,-1.3524529,0.006632360594965326
6821,Rpgrip1,0.9848444445094228,-0.29398945,0.006632360594965326
6822,Csk,0.9848444445094228,-0.33402234,0.006632360594965326
6823,Cenpi,0.9848444445094228,-1.1705778,0.006632360594965326
6824,Ccnc,0.9848444445094228,-0.67391616,0.006632360594965326
6825,Mlf2,0.9850186257044645,-0.18831816,0.0065555573560002085
6826,Tk2,0.9851928076136374,-1.145757,0.006478767382174077
6827,Wdr4,0.9851928076136374,-0.83613753,0.006478767382174077
6828,Poll,0.9851928076136374,-0.4511451,0.006478767382174077
6829,Chtf18,0.9851928076136374,-0.90397334,0.006478767382174077
6830,Smyd3,0.9851928076136374,-0.9376746,0.006478767382174077
6831,Ccdc86,0.9853669902286404,-0.07900598,0.006401990672511031
6832,Anapc1,0.9853669902286404,-0.42277616,0.006401990672511031
6833,Glb1,0.9857153575429323,-0.43820202,0.006248477041770258
6834,Rnf149,0.9858895422256188,-0.06271272,0.006171740118740191
6835,Myef2,0.9860637275809304,-0.0796747,0.006095016455968628
6836,Ndrg1,0.9860637275809304,-0.08664225,0.006095016455968628
6837,Gfm1,0.9860637275809304,-0.35203907,0.006095016455968628
6838,Aamp,0.9860637275809304,-0.3246038,0.006095016455968628
6839,Wsb2,0.9862379136005659,-0.024639513,0.006018306052479087
6840,Trmt10c,0.9864121002762235,-0.13343051,0.00594160890729507
6841,Ssfa2,0.9867604755623985,-0.22030415,0.005788254387936759
6842,Prg2,0.9867604755623985,-0.20309934,0.005788254387936759
6843,Pank1,0.9867604755623985,-0.5240311,0.005788254387936759
6844,Sdccag8,0.9867604755623985,-0.31607744,0.005788254387936759
6845,Mrpl50,0.9867604755623985,-0.5429521,0.005788254387936759
6846,Stard10,0.9871088533730413,-0.4195969,0.005634952890078941
6847,Pbk,0.9871088533730413,-0.90779746,0.005634952890078941
6848,Ten1,0.9872830432042832,-0.18781292,0.005558322021770165
6849,Ndrg2,0.9872830432042832,-0.12899803,0.005558322021770165
6850,Pgam5,0.9872830432042832,-0.19079384,0.005558322021770165
6851,RP23-173N16.6,0.9872830432042832,-0.6936759,0.005558322021770165
6852,Lemd3,0.987457233641736,-0.25216946,0.005481704405905152
6853,Hrsp12,0.987457233641736,-0.79214895,0.005481704405905152
6854,Mgam,0.987457233641736,-0.22067285,0.005481704405905152
6855,Rnf41,0.9878056163020654,-0.6474233,0.005328508927597027
6856,Mpp5,0.988154001287611,0.01699055,0.005175366447334473
6857,Taf1b,0.988154001287611,-0.42834893,0.005175366447334473
6858,Slc30a1,0.9885023885319529,-0.4304633,0.005022276957295487
6859,Wdr45,0.9885023885319529,-0.71540797,0.005022276957295487
6860,Gucd1,0.9885023885319529,-0.61381906,0.005022276957295487
6861,Gsk3a,0.9886765829804159,-0.3991464,0.004945752081164992
6862,Ddx55,0.9888507779686699,-0.8641263,0.004869240449656365
6863,Nf2,0.9890249734884121,-0.19856942,0.004792742061791334
6864,Zbtb34,0.9891991695313396,-0.67990446,0.00471625691659153
6865,Eci2,0.9891991695313396,-0.15148506,0.00471625691659153
6866,Mtmr2,0.9893733660891493,-0.29734468,0.0046397850130784875
6867,Sema3d,0.9897217607162032,-0.0064325565,0.004486880927198138
6868,Clec4a1,0.9898959587688412,-0.58418447,0.00441044874287327
6869,RP23-68O7.2,0.9898959587688412,-0.62794214,0.00441044874287327
6870,Cep152,0.9905927557130545,-0.8878645,0.004104852373499914
6871,Trnau1ap,0.9909411569091098,-0.1707621,0.003952133595859349
6872,Slc33a1,0.9909411569091098,-0.16020203,0.003952133595859349
6873,Rnf111,0.991289559832559,-0.014663152,0.003799467745801518
6874,Zcchc6,0.991289559832559,-0.32292733,0.003799467745801518
6875,Ints9,0.9914637619212968,-0.073175326,0.003723154666166763
6876,Mvb12b,0.9918121673112799,-0.34006518,0.003570568192785782
6877,Polr2d,0.9921605742625798,-0.40495735,0.0034180346273884245
6878,Sh3gl1,0.992683187471677,-0.24902207,0.003189333464605246
6879,Dcaf5,0.9928573925833989,-0.93857896,0.0031131261891718096
6880,RP23-13A13.6,0.9930315980356249,-0.357401,0.00303693213485088
6881,Cops4,0.9937284230834836,-0.524365,0.002732288109070914
6882,Usp38,0.9939026301136646,-0.053494994,0.0026561601455956057
6883,Usp39,0.9939026301136646,-0.53745544,0.0026561601455956057
6884,Fam64a,0.9942510450377547,-0.6112813,0.0025039438633380944
6885,Ppih,0.994947878108316,-0.62299335,0.002199669850105654
6886,Atg12,0.9952962961219112,-0.19561075,0.002047612103417957
6887,Aldh3b1,0.9954705054692207,-0.29333293,0.0019716030416181167
6888,Acadm,0.9958189248033387,-0.45628622,0.0018196245361937879
6889,Hmox2,0.9958189248033387,-0.21544266,0.0018196245361937879
6890,Gm47283,0.9961673449347558,-0.52505004,0.0016676988484514966
6891,Cenpk,0.9963415552786891,-1.1393864,0.0015917558087537812
6892,Atp5f1,0.996515765797032,-0.2097803,0.0015158259705275825
6893,Prosc,0.9966899764814798,-1.0064906,0.0014399093327895943
6894,Uba1,0.9966899764814798,-0.10805279,0.0014399093327895943
6895,Cdc42se1,0.9972126094484001,-0.36677864,0.0012122386126711983
6896,Pex13,0.9972126094484001,-0.3762987,0.0012122386126711983
6897,Sema4d,0.9972126094484001,-0.453758,0.0012122386126711983
6898,RP23-286I5.3,0.9979094552259151,-0.1379944,0.0009088623996791775
6899,Smoc2,0.9980836669402154,-0.25541022,0.0008330513304370663
6900,Vhl,0.9984320906345854,-0.98640525,0.0006814687658704911
6901,Gm2a,0.9984320906345854,-0.24864043,0.0006814687658704911
6902,Scd1,0.9986063025980446,-0.622394,0.0006056972685771131
6903,Psme1,0.9986063025980446,-0.23414385,0.0006056972685771131
6904,Gdi1,0.9986063025980446,-0.39839494,0.0006056972685771131
6905,Elmo1,0.9991289388538553,-0.5037503,0.0003784619048414293
6906,Mrps23,0.9993031510332524,-0.23330198,0.00030274315636155344
6907,RP24-464B16.1,0.9993031510332524,0.16081609,0.00030274315636155344
6908,Ncstn,0.999651575483405,-0.19345382,0.00015134521263966558
6909,Irf5,0.9998257877375498,-0.85817987,7.566601542725125e-05
6910,Kiz,1.0,0.4913326,-0.0
6911,Spi1,0.999651575483405,-0.32844153,0.00015134521263966558
6912,Pcgf5,0.9994773632458707,-0.38425452,0.00022703759262271227
6913,Nck2,0.9989547267159848,0.17358705,0.000454193839047368
6914,Diaph1,0.9987805146279461,-0.33574972,0.0005299389599643307
6915,Tom1l2,0.9986063025980446,0.2760309,0.0006056972685771131
6916,Fdps,0.9986063025980446,0.17017227,0.0006056972685771131
6917,Ap4e1,0.9986063025980446,-0.06212607,0.0006056972685771131
6918,Ppard,0.9986063025980446,0.12856118,0.0006056972685771131
6919,Gas5,0.9984320906345854,-0.10730776,0.0006814687658704911
6920,Sos1,0.9984320906345854,-0.15003042,0.0006814687658704911
6921,Exosc9,0.9982578787458739,-0.58957857,0.000757253452828978
6922,Slc2a4rg-ps,0.9982578787458739,0.27457428,0.000757253452828978
6923,Brix1,0.9982578787458739,-0.26889226,0.000757253452828978
6924,Sox9,0.9979094552259151,-0.00030743732,0.0009088623996791775
6925,Hsf2,0.9979094552259151,0.04827854,0.0009088623996791775
6926,Ccdc61,0.9975610321046099,-0.17085089,0.001060524117002368
6927,Myo1g,0.9975610321046099,-0.7473018,0.001060524117002368
6928,Calcoco1,0.9975610321046099,-0.10492897,0.001060524117002368
6929,Mfsd11,0.9972126094484001,-0.073336065,0.0012122386126711983
6930,Parp11,0.9972126094484001,-0.021692123,0.0012122386126711983
6931,Nup62,0.9972126094484001,-0.50700766,0.0012122386126711983
6932,Dbn1,0.9972126094484001,-0.11167627,0.0012122386126711983
6933,Jam2,0.9972126094484001,-0.5228714,0.0012122386126711983
6934,Parp10,0.9972126094484001,-0.31682813,0.0012122386126711983
6935,Slc4a4,0.9972126094484001,-0.080142364,0.0012122386126711983
6936,Ms4a4c,0.9968641873237271,-0.14898372,0.0013640058945565818
6937,Foxp4,0.9968641873237271,-0.29954007,0.0013640058945565818
6938,Exog,0.9968641873237271,-0.4297375,0.0013640058945565818
6939,Golga7,0.9968641873237271,-0.24274197,0.0013640058945565818
6940,Atpaf1,0.996515765797032,-0.011120291,0.0015158259705275825
6941,U2af2,0.9963415552786891,-0.32944292,0.0015917558087537812
6942,Zfp777,0.9961673449347558,-0.8471422,0.0016676988484514966
6943,Pnpla7,0.9961673449347558,-0.4120877,0.0016676988484514966
6944,Pip4k2a,0.9959931347735373,-0.40465456,0.0017436550906038135
6945,Nagpa,0.9958189248033387,-0.28485596,0.0018196245361937879
6946,Blcap,0.9958189248033387,-0.73549336,0.0018196245361937879
6947,Galnt4,0.9958189248033387,-0.4768095,0.0018196245361937879
6948,Htatip2,0.9958189248033387,-0.42565572,0.0018196245361937879
6949,Retsat,0.9954705054692207,-1.0399258,0.0019716030416181167
6950,Nol9,0.9954705054692207,-0.78799427,0.0019716030416181167
6951,Cpt2,0.9954705054692207,-0.16439635,0.0019716030416181167
6952,Ippk,0.9954705054692207,-0.16611527,0.0019716030416181167
6953,Saal1,0.9954705054692207,-0.13823652,0.0019716030416181167
6954,Fgd3,0.9954705054692207,-0.65263486,0.0019716030416181167
6955,Mri1,0.9951220869988413,-0.7450848,0.0021236343725863274
6956,RP23-174K7.2,0.9951220869988413,-0.34619755,0.0021236343725863274
6957,Stradb,0.9951220869988413,-0.59045815,0.0021236343725863274
6958,Med27,0.9951220869988413,-0.72770876,0.0021236343725863274
6959,Edem3,0.994947878108316,-0.26568317,0.002199669850105654
6960,Rbbp9,0.9947736694586398,-1.1289116,0.0022757185369583796
6961,RP23-125I14.2,0.9947736694586398,-0.2874728,0.0022757185369583796
6962,Tex30,0.9947736694586398,-0.1534568,0.0022757185369583796
6963,Aoah,0.9947736694586398,-1.0055,0.0022757185369583796
6964,Coil,0.9947736694586398,-0.8140232,0.0022757185369583796
6965,Vac14,0.9947736694586398,-0.10053782,0.0022757185369583796
6966,RP23-206J17.2,0.9947736694586398,-0.18423438,0.0022757185369583796
6967,Tomm40l,0.9944252529150545,-1.3055809,0.002427855542592527
6968,Cenpw,0.9944252529150545,-0.2954054,0.002427855542592527
6969,Gba,0.9944252529150545,-0.14059022,0.002427855542592527
6970,Napsa,0.9940768374345232,-0.5502498,0.002580045397345205
6971,Ptcd3,0.9940768374345232,-0.0794825,0.002580045397345205
6972,Psme3,0.9939026301136646,-0.5446077,0.0026561601455956057
6973,RP24-150C17.2,0.9937284230834836,-1.1873329,0.002732288109070914
6974,Pctp,0.9937284230834836,-1.3660159,0.002732288109070914
6975,Wars,0.9933800099283722,-0.32693312,0.0028845836856224976
6976,Clec7a,0.9933800099283722,-0.6840904,0.0028845836856224976
6977,Zfp180,0.9930315980356249,-0.2212591,0.00303693213485088
6978,Plekhm1,0.992683187471677,-0.041885268,0.003189333464605246
6979,Rnf126,0.992683187471677,-0.39612877,0.003189333464605246
6980,Nfya,0.9925089827087639,-0.46380663,0.0032655539621319718
6981,Morc3,0.9923347783029633,-0.5063438,0.0033417876827328283
6982,Tsr1,0.9923347783029633,-0.17827019,0.0033417876827328283
6983,Katna1,0.9914637619212968,-0.5669286,0.003723154666166763
6984,Vps50,0.991289559832559,-0.55734515,0.003799467745801518
6985,Prps2,0.991289559832559,-0.2047202,0.003799467745801518
6986,Arhgef7,0.9909411569091098,-0.26575902,0.003952133595859349
6987,H13,0.9909411569091098,-0.2786261,0.003952133595859349
6988,Mtfr2,0.9909411569091098,-0.73894036,0.003952133595859349
6989,Ccnb1,0.9905927557130545,-1.3356451,0.004104852373499914
6990,Trmt2a,0.9902443563108222,-0.22567968,0.004257624086559699
6991,Idh3g,0.9897217607162032,-0.19491279,0.004486880927198138
6992,Siglece,0.9895475631535382,-1.1362298,0.004563326350273593
6993,Naga,0.9895475631535382,-0.4647915,0.004563326350273593
6994,Ddx49,0.9895475631535382,-0.48477632,0.004563326350273593
6995,Ceacam1,0.9891991695313396,-0.8066172,0.00471625691659153
6996,Tbc1d13,0.9888507779686699,-0.14608149,0.004869240449656365
6997,Patz1,0.9885023885319529,-0.4173728,0.005022276957295487
6998,Cstf2t,0.9885023885319529,-0.15612294,0.005022276957295487
6999,AC159257.5,0.9878056163020654,-0.36566088,0.005328508927597027
7000,Eif3j1,0.9876314246770975,-0.36095878,0.005405100041506581
7001,Eif4ebp2,0.9876314246770975,-0.18014711,0.005405100041506581
7002,Rapgef1,0.987457233641736,-0.053723507,0.005481704405905152
7003,Shoc2,0.987457233641736,-0.5337048,0.005481704405905152
7004,Cdk8,0.987457233641736,-0.29356447,0.005481704405905152
7005,Cebpz,0.9871088533730413,-0.22614434,0.005634952890078941
7006,Ccndbp1,0.9867604755623985,-0.32402807,0.005788254387936759
7007,Pde6d,0.9864121002762235,-0.44000897,0.00594160890729507
7008,Nckap1l,0.9862379136005659,-0.6036044,0.006018306052479087
7009,Pdik1l,0.9853669902286404,-0.29464456,0.006401990672511031
7010,Heca,0.9851928076136374,-0.45504698,0.006478767382174077
7011,Cep290,0.9839735495367066,-0.57956064,0.007016575801023563
7012,Fam171a1,0.9839735495367066,0.44308957,0.007016575801023563
7013,Map3k11,0.9836251968370601,-0.43064776,0.007170354773562644
7014,Supt16,0.9834510216538893,-0.17894638,0.007247264168757574
7015,Caap1,0.9829285008705873,-0.564508,0.007478072001741634
7016,CH36-200G6.4,0.9829285008705873,-0.15900843,0.007478072001741634
7017,Lsp1,0.9817093145775573,-0.3027549,0.008017088346922618
7018,Stx4a,0.9817093145775573,-0.19632232,0.008017088346922618
7019,Sccpdh,0.9810126556934784,0.51102,0.008325389906097068
7020,Slmap,0.9808384932142699,-0.71606004,0.00840249851233936
7021,Pkdcc,0.9806643316483824,0.5909496,0.008479620407107584
7022,Tmed5,0.9806643316483824,-0.33402267,0.008479620407107584
7023,Zscan29,0.9804901710041141,-0.62917966,0.008556755591374799
7024,Arap3,0.9804901710041141,-1.0062778,0.008556755591374799
7025,Ap1g1,0.9804901710041141,-0.36463863,0.008556755591374799
7026,RP23-452K4.2,0.9804901710041141,-0.48212308,0.008556755591374799
7027,Tsku,0.9803160112897628,0.50557095,0.008633904066113935
7028,RP24-344N22.5,0.9799676946840024,0.28133824,0.008788240890899086
7029,Phf1,0.9796193818974819,0.2714858,0.008942630889244225
7030,Rrn3,0.9792710729965801,0.22096668,0.009097074068928592
7031,Ano1,0.9790969200239789,0.08857809,0.009174315604203577
7032,Alkbh6,0.9789227680476733,0.12569657,0.009251570437729765
7033,Srgap1,0.9785744671171356,0.086426936,0.009406120003423434
7034,Cars,0.9784003181794965,0.20266616,0.00948341473753434
7035,Sclt1,0.9784003181794965,-1.0253961,0.00948341473753434
7036,Prkcb,0.9780520234009588,-0.57063353,0.009638044113142239
7037,Snx10,0.9780520234009588,-0.4510548,0.009638044113142239
7038,Rnf34,0.9777037328067154,-0.03175497,0.009792726705073897
7039,RP23-79J15.4,0.9775295890994434,-0.12642105,0.009870087959589182
7040,Clp1,0.977355446463132,0.085995056,0.009947462521098807
7041,St3gal5,0.977355446463132,-0.34674925,0.009947462521098807
7042,Pus10,0.977355446463132,0.043155793,0.009947462521098807
7043,Tmco3,0.9771813049060766,-0.32593134,0.010024850390573601
7044,Stat4,0.9771813049060766,-0.25250962,0.010024850390573601
7045,Cdr2,0.9771813049060766,-0.42328167,0.010024850390573601
7046,Ube2l6,0.9768330250629143,-0.19189844,0.010179666057301768
7047,Szt2,0.9768330250629143,-0.22072779,0.010179666057301768
7048,Gla,0.9768330250629143,-0.22015797,0.010179666057301768
7049,Snx30,0.9768330250629143,-0.22214238,0.010179666057301768
7050,Rnf2,0.9766588867933972,0.053144395,0.010257093856496388
7051,Fosb,0.9764847496363159,-0.461315,0.010334534967538625
7052,RP23-23C4.5,0.9764847496363159,-0.23886499,0.010334534967538625
7053,RP23-125I14.1,0.9764847496363159,-0.5512061,0.010334534967538625
7054,Oxa1l,0.9763106135999651,-0.87675685,0.010411989391398792
7055,Tax1bp1,0.9763106135999651,-0.18733796,0.010411989391398792
7056,Gsto1,0.9763106135999651,-0.73629737,0.010411989391398792
7057,Dbt,0.9763106135999651,0.13470423,0.010411989391398792
7058,Shtn1,0.976136478692639,-0.26162317,0.010489457129047117
7059,Ica1,0.976136478692639,-0.92019194,0.010489457129047117
7060,Cog6,0.975962344922632,-0.27933204,0.010566938181453642
7061,Cdca7l,0.975962344922632,-0.9982927,0.010566938181453642
7062,RP23-354M9.1,0.9757882122982381,-0.47059333,0.010644432549588422
7063,Sharpin,0.9757882122982381,-1.0744133,0.010644432549588422
7064,Nudt14,0.9757882122982381,-0.58641773,0.010644432549588422
7065,Gpatch2l,0.9754399505194653,-0.54235107,0.010799461236921932
7066,Klhdc3,0.9752658213816737,-0.35140055,0.010876995558060081
7067,Atn1,0.9752658213816737,-0.32751647,0.010876995558060081
7068,AC123686.4,0.97509169342267,-1.0765278,0.010954543198805232
7069,RP24-234J3.2,0.97509169342267,-1.1416672,0.010954543198805232
7070,Prr3,0.97509169342267,-0.7822909,0.010954543198805232
7071,Syce2,0.9749175666507474,-0.46708778,0.011032104160126795
7072,Ift57,0.9749175666507474,-0.26181775,0.011032104160126795
7073,Ube4b,0.9749175666507474,-0.3541858,0.011032104160126795
7074,Sdf2l1,0.9749175666507474,-0.8277543,0.011032104160126795
7075,Faap24,0.974743441074199,-0.6759249,0.011109678442994044
7076,Ccdc9,0.974743441074199,-0.025111062,0.011109678442994044
7077,Nuak2,0.974743441074199,-0.6767398,0.011109678442994044
7078,Slc35b4,0.974743441074199,-1.0980157,0.011109678442994044
7079,Tmem167b,0.974743441074199,-0.23981826,0.011109678442994044
7080,Ftsj1,0.974743441074199,-1.0872035,0.011109678442994044
7081,Smpd1,0.974743441074199,0.07711258,0.011109678442994044
7082,Smcr8,0.974743441074199,-1.1388868,0.011109678442994044
7083,Polr3f,0.9745693167013175,-0.31014696,0.011187266048376264
7084,Capn7,0.9745693167013175,-0.5894955,0.011187266048376264
7085,Abhd14b,0.974395193540396,-1.124211,0.0112648669772424
7086,Ddx47,0.974395193540396,0.03934207,0.0112648669772424
7087,Fam122b,0.974221071599727,-0.30223623,0.01134248123056145
7088,Zfand4,0.9740469508876027,-1.4145381,0.011420108809302328
7089,Dnase1l1,0.9740469508876027,-0.81949455,0.011420108809302328
7090,Kcnj2,0.9740469508876027,-1.0064839,0.011420108809302328
7091,Pprc1,0.9738728314123156,-0.40491012,0.011497749714433647
7092,Alkbh5,0.9738728314123156,-0.2379881,0.011497749714433647
7093,Hars2,0.9736987131821575,-0.72679955,0.011575403946924136
7094,Mcub,0.9733504804903959,-0.8471238,0.011730752397856396
7095,Uba2,0.9733504804903959,-0.48309916,0.011730752397856396
7096,Tspan2,0.9731763660453755,-0.8103392,0.011808446618234847
7097,Ypel5,0.9731763660453755,-0.6236608,0.011808446618234847
7098,Polr3h,0.9724799211311594,-0.6038501,0.012119356821753286
7099,Actr8,0.9724799211311594,-0.61479014,0.012119356821753286
7100,Utp4,0.9724799211311594,-0.7497029,0.012119356821753286
7101,RP23-83N17.1,0.9721317065096421,-0.6903232,0.012274891930265257
7102,Cldn15,0.9721317065096421,-1.0063654,0.012274891930265257
7103,Osbpl9,0.9717834972002827,-0.44330966,0.0124304803869335
7104,S100pbp,0.9717834972002827,-0.08470143,0.0124304803869335
7105,Scfd2,0.9717834972002827,-0.6653331,0.0124304803869335
7106,Brip1os,0.9717834972002827,-0.13092816,0.0124304803869335
7107,Gramd1b,0.9714352932694008,-0.5875699,0.012586122199496452
7108,Tapbpl,0.9710870947833128,-0.4631474,0.012741817375690846
7109,Slc20a1,0.9710870947833128,-0.7565183,0.012741817375690846
7110,RP23-27C10.2,0.9707389018083318,-0.8331825,0.012897565923251596
7111,Uba3,0.9705648074082284,-0.41564205,0.012975460213711041
7112,Platr25,0.9703907144107677,-0.79146534,0.013053367849911842
7113,Jun,0.9703907144107677,-0.4061924,0.013053367849911842
7114,Ifi27l2a,0.9700425326569277,-0.3416619,0.013209223163402768
7115,Urod,0.9700425326569277,-0.7723532,0.013209223163402768
7116,Nsf,0.9700425326569277,-0.4256736,0.013209223163402768
7117,Ttc13,0.9698684439171242,-0.54077345,0.013287170842625286
7118,Gins1,0.9696943566131153,-1.3324069,0.013365131871453892
7119,Cdk7,0.9695202707531885,-0.622142,0.01344310625085447
7120,Riox2,0.969346186345631,-0.75387955,0.0135210939817928
7121,Cep70,0.969346186345631,-0.7791359,0.0135210939817928
7122,Nop58,0.9689980219207717,-0.2431292,0.013677109502145374
7123,Slc25a12,0.9688239419200433,-0.3485956,0.013755137293490633
7124,Cd68,0.9688239419200433,-0.32897505,0.013755137293490633
7125,Psen2,0.9684757863834214,-0.22984433,0.013911232943345637
7126,Uap1l1,0.9684757863834214,-0.50820607,0.013911232943345637
7127,Lypla2,0.9684757863834214,-0.27137166,0.013911232943345637
7128,Mrgpra2b,0.9683017108640999,-1.0897521,0.013989300803785742
7129,Cspp1,0.9683017108640999,-0.56624705,0.013989300803785742
7130,Chp1,0.9679535643648648,-0.4802544,0.014145476600516101
7131,Vps54,0.9679535643648648,-0.44749233,0.014145476600516101
7132,Sass6,0.9676054239734093,-1.1569757,0.014301705838145308
7133,Cox16,0.9676054239734093,-0.3566826,0.014301705838145308
7134,Atf6b,0.9674313560888116,-0.62279695,0.014379840499708535
7135,Mier1,0.9674313560888116,-0.32985222,0.014379840499708535
7136,Tmed2,0.9672572897560135,-0.20813538,0.014457988524390088
7137,Zdhhc18,0.9669091617789538,-0.35300153,0.014614324666965457
7138,Bak1,0.9669091617789538,-0.482665,0.014614324666965457
7139,Eif4a3,0.9667351001512604,-0.4303554,0.014692512786787524
7140,Ndufa9,0.9665610401085032,-0.7413889,0.014770714273584468
7141,Hax1,0.9663869816589655,-0.491406,0.014848929128320231
7142,Rbm22,0.9658648159525024,-0.32269853,0.015083653909797106
7143,Id2,0.9653426648832019,-0.45382836,0.015318499037411
7144,Clk3,0.9653426648832019,-0.21135229,0.015318499037411
7145,Ifitm6,0.9653426648832019,-0.2659336,0.015318499037411
7146,Clec2d,0.9653426648832019,-0.49961114,0.015318499037411
7147,Ubqln1,0.9651686178181218,-0.3831274,0.015396807494696737
7148,Mmgt1,0.9648205286746823,-0.67815006,0.015553464537167785
7149,Tec,0.964298407550543,-0.8741462,0.015788550435064073
7150,Ppp4r3b,0.9641243705665584,-0.38954124,0.015866939160663524
7151,Zic1,0.9641243705665584,0.5283299,0.015866939160663524
7152,Stk4,0.9641243705665584,-0.6787808,0.015866939160663524
7153,Tyk2,0.9639503352917387,-0.5300457,0.01594534126768391
7154,Myd88,0.9637763017343639,-0.26036802,0.01602375675708732
7155,Cetn2,0.9636022699027137,-0.40464768,0.01610218562983588
7156,Cnot2,0.9636022699027137,-0.20466347,0.01610218562983588
7157,Acadsb,0.963080184844905,-0.20911266,0.016337552557770897
7158,Ncapg2,0.962732136920107,-1.1701189,0.016494530777418838
7159,Srpx,0.9623840960969008,0.18451346,0.016651562553526626
7160,Samd8,0.9620360624415095,-0.28577203,0.01680864789378385
7161,Dpy19l1,0.9620360624415095,-0.099554956,0.01680864789378385
7162,Tomm40,0.961688036020152,-0.6421798,0.016965786805878326
7163,Arl4d,0.961688036020152,0.64133745,0.016965786805878326
7164,Rsl1d1,0.9615140255429283,-0.46978092,0.01704437635376638
7165,Tsfm,0.9613400168990432,-0.6568863,0.017122979297495868
7166,Dgkz,0.9609920051443939,-0.6705261,0.017280225376320676
7167,Msrb1,0.9609920051443939,-0.20900197,0.017280225376320676
7168,Naip2,0.9608180020501812,-0.9109182,0.017358868513336564
7169,Evi2a,0.9608180020501812,-0.84151316,0.017358868513336564
7170,Serhl,0.9606440008224104,-0.585428,0.017437525050035006
7171,Cat,0.9602960039992949,-0.6625075,0.017594878326319428
7172,Sgk3,0.9602960039992949,-0.30402547,0.017594878326319428
7173,Tango6,0.9602960039992949,0.030122291,0.017594878326319428
7174,Palm,0.9602960039992949,-0.6743791,0.017594878326319428
7175,Unc5c,0.9599480147412454,0.20007628,0.017752285212852617
7176,Dstyk,0.9599480147412454,-0.16743506,0.017752285212852617
7177,Ttyh3,0.9596000331144555,-0.3989634,0.017909745717311343
7178,Bcl2l2,0.9592520591851144,0.0062441146,0.0180672598473708
7179,Ube2r2,0.9592520591851144,-0.32073623,0.0180672598473708
7180,Tpra1,0.9589040930194069,0.1440072,0.018224827610704132
7181,Rpa1,0.9589040930194069,-0.5275655,0.018224827610704132
7182,Tfec,0.9585561346835136,-0.8184976,0.018382449014982774
7183,Elf4,0.9583821584724274,-0.3690479,0.018461279834873452
7184,Atg13,0.9578602417658683,-0.30068776,0.018697852777052812
7185,RP23-105K2.3,0.9578602417658683,-0.18078081,0.018697852777052812
7186,Acot2,0.9578602417658683,-0.15647255,0.018697852777052812
7187,RP24-309H3.3,0.9578602417658683,-0.0904549,0.018697852777052812
7188,Slc9a6,0.9575123073164545,-0.3311528,0.01885563515017797
7189,Hmbs,0.9575123073164545,-0.5477166,0.01885563515017797
7190,Ankmy2,0.9575123073164545,-0.15384986,0.01885563515017797
7191,E2f3,0.9573383431230467,-0.49588215,0.01893454646311646
7192,Tmem161b,0.9571643809615313,-0.2756228,0.019013471194916066
7193,Nup93,0.9571643809615313,-0.2248415,0.019013471194916066
7194,Edem2,0.9571643809615313,-0.8309594,0.019013471194916066
7195,Usp28,0.9571643809615313,-0.49575415,0.019013471194916066
7196,Adprhl2,0.9571643809615313,-0.13257304,0.019013471194916066
7197,Pan2,0.9571643809615313,-0.48524544,0.019013471194916066
7198,Nup37,0.9568164627672563,-0.4611544,0.01917136091892948
7199,Lmtk2,0.9568164627672563,-0.3437965,0.01917136091892948
7200,Ipo11,0.9568164627672563,-0.37175894,0.01917136091892948
7201,Gak,0.9566425067510349,-0.21026653,0.019250325913058385
7202,Rps6kb1,0.9566425067510349,-0.26801232,0.019250325913058385
7203,Ttc7b,0.9564685527997825,-0.33286363,0.019329304329878713
7204,Rab33b,0.9564685527997825,-0.21965979,0.019329304329878713
7205,Gga1,0.9564685527997825,-0.082924664,0.019329304329878713
7206,mt-Atp6,0.9562946009217675,-0.6793934,0.019408296170347703
7207,Nfkbid,0.9561206511252581,-0.4426984,0.019487301435422547
7208,Nup188,0.9561206511252581,-0.7489144,0.019487301435422547
7209,Brpf3,0.9561206511252581,-0.5292301,0.019487301435422547
7210,RP24-503L4.3,0.9561206511252581,-0.37571606,0.019487301435422547
7211,Zmat1,0.9561206511252581,-0.8797349,0.019487301435422547
7212,Mtrf1l,0.9561206511252581,-0.3008901,0.019487301435422547
7213,Ppp6c,0.9557727578098267,-0.6098661,0.019645352243217912
7214,Psmb4,0.9557727578098267,-0.29034054,0.019645352243217912
7215,Unkl,0.9554248729196272,-0.91582274,0.019803456760919873
7216,Tagap,0.9554248729196272,-0.8695495,0.019803456760919873
7217,RP23-170C11.3,0.9554248729196272,-0.20312358,0.019803456760919873
7218,Etv3,0.9554248729196272,-0.12418667,0.019803456760919873
7219,Zfp568,0.9554248729196272,-0.12733032,0.019803456760919873
7220,Zfp655,0.9554248729196272,-0.28272238,0.019803456760919873
7221,Hscb,0.9550769965207933,-1.0334579,0.019961614996181817
7222,Pex5,0.9550769965207933,-1.0927024,0.019961614996181817
7223,Dgka,0.9550769965207933,-1.018548,0.019961614996181817
7224,RP23-126M2.1,0.9550769965207933,-0.5397759,0.019961614996181817
7225,Ptgr2,0.9550769965207933,-0.5859869,0.019961614996181817
7226,Mbd4,0.9550769965207933,-0.4085622,0.019961614996181817
7227,Cul7,0.9550769965207933,-0.2623656,0.019961614996181817
7228,Fbxl18,0.9550769965207933,-0.7586464,0.019961614996181817
7229,Shmt1,0.9550769965207933,-1.1263621,0.019961614996181817
7230,Rab40c,0.9550769965207933,-0.43164006,0.019961614996181817
7231,Atp5sl,0.9550769965207933,-1.1528009,0.019961614996181817
7232,Lzic,0.9547291286794541,-0.06943455,0.020119826956655176
7233,P2rx7,0.9547291286794541,-0.78842056,0.020119826956655176
7234,Cd37,0.9543812694617341,-0.67193633,0.02027809264998963
7235,Daxx,0.9543812694617341,-0.57439595,0.02027809264998963
7236,Rab26os,0.9543812694617341,-0.71779746,0.02027809264998963
7237,Rab7b,0.9543812694617341,-0.70463365,0.02027809264998963
7238,Cxcr2,0.9543812694617341,-1.1835254,0.02027809264998963
7239,Wdr11,0.9540334189337524,-0.14143644,0.02043641208383301
7240,Kat5,0.9540334189337524,-1.1421674,0.02043641208383301
7241,Crtc2,0.9540334189337524,-0.98305273,0.02043641208383301
7242,RP23-426M5.1,0.9536855771616232,-0.5726429,0.020594785265831462
7243,RP23-23C9.4,0.9536855771616232,-1.1237162,0.020594785265831462
7244,Arid1b,0.9536855771616232,-0.40850815,0.020594785265831462
7245,Cask,0.9536855771616232,-0.12243443,0.020594785265831462
7246,Polr3gl,0.9536855771616232,-0.5408712,0.020594785265831462
7247,Tmem141,0.9536855771616232,-1.2241424,0.020594785265831462
7248,Klhl9,0.9535116595796627,-0.5375379,0.020673992014777702
7249,Ncoa6,0.9535116595796627,-0.10513175,0.020673992014777702
7250,Tor1a,0.9533377442114559,-0.30523348,0.020753212203629152
7251,Erp29,0.9533377442114559,-0.21345963,0.020753212203629152
7252,Klhl12,0.9529899201493548,-0.76144695,0.020911692904868526
7253,March2,0.9529899201493548,-0.18112586,0.020911692904868526
7254,Rgl2,0.9528160114719854,-0.6768507,0.020990953419166566
7255,Trp53inp2,0.9526421050414191,-0.30256963,0.02107022737719018
7256,RP23-355K21.2,0.9522942989537428,-0.37831545,0.02122881562823293
7257,RP23-220D12.13,0.9522942989537428,-0.40353745,0.02122881562823293
7258,Ankrd54,0.9522942989537428,-0.59543824,0.02122881562823293
7259,Hexim1,0.951946501952415,-0.20421474,0.021387457665633717
7260,Stard8,0.951946501952415,-0.46754587,0.021387457665633717
7261,Hist1h2bc,0.951946501952415,-0.92606676,0.021387457665633717
7262,Nfs1,0.9515987141035193,-0.90139717,0.021546153497027785
7263,Arap2,0.9515987141035193,-0.26825956,0.021546153497027785
7264,Ctc1,0.951250935473134,-0.5967288,0.0217049031300485
7265,Aktip,0.951250935473134,-0.7184568,0.0217049031300485
7266,Ap2a2,0.951250935473134,-0.3435897,0.0217049031300485
7267,Kat7,0.951250935473134,-0.31643087,0.0217049031300485
7268,Bcl6,0.9509031661273326,-0.6771101,0.021863706572327352
7269,Acot7,0.9509031661273326,-0.69774675,0.021863706572327352
7270,Sowahc,0.9509031661273326,-0.5087864,0.021863706572327352
7271,Foxn2,0.9507292849567973,-0.6593275,0.02194312847432294
7272,Cdk2ap2,0.950555406132183,-0.40050226,0.022022563831494077
7273,Snx5,0.9503815296617474,-0.44446787,0.022102012644794215
7274,Neurl4,0.9502076555537478,-0.9821461,0.02218147491517664
7275,Zmym1,0.9502076555537478,-0.2988105,0.02218147491517664
7276,Zgrf1,0.9502076555537478,-0.6138333,0.02218147491517664
7277,Lrrc14,0.9502076555537478,-1.0003164,0.02218147491517664
7278,RP24-482A24.5,0.9502076555537478,-0.18103513,0.02218147491517664
7279,Akr7a5,0.9502076555537478,-0.5132296,0.02218147491517664
7280,Larp7,0.9498599144580839,-0.46111754,0.02234043983100117
7281,Slc30a7,0.9498599144580839,-0.17505601,0.02234043983100117
7282,Ankrd16,0.9498599144580839,-0.7412304,0.02234043983100117
7283,Mtr,0.9498599144580839,-1.1931342,0.02234043983100117
7284,Il16,0.9495121829112435,-1.0946026,0.0224994585865919
7285,Ldlrad3,0.9495121829112435,-0.72683626,0.0224994585865919
7286,Nsmce2,0.9486428962536599,-0.84417504,0.022897241074564124
7287,Terf2ip,0.9484690462240978,-0.5077608,0.022976837968177375
7288,Vav3,0.9470783349976079,-1.6385498,0.02361409802924231
7289,Xylt1,0.9470783349976079,-0.37967315,0.02361409802924231
7290,Arih2,0.9470783349976079,-0.50395817,0.02361409802924231
7291,Pip4k2b,0.9469045073443267,-0.24704169,0.02369381616516882
7292,Pirb,0.9467306822185556,-0.44831046,0.023773547777220242
7293,Prcp,0.9463830395825427,-0.28549287,0.023933051433501586
7294,Ints7,0.9460354071555647,-0.804046,0.02409260900569246
7295,Dpy30,0.9460354071555647,-0.24283457,0.02409260900569246
7296,Maml1,0.9456877850036113,-1.0664496,0.024252220501397262
7297,Mtmr3,0.9451663711856904,-0.7248411,0.02449173886817315
7298,Dhx30,0.9446449808577074,-0.6299166,0.024731378605611712
7299,Tsc22d2,0.9442974004656315,-0.26715118,0.024891205871379652
7300,Mxd1,0.9442974004656315,-0.73565984,0.024891205871379652
7301,Ciapin1,0.9442974004656315,-0.8243745,0.024891205871379652
7302,Srebf2,0.94394983067844,-0.98052734,0.025051087098656125
7303,Pck2,0.9436022715620866,-0.41937202,0.02521102229503469
7304,Plekhg3,0.9432547231825195,-0.881371,0.025371011468106986
7305,Slc16a7,0.9430809530396376,0.267782,0.025451026298275246
7306,Pilra,0.9418646383508527,-0.9390638,0.026011508079104014
7307,Mrps21,0.9418646383508527,-0.43033183,0.026011508079104014
7308,Lancl1,0.9416908901101114,0.19653934,0.026091630911978497
7309,Ddost,0.9415171446442174,-0.3170678,0.02617176724945691
7310,Etv6,0.9413434019614093,-0.42125386,0.02625191709248679
7311,Lclat1,0.9411696620699253,0.21662134,0.02633208044201558
7312,Kansl3,0.9411696620699253,0.09310761,0.02633208044201558
7313,Blmh,0.9406484592257935,-0.42819387,0.02657265153906806
7314,Klhl13,0.9404747305819798,1.6337179,0.02665286892406457
7315,Ddx28,0.9401272818001157,-0.118331924,0.026813344228707407
7316,Hist1h2af,0.9401272818001157,-0.20484005,0.026813344228707407
7317,RP23-296I6.4,0.9399535616785365,0.17029251,0.026893602150247147
7318,Prpf38a,0.9397798444141725,-0.39125016,0.026973873585861213
7319,RP23-144K18.5,0.9397798444141725,-0.04475316,0.026973873585861213
7320,Tmem67,0.9397798444141725,0.02866128,0.026973873585861213
7321,Ptar1,0.9396061300152585,-0.05319626,0.027054158536495954
7322,RP23-253F13.1,0.9394324184900287,-0.37040854,0.027134457003097655
7323,RP23-447L15.2,0.9394324184900287,-0.48896563,0.027134457003097655
7324,RP24-566B6.2,0.9394324184900287,-0.06830647,0.027134457003097655
7325,AC131065.2,0.9394324184900287,-0.47540912,0.027134457003097655
7326,L3hypdh,0.9390850040935558,-0.35511756,0.027295094487986782
7327,Nfkbie,0.9390850040935558,-0.41125867,0.027295094487986782
7328,RP23-461O23.2,0.9390850040935558,-0.19178854,0.027295094487986782
7329,B4gat1,0.9390850040935558,-0.5570729,0.027295094487986782
7330,Abca13,0.9390850040935558,-0.7115685,0.027295094487986782
7331,Txnrd3,0.9390850040935558,-0.25380847,0.027295094487986782
7332,RP23-26C21.3,0.9390850040935558,-0.48382902,0.027295094487986782
7333,RP23-298I7.2,0.9390850040935558,-0.44135505,0.027295094487986782
7334,Iqcb1,0.9390850040935558,-0.5858244,0.027295094487986782
7335,RP23-411N10.2,0.9390850040935558,-0.59904456,0.027295094487986782
7336,Izumo4,0.9390850040935558,-1.1744871,0.027295094487986782
7337,Igip,0.9389113012387791,-0.0026674592,0.027375433508166205
7338,Gstz1,0.9387376012906191,-0.7095119,0.027455786048096675
7339,Siae,0.9387376012906191,-0.4495987,0.027455786048096675
7340,RP23-363M8.2,0.9387376012906191,-0.48442337,0.027455786048096675
7341,Dusp12,0.9387376012906191,-0.56671864,0.027455786048096675
7342,Hectd3,0.9387376012906191,-0.650826,0.027455786048096675
7343,RP23-23C4.4,0.9387376012906191,-0.31618157,0.027455786048096675
7344,WI1-2075L23.1,0.9387376012906191,-1.2599362,0.027455786048096675
7345,Slc2a1,0.9387376012906191,-0.5599207,0.027455786048096675
7346,Mboat1,0.9387376012906191,-0.37957036,0.027455786048096675
7347,Tmcc3,0.9387376012906191,-1.0669421,0.027455786048096675
7348,Tarsl2,0.9387376012906191,-0.7022497,0.027455786048096675
7349,Nxt2,0.9387376012906191,-0.45297468,0.027455786048096675
7350,Sgms1,0.938563904257308,0.018140428,0.02753615210872395
7351,Unk,0.938563904257308,-0.100486435,0.02753615210872395
7352,Eif2s2,0.938563904257308,-0.09493374,0.02753615210872395
7353,Cdc42,0.938563904257308,0.03249498,0.02753615210872395
7354,Mib2,0.9383902101470772,-1.2084239,0.027616531690993665
7355,RP23-139J18.1,0.9383902101470772,-0.76468265,0.027616531690993665
7356,Ppp2r5a,0.9383902101470772,-0.24739593,0.027616531690993665
7357,Sesn2,0.9383902101470772,-0.6030402,0.027616531690993665
7358,Coq6,0.9383902101470772,-0.23128064,0.027616531690993665
7359,Mmab,0.9383902101470772,-1.2327076,0.027616531690993665
7360,Tmem206,0.9383902101470772,-1.0136995,0.027616531690993665
7361,Nudt22,0.9383902101470772,-1.2625024,0.027616531690993665
7362,Vopp1,0.9382165189681584,-0.19627538,0.027696924795851282
7363,Tnik,0.9382165189681584,-0.16749324,0.027696924795851282
7364,Fbxo46,0.9380428307287821,-0.7789427,0.027777331424242234
7365,Pomt1,0.9380428307287821,-2.1298892,0.027777331424242234
7366,Tmem243,0.9380428307287821,-1.191995,0.027777331424242234
7367,Thap4,0.9380428307287821,-0.9847311,0.027777331424242234
7368,Slc25a19,0.9380428307287821,-0.8336912,0.027777331424242234
7369,Tagap1,0.9380428307287821,-1.3828793,0.027777331424242234
7370,Rrnad1,0.9380428307287821,-1.7827842,0.027777331424242234
7371,Slc6a8,0.9380428307287821,-0.81440127,0.027777331424242234
7372,Cd200r1,0.9380428307287821,-1.3382795,0.027777331424242234
7373,Nat2,0.9380428307287821,-0.8160168,0.027777331424242234
7374,Tab2,0.9376954631015789,-0.34115487,0.027938185255405125
7375,mt-Co2,0.9376954631015789,-1.0531971,0.027938185255405125
7376,Taco1,0.9376954631015789,-1.9273313,0.027938185255405125
7377,Fam217b,0.9376954631015789,-1.6822062,0.027938185255405125
7378,Nr2f2,0.9376954631015789,-1.3095684,0.027938185255405125
7379,Rb1,0.9376954631015789,-0.8015891,0.027938185255405125
7380,RP24-483G17.1,0.9376954631015789,-1.7704567,0.027938185255405125
7381,Vars2,0.9376954631015789,-1.0240946,0.027938185255405125
7382,Serpinb8,0.9376954631015789,-1.0491277,0.027938185255405125
7383,Pi4k2a,0.9375217837302116,-0.4406907,0.028018632460067288
7384,Hal,0.937348107331306,-2.5087693,0.02809909319204324
7385,RP23-385F8.3,0.937348107331306,-2.4221761,0.02809909319204324
7386,Atp1a2,0.937348107331306,-0.88385016,0.02809909319204324
7387,9830107B12Rik,0.937348107331306,-1.9207388,0.02809909319204324
7388,Inpp1,0.937348107331306,-0.117107086,0.02809909319204324
7389,Akap13,0.937348107331306,-0.36953443,0.02809909319204324
7390,Ap5b1,0.937348107331306,-2.404696,0.02809909319204324
7391,Ackr3,0.937348107331306,-1.6337626,0.02809909319204324
7392,Ptrhd1,0.937348107331306,-0.27951634,0.02809909319204324
7393,Msrb2,0.937348107331306,-1.6565646,0.02809909319204324
7394,AC115896.3,0.937348107331306,-2.2657423,0.02809909319204324
7395,Gpc3,0.937348107331306,-1.2967423,0.02809909319204324
7396,Gmeb2,0.9371744339130912,-0.61742014,0.02817956745227777
7397,Pnpo,0.9371744339130912,-0.47725803,0.02817956745227777
7398,Smpd2,0.9371744339130912,-0.3551536,0.02817956745227777
7399,Cul3,0.9370007634837954,-0.36635217,0.02826005524171559
7400,Tmem68,0.9368270960516464,-0.09851216,0.028340556561301328
7401,Timmdc1,0.9368270960516464,-0.6124314,0.028340556561301328
7402,Actr5,0.9368270960516464,-0.68820775,0.028340556561301328
7403,Llgl1,0.9368270960516464,-0.37820813,0.028340556561301328
7404,Tnfaip1,0.9368270960516464,-0.10340746,0.028340556561301328
7405,Man1b1,0.9366534316248717,-0.114304684,0.02842107141197949
7406,mt-Tw,0.9364797702116985,-0.35026282,0.028501599794694382
7407,Tgfbrap1,0.9364797702116985,-0.6383081,0.028501599794694382
7408,Polr3b,0.9364797702116985,-0.49289337,0.028501599794694382
7409,Ppp1r12b,0.9361324564590621,-0.7396813,0.028662697160011522
7410,Mul1,0.9361324564590621,-0.7797142,0.028662697160011522
7411,Rhot2,0.9361324564590621,-0.761717,0.028662697160011522
7412,Scaper,0.9361324564590621,-0.65289176,0.028662697160011522
7413,Psme2b,0.9361324564590621,-0.39706436,0.028662697160011522
7414,Rbm14,0.9359588041360509,-0.40099654,0.028743266144501886
7415,Relt,0.935785154859545,-0.8106994,0.028823848664805383
7416,Pmm1,0.935785154859545,-0.63232887,0.028823848664805383
7417,Amotl2,0.935785154859545,-0.17224002,0.028823848664805383
7418,Ccdc97,0.9356115086377692,-0.23545279,0.028904444721865888
7419,Ttpal,0.9356115086377692,-0.30513296,0.028904444721865888
7420,Nol6,0.935437865478948,-0.6634833,0.028985054316627002
7421,B130006D01Rik,0.935437865478948,-0.9047726,0.028985054316627002
7422,Ift80,0.935437865478948,-0.4433745,0.028985054316627002
7423,Srpk2,0.935437865478948,-0.5398018,0.028985054316627002
7424,Trim45,0.935437865478948,-0.8253523,0.028985054316627002
7425,Clybl,0.9350905883830649,-0.90468186,0.02914631412302544
7426,Polr2k,0.9350905883830649,-0.32100096,0.02914631412302544
7427,Comtd1,0.9350905883830649,-0.96965235,0.02914631412302544
7428,Fam110a,0.9347433236376825,-1.0683184,0.029307628091548008
7429,Metap1,0.9345696959169856,-0.1620238,0.029388305388963865
7430,Inpp5k,0.934222449820689,-0.18397826,0.029549700614819895
7431,Ppp2r1b,0.9340488314615317,-1.0321479,0.029630418545145747
7432,Ptger4,0.9340488314615317,-1.0489187,0.029630418545145747
7433,Litaf,0.9338752162393292,-0.3253066,0.02971115002166042
7434,AC163442.1,0.9337016041623015,-1.1606947,0.02979189504530648
7435,Bex6,0.9337016041623015,-1.35886,0.02979189504530648
7436,Rbfa,0.9335279952386683,-1.1721033,0.02987265361702637
7437,Spin1,0.9335279952386683,-0.17510523,0.02987265361702637
7438,Mta1,0.9331807868844608,-0.45565212,0.030034211408456926
7439,Arrdc1,0.9328335912424544,-0.5134674,0.030195823403489513
7440,RP23-469H5.1,0.9326599982090708,-1.2274768,0.03027664972971143
7441,Atg7,0.9326599982090708,-1.7467402,0.03027664972971143
7442,Ska2,0.9326599982090708,-1.3631821,0.03027664972971143
7443,Lonp1,0.9324864083783895,-0.6925267,0.030357489609659522
7444,Rbm28,0.9323128217586268,-0.33197406,0.030438343044275493
7445,Rnf181,0.932139238357999,-0.5767739,0.03051921003450081
7446,Dhdds,0.932139238357999,-0.53348786,0.03051921003450081
7447,Rqcd1,0.932139238357999,-0.915198,0.03051921003450081
7448,Rnf40,0.932139238357999,-0.6391465,0.03051921003450081
7449,Eif2b5,0.932139238357999,-0.14951685,0.03051921003450081
7450,Zfp322a,0.9316185075530756,-0.40320176,0.030761892348246878
7451,Nedd1,0.9314449371111365,-0.76100075,0.03084281357032296
7452,RP23-282C23.7,0.9310978060160939,-0.6944933,0.031004696696362206
7453,Dda1,0.9310978060160939,-0.38294238,0.031004696696362206
7454,Fryl,0.9307506880275842,-0.6303066,0.03116663407118949
7455,Rbm12,0.9307506880275842,-0.58166176,0.03116663407118949
7456,RP23-189N6.2,0.9307506880275842,-0.93994325,0.03116663407118949
7457,Vta1,0.9304035832113032,-1.0199264,0.03132862570232953
7458,St3gal4,0.9304035832113032,-0.7435727,0.03132862570232953
7459,Plxnc1,0.9304035832113032,-1.1179357,0.03132862570232953
7460,Phkg2,0.9304035832113032,-0.80485624,0.03132862570232953
7461,Chchd10,0.9300564916329396,-0.85704947,0.03149067159730517
7462,Rmi2,0.9300564916329396,-0.8526678,0.03149067159730517
7463,Epn1,0.9293623484526803,-0.34225208,0.03181492620884564
7464,Trim11,0.9286682590121624,-0.6040363,0.03213939796595766
7465,Asrgl1,0.9286682590121624,-1.5735902,0.03213939796595766
7466,Uap1,0.9284947451104211,-0.37672457,0.03222054984127691
7467,Cyb5r1,0.9278007235831751,-0.6646319,0.03254529311489058
7468,Zbtb22,0.9278007235831751,-0.6672581,0.03254529311489058
7469,Zfp26,0.9276272267623151,-0.20272022,0.032626512881072094
7470,Nomo1,0.9276272267623151,-0.81504077,0.032626512881072094
7471,Hmgcs1,0.9274537333822429,-0.6119127,0.032707746228241935
7472,Ppie,0.9272802434511609,-0.9173319,0.032788993157338554
7473,Mcpt8,0.9272802434511609,-0.91262054,0.032788993157338554
7474,Fbxl5,0.9271067569772713,-0.19193001,0.0328702536693002
7475,Ppa2,0.9271067569772713,-0.3600999,0.0328702536693002
7476,Rac2,0.9265863183807712,-0.253732,0.03311411671175621
7477,Mtus1,0.9265863183807712,-0.65568197,0.03311411671175621
7478,Brwd3,0.9262393767527505,-0.5457549,0.033276760004915085
7479,Uhmk1,0.9262393767527505,-0.5920581,0.033276760004915085
7480,Mtif2,0.9260659111942329,-0.3302926,0.03335810203376411
7481,Mob1b,0.9260659111942329,-0.2667614,0.03335810203376411
7482,Hk1,0.9260659111942329,-0.20893963,0.03335810203376411
7483,Ino80e,0.925892449150309,-0.32259542,0.033439457652042794
7484,Rad51ap1,0.9257189906291767,-0.7717832,0.033520826860688614
7485,Gbp3,0.9257189906291767,-0.76352525,0.033520826860688614
7486,Ndel1,0.925545535639034,-0.38801953,0.03360220966063874
7487,Hps3,0.9251986362845048,-0.92330486,0.03376501603820043
7488,Slc16a3,0.9246783139400445,-0.8825486,0.034009327562750144
7489,Inip,0.9243314502642367,-0.5161814,0.03417226989551597
7490,Adk,0.9234643541577569,-0.7662501,0.03457986372278195
7491,Rad23a,0.9234643541577569,-0.6251132,0.03457986372278195
7492,Ccdc125,0.9231175411204143,-0.7433793,0.03474299647148492
7493,Rnps1,0.9227707426986448,-0.47480342,0.03490618364158575
7494,Adam15,0.9227707426986448,-0.26441514,0.03490618364158575
7495,Ncoa4,0.9224239589579619,-0.45136616,0.035069425240567484
7496,Gar1,0.9220771899638711,-0.4514836,0.03523272127591135
7497,Eif2b4,0.9220771899638711,-0.49082682,0.03523272127591135
7498,Pi4k2b,0.9219038110172659,-0.53316027,0.03531438970955644
7499,Dnajc14,0.9213836964774449,-0.6952884,0.03555947668560146
7500,Bnip2,0.9210369721160779,-0.4599427,0.03572293607490116
7501,Emc1,0.9206902627632397,-0.31000814,0.035886449930469966
7502,RP23-204C16.2,0.9203435684843932,-0.32404214,0.03605001825978009
7503,Cnnm2,0.9203435684843932,0.36923683,0.03605001825978009
7504,Alg3,0.9203435684843932,-0.12084171,0.03605001825978009
7505,Ndst1,0.919996889344993,0.06429235,0.036213641070301804
7506,Rbm48,0.9196502254104844,-0.55625576,0.03637731836950388
7507,Phykpl,0.9196502254104844,-0.53311527,0.03637731836950388
7508,Klc1,0.9193035767463045,-0.0031985426,0.036541050164853
7509,Cmtr2,0.9193035767463045,-0.48247293,0.036541050164853
7510,Myom1,0.9193035767463045,-0.87799317,0.036541050164853
7511,Gale,0.9193035767463045,-0.9660096,0.036541050164853
7512,Acvr2b,0.9193035767463045,-0.58897537,0.036541050164853
7513,Zfp384,0.9193035767463045,-0.1503,0.036541050164853
7514,Tstd3,0.9189569434178816,-1.250607,0.03670483646381419
7515,Tada2a,0.9189569434178816,-0.8238628,0.03670483646381419
7516,Tmem177,0.9189569434178816,-1.0668412,0.03670483646381419
7517,Nlrc4,0.9189569434178816,-0.48992413,0.03670483646381419
7518,AC161108.3,0.9189569434178816,-0.2384967,0.03670483646381419
7519,Btf3l4,0.9189569434178816,-0.54436636,0.03670483646381419
7520,Gm21596,0.9189569434178816,-0.4829453,0.03670483646381419
7521,Ccm2,0.9187836325250229,-0.44238916,0.03678675005448164
7522,Tigar,0.9186103254906353,-0.6212063,0.03686867727385062
7523,Cpsf4,0.9186103254906353,-0.6926841,0.03686867727385062
7524,Adgrg6,0.9186103254906353,-0.6457483,0.03686867727385062
7525,Mospd1,0.9186103254906353,-0.13611971,0.03686867727385062
7526,Ccnyl1,0.9186103254906353,-1.2186238,0.03686867727385062
7527,Zfp85,0.9186103254906353,-0.99811935,0.03686867727385062
7528,Tti2,0.9186103254906353,-1.5111269,0.03686867727385062
7529,Commd10,0.9186103254906353,-0.63561064,0.03686867727385062
7530,Rasgrp4,0.9186103254906353,-0.7414247,0.03686867727385062
7531,Peg13,0.9186103254906353,-0.93607485,0.03686867727385062
7532,Zfp512b,0.9186103254906353,-1.2228677,0.03686867727385062
7533,Tbce,0.9186103254906353,-0.31171745,0.03686867727385062
7534,Dhx35,0.9186103254906353,-0.86209524,0.03686867727385062
7535,Zfp865,0.9186103254906353,-1.3297291,0.03686867727385062
7536,Dcaf4,0.9186103254906353,-0.58750206,0.03686867727385062
7537,Kif21a,0.9186103254906353,-0.5603165,0.03686867727385062
7538,RP23-204O17.4,0.9182637230299763,-1.3133104,0.037032572602423645
7539,Tmem154,0.9182637230299763,-1.2116742,0.037032572602423645
7540,Zfp748,0.9182637230299763,-0.70414084,0.037032572602423645
7541,Cks1b,0.9182637230299763,-0.64868593,0.037032572602423645
7542,Wdyhv1,0.9182637230299763,-0.89091796,0.037032572602423645
7543,Mars2,0.9182637230299763,-0.77601296,0.037032572602423645
7544,Snrnp35,0.9182637230299763,-1.3334837,0.037032572602423645
7545,Fancm,0.9182637230299763,-0.9337749,0.037032572602423645
7546,Fbxl6,0.9182637230299763,-1.2530699,0.037032572602423645
7547,Slx1b,0.9179171361013067,-0.11761651,0.03719652245699278
7548,Zfp280b,0.9179171361013067,-2.0962083,0.03719652245699278
7549,Mon1a,0.9179171361013067,-1.8780166,0.03719652245699278
7550,Rnf121,0.9179171361013067,-0.31902185,0.03719652245699278
7551,Zkscan14,0.9179171361013067,-1.6570745,0.03719652245699278
7552,Nubpl,0.9179171361013067,-1.7164547,0.03719652245699278
7553,Tango2,0.9179171361013067,-0.8808227,0.03719652245699278
7554,RP23-322E20.6,0.9179171361013067,-1.7846365,0.03719652245699278
7555,Osbpl3,0.9179171361013067,-1.4415836,0.03719652245699278
7556,Crem,0.9179171361013067,-1.3061124,0.03719652245699278
7557,RP23-147O14.2,0.9179171361013067,-1.7245202,0.03719652245699278
7558,Atg10,0.9179171361013067,-0.142163,0.03719652245699278
7559,Mogs,0.9179171361013067,-0.93690586,0.03719652245699278
7560,Abcg1,0.9179171361013067,-1.1347703,0.03719652245699278
7561,AC131791.1,0.9179171361013067,-1.1287215,0.03719652245699278
7562,Ablim1,0.9179171361013067,-1.019789,0.03719652245699278
7563,Coq10b,0.9175705647700195,-1.7395222,0.03736052684501577
7564,Eif3j2,0.9175705647700195,-1.9989777,0.03736052684501577
7565,RP24-188H2.3,0.9175705647700195,-2.31096,0.03736052684501577
7566,Hemgn,0.9175705647700195,-1.413813,0.03736052684501577
7567,Zfp346,0.9175705647700195,-1.2027863,0.03736052684501577
7568,RP23-325M7.3,0.9175705647700195,-2.1342247,0.03736052684501577
7569,Mamdc2,0.9175705647700195,-0.554502,0.03736052684501577
7570,Slc25a45,0.9175705647700195,-1.9457926,0.03736052684501577
7571,Vasp,0.9175705647700195,-0.664992,0.03736052684501577
7572,RP23-110C17.2,0.9173972849738272,-0.30847213,0.03744254949140256
7573,RP23-185B14.1,0.9172240091014989,-1.1858389,0.03752458577394864
7574,Fbxl19,0.9172240091014989,-2.1129255,0.03752458577394864
7575,Tmem185b,0.9172240091014989,-0.463165,0.03752458577394864
7576,Snx29,0.9168774691611201,-0.5901992,0.03768869925124553
7577,Ap4m1,0.9168774691611201,-0.2501917,0.03768869925124553
7578,Tbkbp1,0.9168774691611201,-0.45820805,0.03768869925124553
7579,Zfp606,0.9165309450142497,-0.32949582,0.037852867284358625
7580,Vma21,0.9165309450142497,-0.44774172,0.037852867284358625
7581,Sirt7,0.9161844367262447,-0.6734373,0.03801708988073857
7582,Zfp672,0.9161844367262447,-0.62311035,0.03801708988073857
7583,Dnajc9,0.9158379443624536,-0.38096723,0.038181367047834015
7584,Phgdh,0.9158379443624536,-0.7615976,0.038181367047834015
7585,Hddc2,0.9158379443624536,-0.79251987,0.038181367047834015
7586,Reck,0.9158379443624536,-1.2364749,0.038181367047834015
7587,Prim1,0.9154914679882155,-0.41204274,0.038345698793091874
7588,Tmem164,0.9154914679882155,-0.16294143,0.038345698793091874
7589,Pdhx,0.9154914679882155,-0.25689438,0.038345698793091874
7590,Nt5dc1,0.9154914679882155,-1.0945376,0.038345698793091874
7591,Ccdc93,0.9151450076688604,-1.0264398,0.03851008512395726
7592,Prcc,0.9151450076688604,-0.9545471,0.03851008512395726
7593,RP23-285C18.7,0.9151450076688604,-1.1824663,0.03851008512395726
7594,RP23-231L15.4,0.9151450076688604,-1.1390312,0.03851008512395726
7595,Tbc1d14,0.9147985634697094,-1.3783907,0.03867452604787342
7596,Phlda1,0.9144521354560742,-0.12259179,0.038839021572281904
7597,Dock8,0.9142789275392323,-0.60891175,0.038921289811995725
7598,Naip5,0.9141057236932572,-1.0635319,0.03900357170462237
7599,Zfp770,0.9141057236932572,-1.3477538,0.03900357170462237
7600,Map4k1,0.9137593282465518,-1.446197,0.039168176452332594
7601,Psmg3,0.9137593282465518,-0.23201042,0.039168176452332594
7602,Ston2,0.9137593282465518,-1.3212099,0.039168176452332594
7603,Brf1,0.9137593282465518,-0.49808148,0.039168176452332594
7604,RP23-365E22.1,0.9137593282465518,-1.2753719,0.039168176452332594
7605,Tbccd1,0.9137593282465518,-0.8607496,0.039168176452332594
7606,Tmem8,0.9137593282465518,-1.4106448,0.039168176452332594
7607,Alkbh4,0.9137593282465518,-1.0382522,0.039168176452332594
7608,Rab8b,0.9137593282465518,-0.4366924,0.039168176452332594
7609,Slc39a11,0.9137593282465518,-1.4000716,0.039168176452332594
7610,Rab43,0.9134129491812419,-1.6099243,0.03933283582284874
7611,Nr1d2,0.9134129491812419,-0.6029715,0.03933283582284874
7612,RP23-271B20.7,0.9134129491812419,-1.1897738,0.03933283582284874
7613,Cstf3,0.9134129491812419,-0.29081267,0.03933283582284874
7614,Cenpu,0.9130665865626022,-1.59419,0.039497549823605024
7615,Pip5k1c,0.9130665865626022,-0.59005994,0.039497549823605024
7616,Rbm12b2,0.9130665865626022,-1.6704034,0.039497549823605024
7617,Mrpl45,0.9123739109263848,-0.2195018,0.03982714174556601
7618,Pgm1,0.9123739109263848,-0.698473,0.03982714174556601
7619,Smpd3,0.9122007523984649,-0.14523637,0.03990957388156732
7620,Hist1h2ae,0.9120275980393093,-0.34951982,0.03999201968163017
7621,Per3,0.9120275980393093,-0.9480245,0.03999201968163017
7622,Fam43a,0.9120275980393093,-0.2937467,0.03999201968163017
7623,Lin9,0.9116813018599086,-0.5211991,0.04015695227765337
7624,Ninj1,0.9116813018599086,-0.81175965,0.04015695227765337
7625,Tmem209,0.9109887598850307,-0.7857633,0.04048698147927617
7626,Phospho2,0.9109887598850307,-0.6521018,0.04048698147927617
7627,RP24-273P12.4,0.9109887598850307,-0.88052046,0.04048698147927617
7628,Dock5,0.9106425142199798,-1.1671566,0.04065207809972075
7629,Ero1l,0.9106425142199798,-0.70110375,0.04065207809972075
7630,C2cd3,0.9106425142199798,-0.875465,0.04065207809972075
7631,Adprh,0.9104693977465773,-1.0686277,0.04073464691809778
7632,Mgl2,0.9102962855234555,-0.8604108,0.04081722940981445
7633,Stat1,0.9097769744372549,-0.63604444,0.04106505893427351
7634,G2e3,0.9094307884472279,-0.29808798,0.04123034700093979
7635,Pgm2l1,0.909257701896884,-0.73121953,0.04131301155216125
7636,Chml,0.909257701896884,-0.59699064,0.04131301155216125
7637,Pik3c2a,0.9082192733332711,-0.2829018,0.0418092861682896
7638,Wdr75,0.9078731652411786,-0.550138,0.04197482051352992
7639,Cfap43,0.9078731652411786,-0.8848468,0.04197482051352992
7640,Proser1,0.9071810015913977,-0.93518275,0.04230605345824156
7641,Elp2,0.9070079716710935,-0.7885159,0.042388895919448895
7642,Etfa,0.9068349461639198,-0.6965688,0.04247175207251827
7643,Rpl13a,0.9068349461639198,-0.43366078,0.04247175207251827
7644,Ino80b,0.9061428884292407,-0.95242023,0.04280331362191297
7645,Gpd2,0.9056238918647018,-0.7851742,0.043052128593820876
7646,Mrpl23-ps1,0.9054509019554144,-0.7960731,0.04313509431507468
7647,Rpf2,0.9054509019554144,-0.73665655,0.04313509431507468
7648,Dcaf8,0.9052779165324587,-0.45055383,0.04321807373651081
7649,Atp2b1,0.904931959178062,-0.23327863,0.0433840736836259
7650,Ftsj3,0.9047589872628798,-0.5835055,0.043467094211152274
7651,Rtf1,0.9044130569971892,-0.1649933,0.04363317637876076
7652,Cd300a,0.9023378586266645,-1.0027878,0.044630820923672515
7653,Atp6ap1,0.9019920567086849,-0.21929218,0.04479728700659051
7654,Krr1,0.9019920567086849,-0.63885134,0.04479728700659051
7655,Fbxo3,0.9019920567086849,-0.40428734,0.04479728700659051
7656,Mybl2,0.9019920567086849,-1.1155796,0.04479728700659051
7657,Gpaa1,0.9016462733859603,-1.3280009,0.044963807964065856
7658,Socs7,0.9016462733859603,-0.7147975,0.044963807964065856
7659,RP23-37J21.3,0.9014733887181113,-0.4296,0.0450470890230666
7660,Tdrd3,0.9011276334100198,-0.07447794,0.04521369230620148
7661,Dlat,0.900954762786007,-0.54609674,0.04529701453217817
7662,Slc13a5,0.9007818968595016,-0.03555884,0.045380350482322515
7663,Trpc6,0.9007818968595016,-0.0032544064,0.045380350482322515
7664,Slfn2,0.900609035638617,-0.55901253,0.045463700157555464
7665,Timm44,0.900609035638617,-0.7696531,0.045463700157555464
7666,Crbn,0.9002633273461597,-0.33297443,0.04563044068697075
7667,Rft1,0.8999176379735275,-0.38238207,0.04579723612778963
7668,Ccdc82,0.8999176379735275,-0.37430042,0.04579723612778963
7669,Gdap10,0.8999176379735275,-0.542792,0.04579723612778963
7670,Dip2a,0.8995719675856024,-0.63466775,0.045964086487375995
7671,Me1,0.8995719675856024,-0.50999534,0.045964086487375995
7672,Casp12,0.8993991395311777,-0.2892107,0.046047532264007686
7673,Kat2b,0.8992263162472555,-0.6020067,0.04613099177309188
7674,Atxn2l,0.8992263162472555,-0.48644468,0.04613099177309188
7675,Hsf1,0.8992263162472555,-0.65238774,0.04613099177309188
7676,Thap7,0.8992263162472555,-0.77909327,0.04613099177309188
7677,AC122462.1,0.898880684023347,-0.9293976,0.04629795199229746
7678,RP23-121M22.10,0.898880684023347,-1.0530605,0.04629795199229746
7679,Ercc2,0.898880684023347,-0.84159964,0.04629795199229746
7680,Msi1,0.898880684023347,-1.3101876,0.04629795199229746
7681,Ctu2,0.898880684023347,-0.82321084,0.04629795199229746
7682,RP23-451H9.2,0.8985350709787261,-0.9924251,0.0464649671523513
7683,Ttc39c,0.8985350709787261,-1.1071117,0.0464649671523513
7684,Mre11a,0.8985350709787261,-0.6124045,0.0464649671523513
7685,Nudt18,0.8985350709787261,-0.98993903,0.0464649671523513
7686,Scrn3,0.8985350709787261,-1.4802814,0.0464649671523513
7687,Hoxb8,0.8985350709787261,-1.0161803,0.0464649671523513
7688,RP23-471J16.2,0.8985350709787261,-0.9082301,0.0464649671523513
7689,Mpi,0.8981894771782315,-2.11644,0.04663203726060991
7690,RP23-78N8.3,0.8981894771782315,-1.2287096,0.04663203726060991
7691,Tmem39b,0.8981894771782315,-1.2657977,0.04663203726060991
7692,Lipe,0.8981894771782315,-2.3818908,0.04663203726060991
7693,RP23-262I17.3,0.8981894771782315,-1.343534,0.04663203726060991
7694,Rad51d,0.8981894771782315,-1.2738945,0.04663203726060991
7695,Fhl3,0.8981894771782315,-1.0650556,0.04663203726060991
7696,Pigo,0.8981894771782315,-2.3490465,0.04663203726060991
7697,Flywch1,0.8981894771782315,-1.1673145,0.04663203726060991
7698,Pigg,0.8981894771782315,-1.9444408,0.04663203726060991
7699,Abcb4,0.8981894771782315,-0.78473,0.04663203726060991
7700,Borcs5,0.8981894771782315,-1.5216758,0.04663203726060991
7701,Lrch1,0.8980166875147906,-0.18525122,0.04671559292261446
7702,Bmx,0.8978439026866906,-1.9582331,0.04679916232442818
7703,Supv3l1,0.8978439026866906,-1.8349587,0.04679916232442818
7704,Xlr4c,0.8978439026866906,-1.8308187,0.04679916232442818
7705,Cenpv,0.8978439026866906,-2.2300687,0.04679916232442818
7706,Pde6a,0.8978439026866906,-0.901669,0.04679916232442818
7707,Rasal3,0.8978439026866906,-2.184641,0.04679916232442818
7708,Calcrl,0.8978439026866906,-1.1799022,0.04679916232442818
7709,Trim39,0.8978439026866906,-1.4157525,0.04679916232442818
7710,Fam213a,0.8978439026866906,-1.1182642,0.04679916232442818
7711,Klhl2,0.8976711227020333,-0.6949082,0.04688274546697007
7712,Setd6,0.8974983475689198,-1.2569522,0.04696634235115913
7713,Elovl5,0.8974983475689198,-0.97061265,0.04696634235115913
7714,Med28,0.8974983475689198,-0.50009507,0.04696634235115913
7715,Fbxw11,0.8974983475689198,-0.9811234,0.04696634235115913
7716,RP24-456G16.4,0.8974983475689198,-1.7759681,0.04696634235115913
7717,Krt80,0.8974983475689198,-1.1823359,0.04696634235115913
7718,Znhit1,0.8973255772954505,-0.45641258,0.047049952977914124
7719,Gxylt1,0.8973255772954505,-0.53294593,0.047049952977914124
7720,Atp6v0a1,0.8973255772954505,-0.18137719,0.047049952977914124
7721,RP23-412L18.3,0.8971528118897248,-1.346,0.04713357734815389
7722,Emilin2,0.8969800513598418,-0.91493446,0.047217215462797064
7723,Wdr33,0.8969800513598418,-0.6249958,0.047217215462797064
7724,Zfp626,0.8968072957138998,-0.45667207,0.04730086732276206
7725,Kif18a,0.8959435910266951,-0.83747995,0.04771933283455486
7726,Pcmtd2,0.8957708648544235,-0.5338769,0.0478030671857334
7727,Fam216a,0.8955981436227611,-0.6140102,0.04788681528866023
7728,Alg8,0.8955981436227611,-0.9185443,0.04788681528866023
7729,Dhdh,0.8955981436227611,-0.56455076,0.04788681528866023
7730,Pycr2,0.8954254273398008,-0.48946413,0.047970577144252916
7731,Aldh1l2,0.8952527160136344,-1.0516813,0.04805435275342897
7732,Tmbim1,0.8950800096523533,-0.5711589,0.04813814211710573
7733,B3gnt8,0.894907308264048,-1.274487,0.04822194523620056
7734,Slc10a7,0.8947346118568082,-0.5694396,0.04830576211163054
7735,Tm7sf3,0.8947346118568082,-0.54090357,0.04830576211163054
7736,H2-Eb1,0.8943892340178815,-0.5396457,0.04847343713516414
7737,Eif2b1,0.8942165526023707,-1.137549,0.048557295285101505
7738,Coq9,0.8942165526023707,-1.5543817,0.048557295285101505
7739,Srsf4,0.8942165526023707,-0.74676263,0.048557295285101505
7740,Smpd4,0.8940438762002778,-0.384614,0.0486411671950415
7741,Ccdc71l,0.8940438762002778,-0.4823861,0.0486411671950415
7742,Tmem183a,0.8940438762002778,-0.7517553,0.0486411671950415
7743,Vps45,0.8940438762002778,-0.45714936,0.0486411671950415
7744,Ggta1,0.8935258771553665,-1.3456962,0.04889286549404294
7745,Cmtm3,0.8930079235222806,-0.5916841,0.04914468766605905
7746,Ccne1,0.8928352824404899,-1.9020033,0.04922865592167604
7747,Ints13,0.8926626464367874,-1.1262791,0.04931263794462538
7748,Pcyt1a,0.8926626464367874,-0.37487602,0.04931263794462538
7749,Rmi1,0.8926626464367874,-0.68473154,0.04931263794462538
7750,Rngtt,0.8926626464367874,-0.7730322,0.04931263794462538
7751,Klrb1f,0.8921447689750118,-1.4475337,0.04956466662662322
7752,Rabl6,0.891972153364461,-0.5553343,0.04964870372805735
7753,Zwint,0.8917995428723939,-0.19812196,0.04973275460140114
7754,Birc2,0.8917995428723939,-0.76828426,0.04973275460140114
7755,Fbxo34,0.8916269375068877,-0.7852797,0.04981681924756963
7756,Mgat4a,0.8916269375068877,-0.7968494,0.04981681924756963
7757,Ilf2,0.8909365674719839,-0.44530028,0.05015321557878951
7758,Msn,0.8907639878604101,-0.2286968,0.05023734910280463
7759,Agap1,0.8905914134238433,-0.4393511,0.05032149640513293
7760,Arid4a,0.8902462801080174,-0.5696742,0.05048983234838612
7761,mt-Co3,0.8900737212448996,-0.6053376,0.05057402099113945
7762,Gpkow,0.88955607593156,-1.1699772,0.05082666961487377
7763,Tbrg4,0.8892110052000245,-1.1798995,0.050995170952729464
7764,Phkb,0.8885209267729894,-0.6205107,0.051332339074204654
7765,Lcmt1,0.8883484203457793,-0.5344028,0.051416665577767855
7766,RP24-159O13.1,0.8878309328240634,-0.9866473,0.05166972783873032
7767,St3gal2,0.8876584475969983,-0.6845388,0.05175410951218433
7768,Zwilch,0.8871410238691513,-1.3455355,0.052007337304719875
7769,Ppwd1,0.8862787579839793,-0.5121661,0.052429659587582805
7770,Ptdss1,0.8862787579839793,-0.68597895,0.052429659587582805
7771,Slc38a9,0.8859338892659556,-0.7215849,0.052598685108692485
7772,Ccnh,0.8848994129871313,-1.054983,0.05310609299410701
7773,Rabggtb,0.884554631067241,-0.3462814,0.05327533942089785
7774,Arhgap45,0.8836927720478809,-0.6737302,0.053698697199077244
7775,Tbl1xr1,0.8835204167278459,-0.29657105,0.05378341019819997
7776,Klhl5,0.8833480669211866,-0.9205987,0.05386813701394125
7777,Rilpl2,0.8828310506618583,-0.8838209,0.05412240036997219
7778,Prelid1,0.8823140843123007,-0.47513258,0.05437678810830977
7779,Cd93,0.8819694679140617,-0.9464499,0.05454644904727068
7780,Chchd4,0.8817971680894852,-0.9996126,0.05463130025349837
7781,Tcf20,0.8817971680894852,-0.27187756,0.05463130025349837
7782,Card19,0.8814525852295818,-0.89414096,0.05480104414399132
7783,Numbl,0.8802467223502375,-0.65424925,0.05539558337547842
7784,Hoxc9,0.8802467223502375,-0.22262837,0.05539558337547842
7785,Hoxb9,0.8802467223502375,-0.6468205,0.05539558337547842
7786,Sash3,0.8800744788243984,-1.2779083,0.055480572879671515
7787,Mrto4,0.8799022409725828,-0.98911214,0.05556557621865407
7788,Pik3c3,0.8799022409725828,-0.4243659,0.05556557621865407
7789,Lrrc40,0.8799022409725828,-0.7628936,0.05556557621865407
7790,Nphp3,0.8799022409725828,-0.8661047,0.05556557621865407
7791,Apobec3,0.8795577823231171,-0.49076414,0.055735624404617226
7792,Ormdl1,0.8795577823231171,-0.98358935,0.055735624404617226
7793,Thbs2,0.8795577823231171,-0.7944156,0.055735624404617226
7794,Thumpd2,0.8795577823231171,-0.86327004,0.055735624404617226
7795,Stk3,0.8795577823231171,-0.107909635,0.055735624404617226
7796,Pik3r5,0.8792133464660227,-1.088574,0.05590572794062543
7797,A430046D13Rik,0.8792133464660227,-0.8140639,0.05590572794062543
7798,Nrde2,0.8792133464660227,-1.1373968,0.05590572794062543
7799,Rnaseh2b,0.879041137104668,-1.4586447,0.05599080046716399
7800,Sqstm1,0.879041137104668,-0.25581297,0.05599080046716399
7801,Aaed1,0.8788689334654688,-0.42920116,0.05607588683393456
7802,Pyroxd1,0.8788689334654688,-0.40460578,0.05607588683393456
7803,Vcpip1,0.8788689334654688,-0.56980675,0.05607588683393456
7804,Trim5,0.8788689334654688,-1.0953526,0.05607588683393456
7805,Prrg2,0.8788689334654688,-1.184536,0.05607588683393456
7806,RP24-155O13.4,0.8788689334654688,-1.021415,0.05607588683393456
7807,Zkscan17,0.8788689334654688,-1.4396104,0.05607588683393456
7808,Nabp1,0.8785245433856121,-1.8756014,0.056246101091798485
7809,Btbd2,0.8785245433856121,-2.4049296,0.056246101091798485
7810,Rpl38-ps2,0.8785245433856121,-1.117368,0.056246101091798485
7811,Pex26,0.8785245433856121,-1.4001781,0.056246101091798485
7812,Pdpr,0.8785245433856121,-0.72692645,0.056246101091798485
7813,Blm,0.878180176290596,-1.0216898,0.056416370721469496
7814,Pold2,0.878180176290596,-1.4567275,0.056416370721469496
7815,Vps33a,0.878180176290596,-0.2865575,0.056416370721469496
7816,Zfp952,0.878180176290596,-1.1728847,0.056416370721469496
7817,Sema3b,0.878180176290596,-0.3251839,0.056416370721469496
7818,Cep85,0.8778358322445506,-1.4466463,0.056586695730197985
7819,RP23-101F14.3,0.8778358322445506,-1.3647885,0.056586695730197985
7820,Cnnm4,0.8778358322445506,-1.8792436,0.056586695730197985
7821,Bcorl1,0.8778358322445506,-1.6544805,0.056586695730197985
7822,AC132303.1,0.8778358322445506,-2.0890002,0.056586695730197985
7823,Lime1,0.8778358322445506,-1.5675637,0.056586695730197985
7824,Oxsm,0.8778358322445506,-0.6613701,0.056586695730197985
7825,Ddit3,0.8778358322445506,-0.44612008,0.056586695730197985
7826,Fam212a,0.8774915113115935,-1.6184118,0.056757076125232515
7827,RP23-114L12.3,0.8774915113115935,-1.3941605,0.056757076125232515
7828,RP24-230J14.8,0.8774915113115935,-0.62025017,0.056757076125232515
7829,Xpo7,0.8774915113115935,-0.62594396,0.056757076125232515
7830,Dtwd1,0.8774915113115935,-0.75386685,0.056757076125232515
7831,Gins3,0.8774915113115935,-2.7136314,0.056757076125232515
7832,Tns1,0.8774915113115935,-0.63746595,0.056757076125232515
7833,Uqcc1,0.8771472135558287,-1.9968388,0.056927511913819936
7834,Gpn2,0.8771472135558287,-2.6050067,0.056927511913819936
7835,Rgs14,0.8771472135558287,-1.9440985,0.056927511913819936
7836,Ncapd3,0.8771472135558287,-0.75653166,0.056927511913819936
7837,Rbks,0.8771472135558287,-2.5942252,0.056927511913819936
7838,Lin28a,0.8771472135558287,-2.416261,0.056927511913819936
7839,Trim27,0.8768029390413472,-0.83544576,0.057098003103205244
7840,Ubxn2b,0.8768029390413472,-0.8863013,0.057098003103205244
7841,Lsm11,0.8768029390413472,-0.92957103,0.057098003103205244
7842,Plaa,0.8766308105196126,-0.5584447,0.05718326947546067
7843,Mief1,0.8764586878322269,-0.8198463,0.057268549700631624
7844,Cxx1a,0.8764586878322269,-1.1192641,0.057268549700631624
7845,Hdac3,0.8764586878322269,-0.099328,0.057268549700631624
7846,Agtrap,0.8764586878322269,-0.6187993,0.057268549700631624
7847,Pak4,0.8761144599925323,-1.0051569,0.05743915171334055
7848,D2Wsu81e,0.8757702555863149,-1.2398163,0.05760980914857155
7849,Plod3,0.8754260746776126,-0.71425873,0.05778052201356256
7850,Crcp,0.8754260746776126,-0.94670826,0.05778052201356256
7851,Sec22c,0.8754260746776126,-1.0197266,0.05778052201356256
7852,Tmem230,0.8754260746776126,-0.648509,0.05778052201356256
7853,Adss,0.8750819173304502,-0.27701327,0.05795129031554948
7854,Rbm45,0.8750819173304502,-0.7363924,0.05795129031554948
7855,Eif4g2,0.8747377836088388,0.2031365,0.05812211406176665
7856,Mex3b,0.8747377836088388,-1.2596867,0.05812211406176665
7857,Icam2,0.8747377836088388,-1.547501,0.05812211406176665
7858,Crybg3,0.8747377836088388,-0.93477553,0.05812211406176665
7859,Rev1,0.8747377836088388,-0.7324413,0.05812211406176665
7860,Mtmr12,0.8747377836088388,-0.39330265,0.05812211406176665
7861,Zcchc4,0.8747377836088388,-1.208375,0.05812211406176665
7862,Zfp65,0.8743936735767766,-1.4028478,0.058292993259446466
7863,Csf3r,0.8743936735767766,-1.2666465,0.058292993259446466
7864,Nrf1,0.874049587298248,-1.002422,0.0584639279158195
7865,Ptpro,0.874049587298248,-1.383067,0.0584639279158195
7866,Yod1,0.8737055248372241,-0.37577808,0.05863491803811464
7867,Brip1,0.8737055248372241,-1.5518384,0.05863491803811464
7868,Trabd,0.8735335025582636,-0.88329697,0.05872043390124153
7869,RP23-328G14.1,0.8733614862576622,-1.910117,0.05880596363355895
7870,Mns1,0.8733614862576622,-0.86710316,0.05880596363355895
7871,Cox6b2,0.8733614862576622,-1.4416642,0.05880596363355895
7872,Klhl23,0.8733614862576622,-1.8688805,0.05880596363355895
7873,Chka,0.8730174716235064,-0.8372409,0.05897706470937766
7874,Wdr41,0.8730174716235064,-0.6924963,0.05897706470937766
7875,Snip1,0.8723295144471209,-0.6357597,0.05931943333103029
7876,Mgrn1,0.8719855720327111,-0.9861155,0.059490700891305724
7877,Fcgr2b,0.8719855720327111,-0.9517543,0.059490700891305724
7878,Cep76,0.8719855720327111,-0.5536952,0.059490700891305724
7879,Nop56,0.8719855720327111,-0.70848626,0.059490700891305724
7880,Sf3b4,0.8718136098969058,-0.6127224,0.0595763554869639
7881,Cd34,0.871641653819347,-0.77563286,0.059662023960838584
7882,Syne3,0.871641653819347,-0.63503325,0.059662023960838584
7883,Dusp22,0.8709538902512449,-0.9351112,0.06000483665653987
7884,Pafah2,0.8702662242536549,-0.7598639,0.060347871475842786
7885,Lrrc47,0.8702662242536549,-0.6423047,0.060347871475842786
7886,Rps6ka5,0.8702662242536549,-0.679095,0.060347871475842786
7887,Kcnab2,0.8700943230594929,-0.7354065,0.06043366489424126
7888,Cwc22,0.8699224280033789,-1.3794969,0.060519472199870916
7889,Adrbk2,0.8690630450726372,-0.89799917,0.0609487170680133
7890,Micu1,0.8690630450726372,-0.77209705,0.0609487170680133
7891,Spns1,0.8688911870122638,-1.3015856,0.06103460771594426
7892,Fermt3,0.868203816789032,-0.6975935,0.06137830925201643
7893,Hira,0.868203816789032,-0.6062978,0.06137830925201643
7894,Fbxo11,0.868203816789032,-0.21994798,0.06137830925201643
7895,RP24-459O21.3,0.868203816789032,-0.6938705,0.06137830925201643
7896,Ufm1,0.8678601689999212,-0.630457,0.061550243399259866
7897,Apex1,0.8678601689999212,-0.8845556,0.061550243399259866
7898,Cdkn2d,0.8676883544638729,-1.1518465,0.06163623132083222
7899,Trak2,0.8676883544638729,-0.8146056,0.06163623132083222
7900,Fnip1,0.8664858281468687,-0.6222355,0.06223853601751395
7901,Nsun2,0.8661423058278878,-0.653909,0.06241074821535776
7902,Slc16a1,0.8657988087939436,-0.81195456,0.06258301604489151
7903,Champ1,0.8654553371086731,-0.76197493,0.06275533951330096
7904,Klhdc2,0.865111890835699,-0.45855573,0.06292771862777002
7905,Akap8,0.8644250747810577,-0.8806559,0.06327264382361414
7906,Spg21,0.8644250747810577,-0.32122365,0.06327264382361414
7907,Mettl14,0.8640817051265636,-0.9333931,0.06344518991934814
7908,Cep192,0.8635666987896365,-1.0154306,0.06370411345539943
7909,Cyr61,0.8633950428810522,-0.3105398,0.063790449142324
7910,H2afy2,0.8628801138776541,0.025553947,0.0640495397403724
7911,RP24-315N18.1,0.8627084838104384,-0.7855559,0.06413593112180144
7912,RP23-95L9.5,0.8616788397688765,-0.13174188,0.0646545718849344
7913,Acpp,0.8613356772261074,-0.91900206,0.0648275635796892
7914,Lat2,0.8613356772261074,-0.91617817,0.0648275635796892
7915,Tom1,0.8613356772261074,-0.43728346,0.0648275635796892
7916,Traf6,0.8611641057662456,-0.43427444,0.06491408032616687
7917,Atp6v1c1,0.8609925408579722,-0.8991949,0.0650006110065715
7918,Desi1,0.8609925408579722,-0.58992076,0.0650006110065715
7919,Arhgef10l,0.8606494307279033,-0.58199376,0.065173714172742
7920,Cers2,0.8606494307279033,-0.60979396,0.065173714172742
7921,Slc28a2,0.8606494307279033,-1.0080876,0.065173714172742
7922,Stard7,0.8603063468993188,-0.66953367,0.06534687308535952
7923,Mcat,0.8603063468993188,-0.59669966,0.06534687308535952
7924,Gramd4,0.8603063468993188,-0.71715313,0.06534687308535952
7925,Klhl18,0.8599632894356215,-0.8630626,0.06552008775158116
7926,Fam177a,0.8599632894356215,-0.6928941,0.06552008775158116
7927,Rnaseh1,0.8599632894356215,-0.663489,0.06552008775158116
7928,Hist2h2ac,0.8596202584001992,-0.51763296,0.06569335817856228
7929,Dnmbp,0.8596202584001992,-1.0274377,0.06569335817856228
7930,Golph3l,0.8594487528128958,-0.5308458,0.06578001430457318
7931,Tanc2,0.859277253856425,-1.2941647,0.06586668437345634
7932,Cc2d1b,0.859277253856425,-0.6922392,0.06586668437345634
7933,RP23-386E10.7,0.8589342758676568,-1.4202372,0.06604006634341503
7934,Rdh10,0.8589342758676568,-1.0618111,0.06604006634341503
7935,Mgst3,0.8589342758676568,-1.0806803,0.06604006634341503
7936,Slc35e3,0.8589342758676568,-1.5192224,0.06604006634341503
7937,Lrrc57,0.8589342758676568,-1.2969973,0.06604006634341503
7938,Rars,0.8589342758676568,-0.59164834,0.06604006634341503
7939,Zfp212,0.8587627968511953,-0.51095945,0.06612677824627805
7940,B3gnt5,0.8585913244972377,-1.4189082,0.06621350409558828
7941,Fam118b,0.8585913244972377,-1.777569,0.06621350409558828
7942,Polr1b,0.8585913244972377,-1.1971993,0.06621350409558828
7943,Rtca,0.8585913244972377,-1.2317519,0.06621350409558828
7944,RP23-471B6.6,0.8585913244972377,-1.3373549,0.06621350409558828
7945,Trim37,0.8585913244972377,-1.1080678,0.06621350409558828
7946,Strip1,0.8584198588136995,-0.67331743,0.0663002438922393
7947,RP23-434H14.7,0.8582483998084955,-1.7720476,0.06638699763712429
7948,Mrps22,0.8582483998084955,-1.8290664,0.06638699763712429
7949,Manba,0.8582483998084955,-1.8195106,0.06638699763712429
7950,Depdc5,0.8582483998084955,-2.0406094,0.06638699763712429
7951,Lrrc8c,0.8582483998084955,-1.4363239,0.06638699763712429
7952,Nudt9,0.8580769474895391,-0.68778634,0.06647376533113661
7953,Bag1,0.8580769474895391,-0.5120695,0.06647376533113661
7954,Nras,0.8580769474895391,-0.53094286,0.06647376533113661
7955,Nup85,0.857905501864743,-0.8857126,0.06656054697516935
7956,Fbxw4,0.857905501864743,-1.4988527,0.06656054697516935
7957,Slc20a2,0.857905501864743,-2.6553245,0.06656054697516935
7958,N4bp2l1,0.857905501864743,-1.900294,0.06656054697516935
7959,Gtpbp2,0.857905501864743,-0.31768194,0.06656054697516935
7960,C1qc,0.857905501864743,-1.5529925,0.06656054697516935
7961,Alox5,0.857905501864743,-1.3393925,0.06656054697516935
7962,Tlr2,0.857905501864743,-2.1831849,0.06656054697516935
7963,Faim,0.857734062942019,-0.8573609,0.06664734257011551
7964,Papd4,0.8575626307292779,-0.6526174,0.06673415211686802
7965,Wdr83,0.8575626307292779,-2.1167493,0.06673415211686802
7966,Lrp8,0.8575626307292779,-2.2713842,0.06673415211686802
7967,Cog7,0.8575626307292779,-0.8831635,0.06673415211686802
7968,Depdc1b,0.8575626307292779,-2.5578835,0.06673415211686802
7969,Fbxo7,0.8575626307292779,-2.4085815,0.06673415211686802
7970,Zfp110,0.8573912052344295,-0.85772026,0.06682097561631963
7971,Tusc3,0.8573912052344295,-0.8758097,0.06682097561631963
7972,Hspa1a,0.8572197864653825,-1.6521134,0.06690781306936307
7973,Pilrb2,0.8572197864653825,-2.3557274,0.06690781306936307
7974,Mfhas1,0.8570483744300453,-0.9215031,0.06699466447689079
7975,Mmp9,0.8568769691363245,-0.39567724,0.06708152983979537
7976,Tnk2,0.8567055705921262,-1.0774628,0.06716840915896916
7977,Abca7,0.8567055705921262,-0.53324527,0.06716840915896916
7978,Tmem126b,0.8567055705921262,-0.911293,0.06716840915896916
7979,Slc25a30,0.8565341788053555,-0.43719015,0.06725530243530423
7980,Ppm1d,0.8563627937839164,-1.4798559,0.06734220966969294
7981,Zfp944,0.8563627937839164,-1.0185236,0.06734220966969294
7982,Itgb3bp,0.8556773215095264,-1.4229138,0.06768997820562103
7983,Foxred1,0.8556773215095264,-1.2612351,0.06768997820562103
7984,Timm29,0.855163288726876,-0.6420473,0.06795095121082603
7985,Kdm3a,0.8546493174009906,-1.5497472,0.06821204990270822
7986,Vps52,0.8546493174009906,-1.1300772,0.06821204990270822
7987,Klhl21,0.8546493174009906,-1.0672357,0.06821204990270822
7988,Odf2,0.8544780073195977,-0.96628875,0.06829911073453321
7989,Pwp1,0.8537928356739982,-0.8011256,0.06864749375824135
7990,Dgkg,0.8536215599720423,-1.3566698,0.06873462444272282
7991,Naa40,0.8531077742950461,-0.87713975,0.06899610033894216
7992,Cnnm3,0.8531077742950461,-0.7814354,0.06899610033894216
7993,Tst,0.852936526238624,-1.9020243,0.06908328692157344
7994,Neurl3,0.852936526238624,-1.7449874,0.06908328692157344
7995,Slc25a20,0.8527652851132972,-0.7566309,0.06917048748096694
7996,Hsd11b1,0.8524228236874603,-0.9251256,0.06934493053359878
7997,mt-Nd6,0.8524228236874603,-0.67303157,0.06934493053359878
7998,Smc5,0.8522516034027126,-0.44067377,0.0694321730286162
7999,RP23-222G22.7,0.8520803900805857,-0.74128866,0.06951942950395373
8000,Agtpbp1,0.8520803900805857,-0.66780907,0.06951942950395373
8001,Cry1,0.8517379843557087,-0.7586318,0.06969398439914583
8002,Gtf2h1,0.8512244281849888,-0.6757415,0.0699559216165614
8003,Irak3,0.8503686415363225,-1.171285,0.07039276337050607
8004,Kansl2,0.8501975053228126,-0.8579878,0.07048017368802809
8005,Ss18,0.8500263761664045,-0.5322486,0.07056759799653345
8006,Pccb,0.8500263761664045,-1.2173082,0.07056759799653345
8007,Cpox,0.8500263761664045,-0.8379748,0.07056759799653345
8008,Ccng2,0.8496841390563614,-0.8075015,0.07074248859004532
8009,Anln,0.8496841390563614,-1.1863499,0.07074248859004532
8010,Ube3b,0.8495130311184574,-0.64356357,0.07082995487682718
8011,Gprc5c,0.8493419302691173,-0.008379805,0.07091743515814318
8012,Kpnb1,0.8493419302691173,-0.53358984,0.07091743515814318
8013,Rc3h2,0.8489997498675799,-0.37715054,0.07109243770792696
8014,Aspm,0.8489997498675799,-0.9981897,0.07109243770792696
8015,Ythdc2,0.848657597914641,-1.0060709,0.07126749624649466
8016,Chpt1,0.848657597914641,-0.15418777,0.07126749624649466
8017,Haus4,0.848657597914641,-1.5974796,0.07126749624649466
8018,Smn1,0.8483154744731765,-1.0208412,0.07144261078094254
8019,Bid,0.8483154744731765,-1.0150309,0.07144261078094254
8020,Mnt,0.8481444234638913,-0.572253,0.07153018904883864
8021,Plbd1,0.8476313133760925,-1.3351113,0.07179300786585499
8022,Slc4a2,0.8476313133760925,-0.572852,0.07179300786585499
8023,Smad2,0.8471182678633006,-0.73544997,0.07205595272147698
8024,Hspa1b,0.8466052871374892,-1.4699801,0.07231902363962882
8025,Mlx,0.8466052871374892,-0.552437,0.07231902363962882
8026,Ckap2,0.8462633360843562,-1.7001696,0.07249447429827922
8027,Prpf38b,0.8455795208942904,-0.3708741,0.07284554375917393
8028,Fbrs,0.8452376568828329,-0.53847516,0.07302116257558039
8029,Ddx39,0.8448958220107152,-1.3248851,0.07319683745873139
8030,Dnajc7,0.8443831244759451,-0.5008362,0.07346045492408347
8031,Prr14l,0.8438704928572844,-0.74961764,0.07372419857940873
8032,Nhsl2,0.8433579273661809,-0.96304154,0.0739880684485742
8033,Dtl,0.8426746099417728,-0.92004406,0.07434009131466972
8034,Kif4,0.8423329956120154,-1.0673304,0.07451618692384845
8035,Dlst,0.8414790897382883,-0.74834514,0.07495667151716148
8036,Rtcb,0.8414790897382883,-0.750004,0.07495667151716148
8037,Fbf1,0.8411375795332385,-0.5289921,0.07513296360116607
8038,Slc35c1,0.8409668356357834,-1.2668394,0.07522113069955708
8039,RP23-242O9.1,0.8406253702900752,-0.4741322,0.0753975070135266
8040,Myadm,0.8404546488574443,-0.8154866,0.0754857162308686
8041,Srr,0.8404546488574443,-0.73617846,0.0754857162308686
8042,Pms2,0.8404546488574443,-0.9390151,0.0754857162308686
8043,Ptbp1,0.8402839349287083,-0.15893337,0.07557393948962425
8044,Dus3l,0.8401132285116757,-0.8437009,0.07566217679067516
8045,Cnp,0.8401132285116757,-0.9002156,0.07566217679067516
8046,Prkce,0.8401132285116757,-1.1038632,0.07566217679067516
8047,Gk5,0.8401132285116757,-0.8201058,0.07566217679067516
8048,Thap6,0.8401132285116757,-1.0061027,0.07566217679067516
8049,Lrrfip1,0.8397718382439484,-0.6207484,0.0758386935231881
8050,Jund,0.8397718382439484,-0.3571103,0.0758386935231881
8051,Tmtc4,0.8397718382439484,-0.9800047,0.0758386935231881
8052,Naa30,0.8397718382439484,-1.1678367,0.0758386935231881
8053,Zfp961,0.8397718382439484,-1.1306776,0.0758386935231881
8054,Polb,0.8397718382439484,-0.6319848,0.0758386935231881
8055,Ino80d,0.8397718382439484,-0.34489813,0.0758386935231881
8056,Entpd6,0.8397718382439484,-1.258713,0.0758386935231881
8057,Wrnip1,0.8397718382439484,-0.374841,0.0758386935231881
8058,Bpgm,0.8394304781167081,-1.0744171,0.07601526643545724
8059,Tiam2,0.8394304781167081,-1.494242,0.07601526643545724
8060,Nup35,0.8394304781167081,-1.0993767,0.07601526643545724
8061,Rnf8,0.8390891481923834,-1.3303207,0.0761918955345306
8062,RP24-180B11.5,0.8390891481923834,-1.4339777,0.0761918955345306
8063,Tgds,0.8390891481923834,-1.3071553,0.0761918955345306
8064,Nprl3,0.8390891481923834,-1.3658936,0.0761918955345306
8065,Gabpa,0.8387478485333859,-0.7379006,0.07636858082745449
8066,Lrrc20,0.8387478485333859,-1.2211097,0.07636858082745449
8067,Ccar2,0.8387478485333859,-2.039401,0.07636858082745449
8068,Ints4,0.8387478485333859,-1.4431995,0.07636858082745449
8069,Slc7a5,0.8387478485333859,-2.0413826,0.07636858082745449
8070,Nat10,0.83840657920211,-1.9897691,0.07654532232127338
8071,RP23-7E4.4,0.83840657920211,-1.5027702,0.07654532232127338
8072,Clcn7,0.83840657920211,-2.7651825,0.07654532232127338
8073,Clec5a,0.83840657920211,-1.2253181,0.07654532232127338
8074,C1rl,0.838065340260933,-1.9144356,0.07672212002303005
8075,Tradd,0.838065340260933,-2.8750381,0.07672212002303005
8076,Trak1,0.838065340260933,-0.9621702,0.07672212002303005
8077,Slc17a9,0.838065340260933,-2.3158267,0.07672212002303005
8078,Stat5a,0.838065340260933,-1.7224971,0.07672212002303005
8079,Fbln2,0.838065340260933,-1.763262,0.07672212002303005
8080,Tppp3,0.838065340260933,-1.437185,0.07672212002303005
8081,RP24-321N12.1,0.838065340260933,-2.31476,0.07672212002303005
8082,Rnase6,0.838065340260933,-0.7297559,0.07672212002303005
8083,Dnph1,0.838065340260933,-1.9106745,0.07672212002303005
8084,Gsg2,0.838065340260933,-1.6373707,0.07672212002303005
8085,Chd1l,0.8377241317722153,-2.932085,0.0768989739397654
8086,Glce,0.8377241317722153,-2.3565762,0.0768989739397654
8087,Slco4a1,0.8377241317722153,-2.2224555,0.0768989739397654
8088,Xk,0.8377241317722153,-2.5762415,0.0768989739397654
8089,Anapc10,0.8377241317722153,-2.3398094,0.0768989739397654
8090,Wdr5,0.8377241317722153,-0.58886963,0.0768989739397654
8091,Cenpm,0.8377241317722153,-2.3968031,0.0768989739397654
8092,Abt1,0.8373829537982997,-0.78373337,0.07707588407851856
8093,Fmo5,0.8373829537982997,-2.5815253,0.07707588407851856
8094,Prep,0.8370418064015123,-0.84726924,0.07725285044632693
8095,Nfyc,0.8370418064015123,-0.9639426,0.07725285044632693
8096,Dhx38,0.8370418064015123,-0.8519167,0.07725285044632693
8097,Itga6,0.8367006896441613,-1.049089,0.07742987305022614
8098,Ubash3b,0.8367006896441613,-0.83762455,0.07742987305022614
8099,Hcfc1,0.8367006896441613,-0.65025383,0.07742987305022614
8100,Tmem106c,0.8363596035885383,-1.1985613,0.07760695189724993
8101,Cnot11,0.8363596035885383,-1.1122932,0.07760695189724993
8102,Fam102a,0.8363596035885383,-0.7783036,0.07760695189724993
8103,Spire1,0.8363596035885383,-1.0024126,0.07760695189724993
8104,Rassf4,0.8356775238315547,-0.94828945,0.07796127834879764
8105,Cdk5r1,0.8356775238315547,-0.728978,0.07796127834879764
8106,Zfp524,0.83533653025469,-1.1953886,0.0781385259673802
8107,Ncaph,0.83533653025469,-1.154846,0.0781385259673802
8108,Glrx,0.83533653025469,-0.94306153,0.0781385259673802
8109,Eif4b,0.8351660450688893,-0.38599938,0.0782271708779482
8110,Ttf2,0.8349955676285448,-1.4023376,0.07831582985720488
8111,Cdc34,0.8349955676285448,-0.9162494,0.07831582985720488
8112,Hibadh,0.8348250979414317,-0.74920875,0.07840450290602827
8113,Pfkfb4,0.8346546360153237,-1.5587965,0.07849319002529635
8114,Zfp445,0.8346546360153237,-0.420141,0.07849319002529635
8115,Wbp11,0.8343137354772134,-0.54537827,0.07867060647867793
8116,Pnpla2,0.8343137354772134,-1.3722792,0.07867060647867793
8117,Msantd4,0.8336320278749854,-0.77615595,0.07902560826939482
8118,Supt5,0.8336320278749854,-0.79397947,0.07902560826939482
8119,Pet100,0.8332912209351537,-0.4123237,0.0792031936207674
8120,Phf20l1,0.8331208292077374,-0.39829275,0.079292007413527
8121,Ass1,0.832950445319005,-2.324625,0.07938083528550471
8122,Brpf1,0.832950445319005,-0.7405393,0.07938083528550471
8123,Ada,0.8326097010886382,-1.6980618,0.07955853327062089
8124,Melk,0.8326097010886382,-2.4897575,0.07955853327062089
8125,Snhg6,0.8322689883061345,-0.60350126,0.07973628758312847
8126,Abcc5,0.8319283070335575,-0.6861453,0.07991409823003806
8127,Fnbp4,0.8314173443415249,-0.5230819,0.0801809198427376
8128,Ccdc77,0.831247039266349,-1.1512849,0.08026988855509697
8129,Cpsf2,0.8309064528957557,-0.44820058,0.08044786824725869
8130,Idh2,0.8309064528957557,-0.61534476,0.08044786824725869
8131,Sp100,0.8307361716158363,-0.747853,0.08053687922881199
8132,Hist1h4i,0.8302253754905524,-0.88637704,0.08080399672586447
8133,Cramp1l,0.8298848845798733,-0.5205457,0.08098214552631026
8134,Rap2c,0.8288636037587349,-0.61318713,0.08151693025619222
8135,Ndc80,0.8285232409949967,-1.4647857,0.08169530463231654
8136,Pum2,0.8285232409949967,-0.3008843,0.08169530463231654
8137,Adap1,0.8285232409949967,-1.1318036,0.08169530463231654
8138,Cdc20,0.828182910422705,-1.0178926,0.08187373541984264
8139,Mtfr1,0.8278426121037077,-1.2383254,0.08205222262575988
8140,Smg7,0.8269920078200932,-1.0835944,0.08249868751686543
8141,Arhgap26,0.826821911284693,-1.2366219,0.08258802282372467
8142,Pgs1,0.8258015029701182,-0.94626284,0.083124331038654
8143,Snx7,0.8256314634726889,0.089545816,0.0832137651449129
8144,Prmt1,0.8252914090229746,-0.6823187,0.08339267571136826
8145,Etfb,0.8251213940861128,-0.50234586,0.0834821521733083
8146,Khdrbs1,0.8247813888269294,-0.3427037,0.08366114745897116
8147,Zbed4,0.8247813888269294,-1.2074443,0.08366114745897116
8148,Dut,0.8247813888269294,-0.45574367,0.08366114745897116
8149,Map2k7,0.8247813888269294,-0.78429145,0.08366114745897116
8150,Phf23,0.8244414164385183,-0.47839257,0.08384019923282052
8151,Commd8,0.8241014769825264,-0.7591706,0.084019307501826
8152,Setd3,0.8241014769825264,-0.33768883,0.084019307501826
8153,Pom121,0.8237615705205816,-0.42227566,0.08419847227295572
8154,Daglb,0.8237615705205816,-1.32151,0.08419847227295572
8155,Lrmp,0.8235916296816306,-1.2654752,0.0842880758489942
8156,S100a4,0.8230818568252529,-0.40721783,0.08455697134945081
8157,Nelfe,0.8230818568252529,-1.2672957,0.08455697134945081
8158,Hexa,0.8230818568252529,-0.4727128,0.08455697134945081
8159,Map3k1,0.8227420497150322,-1.0317509,0.08473630566874328
8160,C2cd5,0.8227420497150322,-0.8758024,0.08473630566874328
8161,Zfp354c,0.8225721586212156,-0.44829032,0.08482599402669637
8162,Tlk1,0.8220625352772462,-0.54771876,0.08509514390422239
8163,Mpc1,0.8218926775007169,-0.5873103,0.08518488880085233
8164,Aldh4a1,0.8217228280727319,-0.96175677,0.08527464783432549
8165,Pdhb,0.8217228280727319,-0.6523066,0.08527464783432549
8166,Tfam,0.8217228280727319,-0.24973162,0.08527464783432549
8167,Fpgs,0.8213831542931396,-0.9235225,0.08545420831527901
8168,RP24-547D11.2,0.8213831542931396,-1.1712128,0.08545420831527901
8169,C1qb,0.8210435139999479,-1.2323184,0.08563382535403667
8170,Dars,0.8208737064299593,-0.71337926,0.08572365508476461
8171,Cpsf1,0.8207039072546167,-1.1310943,0.08581349895755046
8172,Btrc,0.8203643341185869,-1.1023122,0.08599322913277063
8173,Wdr44,0.820194560173255,-0.6904299,0.08608311543694214
8174,Fam199x,0.8200247946532804,-0.96631277,0.08617301588664568
8175,Atp7a,0.8200247946532804,-1.225656,0.08617301588664568
8176,Rhbdd3,0.8200247946532804,-1.1824719,0.08617301588664568
8177,Zfp219,0.8200247946532804,-1.2685152,0.08617301588664568
8178,Usb1,0.8200247946532804,-1.4432359,0.08617301588664568
8179,Rbm17,0.8200247946532804,-0.5401061,0.08617301588664568
8180,B3glct,0.8198550375663376,-0.6800716,0.08626293048274969
8181,Csrnp3,0.8196852889201003,-1.7299114,0.0863528592261223
8182,Gpatch1,0.8193458169804309,-1.7315226,0.08653275915814533
8183,Pskh1,0.8190063788956372,-2.5180748,0.08671271568965792
8184,Zmym3,0.8190063788956372,-1.6625254,0.08671271568965792
8185,Hhex,0.8190063788956372,-1.4993826,0.08671271568965792
8186,Metap1d,0.8190063788956372,-1.4467611,0.08671271568965792
8187,Chek1,0.8186669747270654,-1.9936154,0.08689272882760148
8188,Haus6,0.8186669747270654,-1.2641202,0.08689272882760148
8189,Csf2rb,0.8186669747270654,-0.9596515,0.08689272882760148
8190,Eml2,0.8186669747270654,-1.7542915,0.08689272882760148
8191,Mlst8,0.8183276045360426,-2.6592584,0.08707279857891549
8192,Sart3,0.8183276045360426,-1.0392456,0.08707279857891549
8193,Tfap4,0.8183276045360426,-2.306652,0.08707279857891549
8194,Eepd1,0.8183276045360426,-2.3657825,0.08707279857891549
8195,Tnfrsf26,0.8183276045360426,-2.4037123,0.08707279857891549
8196,Yipf2,0.8181579322012714,-0.7688568,0.08716285468675462
8197,Msmo1,0.8181579322012714,-1.1136142,0.08716285468675462
8198,Tubgcp5,0.8179882683838764,-0.41800788,0.08725292495053798
8199,Usp42,0.817648966331856,-2.9059558,0.08743310794940475
8200,Ska3,0.817648966331856,-2.4134169,0.08743310794940475
8201,Rab38,0.817648966331856,-1.6960343,0.08743310794940475
8202,Incenp,0.817648966331856,-0.4985414,0.08743310794940475
8203,Mnd1,0.817648966331856,-2.490147,0.08743310794940475
8204,Gcc1,0.817479328112548,-1.0316503,0.08752322068622181
8205,Ccdc88c,0.8173096984412509,-0.80734265,0.08761334758245021
8206,Slc1a5,0.8169704647733116,-0.8139005,0.0877936438566068
8207,Ccnb2,0.816800860791977,-1.1728214,0.08788381323626775
8208,Armc5,0.8162921003503357,-0.7654448,0.08815440635597462
8209,Wipf1,0.8159529697177039,-0.63537467,0.08833487259504191
8210,Snrpa1,0.8152748119160191,-0.9121355,0.08869597508657034
8211,Chm,0.8152748119160191,-0.6418193,0.08869597508657034
8212,Poglut1,0.8152748119160191,-0.75685817,0.08869597508657034
8213,Sart1,0.8149357848692546,-0.7601292,0.08887661135287706
8214,AC101915.2,0.8144273092885985,-2.0371685,0.08914767204747841
8215,RP24-398O5.2,0.8144273092885985,-1.7351173,0.08914767204747841
8216,Ccdc34,0.814088368983579,-0.5024263,0.08932845005072886
8217,Surf6,0.814088368983579,-2.131795,0.08932845005072886
8218,Mrps35,0.8137494634821407,-2.2756803,0.08950928476086074
8219,Gypc,0.8135800238018425,-0.89577514,0.08959972338316793
8220,Casp8ap2,0.8134105928453306,-0.5040612,0.08969017618478806
8221,Mphosph9,0.8134105928453306,-1.6961612,0.08969017618478806
8222,Kifc1,0.8134105928453306,-2.6508255,0.08969017618478806
8223,Psmd2,0.8132411706202329,-0.43585786,0.08978064316658504
8224,Cacul1,0.8132411706202329,-0.9239459,0.08978064316658504
8225,Herc4,0.8129023523947851,-1.107036,0.08996161967416506
8226,Vps26b,0.8129023523947851,-0.91643983,0.08996161967416506
8227,Sp4,0.8129023523947851,-1.0580622,0.08996161967416506
8228,Mob4,0.8118861080652935,-0.67062,0.09050488961096803
8229,Pptc7,0.8115474302742752,-0.47414535,0.0906860930842764
8230,Mrpl2,0.8112087877442111,-0.78740114,0.09086735331627736
8231,Hmbox1,0.8103623360853291,-0.5659301,0.09132075226084008
8232,Mthfd1,0.8095161061389862,-1.4052933,0.09177450609812861
8233,Psmd5,0.8088392824535214,-1.0541296,0.09213776476310166
8234,Nceh1,0.8085009242017965,-1.5736421,0.09231947931291587
8235,Brca1,0.808162601758403,-1.1522362,0.09250125068346436
8236,Fam53b,0.8078243151840605,-1.4465784,0.09268307888163188
8237,Rxrb,0.8076551853667528,-0.92323786,0.09277401429322372
8238,Dkc1,0.8074860645394687,-0.48841947,0.09286496391430128
8239,Ncf4,0.8074860645394687,-0.79819494,0.09286496391430128
8240,Sdcbp,0.8073169527097924,-0.42201108,0.0929559277457246
8241,Ammecr1l,0.8073169527097924,-0.94219744,0.0929559277457246
8242,Pan3,0.8068096712822344,-0.81257164,0.09322890451066873
8243,Chmp5,0.8066405955188072,-0.9836299,0.09331992519207388
8244,Arhgap4,0.8064715287908902,-1.5782849,0.0934109600881237
8245,Por,0.8063024711060605,-0.45083234,0.09350200919967748
8246,Usp1,0.8061334224718931,-0.4910921,0.09359307252759463
8247,Mycbp,0.8059643828959626,-1.1114486,0.09368415007273427
8248,Mxi1,0.8057953523858417,-0.5783837,0.09377524183595556
8249,Plekho1,0.8056263309491019,-0.9939913,0.09386634781811752
8250,Col15a1,0.8054573185933138,-0.22415055,0.09395746802007889
8251,Ccl6,0.8047813601310405,-0.77373374,0.0943220910430929
8252,Pold3,0.8047813601310405,-0.7729573,0.0943220910430929
8253,Kmt2b,0.8042744870050862,-0.69376856,0.09459570766031633
8254,Wipf2,0.8039366172825241,-0.59528345,0.09477818987036768
8255,Csnk1a1,0.8039366172825241,-0.14816843,0.09477818987036768
8256,Rfwd2,0.8037676961523419,-0.7191419,0.09486945231753773
8257,Sub1,0.8029232281146342,-0.1753446,0.09532597800913425
8258,Stxbp5,0.8029232281146342,-0.75381464,0.09532597800913425
8259,Tdrp,0.8027543620826005,-0.68632144,0.09541732584460413
8260,Abhd2,0.8027543620826005,-0.8188671,0.09541732584460413
8261,Brms1l,0.8027543620826005,-0.6651451,0.09541732584460413
8262,Synj1,0.8025855052600191,-0.48619583,0.0955086879144575
8263,Asf1a,0.8025855052600191,-1.2490587,0.0955086879144575
8264,Wrn,0.8020789901244555,-0.6935884,0.09578285953888661
8265,Ptbp2,0.8014037660004254,-0.5753077,0.09614862103813228
8266,Kansl1l,0.8014037660004254,-0.5728109,0.09614862103813228
8267,Add3,0.8010662095270202,-0.4926089,0.09633158723174305
8268,Zfp692,0.8010662095270202,-1.2039863,0.09633158723174305
8269,Wdr20,0.8010662095270202,-0.6412236,0.09633158723174305
8270,Atp2b4,0.8007286901930826,-0.44965762,0.0965146103971431
8271,Pycr1,0.8007286901930826,-2.0144427,0.0965146103971431
8272,Stx6,0.8003912080588819,-2.0249493,0.09669769054117835
8273,Ndufaf2,0.8003912080588819,-0.7807446,0.09669769054117835
8274,Psmd9,0.8003912080588819,-1.3656932,0.09669769054117835
8275,G0s2,0.8000537631846669,-1.3444896,0.09688082767069288
8276,Rfx5,0.8000537631846669,-1.5703638,0.09688082767069288
8277,Rars2,0.8000537631846669,-1.5942435,0.09688082767069288
8278,AC161342.2,0.7997163556306658,-2.4761426,0.09706402179252888
8279,Sertad3,0.7997163556306658,-1.7083579,0.09706402179252888
8280,Nr4a2,0.7993789854570855,-2.3204794,0.0972472729135269
8281,Arl11,0.7993789854570855,-2.197615,0.0972472729135269
8282,Chmp6,0.799041652724112,-2.1123817,0.09743058104052586
8283,Ezh2,0.7988730004166552,-0.68025774,0.0975222564834123
8284,Gpsm2,0.7987043574919106,-0.9106004,0.0976139461803626
8285,RP24-387G4.1,0.7987043574919106,-2.6639156,0.0976139461803626
8286,Gfod1,0.7987043574919106,-1.914224,0.0976139461803626
8287,Trim23,0.7983670998206253,-0.8942427,0.09779736833987254
8288,Lrrc8b,0.7980298797703793,-1.0773026,0.09798084752588902
8289,Ulbp1,0.7976926974012748,-1.208118,0.09816438374524382
8290,Bcl2l11,0.7976926974012748,-0.45777366,0.09816438374524382
8291,Dscr3,0.7973555527733927,-1.3777016,0.09834797700476691
8292,Fubp3,0.7973555527733927,-0.36867714,0.09834797700476691
8293,Slf1,0.7970184459467928,-1.2224617,0.09853162731128645
8294,Fbxo42,0.7966813769815139,-1.2784342,0.09871533467162898
8295,Nup153,0.7966813769815139,-0.6961023,0.09871533467162898
8296,RP23-392C14.2,0.7963443459375736,-1.2099342,0.09889909909261897
8297,Fancg,0.7963443459375736,-1.21538,0.09889909909261897
8298,Rnf145,0.7963443459375736,-1.6411061,0.09889909909261897
8299,Prkaa1,0.7960073528749682,-1.4247121,0.09908292058107955
8300,Slc31a2,0.7960073528749682,-1.066672,0.09908292058107955
8301,Ptgs1,0.7958388706054091,-1.1062126,0.09917485272774289
8302,Sgpp1,0.7956703978536728,-0.592651,0.09926679914383169
8303,Prpsap2,0.7956703978536728,-1.504494,0.09926679914383169
8304,Bcl2l13,0.795333480933641,-1.4368505,0.09945073478769495
8305,Wdr77,0.795333480933641,-0.82910293,0.09945073478769495
8306,RP23-315I4.2,0.795333480933641,-1.1586235,0.09945073478769495
8307,Rnf38,0.7951650367803289,-0.821576,0.0995427240171737
8308,Rapgef2,0.7949966021748056,-0.8540211,0.0996347275194868
8309,Wdr46,0.7949966021748056,-1.7356226,0.0996347275194868
8310,Pitrm1,0.7943229593803469,-0.81140476,0.10000288427411812
8311,Ino80c,0.7943229593803469,-1.9741904,0.10000288427411812
8312,Scly,0.7943229593803469,-1.920543,0.10000288427411812
8313,Pde12,0.7943229593803469,-2.0634108,0.10000288427411812
8314,Capza2,0.7939861954644817,-0.27583665,0.1001870483105841
8315,Rpl3-ps1,0.7939861954644817,-1.8461001,0.1001870483105841
8316,Mid1ip1,0.7939861954644817,-0.7907555,0.1001870483105841
8317,Sgol1,0.7936494699493288,-1.1509781,0.10037126946223168
8318,Fam117a,0.7936494699493288,-1.2118278,0.10037126946223168
8319,Ube2g1,0.793481121610716,-0.851345,0.10046340145837632
8320,Hist1h1c,0.7933127828947142,-0.52884686,0.10055554773586954
8321,Aqr,0.7931444538087982,-1.0306865,0.10064770829556213
8322,Pdxk,0.79230295309203,-1.0474547,0.10110872535678712
8323,Ebi3,0.7919664204773915,-1.2815763,0.10129323218643944
8324,Znrf2,0.7916299266220952,-0.8709623,0.10147779617209983
8325,Slc25a51,0.7912934715858371,-0.6107901,0.10166241732056652
8326,Hprt,0.7911252586434964,-0.6493013,0.10175474933297624
8327,Cab39l,0.7909570554282914,-1.4237417,0.10184709563863605
8328,Snrpe,0.7909570554282914,-0.29775465,0.10184709563863605
8329,Abl2,0.7899480408243462,-0.87925285,0.10240147367840026
8330,Dnajc2,0.7894436654423268,-0.7538163,0.10267885572592668
8331,Plscr1,0.7889393782749992,-0.7593576,0.10295636648909505
8332,Cdkn2aipnl,0.7882671329553081,-0.7046559,0.10332658110389376
8333,Ern1,0.7879310693879236,-1.6396639,0.10351177425394108
8334,Dcaf13,0.7875950452947945,-0.69654,0.10369702464145952
8335,Usp37,0.7875950452947945,-0.6416306,0.10369702464145952
8336,Mbtd1,0.7867551581518185,-0.6104623,0.10416040106866253
8337,Rfwd3,0.7859155190223854,-1.006361,0.10462413537825753
8338,Vav1,0.7849082807503519,-1.0245864,0.1051810891034575
8339,Lactb2,0.7842369885120033,-0.70640117,0.10555267806766098
8340,Stk38,0.7835658567808574,-0.6394373,0.10592449627955587
8341,Pcna,0.7828948860303377,-0.59618485,0.1062965437931978
8342,Thumpd3,0.7828948860303377,-1.1376944,0.1062965437931978
8343,Cdkn2c,0.7818887327779617,-0.96143657,0.10685504512261432
8344,Arsk,0.7815534293630735,-1.1210409,0.10704132694180543
8345,Stx2,0.7815534293630735,-1.4013323,0.10704132694180543
8346,Wdr92,0.7815534293630735,-1.5199744,0.10704132694180543
8347,Fry,0.7812181665478751,-1.2577628,0.10722766612693356
8348,Ube2d3,0.7810505503836009,-0.21163182,0.10732085723383145
8349,RP24-271M20.8,0.7808829443913758,-1.5212054,0.10741406268474234
8350,Gart,0.7807153485785723,-0.6896169,0.10750728248050903
8351,Tbc1d31,0.7805477629525617,-1.3085171,0.10760051662197395
8352,Got2,0.7805477629525617,-0.73752105,0.10760051662197395
8353,Toporsos,0.7802126222903966,-0.8959477,0.10778702794536853
8354,Haus1,0.779877522463821,-2.5424004,0.10797359666166478
8355,Cpped1,0.779877522463821,-2.0599523,0.10797359666166478
8356,RP23-285D3.2,0.779877522463821,-2.0096328,0.10797359666166478
8357,Zdhhc13,0.779877522463821,-1.7116365,0.10797359666166478
8358,Dnah8,0.7795424635317534,-2.7490106,0.10816022277759944
8359,Tsnax,0.7795424635317534,-0.36326313,0.10816022277759944
8360,Amer1,0.7793749494195656,-1.0812058,0.10825355736253597
8361,Nrg2,0.7792074455530889,-2.6278684,0.10834690629990759
8362,Lamtor3,0.7792074455530889,-1.3939534,0.10834690629990759
8363,Pip5k1b,0.7792074455530889,-1.8720276,0.10834690629990759
8364,Met,0.7792074455530889,-2.518553,0.10834690629990759
8365,Fut7,0.7792074455530889,-3.1639566,0.10834690629990759
8366,Pnpt1,0.7788724685867,-2.5021434,0.10853364723532248
8367,Fgd2,0.7785375326914367,-3.3422525,0.10872044559057559
8368,Dym,0.7783700801638611,-1.2023013,0.10881386630274473
8369,Actr1b,0.7783700801638611,-0.5918067,0.10881386630274473
8370,Ppp5c,0.7780352059855788,-1.2074896,0.10900075080037307
8371,RP23-258M15.1,0.7777003730254458,-1.0753481,0.10918769273466097
8372,Nosip,0.7766961220415225,-1.5263861,0.10974886322472688
8373,Fam129b,0.7763614545414514,-1.4739373,0.10993603497288924
8374,Rab3d,0.7763614545414514,-1.1492318,0.10993603497288924
8375,Mcm10,0.7761941363546618,-0.9496542,0.11002964239790154
8376,Pop4,0.7760268285531469,-1.4763901,0.11012326419132062
8377,Arhgap25,0.7753577013464308,-1.3853081,0.11049789506585533
8378,Rhbdf2,0.7753577013464308,-1.6544937,0.11049789506585533
8379,Parp8,0.7751904455812251,-0.93605274,0.11059158871389974
8380,Zbtb7b,0.7750232002452584,-0.6652103,0.11068529673538663
8381,Taf2,0.7748559653458531,-0.88747907,0.11077901913115486
8382,Gmeb1,0.7741871302602432,-0.9541846,0.11115405247381428
8383,Usp32,0.7741871302602432,-0.92131305,0.11115405247381428
8384,Gen1,0.7741871302602432,-1.1719975,0.11115405247381428
8385,Cln6,0.7740199476534299,-1.7405977,0.11124784675356825
8386,Cmpk1,0.7738527755270816,-0.6001744,0.11134165541263444
8387,Senp1,0.7738527755270816,-1.0642695,0.11134165541263444
8388,Klf4,0.7730170723581922,-0.608745,0.11181091442697891
8389,Dock11,0.7725157766901944,-1.0667706,0.11209264244095428
8390,Gclc,0.772348699216905,-0.6795962,0.11218658055153223
8391,Plagl2,0.7721816322971365,-1.0303843,0.11228053304979861
8392,Lmbrd2,0.7716804949319266,-1.0253276,0.11256247687909737
8393,Nip7,0.7711794528110305,-1.2067444,0.11284455022771737
8394,Ccdc22,0.7708454777411483,-1.2747669,0.11303267109312912
8395,Fam53c,0.7706785061312835,-1.0375061,0.11312675311824326
8396,Arhgap15,0.7705115451478493,-0.9923957,0.11322084953941093
8397,Fra10ac1,0.7705115451478493,-1.5559553,0.11322084953941093
8398,Ilf3,0.7703445947981282,-0.5191944,0.11331496035746816
8399,Tctex1d2,0.7701776550894018,-1.2438571,0.11340908557325065
8400,Spag7,0.7701776550894018,-1.3141319,0.11340908557325065
8401,Stx17,0.7700107260289499,-0.9375831,0.11350322518759415
8402,Preb,0.7686756777563115,-0.9035827,0.114256860550787
8403,Aebp2,0.7685088448576796,-0.4721774,0.11435112978976822
8404,Entpd5,0.7681752112306541,-1.7683991,0.11453971148930121
8405,Stom,0.767841620545696,-1.2425729,0.11472835082315783
8406,Rad54l,0.767841620545696,-2.170068,0.11472835082315783
8407,Kdm6b,0.7676748413246428,-0.6167008,0.11482269210504306
8408,Slc35a3,0.7675080728608838,-0.6036479,0.11491704779801183
8409,Cdca4,0.7673413151616755,-0.91097015,0.11501141790289793
8410,Sc5d,0.7673413151616755,-0.87168056,0.11501141790289793
8411,Stap1,0.7668411067238918,-1.1676629,0.11529461469739856
8412,Hmgcr,0.7668411067238918,-0.67778766,0.11529461469739856
8413,Cox7c,0.7646746618683677,-0.22428264,0.11652330028192717
8414,Nuf2,0.7640084328942113,-1.2976427,0.11690184778660018
8415,Hdc,0.7635088757624005,-0.79929274,0.11718590992094864
8416,Gls,0.7633423785853282,-0.45332265,0.11728062616175558
8417,Cd59a,0.7631758923537202,-1.2603807,0.11737535683529333
8418,Polr2m,0.7631758923537202,-0.44938168,0.11737535683529333
8419,Epha2,0.7631758923537202,-1.3582855,0.11737535683529333
8420,Btnl9,0.7631758923537202,-1.396115,0.11737535683529333
8421,Skp2,0.7618443974032817,-0.6936118,0.11813372190161836
8422,Cops6,0.7618443974032817,-0.5861978,0.11813372190161836
8423,Drosha,0.7618443974032817,-1.6541082,0.11813372190161836
8424,RP23-344D2.9,0.7615116336251455,-1.6852638,0.1183234575536614
8425,Tsr2,0.7615116336251455,-1.545767,0.1183234575536614
8426,Cacfd1,0.7611789139460745,-2.479966,0.11851325097317317
8427,Nudt1,0.7611789139460745,-1.7869333,0.11851325097317317
8428,Twnk,0.7611789139460745,-1.715028,0.11851325097317317
8429,RP24-530N5.3,0.7608462384236635,-2.0450885,0.11870310216679272
8430,Btg3,0.7608462384236635,-2.1412027,0.11870310216679272
8431,Tbc1d24,0.7608462384236635,-0.7495905,0.11870310216679272
8432,Spry2,0.7608462384236635,-1.8989872,0.11870310216679272
8433,Sh3bp2,0.7605136071154834,-2.0027955,0.11889301114115713
8434,RP23-256L12.2,0.7605136071154834,-0.7707262,0.11889301114115713
8435,RP23-382I10.1,0.7598484773719756,-3.040466,0.11927300245866095
8436,Nhlrc2,0.7598484773719756,-1.1615679,0.11927300245866095
8437,Ddx46,0.7598484773719756,-0.39148498,0.11927300245866095
8438,Hnrnpll,0.7598484773719756,-0.8625838,0.11927300245866095
8439,Plaur,0.7595159790516665,-3.1027005,0.11946308481506601
8440,RP23-229N10.4,0.7595159790516665,-3.3553028,0.11946308481506601
8441,Kif21b,0.7591835251756252,-3.2298665,0.11965322497874747
8442,Pnn,0.7588511158012995,-0.36053407,0.11984342295633385
8443,Rnf4,0.7588511158012995,-0.6698849,0.11984342295633385
8444,Ffar2,0.7585187509861127,-1.2640717,0.12003367875445183
8445,Adam17,0.7578541552627239,-0.55706173,0.12041436383878133
8446,Isg20l2,0.7578541552627239,-1.3498363,0.12041436383878133
8447,Dcp2,0.7575219244692448,-0.4774304,0.12060479313823759
8448,Tmem170b,0.7575219244692448,-1.1940554,0.12060479313823759
8449,Fam160a2,0.7571897384643496,-1.0405855,0.12079528028471528
8450,Pxylp1,0.7568575973053376,-0.74847823,0.1209858252848324
8451,Tes,0.7568575973053376,-1.6751353,0.1209858252848324
8452,Mical1,0.7565255010494836,-0.93609387,0.12117642814520524
8453,Cmpk2,0.7561934497540368,-1.5507762,0.12136708887244858
8454,Vkorc1l1,0.7561934497540368,-0.56331664,0.12136708887244858
8455,Rnf144b,0.7561934497540368,-1.9233454,0.12136708887244858
8456,Memo1,0.7558614434762223,-0.92770636,0.1215578074731751
8457,Pdcd11,0.7556954572368031,-0.93843967,0.1216531884781606
8458,B4galt3,0.7555294822732398,-1.6716474,0.12174858395399603
8459,Klf5,0.7538703543810525,-2.107245,0.12270333479078403
8460,Arhgef6,0.7538703543810525,-0.84318495,0.12270333479078403
8461,Ikbkb,0.7532070207471954,-1.0037535,0.12308564051735457
8462,Lpcat1,0.7528754221990617,-0.62093425,0.12327688027672247
8463,Rbmxl1,0.7523781098731034,-0.8327817,0.12356384855442806
8464,Wdhd1,0.7522123619252549,-0.88679934,0.12365953362060099
8465,Eps15,0.7518809003134543,-0.9228741,0.12385094721829742
8466,Senp5,0.751549484460929,-1.3146694,0.1240424187752861
8467,Usf1,0.75088679026117,-1.4873524,0.12442553579349319
8468,Phf14,0.7507211453996105,-0.6202171,0.1245213512828953
8469,Snx1,0.7502242797806586,-1.5287577,0.12480888472790992
8470,Gbe1,0.7492308595270956,-1.4303544,0.12538434308761337
8471,Arl6ip6,0.7488998117940702,-0.8630332,0.1255762785559832
8472,Tdp2,0.7488998117940702,-1.0111492,0.1255762785559832
8473,Smg5,0.7482378551953192,-0.6998337,0.12596032355487632
8474,Psmc1,0.7472452683147188,-0.6929156,0.12653682630716792
8475,Trip13,0.7472452683147188,-2.0756807,0.12653682630716792
8476,Slc8b1,0.7469144990521535,-1.0610149,0.1267291099852583
8477,Sft2d2,0.7465837763992864,-1.780473,0.12692145172128724
8478,Snrpd3,0.7455918886636472,-0.3813777,0.1274988253426221
8479,Wdr37,0.7454266149809692,-1.053369,0.1275951050983856
8480,Arl8a,0.7452613530142166,-0.659623,0.12769139937601323
8481,Zdhhc3,0.7449308642566768,-0.799167,0.1278840315001383
8482,Casp2,0.744270027642687,-0.8490685,0.12826947004680408
8483,Eif2d,0.7429489195955401,-1.5303379,0.12904104451719794
8484,Cenpb,0.7422886490622882,-0.6875524,0.1294271805456637
8485,Mad2l1bp,0.7422886490622882,-2.496805,0.1294271805456637
8486,Cx3cr1,0.7422886490622882,-0.76171345,0.1294271805456637
8487,Larp1b,0.7422886490622882,-0.8527079,0.1294271805456637
8488,Bcl2l12,0.7419585848648917,-2.1657822,0.12962033578111154
8489,Pdcd2,0.7419585848648917,-2.6913686,0.12962033578111154
8490,Mctp1,0.7419585848648917,-1.4281774,0.12962033578111154
8491,C2cd2,0.7416285681218261,-2.020412,0.12981354917275428
8492,Mlycd,0.7416285681218261,-1.7485468,0.12981354917275428
8493,Fosl2,0.7412985988891916,-0.9388667,0.13000682072712863
8494,Mampt,0.7409686772230628,-0.9214321,0.13020015045076933
8495,Prr14,0.7409686772230628,-3.2205827,0.13020015045076933
8496,Iglc2,0.7409686772230628,-1.9717556,0.13020015045076933
8497,Uba7,0.7409686772230628,-2.4675403,0.13020015045076933
8498,Rrp12,0.7406388031794877,-3.4349904,0.13039353835020956
8499,Bub1,0.7406388031794877,-1.3968301,0.13039353835020956
8500,RP23-101J23.3,0.7406388031794877,-2.8020933,0.13039353835020956
8501,Fancd2,0.7406388031794877,-2.757607,0.13039353835020956
8502,Zfp369,0.7406388031794877,-2.777207,0.13039353835020956
8503,RP23-383N15.1,0.7404738840336655,-1.0674546,0.13049025411789575
8504,Wdfy2,0.7403089768144882,-0.973439,0.13058698443198083
8505,Ticrr,0.7403089768144882,-2.5226705,0.13058698443198083
8506,Tmem94,0.7399791981840598,-3.5703485,0.13078048870261272
8507,Ppm1h,0.7399791981840598,-2.875875,0.13078048870261272
8508,Arhgef1,0.739649467344172,-0.7125419,0.13097405116863312
8509,Kif2c,0.739649467344172,-1.6176955,0.13097405116863312
8510,Dna2,0.7393197843507676,-1.5998042,0.13116767183656838
8511,Mfsd14b,0.7393197843507676,-0.6573618,0.13116767183656838
8512,Gga3,0.7391549608139717,-1.4863253,0.131264503998293
8513,Rif1,0.7389901492597633,-0.42450565,0.13136135071294291
8514,Tbp,0.7378368044793243,-1.6758921,0.13203968526587034
8515,Tceanc2,0.7378368044793243,-1.7655319,0.13203968526587034
8516,Mb21d1,0.7378368044793243,-1.5126415,0.13203968526587034
8517,Ralgps2,0.7375073856403795,-1.6692729,0.13223362616091613
8518,RP23-116P18.2,0.7370133477921373,-1.0190837,0.13252464671357
8519,Col3a1,0.7368486926466407,-1.5088212,0.1326216826904005
8520,Ids,0.736519418603309,-0.71238077,0.13281579833786394
8521,Rock1,0.7356964452644631,-0.36927903,0.1333013423750053
8522,Pds5a,0.7347092775889985,-0.44904625,0.13388447603929327
8523,Patl1,0.7343803189880052,-1.0715213,0.13407897051792364
8524,Fam126a,0.7343803189880052,-0.95628655,0.13407897051792364
8525,Pepd,0.7333937358347582,-1.4933648,0.13466280381639856
8526,Pola1,0.733064972518467,-1.0439746,0.1348575315584021
8527,Ssr1,0.732571919360905,-0.28421617,0.13514973254607968
8528,Map1s,0.7314218914408053,-1.3737296,0.135832045379347
8529,Zmiz1,0.7314218914408053,-0.7405542,0.135832045379347
8530,Atxn7l1,0.7314218914408053,-0.90425277,0.135832045379347
8531,Zfp597,0.7307650032775346,-1.4206939,0.13622225941389898
8532,Sf3b2,0.7302724666664897,-0.28632197,0.13651507317783823
8533,Hmgb3,0.7297800412721884,-1.0230727,0.13680801831294798
8534,Lmbrd1,0.7297800412721884,-1.5780478,0.13680801831294798
8535,Tap2,0.7297800412721884,-0.40799206,0.13680801831294798
8536,Ssb,0.7291236474052794,-0.2623007,0.1371988162193508
8537,Cited2,0.7281394289118791,-0.44857293,0.13778545116894875
8538,Ocrl,0.7281394289118791,-1.1263287,0.13778545116894875
8539,Armc8,0.7278114555827535,-0.6268265,0.1379811130020186
8540,Tob2,0.7278114555827535,-0.70419836,0.1379811130020186
8541,Aif1,0.7271556585074124,-1.3307863,0.138372611981752
8542,Zfp629,0.725844664225981,-1.1987474,0.1391563113764821
8543,Stau1,0.725844664225981,-1.1282057,0.1391563113764821
8544,Creg1,0.7255170409483992,-0.45307156,0.13935238239517628
8545,Tnpo2,0.7242070506526989,-0.8611701,0.14013725134356492
8546,Rab5c,0.7235523579595413,-0.8794367,0.14053003683219048
8547,Snhg5,0.7232250874179212,-2.5387135,0.1407265173526651
8548,Sh2b3,0.722570698217552,-2.0092854,0.14111965397813875
8549,Zfp398,0.722570698217552,-2.5534165,0.14111965397813875
8550,Zfas1,0.722570698217552,-1.154704,0.14111965397813875
8551,Aatk,0.722570698217552,-1.9567736,0.14111965397813875
8552,B3gat3,0.7224071325995025,-0.7676408,0.1412179747193106
8553,Itih5,0.7219165118912918,-2.5887675,0.1415130247592259
8554,Cops7b,0.7219165118912918,-2.756154,0.1415130247592259
8555,Prune,0.7219165118912918,-2.569828,0.1415130247592259
8556,Ppm1k,0.7215894949422036,-2.3371441,0.141709797974211
8557,Lancl2,0.7215894949422036,-3.0558605,0.141709797974211
8558,Setd1a,0.7215894949422036,-3.321165,0.141709797974211
8559,Hus1,0.7215894949422036,-2.8094685,0.141709797974211
8560,Hmgb1-ps8,0.7215894949422036,-2.6014767,0.141709797974211
8561,Slco4c1,0.7212625288750882,-2.8959296,0.14190662974739976
8562,H2-DMb1,0.7212625288750882,-2.2616909,0.14190662974739976
8563,Mir142hg,0.7209356137443697,-3.0147734,0.14210352008522206
8564,Exoc6,0.7209356137443697,-2.2403991,0.14210352008522206
8565,Lyar,0.7206087496044439,-0.8393732,0.14230046899410592
8566,Pfkp,0.7202819365096786,-1.3638655,0.142497476480478
8567,Cdk19,0.7202819365096786,-0.59597343,0.142497476480478
8568,Bud31,0.7199551745144144,-0.72194165,0.1426945425507628
8569,Tfb2m,0.7189751956686067,-1.7889345,0.14328609232931566
8570,Zfp263,0.718648638614186,-1.7062865,0.14348339279946465
8571,Scnn1a,0.7166903769690854,-2.5630815,0.14466842678102837
8572,Sun1,0.7166903769690854,-0.8193236,0.14466842678102837
8573,Mms22l,0.7166903769690854,-2.1913633,0.14466842678102837
8574,9930111J21Rik2,0.7163641806467517,-1.3768651,0.14486613769789541
8575,Arap1,0.7163641806467517,-0.6554425,0.14486613769789541
8576,Spdl1,0.7157119433042317,-2.3684516,0.14526173552065955
8577,Slf2,0.7157119433042317,-0.4676506,0.14526173552065955
8578,Plcb2,0.7150599133909288,-1.2999802,0.14565756803813792
8579,Bub3,0.7144080913380693,-0.9181275,0.14605363530151613
8580,Galns,0.7140822583939397,-1.5551137,0.1462517569789057
8581,Ccne2,0.7134307489393006,-1.6015029,0.14664817645704653
8582,Rpia,0.7124538766475935,-1.1925211,0.14724324607849426
8583,RP24-91G8.1,0.7118028903396703,-1.4250106,0.14764025283677942
8584,Bsdc1,0.7118028903396703,-1.3978556,0.14764025283677942
8585,Mthfd1l,0.7111521140414886,-2.0448937,0.14803749459648163
8586,Fignl1,0.710826804779971,-1.5483047,0.14823620361780934
8587,Trim28,0.710826804779971,-0.480759,0.14823620361780934
8588,Pik3cb,0.710826804779971,-1.5143223,0.14823620361780934
8589,Cdca5,0.7105015481815354,-1.720443,0.14843497140862225
8590,Sla,0.7101763442996711,-1.3338228,0.14863379797529366
8591,Tbc1d8,0.7098511931878382,-1.6313554,0.1488326833241954
8592,Cep57,0.7095260948994682,-0.8161084,0.14903162746169743
8593,Lsm14a,0.7090385466277165,-0.82681274,0.14933015391050616
8594,Cd300lf,0.7088760570066985,-1.6026506,0.1494296921279738
8595,Dcaf7,0.7085511175090177,-1.3176527,0.14962881266947964
8596,Bms1,0.7075766174504965,-0.6799621,0.15022652720382068
8597,Necap1,0.7075766174504965,-1.2765172,0.15022652720382068
8598,Mrpl12,0.7075766174504965,-0.64775443,0.15022652720382068
8599,Dcakd,0.7072518904200235,-1.3998816,0.15042588303974155
8600,Exoc4,0.7064403059283475,-0.5472615,0.15092453006625167
8601,Mrgbp,0.7062780290405093,-1.6005057,0.15102430360991437
8602,Stx5a,0.7059535153284462,-0.7017533,0.151223894841952
8603,Rogdi,0.7053046483445296,-1.4718313,0.15162325390709702
8604,Smim20,0.7049802951787563,-1.8477494,0.15182302175289844
8605,Enox2,0.7043317497645616,-2.7125006,0.15222273410268142
8606,Camk2g,0.7040075576220455,-1.8757087,0.15242267861934664
8607,Zbtb12,0.7036834192598048,-2.0595534,0.15262268203898072
8608,Pfas,0.703359334730719,-2.7954435,0.15282274436792134
8609,Hmgn5,0.703359334730719,-0.75475764,0.15282274436792134
8610,Hnrnpul1,0.703197312670126,-0.38584062,0.15292279762536162
8611,Stard4,0.703197312670126,-1.4970617,0.15292279762536162
8612,Hspa2,0.703035304087638,-3.0938892,0.15302286561250444
8613,Plekho2,0.7027113273833829,-1.346598,0.1532230457790641
8614,Acer3,0.7025493592748134,-1.2940491,0.1533231579600642
8615,Got1,0.7023874046707448,-2.4449975,0.15342328487393309
8616,Tspan5,0.7022254635777715,-1.6542796,0.15352342652146192
8617,Anxa4,0.7022254635777715,-1.4706798,0.15352342652146192
8618,Eftud2,0.701415961010006,-1.1285001,0.1540243557916949
8619,Maf1,0.7007686028274509,-0.9260785,0.15442536449443542
8620,RP23-188K3.6,0.6999597106295898,-1.443759,0.15492695706404544
8621,Armc10,0.6997979729931127,-1.1123666,0.1550273198113588
8622,Pip5k1a,0.6994745385757839,-1.2413254,0.15522808954569398
8623,Mrps30,0.6993128418080561,-1.5457083,0.15532849653429479
8624,Ppp1r21,0.6988278333473245,-1.2645175,0.15562980599530135
8625,Olr1,0.698666191163083,-1.8659108,0.15573027198333517
8626,Cd33,0.698342947787918,-1.7589058,0.15593124821568347
8627,Ube3a,0.698342947787918,-0.4205564,0.15593124821568347
8628,RP23-13C17.6,0.6975350787832284,-0.5110929,0.15643394699499238
8629,Paics,0.6975350787832284,-0.66693825,0.15643394699499238
8630,Ppip5k2,0.69656608841557,-1.1640685,0.15703767253136264
8631,Ddx21,0.69656608841557,-0.5045401,0.15703767253136264
8632,Strn,0.696404638098284,-0.5985017,0.1571383451167633
8633,Smek1,0.6954362252523578,-0.82727754,0.1577426906768521
8634,Asb7,0.6952748713485146,-1.4953084,0.15784346661882648
8635,Sort1,0.6949522049455836,-0.8557918,0.15804506280867814
8636,Ranbp1,0.6949522049455836,-0.48849106,0.15804506280867814
8637,Erlin1,0.6946295937923888,-1.4952658,0.15824671807831034
8638,Stat2,0.6936620923515642,-1.3066798,0.15885203842878187
8639,Taok2,0.6930173685931302,-0.9015355,0.15925588084327164
8640,Cept1,0.692372867080989,-1.6455678,0.15965995972774216
8641,Ppid,0.6910845324544184,-0.8050094,0.16046882710752924
8642,Cggbp1,0.6906016372650133,-0.45578384,0.16077239636838062
8643,Uchl5,0.6901188679627861,-0.97440165,0.1610760987494779
8644,RP23-32L15.2,0.689797091784686,-1.9026823,0.16127864096967992
8645,Bora,0.689797091784686,-1.0020287,0.16127864096967992
8646,Reep4,0.6893145326816037,-1.1674834,0.16158256526485051
8647,Abcc4,0.6891537077167755,-2.3773239,0.16168390295700347
8648,RP23-73B23.4,0.6891537077167755,-1.0902902,0.16168390295700347
8649,Coasy,0.6888320999300669,-0.86741066,0.16188662273664942
8650,Gnpda1,0.6885105483768732,-1.5080652,0.16208940171529812
8651,Snx20,0.6877069158532445,-1.1814662,0.16259660819862104
8652,Gcnt1,0.6875462316329763,-1.615327,0.16269809390783246
8653,Znrf1,0.6873855615225164,-1.0839455,0.16279959442305006
8654,Tmem40,0.686903635914177,-1.8505561,0.16310418481255357
8655,Cbx4,0.6867430223071314,-1.071629,0.1632057445596092
8656,Inpp4a,0.686582422841975,-0.8923632,0.16330731911657723
8657,Wsb1,0.6857796378688337,-0.7763007,0.16381541407743122
8658,Kif20a,0.6852981369975972,-2.1338766,0.16412044882285495
8659,Ubl7,0.6849772074036851,-3.3160765,0.1643238794031882
8660,Cep85l,0.6846563346589685,-0.9647204,0.16452736925750822
8661,Snx9,0.6846563346589685,-1.6319135,0.16452736925750822
8662,Peli1,0.6841751322459239,-0.9465674,0.16483271519135825
8663,Fcho1,0.6840147599215203,-3.7262304,0.16493452681305806
8664,Acap1,0.6840147599215203,-3.3356135,0.16493452681305806
8665,Cep55,0.6840147599215203,-3.5937622,0.16493452681305806
8666,Zfp598,0.6840147599215203,-3.5228548,0.16493452681305806
8667,Frat2,0.6840147599215203,-3.4187925,0.16493452681305806
8668,Syngr2,0.6838544018477236,-0.58520246,0.16503635325793162
8669,Inpp5d,0.6833734131937437,-1.4220625,0.1653419215393856
8670,Kdsr,0.6830528254610007,-1.6562176,0.16554570785717163
8671,Ipmk,0.6828925530247127,-1.6687737,0.16564762325744573
8672,Nde1,0.6827322948836362,-1.4482622,0.16574955348634526
8673,Tifab,0.6822516062953086,-1.4947386,0.1660554331525802
8674,Cnot7,0.6819312188291086,-0.9273525,0.16625942708746527
8675,Lnpk,0.6811305011086969,-1.0867256,0.16676967152093636
8676,Tpi1,0.6804901854662777,-0.60899943,0.16717813413232266
8677,Nudt21,0.6790503177307552,-0.7862337,0.16809804324064084
8678,Stil,0.678890404579606,-2.2202635,0.16820032958982806
8679,Pitpnc1,0.6782508965755488,-1.2312422,0.16860962347487182
8680,Slc16a6,0.6782508965755488,-1.4614974,0.16860962347487182
8681,Pik3cg,0.6776116202353049,-2.9640877,0.1690191549784129
8682,Echs1,0.677132315252265,-1.1229846,0.16932645957305323
8683,Sorl1,0.6766531409771677,-0.8987026,0.1696338978769258
8684,Cdc6,0.6756951852302211,-1.3830923,0.1702491756960055
8685,Rgs18,0.6753759832183859,-1.3114692,0.17045438720250364
8686,Sap30,0.6747377543517181,-2.1496382,0.1708649886028431
8687,Rbpj,0.674099759362059,-0.73735654,0.1712758278942135
8688,Nudt16l1,0.6721871816602673,-1.135172,0.17250977360901734
8689,Coro7,0.6709133065780172,-1.0389196,0.17333359444683633
8690,Bod1l,0.6705949853542883,-0.48664105,0.17353969850801007
8691,Foxm1,0.6705949853542883,-2.0874171,0.17353969850801007
8692,H2afv,0.6691632721530449,-0.32550707,0.17446790384083505
8693,Samsn1,0.6680505479920638,-1.708547,0.1751906754234387
8694,Il3ra,0.6680505479920638,-1.8626429,0.1751906754234387
8695,Cers6,0.6674150328104662,-0.96098226,0.1756040155519081
8696,Samd4,0.6674150328104662,-0.9918386,0.1756040155519081
8697,Anxa11,0.6674150328104662,-1.4928086,0.1756040155519081
8698,Cdan1,0.6674150328104662,-2.0160372,0.1756040155519081
8699,Xbp1,0.6669385528888965,-0.40944514,0.1759141771337985
8700,Dcaf6,0.6667797560840829,-2.8356302,0.17601759413862825
8701,Trim30a,0.666462207265029,-1.6146249,0.1762244728691947
8702,Cirbp,0.666303455263118,-1.2515378,0.17632793459646692
8703,Riok1,0.6661447182078337,-1.6098849,0.17643141123275527
8704,Ints5.1,0.6661447182078337,-2.7273831,0.17643141123275527
8705,Mtpn,0.6658272889617817,-0.5278397,0.17663840923545038
8706,Wnk1,0.6658272889617817,-0.5279239,0.17663840923545038
8707,Terf1,0.6656685967833272,-1.4948303,0.1767419306033917
8708,Dio2,0.6655099195761258,-2.9973164,0.1768454668834186
8709,Prpf31,0.6650339778435466,-1.4771415,0.17715616520368202
8710,Aldh16a1,0.6647167583241511,-1.530996,0.1773633719916788
8711,Ptpra,0.6636069630846166,-0.73518115,0.17808906566551788
8712,Dr1,0.6632900140981113,-0.74534357,0.17829654100214015
8713,Dnase2a,0.6631315621967702,-1.7761729,0.17840030105543944
8714,Ptgr1,0.6623395288539766,-1.0592377,0.17891932520243375
8715,Celf1,0.6604401904850403,-0.5173591,0.1801665060107306
8716,Ndufa10,0.6580690913209946,-0.85168654,0.18172850698753149
8717,Gm8186,0.6580690913209946,-1.0607877,0.18172850698753149
8718,Itga4,0.6579111399310482,-1.0079026,0.18183275994781614
8719,Taf5l,0.6566480790506231,-1.6590277,0.18266732187786408
8720,Cbfa2t3,0.6563324668963628,-0.8499508,0.18287611190157
8721,Clasp2,0.6550706319911006,-1.7361916,0.18371187034382863
8722,Fmnl1,0.6544400834401913,-1.0165724,0.18413010865859636
8723,Rad51,0.654124901558601,-2.0051394,0.1843393176106725
8724,Arrb2,0.654124901558601,-0.9759401,0.1843393176106725
8725,Tbpl1,0.654124901558601,-1.463877,0.1843393176106725
8726,Tpx2,0.6531797260657886,-1.083328,0.1849673037185895
8727,C1qbp,0.6527073468267354,-0.72894055,0.1852814988892025
8728,Pggt1b,0.6503475421678271,-1.6512977,0.18685449672800822
8729,Arpc5,0.6500331656019682,-0.26975182,0.18706448447949725
8730,arsb,0.6498760006716765,-1.1327301,0.18716950083614417
8731,Srf,0.6495617175461164,-1.4892892,0.18737957851502623
8732,Smc6,0.6494045993627404,-0.444756,0.18748463983877478
8733,Ncln,0.6494045993627404,-1.2154343,0.18748463983877478
8734,Prpf40a,0.6492474967735589,-0.5530643,0.18758971615307032
8735,Borcs6,0.6487762826305823,-3.459279,0.18790503504680167
8736,Thbs1,0.6486192424775692,-1.0000094,0.18801017133084771
8737,Dpp9,0.6478342761892789,-1.0843709,0.18853607768110928
8738,Shcbp1,0.6472065848862782,-3.1908355,0.18895707272269016
8739,Uqcrfs1,0.6467359809987131,-0.76098865,0.18927297651306207
8740,Tnfaip2,0.6465791444181357,-0.57128906,0.18937830778229514
8741,Banf1,0.6462655183653344,-0.70987016,0.18958901533395298
8742,Cep128,0.6462655183653344,-1.2139113,0.18958901533395298
8743,Slc12a2,0.6456384548583767,-1.6683774,0.19001061051115717
8744,Idi1,0.6456384548583767,-1.5062511,0.19001061051115717
8745,Senp3,0.6456384548583767,-1.8582838,0.19001061051115717
8746,Marcksl1,0.6453250174985614,-1.1070476,0.19022149814876993
8747,Igf1r,0.6451683224376906,-0.718533,0.19032696448246753
8748,Rassf2,0.6445416997917891,-1.818857,0.19074897993411793
8749,Fech,0.644071898449482,-1.5778111,0.19106564916665286
8750,Gab2,0.6431327223889218,-1.9502429,0.1916993930895882
8751,Pstpip1,0.6429762484170494,-2.0988507,0.19180506964487792
8752,Cct8,0.6421941162158342,-0.64927423,0.19233367775846316
8753,Suv420h2,0.6421941162158342,-2.6587136,0.19233367775846316
8754,Mis18a,0.6406310424427392,-1.5156536,0.1933920209719947
8755,Ifi30,0.6406310424427392,-0.7718349,0.1933920209719947
8756,Nrm,0.6387574563507752,-1.6069793,0.19466401721637555
8757,Rbl1,0.6378215263225635,-1.5027348,0.19530082751177397
8758,Cul4a,0.6378215263225635,-1.1897794,0.19530082751177397
8759,RP24-353D23.1,0.6371978934569167,-1.9218867,0.19572566862349433
8760,Psip1,0.6370420253543476,-0.56868815,0.19583191652263604
8761,Mapk1ip1l,0.6368861733088733,-1.0766871,0.19593817947175912
8762,Limd2,0.6364187135727587,-0.87196636,0.1962570586264987
8763,Akna,0.6362629258133928,-1.9378313,0.1963633817830286
8764,Sltm,0.6353285372638056,-0.6506888,0.19700163687652472
8765,Trim59,0.6347059338973552,-1.1666046,0.1974274414263445
8766,Fcgr3,0.6345503234001206,-1.1836482,0.19753393021491691
8767,Cdc7,0.6343947290521268,-2.297675,0.19764043406542978
8768,Plk4,0.6333060212768826,-1.2218341,0.1983863828160528
8769,Kif14,0.6309757507512004,-2.1855874,0.19998733095762114
8770,Gpsm3,0.6309757507512004,-0.9683375,0.19998733095762114
8771,Mfsd12,0.6309757507512004,-2.2712443,0.19998733095762114
8772,Ercc6l,0.6306653243670863,-2.2494361,0.20020104699942945
8773,Rbbp4,0.6303549631514636,-0.82424736,0.2004148233635331
8774,Col11a1,0.6301998069960533,-0.444925,0.20052173416830585
8775,Metrn,0.6297344364076187,-1.7674788,0.2008425570824323
8776,B3galnt2,0.6294242709702752,-3.0693083,0.20105651444912578
8777,Cdk9,0.6292692127551106,-0.8307275,0.20116351576188554
8778,Il11ra1,0.6291141708831787,-3.0815518,0.20127053216191146
8779,Ganc,0.6291141708831787,-3.1271353,0.20127053216191146
8780,Gt(ROSA)26Sor,0.6291141708831787,-3.2707965,0.20127053216191146
8781,Aspscr1,0.6288041361916819,-3.463756,0.20148461022673453
8782,RP24-482L4.2,0.62725494525313,-1.0598992,0.20255590603937057
8783,Otub1,0.626945303885709,-1.2180591,0.20277034634117147
8784,Mier3,0.6266357282303906,-0.9467803,0.20298484703657932
8785,Btbd1,0.6263262183322511,-1.2709548,0.203199408131526
8786,Akr1a1,0.6260167742363322,-0.6176622,0.20341402963194186
8787,Cit,0.6241614940254137,-1.8348625,0.2047030274811809
8788,Trerf1,0.6236980454999219,-1.8385501,0.2050256169075485
8789,Nfatc1,0.623543595742472,-1.510521,0.20513317694325714
8790,Pmf1,0.6201498984870948,-1.7110618,0.20750332305436195
8791,Kctd20,0.6198417798408098,-1.080089,0.2077191539070135
8792,Ckap2l,0.6192257428126903,-1.1637905,0.2081509972070971
8793,Nupl1,0.6189178245193702,-1.9077824,0.20836700966631636
8794,Sema4a,0.6189178245193702,-1.1390443,0.20836700966631636
8795,Cox6a1,0.6189178245193702,-0.38409278,0.20836700966631636
8796,Usp19,0.6186099730988273,-1.3874834,0.20858308267284284
8797,Atp6v0d2,0.6186099730988273,-1.7045575,0.20858308267284284
8798,Abhd17a,0.6181483214510821,-1.3436154,0.2089073057217161
8799,Camkk2,0.6178406374056475,-0.7152474,0.20912353012227344
8800,Ndc1,0.6173792370272936,-1.2176546,0.20944798028978556
8801,Satb1,0.6169179876087967,-1.3946064,0.20977256675495887
8802,Yeats2,0.6169179876087967,-1.5970893,0.20977256675495887
8803,Tspan32,0.6161495744474315,-1.6536522,0.21031384713451123
8804,Hcst,0.6158423268652942,-2.5920377,0.21053046533163502
8805,Smarcal1,0.6143070995237735,-2.0845706,0.21161446552663202
8806,Nudt5,0.6132334445920844,-1.7308897,0.2123741675722173
8807,Srrm1,0.6130801329567774,-0.47230962,0.21248275708601091
8808,Msra,0.6124670557348671,-1.5462176,0.21291726679583362
8809,Bub1b,0.6123138287863947,-1.7863019,0.21302593214061263
8810,Eif5b,0.6118542496846734,-0.3316772,0.21335201918823743
8811,Esrra,0.6115479484575188,-1.6678832,0.21356948640504472
8812,Snhg9,0.610935549815881,-1.6744825,0.2140046029091307
8813,Mndal,0.6107824926480239,-1.2729359,0.214113419970766
8814,Nup88,0.6095586480411345,-1.2176733,0.21498450285070145
8815,Fgd4,0.6090999875070277,-1.4195931,0.2153114094061949
8816,Trim12c,0.6089471347894959,-1.246454,0.2154204086245359
8817,Plekhb2,0.6081831273977003,-2.229782,0.21596563249790063
8818,Tk1,0.6080303771961321,-1.9635185,0.21607472283401175
8819,Mrpl33,0.6078776440993566,-0.53637314,0.2161838283589704
8820,Asf1b,0.607724928112739,-1.9502606,0.21629294907350569
8821,Cnot8,0.6069616050196425,-1.3815932,0.21683878051534078
8822,Rfc5,0.6069616050196425,-2.2707205,0.21683878051534078
8823,Lrrc8d,0.6069616050196425,-2.5412476,0.21683878051534078
8824,Tra2b,0.6066563957410385,-0.584718,0.21705721944461626
8825,Ptk2b,0.6063512550744261,-2.0663946,0.21727571915551305
8826,Med17,0.6063512550744261,-2.353907,0.21727571915551305
8827,Snhg3,0.6061987104839783,-0.824367,0.21738499180588944
8828,Topbp1,0.6058936728155013,-0.9932163,0.21760358270013844
8829,Scrib,0.6054362451738746,-1.9264435,0.21793158303616772
8830,Zfp207,0.6045218543181465,-0.5775552,0.21858799416100183
8831,Mapkapk2,0.6042171951305069,-0.7355424,0.21880691950624523
8832,Ttc7,0.6042171951305069,-1.0833799,0.21880691950624523
8833,Mbd1,0.6039126048958656,-1.6845447,0.21902590567966165
8834,Sgpl1,0.6026949343360369,-1.5253587,0.2199024587712651
8835,Canx,0.6026949343360369,-0.08772285,0.2199024587712651
8836,Sptlc2,0.6022385930360116,-1.0606145,0.22023141719667033
8837,Alas1,0.6017824074998208,-1.0155671,0.22056051257039522
8838,Fam222b,0.6008705042887503,-1.92186,0.22121911424110755
8839,Pitpna,0.600414786898319,-0.6828099,0.2215486205772258
8840,Dera,0.6002629158351105,-1.6174507,0.22165848647198474
8841,Spc25,0.5999592258406177,-1.6166861,0.2218782639399258
8842,Txn2,0.5996556053903495,-0.8138828,0.2220981023172569
8843,Ddx19a,0.5948071703291626,-3.0882192,0.22562380475058938
8844,Rnf5,0.5945047385210352,-2.4557314,0.22584467947197318
8845,Kdm6a,0.5945047385210352,-1.230285,0.22584467947197318
8846,Dapk3,0.5922387434293209,-1.6478453,0.22750318508048603
8847,Hmox1,0.5920878181037281,-1.4299812,0.22761387420723228
8848,Dcaf15,0.591936910433984,-2.0778987,0.2277245785988248
8849,Carhsp1,0.5916351480825517,-2.049163,0.22794603317942236
8850,Ptpre,0.5910318354753517,-1.0639627,0.22838912555037802
8851,Slc16a10,0.5907302853014673,-2.046833,0.22861076335222474
8852,Hirip3,0.5907302853014673,-2.0183604,0.22861076335222474
8853,Pex6,0.5907302853014673,-2.1929615,0.22861076335222474
8854,Rfc3,0.5905795367648481,-1.3325436,0.22872160515975254
8855,Smarcd2,0.5904288059352549,-1.061938,0.22883246223930676
8856,Hadhb,0.5899767197396715,-1.5267557,0.2291651251173022
8857,Phyh,0.5892235973635822,-1.1816792,0.2297198687547678
8858,Mis18bp1,0.5890730261266799,-1.7392291,0.2298308633148341
8859,Dbf4,0.5889224726477519,-2.5669904,0.22994187315409714
8860,RP23-437A9.3,0.5883204364133952,-1.1460874,0.23038606531744316
8861,Parvg,0.588169971800527,-1.2352598,0.23049715156343448
8862,Zfp217,0.586516036209515,-1.2039472,0.2317201091373809
8863,Yeats4,0.5854646554934726,-1.4614874,0.23249931816203423
8864,Mknk2,0.5839642032098316,-1.5711408,0.23361377416315357
8865,Nemf,0.5836643277465235,-1.1375288,0.2338368489825562
8866,Bglap,0.5833645240411618,-0.124359146,0.23405998502166533
8867,Mfsd1,0.5821660275983431,-1.1349263,0.23495314148919552
8868,Pa2g4,0.5817168881199779,-0.5793541,0.23528832779377507
8869,Abtb1,0.580968682474889,-2.0027142,0.23584727792795238
8870,Kif23,0.5806695263859757,-1.6067659,0.23607096520084678
8871,Zc3h4,0.580370442453204,-1.098666,0.23629471375040204
8872,Acsl1,0.580370442453204,-1.1953137,0.23629471375040204
8873,Casc3,0.5797724912145109,-1.0249857,0.23674239470224107
8874,Nmt1,0.5788761065167216,-1.0086275,0.23741437584707284
8875,Ankrd44,0.5784281584285782,-1.608928,0.23775057333371075
8876,Gm26722,0.5782788786188143,-2.4192002,0.23786266982128024
8877,Lyn,0.5773835804103705,-0.8453457,0.23853557071259787
8878,Ide,0.5770852928016303,-0.7139262,0.2387599936803965
8879,Elavl1,0.5767870778219699,-0.6799129,0.23898447799299175
8880,Gpr160,0.5758928690489792,-4.0798755,0.23965829905622454
8881,Arhgef39,0.5755949449769633,-3.3074372,0.239883028804666
8882,Klhl6,0.5751481954271657,-1.6481732,0.24022023850369467
8883,Prss57,0.5749993153455828,-1.3076085,0.240332672426565
8884,Cd47,0.5749993153455828,-0.10917944,0.240332672426565
8885,Slc25a37,0.5739576653641802,-1.0205796,0.24112013961730538
8886,Neu1,0.5735115177408754,-1.3886107,0.24145785580791365
8887,Rgcc,0.5729169101040034,-0.5982435,0.24190835900981406
8888,RP24-548A15.1,0.5723225951633402,-2.1676164,0.24235910790770882
8889,Tpm3-rs7,0.572025547550681,-1.092981,0.24258457450676657
8890,Map3k5,0.572025547550681,-1.6783438,0.24258457450676657
8891,Dhx16,0.570541409605868,-1.5309412,0.24371282922880425
8892,Cdca8,0.5693554216980885,-0.9484939,0.24461653941671288
8893,Apmap,0.5684667038042961,-1.8120385,0.24529496770015105
8894,Ctdspl2,0.5678745938939829,-0.90958387,0.24574756075564086
8895,Adgrg3,0.56698698281814,-1.2731293,0.24642691175109138
8896,Slc25a39,0.5655091103269322,-0.9146296,0.24756039421713813
8897,RP23-465M17.1,0.5649184799687967,-0.8845936,0.24801421811691923
8898,E2f1,0.5649184799687967,-1.9933282,0.24801421811691923
8899,Phf8,0.564328146428031,-1.4870186,0.2484682883201837
8900,Fbxo22,0.5634432033075096,-0.8451497,0.24914985554214025
8901,Irak1,0.5631483710016143,-0.79606944,0.24937716781640226
8902,Uxs1,0.5628536131252939,-1.58981,0.24960454170012905
8903,Prom1,0.5625589297159537,-2.6464913,0.24983197719891365
8904,E2f7,0.5596161995084503,-2.6457703,0.2521097222443622
8905,Matk,0.5596161995084503,-3.2146137,0.2521097222443622
8906,Fbn2,0.5580008871072606,-2.1349757,0.25336511062248956
8907,Hcls1,0.5574140635475333,-1.6550107,0.2538220782419464
8908,Adssl1,0.5569741431360141,-1.117337,0.2541649659645158
8909,F10,0.5553625503027189,-1.9607612,0.2554234093269147
8910,Paxip1,0.553022488933947,-2.287265,0.25725720753557646
8911,Lsm5,0.5509789087451935,-0.6508585,0.25886502545110734
8912,Mob1a,0.5502499599435078,-0.49728006,0.25943998038990596
8913,Sf3b1,0.5498128187450138,-0.37457126,0.25978513890992755
8914,Gsn,0.547629683295844,-0.39476815,0.26151301973781266
8915,Mzt1,0.5469029252353441,-1.5212079,0.26208975369581167
8916,Topors,0.5461766449747327,-1.3193659,0.2626668746383514
8917,Bzrap1,0.5447255200553298,-2.4741366,0.26382227782108025
8918,Arf1,0.5441456068240531,-0.55843025,0.264284872767206
8919,Metap2,0.5440006764938574,-0.45236593,0.2644005602331314
8920,Emb,0.5434211472145607,-0.67760897,0.26486346503500474
8921,Ppp1r8,0.5432763129269099,-3.1021547,0.26497922997344747
8922,Eif2a,0.5429867020207055,-1.3292065,0.26521080634070465
8923,Cux1,0.5412506531427261,-0.9425724,0.266601566562623
8924,Dock10,0.5403836694797162,-1.0131125,0.26729778393203807
8925,Tiam1,0.5403836694797162,-1.5126488,0.26729778393203807
8926,Lsm8,0.5402392397559829,-1.2839571,0.26741387444220144
8927,Itgb2,0.5398060664767822,-1.0828362,0.2677622390411052
8928,Prkcd,0.5392287726796007,-1.0500556,0.26822694235813643
8929,C1galt1c1,0.5383634123450982,-2.446053,0.2689244628192958
8930,Mir703,0.5380751138002133,-2.1675038,0.26915709379103614
8931,Pin4,0.53778689276225,-2.75089,0.2693897868475562
8932,Mcts1,0.5376428113190249,-1.2751255,0.26950615665931466
8933,Atic,0.5362030640120237,-1.1589642,0.2706707086677375
8934,Lcp2,0.5362030640120237,-2.0553102,0.2706707086677375
8935,Nifk,0.5347652599016963,-1.1790559,0.2718368136820202
8936,Dhfr,0.5328990265783017,-1.8530496,0.27335507306375745
8937,Psmc6,0.5316089516841452,-0.8371603,0.27440771464748487
8938,Cst7,0.5311792787621183,-2.0306678,0.27475887508355396
8939,Ddx56,0.5311792787621183,-2.0778666,0.27475887508355396
8940,Socs4,0.5308929280340804,-1.0707598,0.27499305980902444
8941,Pygl,0.5293194003885335,-1.2226359,0.2762821881412063
8942,Raly,0.5270348749877567,-0.91098,0.2781606456724504
8943,Fh1,0.5260369798280531,-3.960118,0.2789837243429397
8944,Fen1,0.524044090696236,-1.913011,0.2806321719083946
8945,Notch1,0.5237597085208846,-1.0668536,0.2808679137765414
8946,Hist1h1d,0.5234754055103266,-0.87690216,0.28110371800054584
8947,Plppr3,0.5221970224885675,-2.143772,0.28216560880658553
8948,Nadk2,0.5217712517059889,-1.0053843,0.2825198531188935
8949,Tomm70a,0.5210620307336786,-0.69650805,0.28311057228253816
8950,Chtf8,0.5209202461248666,-1.3752147,0.28322876291777915
8951,Ezr,0.5203533064409722,-1.4774518,0.2837016814894853
8952,Ppp1ca,0.5202116212276813,-0.59418845,0.2838199501434514
8953,Rassf5,0.5193619277975041,-2.910164,0.2845298898116093
8954,Uhrf1,0.5190788559297844,-1.0709425,0.2847666612387416
8955,Cdk1,0.5190788559297844,-1.4835833,0.2847666612387416
8956,Rad21,0.5183715249751759,-0.67562836,0.28535886301285773
8957,Itsn2,0.5180887321618592,-1.1148292,0.2855958530190779
8958,Abhd17b,0.5151242315658102,-0.95640093,0.28808802032365666
8959,Atrx,0.5142788524151237,-0.09478132,0.28880133387110796
8960,Ccpg1,0.5104835928140627,-3.1768036,0.2920182117843661
8961,Cdc14a,0.5093618902614533,-1.72431,0.2929735514577939
8962,Tmem180,0.5088015233942065,-3.7278726,0.2934515970437872
8963,Zbtb18,0.5086614821775284,-1.6846577,0.2935711475880199
8964,Phex,0.5085214611684294,-0.9644266,0.29369071379267186
8965,Ap3d1,0.5085214611684294,-1.4632076,0.29369071379267186
8966,Tnfrsf13b,0.5050275143541754,-1.9459163,0.2966849604819715
8967,Cluh,0.5046090923822469,-2.3470488,0.29704492834111323
8968,Bbip1,0.5033549239048665,-1.1686155,0.29812567868812834
8969,Sdhc,0.5032156735461831,-1.0747902,0.29824584047890224
8970,Chd8,0.5032156735461831,-0.85527754,0.29824584047890224
8971,Ncapg,0.5026588756713208,-2.9390004,0.2987266445105275
8972,Xpot,0.5001573212571714,-1.3635505,0.3008933696492794
8973,Clic4,0.49904764300015103,-0.67872524,0.30185799124160295
8974,Adipor1,0.4989090252552759,-0.75451887,0.3019786396104055
8975,Gpn3,0.49849329482316485,-2.1705754,0.3023406789589137
8976,RP23-349B15.4,0.4979392742532339,-1.9439389,0.302823618012981
8977,Tet3,0.4969705272479674,-0.95670986,0.3036693662628717
8978,Clspn,0.49572647260924685,-1.7711637,0.3047578884357102
8979,Eif2ak2,0.49489802728440946,-0.9781204,0.30548427732887784
8980,Tada1,0.4946220433465285,-3.1597548,0.30572653275750616
8981,Selplg,0.4946220433465285,-1.1168735,0.30572653275750616
8982,Ska1,0.4935189308626067,-3.9291153,0.3066961835992474
8983,Cdca2,0.4935189308626067,-2.905059,0.3066961835992474
8984,Gnas,0.49296786897301015,0.12365415,0.30718138656957017
8985,Ankrd13a,0.4913166633879189,-1.1498193,0.30863850617924204
8986,Fam63a,0.49062953869090775,-2.5823913,0.30924630834267414
8987,Vps4b,0.48994293087901486,-0.9723086,0.30985450415058075
8988,Chaf1a,0.48994293087901486,-1.3791324,0.30985450415058075
8989,Taf15,0.48966843257821346,-0.83292955,0.3100978927124065
8990,Pdzd8,0.48884543457094853,-1.050558,0.3108284364266087
8991,Mospd3,0.4885712676245709,-1.477224,0.3110720770249071
8992,hexb,0.48392313632637607,-0.9070953,0.31522361381062325
8993,Trem3,0.48378679065489016,-1.4242091,0.31534599381623973
8994,Cpne2,0.4825606179956613,-2.0840218,0.3164481239627892
8995,Setd1b,0.479841846768566,-0.8660952,0.31890188011102744
8996,Arhgap9,0.47929909677102034,-1.8796216,0.3193933894261787
8997,Hbb-bt,0.47929909677102034,-1.9516956,0.3193933894261787
8998,Cd53,0.47902784747205585,-1.2840877,0.3196392388779007
8999,Ran,0.4782146026841537,-0.3767198,0.3203771664713505
9000,Bckdk,0.47618479624298005,-1.553956,0.3222244749815097
9001,Ppig,0.47591451258767714,-0.58886635,0.3224710515772728
9002,Dlgap5,0.4737552740901959,-1.9767057,0.32444594220483264
9003,Rhog,0.47335101733474827,-0.9319279,0.32481668515188
9004,Vat1,0.4726776779540688,-1.2178608,0.32543490662510627
9005,Lgals9,0.4714669970962433,-1.367844,0.32654870267349084
9006,Utp14a,0.4703922734621562,-1.872506,0.3275398204784925
9007,Selt,0.4662405246419916,-0.6846106,0.3313899812154536
9008,Ccnf,0.4653058565161047,-2.6019409,0.33226148123715826
9009,Csde1,0.4653058565161047,-0.5395094,0.33226148123715826
9010,Fbxo9,0.46477222841921084,-2.2803907,0.3327598302834436
9011,Ankrd28,0.4639724249258803,-1.1986946,0.33350782991579714
9012,Cdk17,0.4627741579139347,-2.0347636,0.33463090077631846
9013,Rpn1,0.4627741579139347,-0.30740753,0.33463090077631846
9014,Mpp6,0.4626411237485678,-1.281989,0.334755765808194
9015,Gnai2,0.4621092004510643,-0.07591245,0.33525538472658534
9016,Cdc25a,0.4615776186757513,-0.9829995,0.335755257740697
9017,Ppp3cb,0.46104637860857156,-0.8628762,0.33625538489090767
9018,Ppp1r18,0.4605154804348274,-0.9382379,0.3367557662175725
9019,Ckap4,0.4605154804348274,-0.27250168,0.3367557662175725
9020,Csrp1,0.4589248391176167,-1.6581947,0.338258435659499
9021,Rgs19,0.45839531035782066,-1.424899,0.3387598340950704
9022,Stxbp2,0.45707298865031276,-1.8919713,0.3400144431752005
9023,Neil3,0.45654466051916787,-1.9814057,0.34051673210925476
9024,Setd8,0.4558847333424587,-0.7222118,0.3411449511982186
9025,Pcyox1l,0.45509352957329374,-3.4526558,0.3418993391598134
9026,Slc35c2,0.4523304143782628,-1.7541256,0.34454420961741317
9027,Adcy7,0.452067755885323,-2.4335725,0.34479646828194077
9028,Sf3b3,0.4519364589761421,-0.87925154,0.34492262150691855
9029,Mafg,0.45128029791180857,-0.7663177,0.34555362658391287
9030,Arhgap19,0.450755757400799,-1.8020531,0.346058717425464
9031,Hspa4l,0.44996959427330807,-2.3590584,0.34681683174790423
9032,Baz2a,0.4494459175318424,-1.3329711,0.3473225600610909
9033,Cox20,0.4476157732924275,-1.161082,0.34909461800346175
9034,Sh3bp5,0.4460504553721816,-2.123491,0.35061601292384637
9035,Slc38a2,0.4457898724723365,-0.5754753,0.3508698021171992
9036,Rassf3,0.4427994092785442,-1.2860978,0.35379296716829156
9037,Tmco1,0.4426696498657874,-0.833585,0.3539202529198528
9038,Magt1,0.44253991220149813,-0.69404554,0.3540475546448086
9039,Ccdc88b,0.44241019628821554,-2.9976563,0.3541748723437765
9040,Gas2l3,0.4421508297248127,-1.6887461,0.35442955566621925
9041,Nono,0.44137325232202607,-0.8171127,0.35519398907405275
9042,Bcl11a,0.44111423401750693,-2.5720747,0.3554489280399557
9043,Ndufa2,0.4404670694285252,-0.3797459,0.35608655512952003
9044,Dnmt3a,0.4386579078130871,-0.91260666,0.3578740370825031
9045,Etnk1,0.4364668204976273,-1.0933805,0.36004876506832895
9046,Tnpo1,0.4355664442633118,-1.2980471,0.3609455853731385
9047,Atf1,0.43453875596366087,-1.6343896,0.3619714833107203
9048,Ly6e,0.4337689096202676,-0.3027935,0.36274157925644507
9049,Kif20b,0.43325611704873956,-1.0337114,0.3632552968615721
9050,Stk26,0.43312797371805356,-1.6829615,0.36338376630695673
9051,Rbm38,0.4329998523169628,-2.9608805,0.36351225177120516
9052,Atp2a3,0.43108066444686854,-2.2201521,0.36544145641392023
9053,Hspa9,0.42827479829085524,-0.75777304,0.3682774807872654
9054,Nrros,0.42446579524611217,-1.7626319,0.37215730078959364
9055,Idh3a,0.4239594285857269,-2.0906293,0.372675701861036
9056,Mapk3,0.42269505872869306,-0.88464814,0.37397282900894
9057,RP23-361M12.2,0.42206370295348306,-1.7515671,0.3746219951206909
9058,Ighm,0.4216851549721643,-1.8177814,0.3750116876433146
9059,Uqcr11,0.4211807341811087,-0.52846164,0.375531502705438
9060,Csf2ra,0.420676667629849,-1.2369874,0.3760515749823198
9061,Ptbp3,0.4202988502677748,-0.30511662,0.37644179801037075
9062,Ppp1r15b,0.4202988502677748,-1.1512811,0.37644179801037075
9063,Cdca3,0.4200470827967735,-1.7465609,0.3767020270954366
9064,Csnk1g2,0.41640642334799893,-1.1609299,0.3804825798265465
9065,Ly86,0.41615603159851977,-4.6203184,0.38074380649547784
9066,Tnpo3,0.4156555147900134,-1.0466022,0.3812664530377438
9067,Rcc1,0.4154053897632606,-2.3622546,0.38152787292066564
9068,Mtf2,0.41353228812209364,-0.9193348,0.3834905755774329
9069,Capn1,0.4120374133775375,-2.3614967,0.38506334783651186
9070,St8sia4,0.40942910744301997,-1.6998405,0.38782128538497795
9071,Spcs3,0.40856185944840817,-0.75778556,0.38874217858519355
9072,B4galnt1,0.4080667806397069,-1.3232287,0.3892687582580404
9073,Cs,0.40769570619185636,-1.2451136,0.3896638624673991
9074,H2-DMa,0.4069541609213829,-2.0010319,0.3904545066962796
9075,Alcam,0.40646024469751585,-2.4596717,0.39098192572261964
9076,Ppp2cb,0.4051038212097362,-1.3896267,0.39243366024155196
9077,Hnrnpdl,0.40461124796930603,-0.6941363,0.39296204825057646
9078,Ythdf1,0.40461124796930603,-1.0794683,0.39296204825057646
9079,Pi16,0.40375010727576477,-2.991672,0.39388734926946856
9080,Rab27a,0.4036271768132792,-1.587977,0.39401959976246603
9081,Aurka,0.40350426876527423,-3.256656,0.39415186641552497
9082,Mfsd10,0.40289006480437595,-1.510772,0.3948134421024061
9083,Kif22,0.4022764214701693,-3.9264982,0.3954754218793702
9084,Smc1a,0.3986063467804043,-0.4886115,0.39945579055835295
9085,Mpp1,0.39653561763522904,-1.8137614,0.4017177973811576
9086,Tnfaip8,0.3960493325023041,-1.1839131,0.4022507143292378
9087,Fbxl14,0.3954419827907041,-2.2045546,0.4029172249403034
9088,Slc25a5,0.39519920058894975,-0.4214514,0.40318394257671475
9089,Cdt1,0.39447139477766824,-1.8452138,0.4039844843192849
9090,Svip,0.3922928474591971,-1.5454485,0.40638961014046215
9091,Thoc3,0.3916889927402276,-1.817491,0.4070586328415872
9092,Zbtb7a,0.3916889927402276,-0.7140936,0.4070586328415872
9093,Gmfg,0.3907239992429752,-0.8566061,0.4081299125052076
9094,Sgol2a,0.39060347668859796,-2.0279658,0.4082638954568852
9095,Smc3,0.38903873972921454,-0.7100265,0.4100071503120113
9096,Wwp1,0.3885580507761204,-1.322827,0.4105440881928807
9097,Pbx1,0.3884379350727787,-1.6310606,0.4106783632432461
9098,Rangap1,0.3858011142521435,-1.524886,0.41363652238197735
9099,Cse1l,0.3853228695663471,-1.6522734,0.4141752141073781
9100,Apaf1,0.3843674676870643,-1.3155115,0.41525337751204344
9101,Mapre1,0.3843674676870643,-0.7770643,0.41525337751204344
9102,Il6ra,0.383413516391239,-1.7462599,0.4163325811015124
9103,Ogdh,0.3832943745085692,-0.91561306,0.4164675547029001
9104,Rp2,0.38246101638263774,-3.330979,0.41741282517106426
9105,Ucp2,0.3805603729925807,-0.7472194,0.41957643592980853
9106,Cct6a,0.3804417757464511,-0.586432,0.4197117998839454
9107,Dock2,0.3803232012100618,-1.7460709,0.41984718010996774
9108,Tacc3,0.3800861202717165,-1.73457,0.42011798937996303
9109,Atad5,0.37890207860511316,-1.6627553,0.42147301223819084
9110,R3hdm4,0.37842909820858794,-0.8738016,0.4220154771709836
9111,Tmem38b,0.3763051884311531,-3.1013556,0.42445979366130665
9112,Gpr141,0.37606965340292087,-2.4267142,0.42473171016013184
9113,Igsf6,0.37207949260990303,-0.9247285,0.4293642657263549
9114,Rpa2,0.37207949260990303,-2.0601242,0.4293642657263549
9115,Slc38a1,0.3711444593398654,-2.1428037,0.4304570184632663
9116,Arhgef2,0.3710276827930934,-1.32095,0.4305936859758775
9117,Tex2,0.3699777202924015,-2.150391,0.43182442794760223
9118,Lmo4,0.36869694266227926,-0.62370026,0.4333304636697354
9119,Hnrnpab,0.3685806452797613,-0.35269296,0.4334674739701494
9120,Bcor,0.3685806452797613,-1.7587131,0.4334674739701494
9121,Pxn,0.3674189272356384,-2.2150533,0.43483847518788815
9122,Slbp,0.36383212046129587,-0.8853797,0.4390989624377049
9123,E2f2,0.3634861760688185,-2.225399,0.43951210136943575
9124,Eef1g,0.36256466419864763,-0.42551503,0.440614524816736
9125,Usf2,0.36198946288859146,-0.9946519,0.441304071113087
9126,Ccna2,0.3584359894770529,-1.6334437,0.4455883906210111
9127,Usmg5,0.35820748899428234,-0.73364997,0.44586533865758315
9128,Uimc1,0.35752253753705654,-1.5203444,0.44669657590635026
9129,mt-Nd2,0.35752253753705654,0.14571048,0.44669657590635026
9130,Cops9,0.35672447038584243,-0.534487,0.44766709814965144
9131,Hdac2,0.3547909847562858,-0.9718956,0.45002742412875885
9132,Wdr26,0.35456395163562293,-0.56633407,0.4503054210237445
9133,Pdcd6ip,0.3537700583989689,-1.1788226,0.45127892671846936
9134,Sat1,0.3527509907050278,-0.88266844,0.45253175785108424
9135,Eif5a,0.3527509907050278,-0.4185255,0.45253175785108424
9136,Rsl24d1,0.3518467135545148,-2.4300127,0.4536465011714873
9137,Mdh1,0.35094390577975765,-0.80708176,0.454762294808123
9138,Knstrn,0.3507184334687168,-1.7988316,0.4550414073624104
9139,RP24-458F14.4,0.34981746292225446,-3.1584568,0.4561585142928152
9140,Rps6ka1,0.3482443022869477,-1.3540766,0.45811598044766244
9141,Cenpa,0.34723536313127545,-1.571195,0.45937605184029195
9142,Ssrp1,0.34533466953518654,-0.79854685,0.46175981889354994
9143,Bcat2,0.34477690669461203,-2.755239,0.46246183110421185
9144,Vars,0.34421971884339875,-1.3210793,0.4631642544628978
9145,Rpl36a,0.34299592987928584,-0.17854524,0.46471103343085773
9146,Btk,0.34000388896551614,-1.886784,0.46851611546773075
9147,Kif11,0.33978292382537134,-1.5541131,0.4687984508782801
9148,Strap,0.3396724757894709,-1.0925938,0.46893964328907933
9149,Unc93b1,0.33934126982404544,-1.1389586,0.4693633193501155
9150,Hells,0.33934126982404544,-1.5980878,0.4693633193501155
9151,Brd3,0.33912058097026876,-1.1081189,0.46964585242012036
9152,Prc1,0.3382387466190784,-1.8478198,0.47077664369571215
9153,Edem1,0.33812862095221274,-1.3652078,0.47091806675114434
9154,Luc7l3,0.336040609404168,-0.49504867,0.4736082363766807
9155,Fnbp1,0.33560208765863186,-4.4512978,0.47417534624678215
9156,Cfp,0.3345073960802635,-3.0389738,0.47559427538095395
9157,Twf2,0.3338516871610483,-1.3020216,0.4764464246637413
9158,Itgal,0.3329786991256164,-2.0072043,0.4775835477191752
9159,Hnrnpd,0.33188953837661983,-0.39309764,0.47900643694636014
9160,Ier2,0.3316719828249738,-1.3723167,0.4792912128893702
9161,RP23-254N4.1,0.3301516758363061,-2.1882102,0.4812864939244763
9162,Csnk2b,0.3297181323663344,-1.1551942,0.48185716881041774
9163,Plp2,0.3293932168539361,-2.2840607,0.4822853484365661
9164,Wdr1,0.3291767217971675,-0.76208264,0.48257088412953564
9165,Iqgap2,0.3266936581606168,-1.7175167,0.4858592960497596
9166,Gse1,0.3256178704580289,-1.7677993,0.487291768314969
9167,Gstm1,0.32240434664957485,-0.6695781,0.4915991116771209
9168,Polr2l,0.32229758673512676,-0.8806147,0.49174294633855475
9169,Tpm3,0.32144433790340954,-0.51845884,0.4928942197359396
9170,Ptpn6,0.3209118071400284,-1.298753,0.4936143038411477
9171,Mad2l1,0.3205925655204779,-2.4939086,0.4940465530700495
9172,Nudcd2,0.3200609575582335,-1.9788282,0.4947672997738802
9173,B4galt6,0.3197422696258536,-1.5877595,0.4951999466129317
9174,Rfc2,0.3162504065079501,-1.4376839,0.49996890757408263
9175,Apbb1ip,0.31572352809490156,-1.4959354,0.5006930527576317
9176,Agps,0.3129930578044382,-1.1565355,0.5044652950115721
9177,Fuca2,0.3120515284995601,-2.1846926,0.505773685804461
9178,Fbxo5,0.31038231225685553,-4.191642,0.5081030358291805
9179,Pkm,0.3091342752600261,-0.6540593,0.5098528398702225
9180,Romo1,0.308822784973922,-0.7238618,0.5102906648667602
9181,Rpe,0.30871900100682104,-1.6482421,0.5104366397810723
9182,Khsrp,0.30861524010355923,-1.2128032,0.5105826313206545
9183,Ncapd2,0.30840778748783104,-2.0874197,0.5108746642777182
9184,Tipin,0.3079931590143832,-2.0028334,0.5114589297180594
9185,Fli1,0.3076824298165647,-1.166666,0.5118973034001895
9186,Sipa1,0.30479229874027136,-1.7141252,0.5159960106160922
9187,Cd44,0.30181800386726576,-1.024365,0.520254857512731
9188,Aurkb,0.3007968794932623,-2.9031317,0.5217266734856032
9189,Hmmr,0.29967630421449987,-1.5837215,0.5233475959123317
9190,Treml2,0.2990662563953047,-2.5625875,0.5242325855913141
9191,Nfe2,0.29805135299323493,-2.8222203,0.5257089023660846
9192,Cebpb,0.29592755280798233,-0.8556727,0.528814597274676
9193,Lockd,0.2947185118618153,-1.6910546,0.5305925843844177
9194,Nudt3,0.2942157231667757,-1.0957788,0.5313341218800551
9195,Vrk1,0.29171040980225693,-1.5415058,0.5350480726300276
9196,mt-Co1,0.29171040980225693,0.036495123,0.5350480726300276
9197,Cbx5,0.2916104963771228,-0.78514534,0.5351968478553573
9198,Lbp,0.2904133294120532,-2.4837177,0.5369834542348563
9199,Ctss,0.2897165113884529,-0.8911821,0.5380267529821126
9200,Atp8a1,0.288623787887474,-2.0001335,0.5396678779461812
9201,Dstn,0.28516544076814854,-0.0023717321,0.5449031078283043
9202,Psmd13,0.2825167957568633,-1.2795389,0.5489557280650882
9203,Gltp,0.28241901912197886,-1.1281638,0.5491060596684137
9204,Cbl,0.28163763200784575,-0.7501876,0.5503093158601352
9205,Hk2,0.27920525797734796,-1.7579206,0.5540764073631796
9206,Llph,0.27726967338380637,-1.0095162,0.5570976291683299
9207,Cebpe,0.27726967338380637,-1.6454715,0.5570976291683299
9208,Hmgb1,0.2762090073988901,-0.17529781,0.5587621628325177
9209,Retnla,0.274959064534662,-4.9423237,0.5607319584243858
9210,Dap3,0.27400020171975625,-1.2488124,0.5622491174506165
9211,Arid3a,0.27400020171975625,-1.5630631,0.5622491174506165
9212,Dcn,0.2690509680446551,-0.36705998,0.5701654410243053
9213,Dmp1,0.26848387681242414,-1.0463153,0.5710817897470759
9214,Txn1,0.2665055253015073,-0.4021892,0.5742937825733171
9215,Plk1,0.26416345268184516,-4.6869965,0.5781272677075922
9216,Dtymk,0.26379004220441415,-1.0139046,0.5787416026383976
9217,Fam120a,0.2634169959875491,-1.0216423,0.5793562072577663
9218,Dnajb6,0.2626719960507843,-0.88406974,0.5805862256870833
9219,E2f8,0.2625789734584334,-2.1854212,0.5807400538618717
9220,Hnrnpa0,0.2622071105951218,-0.4446958,0.5813555351846368
9221,Tmx4,0.2611863641448092,-1.3099765,0.5830495001812215
9222,Syne1,0.26007595987598764,-0.9504766,0.584899789963764
9223,Lpl,0.2589688273577109,-1.3937588,0.5867525097461826
9224,Fam96a,0.2576813051291077,-1.9446244,0.5889170885262484
9225,Atpif1,0.2576813051291077,-0.42803305,0.5889170885262484
9226,Atp6v1b2,0.2567643692859689,-1.4501091,0.5904652426596675
9227,Gusb,0.25475509086755266,-2.1385257,0.5938771285635572
9228,Hba-a2,0.25439094565642095,-3.665435,0.5944983502619556
9229,Nfam1,0.25411807451085633,-1.4057786,0.5949644440359658
9230,Luc7l2,0.2533006834791669,-0.66511595,0.596363638354615
9231,Tsc22d4,0.25140056386367293,-0.8339142,0.5996337525744562
9232,Ppp4c,0.2486138371186275,-2.2017477,0.6044747034617518
9233,Cerk,0.24736242327339297,-2.0648625,0.6066662731971356
9234,Alox5ap,0.24664931314884397,-1.0360606,0.6079200895919972
9235,Rbm3,0.24513873984208046,-0.33755136,0.6105880507627405
9236,Col11a2,0.24451862951617853,-0.7443327,0.6116880470194616
9237,Actr3,0.24248888043512729,-0.5045884,0.6153081716035186
9238,Rcc2,0.2422250067019842,-1.4321531,0.615781023405727
9239,Srsf3,0.23924854899388925,-0.3455684,0.6211506874732005
9240,Tubb4b,0.23803047773804742,-1.3226104,0.6233674317417185
9241,Csgalnact2,0.23673026773566885,-1.074057,0.625746210722398
9242,Sfxn1,0.23647082936293062,-1.3275318,0.6262224254465586
9243,Casc5,0.23543508647866462,-1.6920239,0.6281288145232513
9244,Btf3,0.2350044759247495,-0.2449563,0.6289238660222705
9245,Mpeg1,0.23371599091947515,-1.0401556,0.6313115720301025
9246,Mcm7,0.23294530773637212,-1.5114149,0.6327460332077123
9247,Nsd2,0.23021970503574662,-1.1577606,0.6378575068485398
9248,Ddx3x,0.2300501109388179,-0.54936075,0.6381775529659973
9249,Arl6ip1,0.22920347314127598,-0.50616306,0.6397788057506216
9250,Ikzf1,0.228780986791572,-2.066314,0.6405800711142118
9251,Naaa,0.22852776126798025,-2.9007723,0.6410610348363344
9252,Gria3,0.22718059589749506,-4.253981,0.6436287656305798
9253,Serinc3,0.22692863402610597,-0.56768924,0.6441107010523367
9254,Srsf1,0.2264253082621378,-0.6834623,0.6450750323233968
9255,Ppp3ca,0.22542104725109935,-0.6803553,0.6470055369222507
9256,Nasp,0.22209649265427,-1.1532735,0.65345829977176
9257,Fam126b,0.22011869419232533,-2.0408008,0.6573430722135508
9258,Tomm7,0.20804334654706125,-0.8203296,0.6818461688597482
9259,Irf8,0.20529621922034025,-1.29488,0.68761904861705
9260,Naa50,0.20257555402141614,-1.0277343,0.6934129646725343
9261,Ywhae,0.2024208846929253,-0.4140135,0.6937446813629929
9262,Tma7,0.20211180422925412,-0.6650989,0.6944083210125549
9263,Ppp1cb,0.2005715609679275,-0.90900475,0.6977306455442955
9264,Serp1,0.2005715609679275,-0.80927527,0.6977306455442955
9265,Cenph,0.1990399024761389,-4.066687,0.7010598497811016
9266,Arpc4,0.19858207615329415,-1.2975943,0.7020599531166049
9267,Nup210,0.19284945306714862,-2.767113,0.7147815884819224
9268,Ewsr1,0.1921043068270547,-0.9351658,0.7164628984893869
9269,Sfpq,0.19121292842273274,-0.4337552,0.7184827472438398
9270,Gfi1,0.18738544587114347,-4.332375,0.7272641435619582
9271,Cks2,0.1823943973679636,-1.1046568,0.7389885060818762
9272,Hnrnpm,0.1806105899180278,-0.5861995,0.7432567888612305
9273,Rps27rt,0.18011345329228068,-1.7493656,0.744453847022831
9274,Lig1,0.1797589786717746,-1.4485985,0.745309408092669
9275,Ppp6r1,0.17862814428028906,-2.218153,0.748050113517639
9276,Cdk2,0.17820544864266763,-2.7071688,0.7490790215153678
9277,Arhgap11a,0.1777834978688445,-1.6970122,0.7501085533607772
9278,Nusap1,0.17680183944054395,-1.7002724,0.7525132209138826
9279,Ccr1,0.17680183944054395,-2.9423833,0.7525132209138826
9280,Ccl9,0.1737429233740153,-1.8535609,0.7600928753836271
9281,Racgap1,0.1726404493598337,-2.3158371,0.7628574422496598
9282,Lmo2,0.17147481196373526,-1.4604009,0.7657996647089096
9283,Rbm25,0.1650027423711704,-0.798718,0.7825088376844616
9284,Ptprc,0.16394218229355972,-1.1687466,0.7853092881603243
9285,Aldh2,0.1634138322600347,-0.87589556,0.7867111851355891
9286,Anxa1,0.16124795078466292,-0.7976451,0.7925057958776133
9287,Ms4a6c,0.16098689993560655,-1.4145484,0.7932094625839942
9288,Ube2s,0.16001080231666098,-1.1908095,0.7958506971680971
9289,Mcm6,0.1590391860712127,-1.9334027,0.7984958555680239
9290,Srsf6,0.1580720409989449,-0.8632846,0.8011449391358606
9291,Tfrc,0.154184833102198,-3.0643706,0.8119583449879374
9292,Adpgk,0.15248763820579134,-1.2213707,0.8167653620655055
9293,Spn,0.1511774565155333,-1.8379166,0.8205129657187263
9294,Tgfbi,0.14944391202537216,-2.632269,0.8255217723452798
9295,Snrpf,0.14944391202537216,-1.3578864,0.8255217723452798
9296,Ctsg,0.14469473527193605,-0.93766284,0.839547270428596
9297,Sell,0.14301840228252438,-1.6859796,0.8446080779505757
9298,M6pr,0.14242333708636984,-1.0905373,0.8464188425992414
9299,Gca,0.13912604246355875,-3.599317,0.8565915685010808
9300,Rpl35,0.1383109748918111,-0.10132543,0.8591433575201533
9301,Mcm2,0.1380207726858983,-2.8326266,0.8600555455991801
9302,Baz1b,0.13634684580604992,-0.94028324,0.8653549044027475
9303,Rpl39,0.13457485013159484,-0.11496652,0.8710360951612257
9304,Rrm2,0.13395037476977584,-1.6409085,0.8730560669738915
9305,Itgam,0.13158661460106386,-1.3944526,0.8807882862581928
9306,Cmtm7,0.129807455391195,-1.139226,0.8867003634503386
9307,Rapgef6,0.12837568640101113,-1.7621233,0.891517221296324
9308,Snrpb2,0.1262510873323778,-1.5223134,0.8987648728495532
9309,Mcm5,0.12330151991712876,-2.0443034,0.9090315698961294
9310,Anxa3,0.12182073352226827,-2.0074093,0.9142787897983607
9311,Cox17,0.12182073352226827,-1.3983638,0.9142787897983607
9312,Ankrd12,0.11741056284970153,-0.9806167,0.9302928299965811
9313,Larp4b,0.11532859380575734,-1.070786,0.938063003264753
9314,Dck,0.11432358965298554,-3.2773907,0.9418641475655093
9315,Bola2,0.11248251699873471,-1.084414,0.9489149740949563
9316,Acp5,0.11046979775092974,-3.3145008,0.9567564411009176
9317,Fam107b,0.11037234873420111,-1.6403054,0.9571397155225129
9318,Adrbk1,0.1070517503861572,-1.5300066,0.9704062272314352
9319,H2afx,0.10436877608744227,-1.7039907,0.9814294093907228
9320,Pgam1,0.10390363313026833,-1.128422,0.983369266486697
9321,Eif2s3x,0.10215109471039266,-2.6006265,0.9907569748549763
9322,Arhgap30,0.10205951152220244,-1.4523003,0.9911465146214602
9323,Tfdp1,0.09902906346580448,-1.7912558,1.00423732812519
9324,Fos,0.09721031618602827,-1.89276,1.0122876442822648
9325,Atad2,0.09399537347516113,-1.5464551,1.026893522183877
9326,Cxcr4,0.09390968097880113,-2.9494698,1.0272896347950866
9327,H2-Ab1,0.09305619752166884,-2.0231988,1.0312546976559227
9328,Serpinb1a,0.09297119267731249,-0.9999874,1.031651597675527
9329,Atp6ap2,0.0904914672437269,-1.4601882,1.0433923700066463
9330,Hist1h1b,0.09003508431121779,-0.8413645,1.0455882244088643
9331,Mbp,0.08995230497236978,-2.411644,1.0459877036474399
9332,Atp8b4,0.08970433447269084,-1.5884918,1.0471865715368265
9333,Anp32a,0.08790265811868474,-1.0698236,1.0559979919475864
9334,Taldo1,0.08661076788216084,-0.963857,1.0624281109723355
9335,Frrs1,0.08661076788216084,-1.7761266,1.0624281109723355
9336,Cd177,0.08537391215213384,-1.7769669,1.0686748171240028
9337,Ywhah,0.08090978838510038,-1.2956467,1.0919989346982086
9338,Hba-a1,0.07899164766319627,-3.1915374,1.1024188272608477
9339,RP23-123N23.5,0.07854573821646649,-1.0256222,1.1048773742049571
9340,Efhd2,0.07530215205359578,-1.5517288,1.123192611958051
9341,Atp5a1,0.06791607456589803,-0.4766215,1.168027423524347
9342,Snhg8,0.06745654616761028,-1.6882875,1.1709758988234813
9343,Sod1,0.0657400220971857,-1.3010708,1.182170154275018
9344,Rab44,0.06561194767478314,-2.1729534,1.1830170701247902
9345,Hk3,0.06513349932234341,-2.8487747,1.1861955885607678
9346,Hnrnpu,0.06500640022886435,-0.5203469,1.1870438826303484
9347,Fam101b,0.06412242408096334,-1.4978697,1.192990067960337
9348,Ncf1,0.059879839634537614,-1.3387845,1.2227193714206464
9349,Srsf5,0.0587905994570879,-0.90313786,1.2306921115139609
9350,Dnmt1,0.055844737375459676,-1.9596609,1.2530177471049553
9351,Ogfrl1,0.05413153077377272,-1.9672356,1.26654969141619
9352,Rtn3,0.053750808908745805,-1.3611568,1.2696149955619158
9353,Hbb-bs,0.05291573290495799,-2.864132,1.2764151843361622
9354,Atp5k,0.052862231393803076,-1.1092395,1.2768545085981386
9355,mt-Nd4,0.05146082928367123,-0.2252215,1.288523219477782
9356,Igha,0.051043925502071326,-5.06494,1.2920559338493476
9357,Mcm3,0.050167390460619805,-2.0752695,1.299578488926964
9358,Pcbp1,0.04950564303339824,-0.63579124,1.305345294024335
9359,Kif15,0.049202699726918604,-2.841011,1.3080110670632044
9360,Pfn1,0.04710108558352252,-0.43761262,1.3269690831577214
9361,Gda,0.04671405324431658,-1.4067749,1.3305524485916835
9362,Arpc2,0.04637759871926692,-0.5576703,1.3336917414671008
9363,Fam111a,0.043101331568697415,-1.4142615,1.3655093125769806
9364,Ptp4a2,0.04205365293799686,-0.87304956,1.3761962737802131
9365,Cenpf,0.04203159812717413,-2.006574,1.3764240969177561
9366,Cenpe,0.041570703232062335,-2.4422586,1.3812126286758657
9367,Sirpa,0.04141802563249682,-1.7257038,1.3828106074548485
9368,Ptpn7,0.0406403073076799,-2.4600887,1.3910430167299188
9369,H2-Aa,0.03879117426923393,-2.526234,1.4112670734308905
9370,Pdcd4,0.035554580424173185,-1.1508343,1.449104442056522
9371,Pgk1,0.035420905939999144,-1.5349187,1.4507403353054285
9372,Suz12,0.032444981364851674,-1.9756159,1.488852470947188
9373,Hnrnpl,0.03228612776543529,-1.7218523,1.4909840389390712
9374,Hnrnpa1,0.027466411038773505,-1.510889,1.561198084950946
9375,Grn,0.027161332946817426,-1.0912204,1.5660489207964456
9376,Igkc,0.02602855827623282,-4.709077,1.5845498868280274
9377,Atp5g3,0.025405917873614466,-1.2754995,1.595065110131962
9378,Lcn2,0.024530863617329268,-0.9194706,1.6102871620407253
9379,Lbr,0.022989899195884164,-1.1739169,1.6384629329833194
9380,Sun2,0.021695610997615657,-2.0415723,1.663628114644867
9381,Tmpo,0.021151895741961912,-1.3813874,1.674650702833742
9382,Baz1a,0.019015913250136525,-1.5764133,1.720882812510048
9383,RP23-23B17.2,0.018078991249459584,-1.3818445,1.742825805443357
9384,Hnrnpk,0.017101392754741474,-0.6933852,1.7669685187851703
9385,Rsrp1,0.01691957726200794,-0.6785649,1.7716104920694993
9386,Set,0.016257644557124484,-0.79815817,1.7889423757126597
9387,Rpl23a,0.015618577131736458,-0.5685858,1.8063585333256924
9388,Rps28,0.01529360758858736,-0.3863494,1.8154900573599513
9389,Col1a1,0.014830738906948695,-0.51440245,1.8288372107237287
9390,Arpc1b,0.014388975171532576,-0.7580841,1.8419701367929175
9391,Serbp1,0.01363960065234425,-0.53073144,1.8651983450037468
9392,Cotl1,0.013449514644839072,-1.6632519,1.8712933878453253
9393,Car2,0.012924912449162766,-3.6816738,1.8885723900502114
9394,Vim,0.012587895243509927,-0.62960505,1.9000468799433492
9395,Hdgf,0.012418495044445477,-1.3587109,1.905931031654983
9396,Rrm1,0.012100692788347243,-2.1113422,1.9171897647626117
9397,Smc2,0.011996372089373987,-2.033073,1.9209500722676482
9398,Ap3s1,0.010724410001435697,-1.6295259,1.969626591000483
9399,RP24-262G23.6,0.010121801163920523,-1.1652329,1.994742198370868
9400,Myb,0.00893750580175204,-1.6565045,2.048783663269959
9401,Fn1,0.00881826210228926,-1.3323596,2.0546169969265433
9402,Mbnl1,0.007802340287435492,-0.8697851,2.1077751125050352
9403,mt-Cytb,0.006495853542201933,-0.19679642,2.1873637754125963
9404,Ms4a3,0.006478708419533263,-1.6031235,2.1885115654532354
9405,Cbx3,0.006213989810085364,-1.162985,2.2066294632515184
9406,RP23-92G13.4,0.006103550911241589,-1.1087776,2.214417428517252
9407,Gnb2,0.006002872271326417,-1.3348448,2.2216408974317785
9408,Arf5,0.005480934763143299,-1.5249331,2.2611453670895387
9409,Lmnb1,0.005415014862409668,-2.4590418,2.266400347043527
9410,Hmgn2,0.005203932157124302,-1.2727249,2.2836683739049572
9411,Dazap2,0.005068514210806373,-1.8314984,2.295119331518019
9412,Srsf2,0.004813738301702553,-1.1439193,2.3175175237859253
9413,Nin,0.004810464646388039,-1.8939342,2.317812972770376
9414,Actr2,0.004794126568181318,-1.3221954,2.319290504483189
9415,Fus,0.004558123918944743,-1.5855412,2.3412138720950137
9416,G3bp1,0.004186149962422149,-1.7990417,2.37818521778284
9417,Lcp1,0.004100396690653167,-1.4226006,2.3871741256637207
9418,Nap1l1,0.003871388179779179,-1.2629843,2.412133280273936
9419,Ybx1,0.0036847780024891583,-0.39668947,2.4335886720378146
9420,F13a1,0.0034843389405672014,-1.9461888,2.4578796054271974
9421,Alyref,0.003000234623542757,-2.637351,2.5228447813717945
9422,Cdk6,0.0025726954152871383,-1.7719182,2.5896116274274794
9423,Nucks1,0.0018954493044054121,-0.9219753,2.722287826701231
9424,Irf2bp2,0.001837494756192932,-1.0293393,2.7357738916232086
9425,RP23-381B19.2,0.0015655121231480603,-2.7269232,2.8053435649069063
9426,Crip1,0.001310968620424497,-1.0144855,2.8824077035346183
9427,Celf2,0.001110403539122456,-2.5534892,2.9545191626863168
9428,Gpi1,0.0011078411821285497,-1.5737479,2.955522494723951
9429,Hnrnpf,0.00103988537791401,-1.1807187,2.983014528473193
9430,Ywhaz,0.001032666540126612,-1.0406152,2.986039894513697
9431,Ccr2,0.0008997908721324813,-2.2737837,3.045858416819043
9432,Rpl4,0.000842442257343662,-0.9006514,3.0744598568381347
9433,Rpl22,0.0007903696487696983,-0.5048623,3.1021697455774713
9434,Hnrnpa3,0.0007525476186566742,-0.788859,3.1234660141852566
9435,Gnb2l1,0.0007412978438418567,-0.3871782,3.13000726307662
9436,Hnrnph1,0.0007147051835832697,-1.3108819,3.1458730680549167
9437,Rps15,0.0006641584971787279,-0.68329996,3.177728266662081
9438,Npm1,0.0005510728218920653,-0.6492894,3.258791007216882
9439,AC155158.1,0.0003883887222024695,-1.6514852,3.410733389362245
9440,Rps3a3,0.00036675796931172946,-1.8703095,3.435620440564418
9441,Cd74,0.0003425173471409339,-2.538367,3.4653174283268737
9442,Rpl38,0.0003290318451442933,-0.6182538,3.4827620670921284
9443,Ube2c,0.0002682878342052302,-2.8979602,3.571399020422837
9444,Slc25a3,0.00025712516123884674,-1.3680322,3.589855422958398
9445,Cd24a,0.00025559759977178127,-3.731001,3.592443228803016
9446,Capzb,0.0002432640904251903,-2.0750554,3.613921994978708
9447,Lta4h,0.00020120184222175311,-2.0897205,3.6963680471594547
9448,Srgn,0.00017773534687113234,-1.4007019,3.750226193891184
9449,Gsr,0.00016633608723223375,-1.3348179,3.77901351875642
9450,Anp32e,0.00015963459347409644,-1.8819654,3.7968729893829236
9451,Rps9,0.0001439120062267915,-0.5138469,3.8419029724252267
9452,Rps12,0.00012851132595325496,-0.41333005,3.8910585954280728
9453,Coro1a,0.0001282834972477007,-1.3644897,3.8918292089035993
9454,Hsp90ab1,0.00010897492244355251,-0.60442823,3.9626734313935468
9455,Cybb,0.00010646522811995505,-1.5297477,3.9727922110178833
9456,Laptm5,0.00010206629942567315,-1.7957451,3.991117630973592
9457,Fam49b,7.907076413185767e-05,-1.9937305,4.1019840642043235
9458,Pclaf,7.150643767455841e-05,-2.3035781,4.145654857210399
9459,Rps8,6.867679124840614e-05,-0.47819808,4.163190004362394
9460,RP23-81C12.3,5.4002419947767427e-05,-0.32861632,4.267586778206409
9461,Smc4,5.016816796845107e-05,-1.7398255,4.299571758165387
9462,Stmn1,4.7876331622944424e-05,-1.3423,4.319879133473366
9463,Ncl,4.538477577854854e-05,-0.82267004,4.3430898058257075
9464,mt-Nd1,4.33824978803282e-05,-0.41963312,4.362685445765542
9465,Actg1,4.084286294088395e-05,-0.6296212,4.388883823004096
9466,Gatm,3.765169703746501e-05,-3.5277967,4.424215444499216
9467,RP23-81C12.1,3.178275025813477e-05,-1.6112299,4.49780852467893
9468,Eif3a,2.9836287809027702e-05,-1.1341633,4.525255212176036
9469,Rpl35a,2.6075881791918696e-05,-0.46002868,4.583760996386022
9470,Tuba4a,2.5975367786216177e-05,-2.115054,4.585438294535235
9471,Pcbp2,2.1814997182286402e-05,-1.3622472,4.6612448387723955
9472,Sem1,2.1186455516059463e-05,-0.6551068,4.6739416944725765
9473,Fcnb,1.205010791321895e-05,-2.2775803,4.919009063802336
9474,Tubb5,1.1449522456665999e-05,-1.3324556,4.9412126267528995
9475,Lyz2,9.814464154316625e-06,-1.2172122,5.008133406830776
9476,Tmsb4x,8.076611549199683e-06,-0.50639147,5.092770804341146
9477,Wfdc21,7.581266728259945e-06,-1.732177,5.1202582235063545
9478,Eef1a1,2.567876462898477e-06,-0.64060336,5.5904258734271846
9479,Anp32b,2.3772358744285523e-06,-1.1983974,5.623927724506372
9480,Clec12a,1.877304470245047e-06,-2.571712,5.726465285703683
9481,Pglyrp1,1.8133091928952625e-06,-2.0687656,5.741528136710176
9482,Rps21,1.5759495474134422e-06,-0.6090875,5.802457690165417
9483,Pabpc1,8.382366358390818e-07,-0.8880765,6.0766333618807815
9484,Rpsa,6.490160064084774e-07,-0.8130415,6.1877445922456165
9485,Chil3,6.210768064923645e-07,-1.8964309,6.206854688755511
9486,Psap,5.228465432767633e-07,-1.1870668,6.281625758909877
9487,Hsp90aa1,2.556109917079061e-07,-1.7038412,6.5924204747098365
9488,Dek,1.6994534435841967e-07,-1.8601556,6.769690728386853
9489,Plac8,1.5187775035429736e-07,-1.7210929,6.818505844347296
9490,H2afy,1.2114910532531114e-07,-2.1314456,6.916679788738321
9491,Ltf,6.637894611263103e-08,-2.3730245,7.177969647093161
9492,Tuba1b,6.117389940302871e-08,-1.9345844,7.213433835421063
9493,Top2a,2.1265914068993987e-09,-2.7498171,8.672315945346455
9494,Cfl1,8.37705750611889e-10,-1.4690374,9.076908503239183
9495,mt-Rnr1,8.060748891755394e-10,-0.89488846,9.093624607767106
9496,Tkt,5.581891118556346e-10,-2.029125,9.253218639196609
9497,Mki67,5.543292113516563e-10,-2.338656,9.256232234893805
9498,Ly6c2,1.3614142926723383e-10,-2.5658398,9.86600969431013
9499,Arhgdib,1.2418868894023907e-10,-2.141646,9.905917957738653
9500,Hnrnpa2b1,3.509686215369596e-11,-1.0695032,10.454731710037072
9501,H2afz,7.20350247570307e-12,-1.3914515,11.14245629023317
9502,Rplp2,1.9548059279517102e-14,-1.0984439,13.708896352643245
9503,Gpx1,1.7985789401882123e-14,-2.0596602,13.745070496107479
9504,Rps29,6.561782651193984e-15,-1.0261209,14.18297815903842
9505,Rps26,5.576511449008633e-15,-1.2226648,14.253637401822514
9506,Elane,8.793618981170332e-21,-2.5326388,20.05583235585983
9507,Prtn3,1.277713594140145e-22,-2.9045234,21.893566484537697
9508,Camp,5.945582320521738e-23,-1.8618717,22.22580560341632
9509,S100a9,2.1510115872110563e-23,-1.3838849,22.667357250120084
9510,Rpl41,1.6446008553497474e-23,-1.2795469,22.78393948820213
9511,Ptma,1.2399854368873824e-23,-1.3910173,22.90658341541566
9512,Mpo,1.1225863221994243e-23,-2.7825916,22.949780253608868
9513,Rpl37a,1.2865675317200592e-25,-1.617405,24.890567412808757
9514,Ngp,8.924581192292945e-28,-2.7955983,27.049412155063816
9515,S100a8,1.259091076679656e-28,-1.848758,27.899942853951874
9516,Actb,6.927510117193282e-29,-1.3731107,28.15942283128546
9517,Hmgb2,3.7501252881183804e-33,-3.2998877,32.42595422266441
9518,Mir6236,7.094383501913145e-39,-2.3628597,38.14908533852225
