,gene_name,p-value,logFC,-logQ
0,Mgp,9.692413621416269e-17,3.9731367,16.013568060726676
1,Tmem176a,6.2969263512885406e-15,1.8056185,14.200871386166897
2,Igfbp7,1.0413927174772597e-14,2.2369878,13.982385463697486
3,Ftl1,5.1081090333295406e-14,2.1773026,13.291739841230864
4,Cst3,1.004229000511462e-13,1.5733529,12.998167241057429
5,Serpine2,4.482216910520946e-13,1.5415001,12.348507130227805
6,Fth1.1,1.5523798727526482e-12,1.1308652,11.809001996703168
7,Tmem176b,3.95888830060632e-12,1.2446117,11.402426751623562
8,Apoe,5.611253235090363e-12,1.4984291,11.250940131203748
9,Spp1,7.967287164131604e-12,4.9844832,11.098689529319909
10,Hp,9.935976478944428e-11,1.5479821,10.002789445254928
11,Ubb,2.0322752049539764e-10,2.8166902,9.692017481476697
12,Ifitm3,3.191723000628148e-10,1.4155815,9.495974806706876
13,Rpl13,4.3670919147372333e-10,1.8337095,9.359807667331442
14,Rps18,1.0098189322476563e-08,1.9149241,7.995756491341452
15,Rpl10,3.1473189308274283e-08,1.7130809,7.5020592460031015
16,C3,6.997860036890384e-08,1.9802227,7.155034748022596
17,H2-D1,1.0879673063572098e-07,0.9163766,6.9633841550808455
18,H3f3b,1.2117164098413562e-07,1.2433033,6.9165990105759
19,Wisp2,1.4916656012476345e-07,2.604803,6.8263285252615455
20,Enpp2,2.3239839747044e-07,3.9573855,6.633766870998336
21,Rpl29,2.7419170745025767e-07,1.9191948,6.5619456839850665
22,Rpl11,5.902149394778213e-07,1.5133631,6.228989801866446
23,Rps3,1.1754580853599158e-06,1.5452614,5.929792852393098
24,Rpl21,1.2979517892183376e-06,1.5129709,5.886741438556675
25,Nupr1,1.6382193765270222e-06,1.7171582,5.785627941625836
26,Rplp0,1.6479833024337486e-06,1.7680187,5.783047192940858
27,Ibsp,1.894214233932175e-06,1.9272257,5.722570904238249
28,Rps2,2.6702367715827044e-06,1.50377,5.573450227761729
29,Col1a1,3.206290344295815e-06,2.0895064,5.4939971528439715
30,Rpl19,3.516690810688761e-06,1.3066125,5.453865813404557
31,Dynll1,4.398629571455658e-06,1.5163274,5.3566826103910765
32,Rps5,9.161060607224266e-06,1.3556095,5.03805424366835
33,Ppib,9.654878053009901e-06,1.4566793,5.015253207253758
34,Pcolce,1.2159369935437558e-05,1.7392647,4.91508892840638
35,Ifitm2,1.412307664254832e-05,1.3865994,4.850070684068064
36,Gabarap,2.2228750871178624e-05,1.4391425,4.6530849414843845
37,Rpl9,2.5173782754060748e-05,1.2145728,4.599051520018644
38,Ctsl,2.9629755691339586e-05,1.3547573,4.52827192942918
39,Rpl32,2.9707426482737925e-05,1.1537745,4.527134968955526
40,Rpl18a,3.315005381577972e-05,1.382995,4.479515762225205
41,mt-Rnr2,3.8036810897776776e-05,0.6373552,4.4197959025536955
42,Dad1,3.82339857134684e-05,1.5569597,4.417550426460707
43,Cxcl14,4.0992634938494614e-05,1.020151,4.387294165058237
44,Rps7,5.006219277178593e-05,1.5236208,4.3004901317987025
45,Cd302,5.0189968911145824e-05,1.3287753,4.299383073330136
46,Emp3,6.613091535609812e-05,1.672983,4.179595465934289
47,Cd63,6.953352789962454e-05,1.1678282,4.157805735399787
48,Hsp90ab1,7.183334193794646e-05,1.0863051,4.143673928200604
49,Cd9,8.279337274057836e-05,1.8388215,4.082004425260857
50,Vmp1,8.67852783086223e-05,2.1901202,4.061553939473036
51,Ppia,0.00010061870533355628,1.0880523,3.9973212750654263
52,Naca,0.0001179419335953733,1.366692,3.9283317564724296
53,Ccdc12,0.00011996676316673529,1.7620015,3.920939058724458
54,Rps3a1,0.00018611493739164876,0.99859726,3.730218769446175
55,Rps11,0.00021240499367095156,1.1903133,3.672835277146854
56,Cdc42ep3,0.0002596553960690036,1.481429,3.585602647616811
57,Cd81,0.0002764150271336029,1.245113,3.5584383505026045
58,Rpl8,0.0002828756136817354,1.0975997,3.548404490860274
59,Htra1,0.0002848412103697466,2.3805315,3.5453971774599373
60,Rpl14,0.0003188133418062894,1.2714026,3.4964635123963514
61,Sec11a,0.00032027743711814186,1.8322295,3.4944736554049762
62,Timp1,0.00036144744927991507,2.7088733,3.4419548357048564
63,Rpl18,0.00036474743042447586,1.2466165,3.4380077589448654
64,Selk,0.0003993326936555294,1.3012737,3.3986651323477464
65,Rpl10a,0.00040023535429324245,1.2619768,3.3976845511413347
66,S100a6,0.00046942347645904193,1.3230145,3.3284351945804973
67,Rps4x,0.0004715251626507279,1.1159072,3.326495126449934
68,H2-K1,0.0004789503909423415,0.66004145,3.319709467912688
69,Emp2,0.0005436007763941424,1.7286775,3.264719931660936
70,Chchd2,0.0005460104480928035,1.1478878,3.2627990468453785
71,Wif1,0.0005820878047212802,1.9917572,3.235011499491506
72,Tpt1,0.0005885279790770511,0.9459142,3.2302328856329003
73,Csmd1,0.0006122659032048576,1.6921451,3.213059925542709
74,Eva1b,0.0006355003624833293,1.6568247,3.196884197392483
75,Rps13,0.0007368846179717815,1.0913407,3.1326005090216507
76,Timm13,0.0007546321887979715,1.4993815,3.122264673930692
77,Rpl28,0.000801614578129506,1.0916554,3.0960343933435572
78,Pfdn5,0.0008404181858620782,1.3329077,3.075504558438746
79,Rpl7a,0.0008678663959021742,1.192625,3.0615471273447583
80,Ssr4,0.0009272461143681733,1.5023,3.0328049779098367
81,Phlda3,0.0009716465607099142,2.4630628,3.0124916822418646
82,Limch1,0.0009988004334918362,1.477174,3.000521277831431
83,Pmepa1,0.0010201642389388314,1.5808649,2.9913299043921087
84,Rpl12,0.001224687399676244,1.0150758,2.9119747504182714
85,Itm2b,0.001339192961968907,0.5583971,2.8731568417478424
86,Drap1,0.0019534876230776483,1.8078643,2.7091893360368977
87,Myl6,0.0021938289361130773,1.0012071,2.658797239568296
88,Manf,0.0022873310388801743,1.4098226,2.640670976646045
89,Gadd45b,0.0024224591450118307,1.7385411,2.6157435386303605
90,Pfn1,0.0024561526211128656,1.1173124,2.6097446503778747
91,Tmed9,0.0024902744279287816,1.4465413,2.6037527910697422
92,Serpina3n,0.0024902744279287816,5.21742,2.6037527910697422
93,Mmp2,0.002590168901366157,2.3978212,2.586671915247075
94,Paip2,0.0027042747415159754,1.4241334,2.5679491882248455
95,Nudt4,0.002757644071812901,0.9809147,2.559461788784833
96,Axl,0.0028728643255199423,3.6752706,2.541684883604067
97,Fap,0.002912236996982526,1.2872905,2.5357732851647827
98,Nfkbia,0.00302745946068079,1.58299,2.518921663583922
99,Rpl36,0.0030628283410353025,1.0038344,2.5138773429355834
100,Rabac1,0.0031226147646458884,1.1243229,2.5054815911487003
101,Ctsz,0.003140757054982449,1.2178549,2.5029656560119173
102,Prkcdbp,0.0031834633296929232,2.74092,2.4971001484085065
103,Gpx3,0.0032266982179077297,0.74845725,2.4912416507802053
104,Hmgb1,0.0032266982179077297,1.1051193,2.4912416507802053
105,Eif1,0.0034444051441934126,0.59666055,2.4628857708249163
106,Map1lc3b,0.0035243800151503143,1.083921,2.452917270071315
107,Rpsa,0.0035786313706040085,0.8806323,2.4462830353227
108,Srrm2,0.0035923123763123748,0.8869985,2.444625905465162
109,Smdt1,0.0037388622033206064,1.2030842,2.4272605405800034
110,Cd47,0.003817776208377847,0.77568007,2.4181895328085496
111,Ifi27,0.004079038952709015,1.250596,2.3894421473757697
112,Park7,0.004164440341606917,1.6620499,2.3804433550935196
113,Cldn10,0.004315780678452255,3.2364779,2.3649406336272505
114,Luzp1,0.004488839474669156,1.6559389,2.347865925120049
115,RP24-202L5.2,0.004616276541797201,1.3071048,2.3357081823091908
116,Rab2a,0.004676860986728715,0.99413216,2.3300455387068197
117,Laptm4a,0.004862958028692473,0.94588643,2.3130994787324433
118,Bax,0.004862958028692473,1.6958822,2.3130994787324433
119,Selm,0.004881026402716476,1.3276523,2.311488843127527
120,Srp14,0.005093221277592653,1.2671043,2.2930074552689663
121,Atp5g1,0.005226431119604328,1.4343832,2.281794768902087
122,Sep15,0.00556314003912081,1.1086111,2.254680007567363
123,S100a16,0.005717815638795228,1.7936839,2.242769851836496
124,Eef1d,0.005844337071933368,1.3711854,2.2332647440965516
125,Rps19,0.006527347993358521,0.914116,2.1852632330882082
126,Pde5a,0.006539119561906735,1.3795444,2.1844807218815183
127,Ifngr2,0.006562719995217986,1.3559281,2.1829161249409874
128,Rps23,0.006766437086165041,0.9016115,2.1696399518660248
129,Ltbp1,0.00687657245598026,1.3213099,2.1626279766439684
130,Rps24,0.006926036432227783,0.54290724,2.1595152283115544
131,Arl6ip5,0.007000831788185218,1.8977497,2.1548503571917315
132,Ccdc88a,0.007478313358203459,0.9094458,2.126196340881806
133,Rps15a,0.0077483925259767055,0.8043307,2.1107883864625236
134,Cnpy2,0.008013029589417946,1.2390808,2.0962032535528357
135,Rpl23,0.008055546232264576,0.6943533,2.0939050055097868
136,H3f3a,0.008126856282531021,0.8600139,2.090077420357372
137,Rps10,0.00865718840640814,0.9985164,2.062623130828207
138,Ypel3,0.008687538410709348,1.4976777,2.061103262226608
139,H2-Q7,0.008794513671875791,1.5129062,2.0557881716085067
140,Rpl26,0.009363480111415258,0.83570755,2.028562707642176
141,Pdlim4,0.009428683390200683,2.0665824,2.0255489473783954
142,Dcn,0.0098965581504674,1.7538397,2.0045158191557753
143,Sulf1,0.010438592246728747,1.7435762,1.9813580665350201
144,Cybb,0.011195977831613566,1.0521778,1.9509379701216873
145,Krtcap2,0.011253266412457308,1.0203813,1.948721399418912
146,Ssr2,0.011291603271654986,1.335068,1.9472443891115359
147,Hspa8,0.012062709483750036,0.8543988,1.9185551315261435
148,Sepw1,0.012226535568145304,0.9753788,1.9126965844013128
149,Olfml3,0.01237149738425707,1.333727,1.9075777323544147
150,Cd200,0.012392330010801214,1.3464931,1.9068470297258058
151,Col12a1,0.012455014438292613,1.1794257,1.9046557646776814
152,Saraf,0.012923343611468576,1.5262794,1.8886251083111902
153,Mrps14,0.013053744122297912,1.5515968,1.884264904537483
154,Prdx2,0.013384849774249039,0.9724061,1.8733864987826747
155,S100a11,0.013474388895561108,0.7884225,1.870490922267674
156,Prss23,0.013519356622840751,1.0610979,1.8690439756871735
157,Colec12,0.013860862062139354,0.8863465,1.8582097583831174
158,Rasl11a,0.01416297140139006,2.898545,1.8488456217982479
159,Timp2,0.014375513473481505,0.9313811,1.8423766339623686
160,Slc29a1,0.014809053283393716,0.954109,1.8294727042701435
161,Rhoa,0.014833473157709897,0.9076089,1.8287571499408226
162,Rpl17,0.014956105540285867,0.75942326,1.8251814788346108
163,Bri3,0.01633852410586168,1.3331869,1.7867871767894967
164,Sod2,0.016445255342964267,1.3658707,1.7839593789049841
165,Anxa2,0.016579530325121473,1.0149761,1.7804277765660348
166,Cdc26,0.0173213809633469,2.4278805,1.7614174864033703
167,Emilin1,0.01743372507082578,1.3923144,1.758609807103637
168,Fam96b,0.01743372507082578,2.4126887,1.758609807103637
169,Calm1,0.01757505328583492,0.7917133,1.75510334956794
170,Tuba1a,0.017660331428246454,1.0203053,1.7530011503559617
171,Ccl2,0.01871230461558281,5.523766,1.727872721308463
172,Nrd1,0.019350939811072946,1.5212649,1.7132979378878868
173,Edf1,0.02010405725210956,1.1146591,1.6967162876347475
174,Enpp4,0.02023203285323144,0.91691536,1.6939604784459004
175,Ptges3,0.020425328908804958,1.1752195,1.6898309413008623
176,Rpl3,0.020849670672690918,0.8693718,1.6809008004582155
177,Eef1b2,0.021014913525538668,0.8188451,1.6774723927372333
178,Eif3f,0.021181296374963573,1.2100242,1.674047462960182
179,Il1r1,0.021927086216639875,1.0967785,1.6590190757602388
180,Glrx3,0.02199600474091253,1.9551487,1.657656195384415
181,Polr2j,0.022203892200868592,1.9611578,1.653570889819801
182,Btf3,0.02283783943565781,0.8175185,1.6413449847324484
183,Rpl7,0.023560612762309977,0.9100302,1.627813418646001
184,Tmed10,0.023966536505850126,0.79595405,1.620394722957554
185,Pold4,0.02475834617319893,2.7528205,1.6062783690154991
186,Eif3k,0.02514329624782631,0.97013766,1.5995777875728396
187,Rcn3,0.0254158344412902,0.99124825,1.5948956271653392
188,Tmem59,0.025809607266521147,0.8933194,1.5882186038745891
189,Rer1,0.025849273196292447,1.4341058,1.5875516634511642
190,Pdgfra,0.026128413563429834,0.720765,1.5828869584917435
191,Tmed2,0.02624884047715341,1.2338355,1.5808898764674058
192,Tmem208,0.02632939131870614,1.6307598,1.579559180771741
193,Atp5d,0.027985848764277357,1.0438137,1.5530615171277242
194,Ndufs7,0.02897840303426831,1.2066973,1.5379255516638493
195,Slc50a1,0.029641921516442172,1.1372106,1.5280936469498256
196,Jund,0.030822987788388496,1.0079707,1.5111252657759862
197,Mt1,0.03100822988352326,1.2060037,1.5085230249190749
198,Enpp1,0.031147787806059056,1.7458644,1.5065727925919017
199,Tmem167,0.03204423140951161,1.1295669,1.494250140638223
200,Cyb5a,0.032331874524059376,0.95228225,1.4903691153125058
201,Ptma,0.032476523778595695,0.6155499,1.4884304629459084
202,Med21,0.03262172703474653,2.132325,1.486493050597826
203,Mrpl33,0.03281619601930021,0.99704283,1.4839117628190117
204,Rheb,0.03296269839092971,1.585126,1.4819772433243568
205,Slc25a4,0.03315890555826481,0.91346765,1.4793998121944512
206,Scn1b,0.03335611139906336,2.5830595,1.476824584424105
207,Malat1,0.033604029114004785,0.29337946,1.4736086476972556
208,Suclg1,0.033604029114004785,2.0153863,1.4736086476972556
209,Stag1,0.0338535211880321,1.1629964,1.470396152591844
210,H2-T23,0.03400397535591584,1.3070006,1.468470307245567
211,Rbm3,0.03491875561555361,0.8032633,1.4569412414535194
212,Hint1,0.035073243986429886,0.7179977,1.4550240635952423
213,Tpm4,0.03590707142110913,0.879034,1.4448200144650536
214,Cib1,0.03617108485585698,1.4490666,1.4416384655306977
215,Bgn,0.036811476493999136,0.58834106,1.434016762821293
216,Npc2,0.03708114268149809,0.61445415,1.4308468912313481
217,Sdf2l1,0.0375707813141145,2.279434,1.4251497733454437
218,Tex261,0.03779015816630619,1.4463668,1.422621290390203
219,Tmed3,0.03806591075463664,1.0541751,1.4194637749346053
220,Cox7b,0.038903456509588194,0.9867549,1.4100118105932704
221,Anxa5,0.03901630336093119,0.85163534,1.408753880661665
222,Itgb5,0.03907283096948533,1.377913,1.4081251214118964
223,Vps29,0.03935651345817851,1.5086155,1.4049833821142197
224,Pxk,0.03958471671546219,1.7001268,1.402472458703347
225,Prdx4,0.03958471671546219,1.2131327,1.402472458703347
226,Fgfr1,0.03969923887636785,0.93477327,1.4012178195583505
227,RP24-137O21.1,0.04004449379955543,1.687795,1.3974571918610668
228,Ddx3y,0.04062557844431953,6.3986726,1.391200442298913
229,Spcs2,0.04097764836022113,0.9314746,1.3874529686650412
230,RP23-338E5.2,0.04115465061548363,1.1923133,1.3855810809251223
231,Psmd4,0.041749342866860294,1.1540161,1.3793503559059468
232,Inhbb,0.041749342866860294,3.6101668,1.3793503559059468
233,Osmr,0.042109637986423455,0.9513746,1.3756184921626007
234,Azi2,0.04271597585194378,1.3064443,1.3694096676745802
235,Aes,0.042899310462558196,1.204908,1.3675496883447096
236,Lyz2,0.04302190271820848,0.74989873,1.36631038609767
237,Gng11,0.043515236884349794,1.0133749,1.3613586479618098
238,Os9,0.044327094219129025,1.1750488,1.3533307371409962
239,Fxyd1,0.044390070792118166,0.9227455,1.3527141623726562
240,Calr,0.044579453686548164,0.67145723,1.3508652580265148
241,Gpx4,0.04611919470366358,1.1692269,1.3361182846125639
242,Nfkb2,0.04736969975424489,2.670249,1.32449936797392
243,Jak2,0.04763656564639574,1.6088703,1.3220595564794253
244,Dpm2,0.04871670095561426,2.563474,1.312322129350624
245,Rasa3,0.04885315262546418,0.7776217,1.3111074048487166
246,Snx6,0.04885315262546418,1.3045155,1.3111074048487166
247,RP23-17C12.7,0.048921498685863346,1.3222985,1.3105002470357747
248,Lage3,0.04898992498972324,1.7103536,1.3098932255074216
249,Notch3,0.04905843160693364,0.985511,1.3092863402580905
250,Arglu1,0.0491270186074092,0.9960117,1.3086795912822125
251,Hspd1,0.04995635799063676,0.9770862,1.3014092308708454
252,Lgals1,0.05002599634707606,0.99092865,1.3008042529420631
253,Tspan4,0.05051574699042173,1.4281415,1.296573220593799
254,Hsp90b1,0.05051574699042173,0.3763509,1.296573220593799
255,Imp3,0.05129346831946663,0.9977649,1.2899379341750388
256,Dapk1,0.05143594367751724,0.8854151,1.2887332879052205
257,Ctsd,0.05179358187198742,0.9891105,1.2857240535805197
258,Rnase4,0.052081188323705,1.3881588,1.2833191151360994
259,Sumo2,0.052660409575679704,0.7959453,1.2785157674144192
260,Aldoa,0.053983364525638296,0.8422861,1.2677400514322748
261,Rnf7,0.05428109150793491,1.0718147,1.265351427941059
262,Rsrp1,0.055485733544038934,0.51775116,1.2558186680407029
263,Pdxdc1,0.055943180696051836,1.6859403,1.2522528450886599
264,Psmb8,0.05640376460399454,1.060644,1.248691908566678
265,Mrpl42,0.05749074646048677,1.9336911,1.2404020524330692
266,Chrac1,0.05772592310295738,1.7241764,1.238629113494109
267,Clta,0.0580407354295117,0.83371586,1.2362670932888289
268,Tnfrsf1a,0.05827777981670263,0.86457396,1.2344970017153838
269,Carkd,0.05851562793324157,1.929337,1.2327281301783088
270,Leprot,0.05891383285714847,1.2210532,1.2297827217121422
271,Cbr3,0.059394645777153116,2.074691,1.2262527034067434
272,Cdc42,0.0602845926391032,0.64512455,1.2197936693991671
273,Bin1,0.06036604219054964,1.6639491,1.2192072970825973
274,Mtfr1l,0.061020927894224426,1.6713163,1.2145211926903743
275,Arpc3,0.0613505712206773,0.99699515,1.212181389304814
276,H2-Q10,0.06251595541564971,1.7874155,1.2040091272217088
277,Aebp1,0.06268392385400699,1.6898825,1.2028438256239085
278,Acap2,0.06293657608902019,1.0922544,1.2010968875126022
279,Gns,0.06412677532011604,0.9047397,1.1929605984718255
280,Ctnnb1,0.06524854174941895,0.8473526,1.1854291900012908
281,Pdia6,0.06524854174941895,0.6422429,1.1854291900012908
282,Tmem14c,0.06700589729108485,1.1448641,1.1738869726981709
283,Hsd17b10,0.06736200297062139,2.343062,1.1715850078184502
284,Meox1,0.06807888692015145,4.7641,1.1669875535167105
285,Mpc2,0.06834933073905645,0.86293983,1.1652657335871281
286,Ndufa13,0.06843967470884668,0.7218522,1.164692063311075
287,Pttg1ip,0.06889286813450117,0.8055697,1.1618257344079879
288,Rplp1,0.06898380205636122,0.47890806,1.1612528730797722
289,Bmp1,0.06916596573287959,1.7629879,1.1601075548265154
290,Dcaf8,0.0694399519477255,1.1721661,1.1583905883621648
291,Tagln2,0.06980665267269162,0.6316099,1.156103186526378
292,Smim14,0.06989857581046012,1.447588,1.1555316729518792
293,Myl12a,0.0704522032181102,0.95167226,1.1521054208583004
294,Parp3,0.07073036294091634,1.599769,1.1503941134030213
295,AC104921.1,0.07110264297434835,1.092245,1.148114255700024
296,Nedd8,0.0714765278528316,0.8519436,1.1458365525707135
297,Anxa1,0.07222913128816916,0.7120354,1.1412876084405983
298,Dpysl3,0.07232366133383898,0.63288116,1.1407195961273664
299,Lman1,0.07241829265482815,0.7520719,1.1401517183940075
300,Vkorc1,0.0727027950184382,1.1038141,1.1384488926106855
301,P3h1,0.07327454428908355,2.0826423,1.1350468738564568
302,Atg3,0.0734659427749575,1.3086668,1.1339139438102008
303,C1d,0.07413905990095608,1.463294,1.1299529252179163
304,Anapc16,0.0742356296870241,1.2124652,1.1293876033123225
305,Fam20c,0.07472002173029574,4.4086213,1.1265630104751505
306,Ergic2,0.07599153293658774,1.4478118,1.1192347946109076
307,Phlda1,0.07698158427690471,1.6167834,1.1136131553921484
308,H2afj,0.07698158427690471,0.7343831,1.1136131553921484
309,Calm2,0.07718085066362189,0.65370506,1.1124904390779027
310,Nrp2,0.07738053715977238,0.66801447,1.1113682598213475
311,Tmem147,0.07738053715977238,1.5791973,1.1113682598213475
312,Klf13,0.07768085592504946,0.8089965,1.1096859978081104
313,Cstb,0.07788159532662713,1.0596019,1.108565160972565
314,Ubxn1,0.07808275694329533,0.9246828,1.1074448610160281
315,Tmem134,0.07879015623404648,1.5161866,1.1035280383515769
316,Ndufa8,0.07879015623404648,1.0995499,1.1035280383515769
317,Hacd2,0.07929862686342665,2.2795708,1.1007343328690273
318,Ostf1,0.07960498792504705,1.0228717,1.0990597191912705
319,Tnrc6c,0.08063314702561382,0.91516894,1.0934863898200564
320,Pdgfa,0.08084006746667108,1.3186799,1.0923733327075658
321,Spsb2,0.08167206471389679,2.6372056,1.0879264650737048
322,Serping1,0.08293307330859051,0.2977264,1.0812722403667334
323,Nt5c,0.08314476729155347,1.5349993,1.080165077868553
324,Ubc,0.08335689884821641,0.64984727,1.0790584509322643
325,Atp6v1f,0.08356946858117068,1.1950198,1.0779523595056628
326,Rbx1,0.08367591795206653,0.8132281,1.0773995145921702
327,Zfp280d,0.08378247709300637,1.653338,1.0768468035365035
328,Elob,0.08637302331785046,0.8584536,1.0636218785117895
329,Tceal8,0.08670134218699548,1.728226,1.061974179341622
330,Chmp2a,0.0874713388150159,0.8593624,1.0581342262181501
331,Mbd3,0.0874713388150159,1.6637036,1.0581342262181501
332,Kdelr2,0.0874713388150159,0.9345693,1.0581342262181501
333,Gnptab,0.08758178735352173,1.7877142,1.0575861960489974
334,Rnf13,0.08780302194834422,1.057088,1.0564905365665023
335,Trip12,0.0879138081551729,0.7839496,1.0559429072398916
336,Pnn,0.08846943129341883,0.6938037,1.0532067644875975
337,Arf4,0.08880416156822099,0.7996566,1.0515666817015163
338,Vcan,0.08880416156822099,1.9168359,1.0515666817015163
339,Clic1,0.08880416156822099,1.0678651,1.0515666817015163
340,Timp3,0.08925205527107632,6.9206996,1.049381774290167
341,Ost4,0.08992730560886518,0.9258634,1.0461084186707374
342,Atp5b,0.09049315019657611,0.7988984,1.0433842931087745
343,Ube2i,0.0908340295828673,0.98289096,1.0417514191950186
344,Sra1,0.0909478852681009,1.0921375,1.0412073947541203
345,Fam193a,0.09117594092403926,1.4715412,1.040119746127594
346,Smarcb1,0.09174809190101077,1.3543206,1.037402959070194
347,Gas7,0.09232312444018254,2.2854383,1.034689506352889
348,Yif1a,0.09255394639520538,2.240227,1.033605058692587
349,Esd,0.0926695310170544,1.0861278,1.0330630348554464
350,Cdk8,0.09290104792457851,1.4443861,1.0319793871334295
351,Rpl34,0.0932491935706691,0.6236776,1.0303549153297076
352,Ddrgk1,0.09371501544698721,1.092424,1.0281908188953626
353,Mrpl34,0.09476993944066454,1.4326601,1.0233293968954336
354,Spcs1,0.09619128292501683,0.7293623,1.0168642829423977
355,Rexo2,0.09654927122506204,1.055508,1.0152510000215995
356,Stub1,0.09678852163928191,1.0104057,1.0141761435624719
357,Pigp,0.09714828607658456,1.659136,1.0125648569689616
358,Ssb,0.09750911888600546,0.71487445,1.010954767925175
359,Fkbp2,0.09750911888600546,1.3214623,1.010954767925175
360,Sptan1,0.097871022083836,1.4685376,1.0093458762458516
361,Tmem261,0.09884134561238075,1.2313023,1.0050613508048245
362,Brk1,0.10018806239647644,0.9285362,0.9991840224227947
363,C1s1,0.10080502330715838,0.62329084,0.9965178256263827
364,Thap12,0.1015493683588875,1.3990496,0.9933227735797341
365,Rpl30,0.1017984536997744,0.5641414,0.9922588188043256
366,Rab9,0.10267408473508227,1.3727127,0.9885391598770363
367,Rap1a,0.10317712895435112,1.0891851,0.9864165611363924
368,Tgfb1i1,0.1043161433539679,1.3874824,0.9816484775079711
369,Junb,0.10482556728186057,0.83039564,0.9795327786576152
370,Tshz2,0.1050810188419383,1.0178173,0.9784757250438789
371,Lamtor5,0.10662411975333455,1.172579,0.972144541173518
372,Klhl9,0.10753252291029429,0.90140957,0.9684601647316312
373,Scarb2,0.10766279365281518,1.424722,0.9679343552256922
374,Dhps,0.10792371002029226,2.4698281,0.9668831336322411
375,Abhd14a,0.10818512672079818,3.9526033,0.9658324418827067
376,AC159092.1,0.10818512672079818,1.5621575,0.9658324418827067
377,RP24-175N4.1,0.10897238469378794,0.66547626,0.962683545129144
378,Metrnl,0.10923580859820399,1.8608812,0.9616349721865858
379,Serpinh1,0.10976416679522617,0.50893587,0.9595394149224385
380,Parva,0.11002910225943181,1.5109991,0.9584924304866959
381,BC003965,0.1104274525591981,1.9677349,0.956922946417789
382,Fos,0.11082694113776818,1.7415947,0.955354653278901
383,Mrps24,0.11216681594858093,1.244709,0.9501356081602451
384,Taf10,0.11243631766449298,1.1794918,0.949093386154053
385,Tmsb4x,0.113383595923878,0.25201845,0.9454497736183505
386,Nhp2,0.11488486535871717,1.4090761,0.9397371803989536
387,Rnd3,0.11502211620343598,0.7882721,0.9392186464146954
388,Ddit4l,0.11543464271470084,1.2080941,0.9376638369165708
389,Arpc5l,0.1175147515031522,1.1483368,0.9299076134407421
390,Ostc,0.1175147515031522,0.78692836,0.9299076134407421
391,Suco,0.11835498691466817,0.892178,0.9268134382512191
392,Camk2n1,0.1196241655676438,1.0208658,0.922181078603871
393,Rpp25l,0.1196241655676438,1.615699,0.922181078603871
394,Rps17,0.12033385773687233,0.5770507,0.919612160195719
395,Gadd45gip1,0.12133295928119191,1.3374594,0.9160212099362496
396,Snhg12,0.12133295928119191,2.6351607,0.9160212099362496
397,Fas,0.12161960539687133,2.6664329,0.9149964100192146
398,Rps4l,0.12190678079280037,2.5651636,0.9139721370477875
399,Iscu,0.12306078654640609,1.4323919,0.9098803134339785
400,Rpl27a,0.12480777005396301,0.6515091,0.9037583763000966
401,Tmem159,0.12568848357355936,1.5140599,0.9007045134801833
402,Sri,0.12613065243189597,1.188817,0.8991793578018068
403,Rps27a,0.12672209438492768,0.55530494,0.8971476579428665
404,Commd2,0.12731569299468384,1.9781181,0.8951180616963457
405,Ecscr,0.12731569299468384,5.520015,0.8951180616963457
406,Srp9,0.12746443014990197,0.72792906,0.8946109912678822
407,Sec14l1,0.12850937809555835,1.4454069,0.891065178118384
408,Jtb,0.12880915427096348,0.88046265,0.8900532712301643
409,Fubp1,0.12925983697379057,0.5593709,0.8885363961576429
410,Mrpl57,0.12956097188028937,1.1712095,0.8875258028611224
411,Fut8,0.13001369528636098,1.2160608,0.8860108978929953
412,Sys1,0.13016487564497942,0.9520205,0.885506192200482
413,Srsf2,0.13061923536105416,0.6608957,0.8839928629075757
414,Hsbp1,0.1315316449026146,0.8323243,0.8809697486705754
415,H2-Q4,0.13229575349650263,1.400048,0.8784540958172955
416,Polr2f,0.1326023579764707,1.3914635,0.8774487531027042
417,Hoxc6,0.13306329610448228,1.1742799,0.8759417228690863
418,Eps8,0.1332172174640677,1.7161807,0.8754396417842603
419,Prkar2a,0.13414364124995098,1.4330468,0.8724299091680376
420,Fcf1,0.13429852845815515,1.8212359,0.8719287459761423
421,Crip2,0.1347640198684668,1.6907707,0.8704260429517139
422,Bmpr2,0.13507503964610854,0.63805634,0.8694248963182233
423,Col5a3,0.13569874286552003,0.68656087,0.8674241756939594
424,RP24-261H7.9,0.13601142739642075,0.8885048,0.8664246015803866
425,Ergic3,0.13648149687349903,1.0413446,0.8649262229853463
426,Fkbp10,0.13648149687349903,1.4562684,0.8649262229853463
427,Sssca1,0.1367955724370742,1.6288608,0.8639279588824569
428,Bnip3l,0.13726773100599632,1.1740408,0.8624315450148303
429,Ccdc186,0.13821581764374904,1.1980703,0.8594422527483425
430,Dynlt3,0.13980716508795263,1.5176513,0.8544705705186612
431,Rhoc,0.14044763767443988,1.0802772,0.8524855612226976
432,Trappc6b,0.14076871902677324,1.5627544,0.8514938413825727
433,Commd3,0.14092947120148283,1.1155567,0.8509981776372575
434,Angpt2,0.14173534972713434,1.495059,0.848521820346729
435,Mxra7,0.1420586906175383,1.6041881,0.8475321926218584
436,Ikbip,0.14222057336006957,0.7727377,0.8470375748406506
437,Polr1d,0.14286952119366605,0.7938597,0.8450604107417604
438,Adarb1,0.14303211269920835,1.0745354,0.8445664464344402
439,Eloc,0.14303211269920835,1.0323286,0.8445664464344402
440,Col6a3,0.14319484615596811,1.5930183,0.8440726127984366
441,Rpl15,0.14335772163005006,0.9950485,0.8435789098259221
442,P4ha1,0.1436838988943837,0.88885784,0.8425918958400326
443,Herpud1,0.1436838988943837,0.74389255,0.8425918958400326
444,Derl2,0.14384720081662858,1.2424369,0.8420985848109863
445,Ly96,0.14466584596457616,2.7514231,0.8396339889910241
446,Grb2,0.14681102919518996,1.0567667,0.8332413167722321
447,Thbs2,0.14730950931031397,1.4445877,0.831769217124132
448,Srgn,0.14764254755677494,0.7317074,0.8307884697056929
449,Sbds,0.1479761609450645,0.88868487,0.8298082440909796
450,Ufc1,0.14831034999383194,1.250636,0.8288285402166412
451,Mrps28,0.14847766055277029,1.8778534,0.8283388839123007
452,Tlr4,0.14881271406309984,1.0919746,0.8273599625296258
453,Atp6v0e,0.14965287314064785,0.66439223,0.824914940854187
454,Sept7,0.14998994824547418,0.593425,0.8239378447296367
455,Dnajb11,0.1508351691908447,1.0715125,0.8214973852252826
456,Dguok,0.15100464815282083,1.7737724,0.8210096842561552
457,Gas5,0.1513440413616214,0.585285,0.8200346731858333
458,Gas1,0.15168401537603718,1.3774667,0.8190601832195252
459,Psma5,0.152024570706369,1.3752407,0.81808621429331
460,Man1a2,0.15304972968415084,0.72998196,0.8151674331152277
461,Top1,0.15477000169911895,0.6505656,0.8103132126391932
462,Btbd7,0.15528893656945617,0.68109256,0.8088594841168282
463,Psma7,0.15563562632802727,0.53475565,0.8078909822392312
464,Rnf187,0.15580919134881327,1.3704112,0.8074069264174357
465,Cyba,0.15580919134881327,0.59601223,0.8074069264174357
466,Ppp1r12a,0.15598290321403419,0.7462788,0.8069230006628831
467,Prdx1,0.15755292829798717,0.56502694,0.8025735205646326
468,Gli3,0.15755292829798717,1.7057563,0.8025735205646326
469,Fndc1,0.15790344330556783,1.5175937,0.8016083994894717
470,Psma3,0.15790344330556783,0.7930074,0.8016083994894717
471,C1ra,0.15825454867770783,0.58783334,0.8006437982948853
472,Sptlc1,0.15843032290517134,1.6469425,0.800161692632522
473,Actg1,0.15860624490928898,0.48970804,0.7996797169159544
474,Lama4,0.15860624490928898,0.7766858,0.7996797169159544
475,Skil,0.15878231475178872,1.1904491,0.7991978711370591
476,Irf2,0.15878231475178872,0.74027014,0.7991978711370591
477,Nfic,0.16019620306328664,0.6881574,0.7953477816862667
478,Psmc2,0.16072885795323066,1.5226082,0.7939061411291336
479,Serpinb6a,0.16108470398599106,1.1951572,0.7929456966376751
480,Scara5,0.16108470398599106,2.4273202,0.7929456966376751
481,BC031181,0.1619769223294768,1.3688548,0.7905468571790231
482,Trim8,0.1621558127581718,0.8883577,0.7900674786681501
483,Tspan6,0.1623348522484973,2.0144072,0.7895882299317956
484,Ddah2,0.16287286569486426,1.2537737,0.7881512622879012
485,Snhg20,0.16359230748886255,1.7192152,0.7862371217752362
486,Ict1,0.1641334588433614,1.5715306,0.7848028783627491
487,Phb2,0.16449497493806187,1.5512344,0.7838473645225442
488,Trnt1,0.16485709041239904,1.3055553,0.7828923693533529
489,Arl1,0.1650383730665428,0.76923364,0.7824150662497953
490,Exosc3,0.16851131588281365,1.243416,0.7733709300421783
491,Rpl22l1,0.1690646528094203,0.7297078,0.771947183025985
492,Tmem126a,0.1690646528094203,1.8018534,0.771947183025985
493,Trappc4,0.170361071367773,1.3180623,0.7686296373958419
494,Psmb10,0.17129163540665848,1.0592139,0.7662638441881785
495,Fam76b,0.17129163540665848,1.442232,0.7662638441881785
496,Nip7,0.1718517976184767,2.0437129,0.76484592065971
497,Rab11a,0.172038822666573,1.4172368,0.7643735381660756
498,Taf12,0.1724133295740684,1.9180088,0.7634291611523677
499,Dazap1,0.1727884459458915,1.168188,0.7624853013808924
500,Rps9,0.1737289062866898,0.5857908,0.7601279144467193
501,Fam26e,0.17448402400364016,1.5018908,0.7582443314824049
502,Fam103a1,0.17467318577386148,1.3800411,0.7577737588077977
503,Fgfr1op2,0.17467318577386148,0.6779329,0.7577737588077977
504,Tspo,0.17581137241730094,0.67962044,0.7549530358701164
505,Mmp11,0.17619199446976552,1.7820683,0.7540138282542208
506,Vamp8,0.17695508102851276,0.5937796,0.7521369626621572
507,Cyp20a1,0.1773375464301702,1.6912174,0.7511993045507066
508,Fau,0.17752900985692832,0.44673762,0.7507306691365059
509,Appl2,0.1786810240837351,1.30204,0.7479215670987851
510,RP23-443N7.2,0.17925911247616266,0.9893021,0.7465187581286461
511,Trmt10c,0.180613391592357,3.0434928,0.7432500520344218
512,Arpc1b,0.18197525459356156,0.5041593,0.7399876643452669
513,Ccdc107,0.18236575387988918,1.6882232,0.7390567136906087
514,Tns3,0.18275687421438203,0.53947335,0.7381262785166092
515,Bach1,0.18314861602842536,0.9268547,0.7371963587547675
516,Myl12b,0.18314861602842536,0.702114,0.7371963587547675
517,Mrap,0.1835409797523233,1.5600767,0.736266954336527
518,RP23-200C3.5,0.18373739496464103,2.0183809,0.7358024453598185
519,Atxn2l,0.18432757464547134,1.4212258,0.7344096912563466
520,Eif1b,0.18670232957516109,1.1629051,0.7288502631150581
521,Ppp1r14b,0.18710030967128588,0.89152086,0.7279254936949694
522,Arhgef12,0.1878981487396677,0.67603064,0.726077498750499
523,Npdc1,0.18869849575845343,1.3548162,0.7242315618722016
524,Rras,0.1897024613976681,0.9609876,0.7219270340850326
525,Dctn3,0.1903067269206158,1.0285772,0.7205458600951689
526,Emc3,0.19233118189688458,1.0572798,0.7159502995996524
527,Fam3c,0.19273796577170876,1.193222,0.715032729033691
528,Col6a1,0.19294159464780725,0.45526567,0.7145741363856035
529,Cldn1,0.19294159464780725,1.113671,0.7145741363856035
530,Alkbh2,0.19396211042504574,2.7408988,0.7122830991442348
531,Mrpl52,0.19560316863261007,0.6230126,0.7086241142288284
532,Sept4,0.1962211822114578,0.95702225,0.7072541120376379
533,RP23-341K9.1,0.19808380456268515,2.111616,0.7031510311579952
534,Sema7a,0.19891577536346638,1.5430232,0.7013307730262686
535,Tmco1,0.19912416657493626,0.6043797,0.7008760289066375
536,Tmem5,0.19912416657493626,0.9708371,0.7008760289066375
537,Ctbs,0.19912416657493626,1.3255882,0.7008760289066375
538,Hdhd2,0.19954142754807636,1.5774964,0.6999669251013885
539,Oaz1,0.20037786503594657,0.4972117,0.6981502549788762
540,Phf3,0.20058737375751345,0.8148623,0.6976964077065221
541,Agpat2,0.20058737375751345,1.8149171,0.6976964077065221
542,Rbm26,0.20121685912187648,0.84128124,0.6963356343673052
543,Med31,0.20121685912187648,2.07773,0.6963356343673052
544,Dbi,0.20290252920336915,0.50054294,0.6927125394022339
545,Gpx8,0.20353730001428505,0.49129432,0.6913559908320505
546,Psma2,0.20374921120687461,0.7507772,0.6909040639090401
547,Birc3,0.2039612829379206,1.3005611,0.6904522649380059
548,Emc10,0.20502405128667844,1.1710095,0.6881951890496416
549,Tbcb,0.20502405128667844,0.95076895,0.6881951890496416
550,Zfp738,0.2056636417065001,1.3437061,0.6868424783679584
551,Pbx1,0.20673284538572556,0.8573961,0.6845905178741607
552,Pdlim7,0.20694716947741143,1.8552252,0.6841405092909952
553,Hadha,0.20694716947741143,1.1083786,0.6841405092909952
554,Paf1,0.2073763013783354,1.8581051,0.6832408755683952
555,Eif2s3y,0.20823650130961768,3.7621598,0.6814431416462827
556,Tmem11,0.20909928513346399,2.181502,0.6796474519414032
557,Pfkl,0.20974807039354437,2.5575333,0.6783020258331866
558,Vegfa,0.2099646556956566,0.7872531,0.6778538058766732
559,Rps6,0.2099646556956566,0.7874631,0.6778538058766732
560,RP23-303F24.3,0.21126756784703116,1.5988817,0.6751671673401767
561,Pdcl3,0.21257631595596482,1.149839,0.6724851237384407
562,Ahr,0.2127950086828042,2.5458333,0.6720385630637289
563,Pnp,0.2130138638221486,0.9371615,0.6715921299625871
564,Creb3l1,0.2132328814168558,2.5178444,0.6711458244259255
565,Cul1,0.2134520615096991,0.46109322,0.6706996464446524
566,Rab11b,0.2134520615096991,0.9897031,0.6706996464446524
567,Capn15,0.21367140414336816,2.0585942,0.6702535960096719
568,Cxcl16,0.21543200177754884,2.3292835,0.6666897831035812
569,Erp29,0.21720302634335165,0.58415025,0.6631341279088743
570,Bloc1s1,0.21720302634335165,0.5762035,0.6631341279088743
571,Fam50a,0.21786985310182816,1.5029944,0.6618028594155244
572,Ino80,0.21809245538706845,1.5831909,0.6613593579904795
573,Jun,0.21831522109010026,1.4677694,0.6609159839198501
574,Cmtm3,0.21965524936189063,1.6418496,0.65825841342456
575,Cope,0.22055187503698148,0.9847788,0.6564892456853793
576,Hvcn1,0.22055187503698148,1.3376203,0.6564892456853793
577,Ccdc124,0.22055187503698148,1.2471341,0.6564892456853793
578,Aurkaip1,0.22100117088683846,0.8248336,0.655605425372148
579,Cyp1b1,0.2216763443235502,0.25616074,0.6542806491402988
580,Snrnp40,0.22235299430458266,2.7304325,0.6529570177724947
581,Hp1bp3,0.22348402836444936,0.5002824,0.6507535089572832
582,Aamdc,0.22348402836444936,1.5745726,0.6507535089572832
583,Map1lc3a,0.22371072814145043,0.86985147,0.6503131886306169
584,Bscl2,0.22371072814145043,1.0514617,0.6503131886306169
585,Eif4a1,0.22393759233069144,0.48959273,0.6498729954277922
586,Cbfa2t2,0.2241646209708077,1.8423405,0.6494329293395383
587,Atp6v1g1,0.22461917175776602,0.6031145,0.6485531784696346
588,Supt4a,0.22461917175776602,0.8371346,0.6485531784696346
589,Emc8,0.22507438080963416,1.0821154,0.6476739359466552
590,Psmd7,0.22530223228055313,0.7224803,0.6472345052920433
591,Yipf4,0.22553024843229375,0.68689126,0.6467952016962917
592,Ndufv2,0.22621528535211766,1.0581269,0.6454780531691959
593,Pgls,0.22644396060636862,0.7549586,0.6450392577158646
594,Gpbp1,0.22644396060636862,0.75777334,0.6450392577158646
595,B2m,0.22644396060636862,0.2021777,0.6450392577158646
596,Psmb2,0.2269018057623884,0.97567546,0.6441620478368785
597,Tmem184b,0.22736031069840257,2.384576,0.6432853459326612
598,Hunk,0.22781947571311367,3.115055,0.6424091519285988
599,Mcts2,0.22781947571311367,2.951986,0.6424091519285988
600,Atxn7l1,0.22781947571311367,1.2946044,0.6424091519285988
601,Hpgd,0.22827930110377725,1.372249,0.6415334657500184
602,Acp1,0.22873978716620003,0.9884758,0.6406582873221847
603,Dtnbp1,0.22873978716620003,1.3127388,0.6406582873221847
604,Chst15,0.22966274248228125,0.5216345,0.6389094534195163
605,Rnf130,0.22989389468931465,0.84277976,0.6384725621711242
606,Polk,0.23012521232027539,0.97467864,0.6380357977949079
607,Zfand6,0.23012521232027539,0.86936826,0.6380357977949079
608,Psmb7,0.23035669541136516,1.0207919,0.6375991602814919
609,Ppp1r9a,0.2310521378060434,2.6954367,0.6362900088242511
610,Atp6v0b,0.2310521378060434,0.80811083,0.6362900088242511
611,Cbln1,0.2310521378060434,0.8586561,0.6362900088242511
612,Fam213b,0.2310521378060434,2.8042612,0.6362900088242511
613,Tpm2,0.23151659402936553,2.6726704,0.635417875328064
614,Acbd6,0.2324474948647166,1.636476,0.6336751299381649
615,Sdhb,0.23268063452794652,1.4189168,0.6332397605363393
616,Chst2,0.23291394004344712,1.8096739,0.6328045178939469
617,Rtp4,0.23338104877154653,1.3407946,0.6319344128497768
618,Scn7a,0.23431725799293113,2.036378,0.6301957234598948
619,Ddx41,0.2347863590410294,1.89192,0.6293271389631866
620,Lsm10,0.2347863590410294,2.0600295,0.6293271389631866
621,Tm2d2,0.2347863590410294,1.0844779,0.6293271389631866
622,Atraid,0.23525612474811597,0.7524369,0.6284590611645333
623,Golt1b,0.2357265553878558,1.2849963,0.6275914899882831
624,Ndufb10,0.23596202014258028,0.56614906,0.627157894359901
625,Ctsg,0.23619765123241132,1.113693,0.6267244253587224
626,Scpep1,0.236669412552439,1.86948,0.6258578672000763
627,Pdlim2,0.2369055428499225,1.0863361,0.6254247780236498
628,RP23-79E13.7,0.23714183961708624,1.8273441,0.6249918154365083
629,Tanc1,0.23761493269398803,1.7165354,0.6241262699921198
630,Mrps17,0.23785172907025598,0.9102722,0.6236936871158829
631,Olfml2b,0.23785172907025598,0.5114888,0.6236936871158829
632,Fam104a,0.23808869204926364,0.8678548,0.6232612307909511
633,Atxn2,0.23808869204926364,0.6433918,0.6232612307909511
634,Sumo1,0.23903821065181563,0.67534274,0.621532670814123
635,Smarca5,0.2399903975232589,0.52589095,0.6198061348971067
636,Rps14,0.24046749220891583,0.4056019,0.6189436257704705
637,Lgalsl,0.24118438652304985,1.1402647,0.6176508104056956
638,Myl9,0.24142368536488046,1.206598,0.6172201247992841
639,Psmc6,0.24142368536488046,0.6648877,0.6172201247992841
640,Mydgf,0.24190278434448242,0.7026462,0.6163591328018855
641,Rpl24,0.24238255192878821,0.90822095,0.6154986463612793
642,Foxs1,0.24238255192878821,1.2316749,0.6154986463612793
643,Capns1,0.24262268652613517,0.61135465,0.6150685927008448
644,Mprip,0.24286298836858067,0.62892586,0.6146386654008862
645,Smpdl3a,0.24286298836858067,0.77560735,0.6146386654008862
646,Tmed4,0.24310345748723017,1.7258152,0.614208864451821
647,Psmb3,0.24334409391309186,0.7328877,0.6137791898440634
648,Sepp1,0.243825868809999,0.36354932,0.6129202196141064
649,Wdr83os,0.243825868809999,0.9734792,0.6129202196141064
650,Utp4,0.24430831330542135,2.8088834,0.6120617546342482
651,Tceal9,0.24479142764391693,0.7259007,0.6112037948276596
652,Fnta,0.24479142764391693,1.3459013,0.6112037948276596
653,Ate1,0.24503323608031413,0.91285414,0.610775004340315
654,Hspa5,0.24503323608031413,0.2526392,0.610775004340315
655,Ecm1,0.24575966682053685,0.48135492,0.6094893904266598
656,Cdk13,0.24624479213994288,0.8087623,0.6086329456782781
657,Ubtf,0.24624479213994288,0.6495114,0.6086329456782781
658,Pik3ip1,0.24624479213994288,2.668294,0.6086329456782781
659,Ptgis,0.2467305882649803,2.624353,0.6077770057952224
660,RP23-349I9.6,0.2472170554323535,0.79307014,0.6069215707003514
661,Tbrg1,0.24746054073045454,0.58581764,0.6064940424243603
662,Ppp2r2a,0.24770419387718734,0.67069376,0.606066640316459
663,Bnip3,0.24892497835686667,2.1317842,0.6039315219600406
664,Wls,0.249414468101526,0.5528225,0.6030783574556807
665,Ssu72,0.25014996338159223,0.9029186,0.6017995563551217
666,Fer,0.25014996338159223,1.4805357,0.6017995563551217
667,RP23-106P7.2,0.25014996338159223,1.2067947,0.6017995563551217
668,Aimp1,0.25064113433990287,0.74274385,0.6009476526122848
669,Gnb2l1,0.25211868537559334,0.4768496,0.598394966085587
670,Eif3c,0.25211868537559334,0.47864887,0.598394966085587
671,Papd4,0.2523655330699953,1.5472229,0.5979699593314198
672,Cnbp,0.2526125491769369,0.46634328,0.5975450785513866
673,Ndufb5,0.2526125491769369,0.8485937,0.5975450785513866
674,Adamts10,0.2526125491769369,1.4074891,0.5975450785513866
675,Ndfip1,0.2536022982714039,1.6085719,0.5958468149777424
676,Clpp,0.2536022982714039,1.4536438,0.5958468149777424
677,Synpo2,0.25558988841623476,1.3348131,0.5924563316243465
678,Fuca1,0.25683761602003174,0.8160148,0.5903413698805635
679,Ldhb,0.2570876680954228,1.8501712,0.5899187549656846
680,RP23-55L3.5,0.2575882790038988,0.83978283,0.5890739024913418
681,AC092855.1,0.2575882790038988,1.6352798,0.5890739024913418
682,Smad4,0.2580895657568024,0.7026501,0.5882295530921036
683,Mark1,0.2580895657568024,0.83524525,0.5882295530921036
684,Tle4,0.2580895657568024,1.5130306,0.5882295530921036
685,Znrd1,0.2585915285536948,1.8551549,0.587385706689372
686,Tmem203,0.2590941675924844,1.1169198,0.5865423632044867
687,Cr1l,0.2598493945330761,1.0484759,0.5852782907758932
688,Uqcrb,0.26010147517910887,0.4635732,0.5848571846732928
689,Socs3,0.26111149006678147,0.49831003,0.5831740168679571
690,Nxt1,0.26161751322563886,2.2654047,0.5823331867901547
691,Cblb,0.2621242137789743,0.71708745,0.5814928591568909
692,Fkbp7,0.2626315919130442,0.97381735,0.5806530338890573
693,Zfhx3,0.26339392998133626,0.7750502,0.579394237749278
694,Rtfdc1,0.2639030028711047,0.98550403,0.5785556680484953
695,Mrps11,0.2646678839230545,2.4245791,0.5772987548875915
696,Col3a1,0.2649231834875553,0.684366,0.576880034831659
697,RP23-359B23.5,0.26517865269585594,0.5871136,0.5764614402580226
698,Stard3nl,0.26517865269585594,1.0350914,0.5764614402580226
699,Blmh,0.26517865269585594,1.2008995,0.5764614402580226
700,Cfdp1,0.26517865269585594,1.2632959,0.5764614402580226
701,Dopey1,0.2662022264047871,1.3288242,0.5747883165876019
702,Zfp771,0.2664585441594568,1.279669,0.5743703492762827
703,Sfxn3,0.2672285161527048,1.9686553,0.5731171998380837
704,Mrpl27,0.2677426799678613,1.9923726,0.5722823938594013
705,Psmb4,0.2682575233012481,0.5800363,0.5714480893716998
706,Rps25,0.26851519983920014,0.4344887,0.5710311251620059
707,Nenf,0.26851519983920014,0.43103024,0.5710311251620059
708,Zxdb,0.2687730463188024,2.4488876,0.5706142862950965
709,Ikbkb,0.2692892491847485,1.4352398,0.5697809845496441
710,Mef2c,0.2698061320615954,1.1771348,0.5689481840553299
711,RP24-251F16.4,0.27032369511013377,1.8463681,0.5681158847320757
712,RP23-56B11.6,0.27084193848943217,1.1523126,0.5672840864997393
713,Arhgap31,0.2711013153523538,0.56194484,0.5668683752676029
714,Cnn3,0.2716205795222729,1.111037,0.5660373285212338
715,Yam1,0.2716205795222729,0.4248741,0.5660373285212338
716,Smarca2,0.2729217184351812,0.6070044,0.5639619028744443
717,Steap4,0.2729217184351812,0.47813597,0.5639619028744443
718,Mgst1,0.2729217184351812,0.40765053,0.5639619028744443
719,Yipf1,0.27501239594899096,1.5274069,0.560647730275502
720,Gsr,0.27527449734390286,0.45861885,0.560234021719094
721,Eif5,0.27527449734390286,0.46017495,0.560234021719094
722,Ctsk,0.27606182423255643,0.8817072,0.5589936464989363
723,Mapkap1,0.27606182423255643,1.3734192,0.5589936464989363
724,Pex2,0.2763246074885709,1.5903618,0.5585804382082207
725,Mmp9,0.27685068554442527,3.76299,0.5577543967401195
726,Nfkbib,0.2776410817443895,2.7013485,0.5565162721694622
727,Mlf2,0.27816886548551045,0.9755651,0.5556914807585023
728,Mt2,0.27816886548551045,1.2993381,0.5556914807585023
729,Srek1,0.27816886548551045,0.5227333,0.5556914807585023
730,Per3,0.27869733173484956,1.6775188,0.5548671892284911
731,Myd88,0.2792264806235345,1.1864761,0.5540433974982398
732,Lars,0.2794913110981251,1.2075696,0.5536316890326345
733,Rab23,0.28028682683459716,1.4817517,0.5523973131119315
734,Pfdn6,0.2808180244103655,1.0919163,0.5515750202931671
735,Pomp,0.28161610171126694,0.543333,0.5503425175539465
736,Trmt112,0.2821490073809916,0.77406937,0.549521473268178
737,Fkbp5,0.2821490073809916,1.9589539,0.549521473268178
738,Tpr,0.2821490073809916,0.37497002,0.549521473268178
739,Eif4e3,0.2821490073809916,1.5785155,0.549521473268178
740,AC157774.6,0.2824157165015967,0.62346596,0.5491111383568065
741,Ssbp1,0.28348426189915243,0.9939106,0.5474710466831649
742,Gm26699,0.28348426189915243,2.4952238,0.5474710466831649
743,Serf1,0.28348426189915243,1.0657883,0.5474710466831649
744,Bub3,0.28401956014959584,0.8926095,0.5466517494863727
745,Sec63,0.28401956014959584,0.54092914,0.5466517494863727
746,Riox2,0.284555542252806,2.2169929,0.5458329512738228
747,RP23-205D10.2,0.2850922083202775,1.3288726,0.5450146519635994
748,Ndufab1,0.2850922083202775,1.2318299,0.5450146519635994
749,Rbl2,0.285898490093935,0.9288886,0.5437881382607723
750,Fcgrt,0.2867063113961654,0.3811814,0.5425627466267348
751,Lima1,0.2872457143995547,0.5410806,0.5417464421053317
752,Ddx58,0.28778580189759895,1.190461,0.54093063607568
753,Dnajc19,0.28832657399094164,0.71453947,0.5401153284554653
754,Ift20,0.28832657399094164,0.65450406,0.5401153284554653
755,Ptrhd1,0.28859721679180395,1.8070939,0.5397078615231551
756,Rpl27,0.28859721679180395,0.62452716,0.5397078615231551
757,Lman2,0.28941017235700395,0.75234884,0.5384862081137534
758,H2-Q6,0.28941017235700395,1.1182271,0.5384862081137534
759,Nrbf2,0.2899529988219096,1.4999485,0.5376723952272929
760,Cetn3,0.2902246689159734,0.98546964,0.5372656755690434
761,Mrpl54,0.2910407067822409,0.8922304,0.5360462636102562
762,Man2b1,0.2915855884588868,0.9708594,0.5352339447143157
763,Txndc9,0.29213115538427803,1.076309,0.5344221236497391
764,Ubn2,0.29267740764443695,0.44068813,0.5336108003336772
765,Heatr5a,0.29349807122101246,1.4903994,0.5323947484566512
766,Zcchc11,0.2937719685039494,0.6962379,0.5319896466153642
767,Rab21,0.2943202772661395,0.7788385,0.5311798160470786
768,Tspan17,0.29486927168876564,0.8858901,0.5303704828952385
769,Clint1,0.295144026046814,0.54771847,0.5299660028244926
770,Fads3,0.2965203696779716,0.998392,0.5279454671062007
771,Tmbim1,0.2965203696779716,1.4669791,0.5279454671062007
772,Aak1,0.2970721074917776,0.89775485,0.5271381227876155
773,Tsn,0.2984544535366319,0.48913646,0.5251219361827493
774,Tspan3,0.2987314373565725,0.7077779,0.5247190714967711
775,Sh2b1,0.2990085927322397,1.5430617,0.5243163309980624
776,Chic2,0.29928591967142937,0.55649006,0.52391371467616
777,Nnmt,0.29956341818182064,0.5169251,0.523511222520596
778,Ubap2,0.2998410882709758,1.5818341,0.5231088545208981
779,Csnk2a1,0.2998410882709758,0.93129855,0.5231088545208981
780,Eif5a,0.3003969432152386,0.5387585,0.5223044909471923
781,Amotl1,0.3003969432152386,0.5214843,0.5223044909471923
782,Lamtor2,0.3003969432152386,0.5088627,0.5223044909471923
783,Rab13,0.3003969432152386,2.3052096,0.5223044909471923
784,Chfr,0.3009534845623685,0.932069,0.5215006238711817
785,Mgmt,0.30151071236863725,1.1847686,0.5206972532089371
786,Nudt1,0.30206862668843437,2.780392,0.519894378876463
787,Uaca,0.30206862668843437,2.8631825,0.519894378876463
788,Gucy1a3,0.3026272275742665,1.8576531,0.5190920007896936
789,Abracl,0.3029067854953379,0.66886026,0.5186909978121598
790,Yy1,0.3034664163245433,0.37572584,0.5178893639361783
791,Sbno2,0.3043071501247169,1.360711,0.5166878431619514
792,Commd4,0.3043071501247169,1.7850004,0.5166878431619514
793,Zfp146,0.3043071501247169,2.624071,0.5166878431619514
794,Qdpr,0.3043071501247169,1.5685052,0.5166878431619514
795,Mrps33,0.3045877380959663,0.5328202,0.5162875842056521
796,Fip1l1,0.30486849776197755,0.6109323,0.5158874492159969
797,Isg20l2,0.30486849776197755,1.1691135,0.5158874492159969
798,U2surp,0.30486849776197755,0.6865904,0.5158874492159969
799,Ncoa3,0.30486849776197755,1.4324023,0.5158874492159969
800,Ehd1,0.30486849776197755,1.0782956,0.5158874492159969
801,Psma6,0.30599325347829187,0.7797455,0.5142881487126998
802,Tifa,0.3062748716955612,1.0523987,0.5138886333978896
803,Lum,0.30655666163774054,2.1338038,0.5134892419863424
804,Ddx24,0.30655666163774054,0.5851165,0.5134892419863424
805,Adam10,0.30655666163774054,0.70471823,0.5134892419863424
806,Mrps26,0.3071207567151415,1.1606128,0.5126908308307223
807,Ebp,0.3071207567151415,1.4036084,0.5126908308307223
808,Spats2l,0.30768553874593074,2.483305,0.5118929151611608
809,Bmyc,0.3085339999025343,1.1661109,0.5106969705077766
810,Slc3a2,0.3096676860784091,0.7790693,0.5091041110462602
811,Cxcl13,0.3096676860784091,2.1947753,0.5091041110462602
812,RP24-372J8.2,0.3099515370448124,1.9754771,0.5087062056475413
813,RP24-227L14.1,0.3099515370448124,1.0249497,0.5087062056475413
814,Thbd,0.31051975430717205,0.5390199,0.5079107661357032
815,Ifnar2,0.31051975430717205,0.43274423,0.5079107661357032
816,Rps3a3,0.31108865869535596,1.3279406,0.5071158216004152
817,Dock7,0.31108865869535596,0.71517825,0.5071158216004152
818,Utrn,0.31108865869535596,0.5185977,0.5071158216004152
819,H2-T22,0.31165825023138427,1.6255027,0.5063213719565194
820,Vasn,0.3119433036861947,0.5760513,0.5059243326922125
821,RP23-157G22.2,0.31279949482542035,1.617892,0.5047339570019258
822,Fnbp4,0.31279949482542035,1.305065,0.5047339570019258
823,Tmed8,0.31279949482542035,1.6150585,0.5047339570019258
824,Ccdc90b,0.3130852354703927,1.1651008,0.5043374124371465
825,RP23-161B9.10,0.3133711479178276,1.6261481,0.503940991520567
826,Coa6,0.31451651576492023,1.4736229,0.5023565441225569
827,Fbxw2,0.31509023054239715,1.5415679,0.5015650620348303
828,RP24-68G17.3,0.31509023054239715,1.1720204,0.5015650620348303
829,Actb,0.31566463256778887,0.19605395,0.5007740742404583
830,Cdc42ep5,0.3162397218476386,1.2080417,0.4999835806537299
831,Pard6g,0.3162397218476386,1.5246472,0.4999835806537299
832,Ppie,0.3162397218476386,1.5287513,0.4999835806537299
833,Asb13,0.3173919621871545,1.6117489,0.49840407576001816
834,Nabp2,0.3173919621871545,1.5523455,0.49840407576001816
835,Cuedc2,0.3173919621871545,1.1043464,0.49840407576001816
836,Chd1,0.3176804518108943,0.74109876,0.49800950828225343
837,Eprs,0.3179691132501704,0.72988683,0.4976150642812682
838,Comp,0.3185469515743391,1.3099091,0.49682654666662907
839,Bcap31,0.3185469515743391,0.6858936,0.49682654666662907
840,Snx7,0.31912547715645356,1.3614234,0.4960385228300439
841,Cyc1,0.31912547715645356,0.73383474,0.4960385228300439
842,RP23-356J2.10,0.3194149976677032,2.829917,0.49564469605160977
843,Psma4,0.3197046899913496,0.5902401,0.4952509926853865
844,Sec23a,0.3202845900719039,1.3153679,0.49446395614646144
845,Rgs10,0.3202845900719039,2.3198981,0.49446395614646144
846,Nol8,0.3208651773890313,1.4154011,0.4936774131270036
847,Abhd14b,0.3208651773890313,2.7369134,0.4936774131270036
848,Srpk2,0.3214464519316834,1.1871809,0.49289136354067764
849,Ldah,0.3214464519316834,0.72766304,0.49289136354067764
850,Plec,0.321737346908591,0.81086004,0.49249852375794034
851,Dnaja2,0.321737346908591,0.6331138,0.49249852375794034
852,Morf4l2,0.321737346908591,0.6625116,0.49249852375794034
853,Atp6v1d,0.3220284136868452,0.7565654,0.49210580730107933
854,Ubxn2a,0.32231965226451187,1.0194515,0.4917132141592825
855,Eif3m,0.32231965226451187,0.8124688,0.4917132141592825
856,Ppp2r5e,0.32231965226451187,0.8850951,0.4917132141592825
857,Utp14a,0.3237784220676988,2.02117,0.4897520977975597
858,Fxyd5,0.3237784220676988,0.83758026,0.4897520977975597
859,Ppp2ca,0.3237784220676988,0.53031415,0.4897520977975597
860,Mxra8,0.32407069139431377,0.52424943,0.48936024431886493
861,Hmgn1,0.32407069139431377,0.5624483,0.48936024431886493
862,Gabarapl2,0.32407069139431377,0.7223229,0.48936024431886493
863,Erlin2,0.32436313250334736,1.2267623,0.4889685140794323
864,Oxr1,0.32494853005685975,0.79935515,0.4881854232749632
865,Mrps15,0.32494853005685975,0.9853907,0.4881854232749632
866,Trafd1,0.3255346147033764,0.9375547,0.4874028252973296
867,Rps16,0.32582791467820127,0.34125203,0.4870117110914241
868,Sap30,0.3261213864160567,1.9278988,0.4866207200596372
869,Cmtm7,0.3261213864160567,0.6873052,0.4866207200596372
870,Thap7,0.3261213864160567,1.9301949,0.4866207200596372
871,RP23-391A14.5,0.326415029913278,2.3919108,0.48622985219109555
872,Slc38a10,0.3267088451660757,0.68503463,0.4858391074749223
873,Igf1r,0.32700283217053605,0.626722,0.48544848590023654
874,Zfp316,0.32700283217053605,2.3927627,0.48544848590023654
875,2700062C07Rik,0.32729699092262143,1.9551834,0.48505798745615214
876,Slc44a2,0.32788582365289487,1.9570303,0.48427735991622173
877,Cast,0.32788582365289487,0.3937049,0.48427735991622173
878,Med25,0.32847534332210493,1.9030699,0.48349722476795776
879,Sqstm1,0.32847534332210493,0.5499416,0.48349722476795776
880,Cyb5r3,0.32877036074739463,1.6399974,0.4831073418134393
881,Abr,0.3290655498934689,1.1589311,0.4827175819241153
882,Vps54,0.3290655498934689,1.1498477,0.4827175819241153
883,Ythdc1,0.3290655498934689,0.65848327,0.4827175819241153
884,Stx8,0.3293609107554183,1.5972171,0.48232794508906907
885,Six5,0.32995214760667946,2.1920736,0.48154904053812225
886,Rab31,0.3302480235855477,1.1328242,0.48115977280036637
887,Dnajc30,0.3302480235855477,1.8409873,0.48115977280036637
888,Kmt2a,0.33054407125940355,0.43790516,0.4807706280731782
889,Fam76a,0.3308402906227125,0.95035297,0.48038160634561944
890,Mmadhc,0.3308402906227125,1.396788,0.48038160634561944
891,Il1rn,0.3308402906227125,0.4027154,0.48038160634561944
892,Fbxl15,0.33113668166981514,2.1850348,0.47999270760674667
893,Card19,0.33143324439492683,1.4130161,0.4796039318456125
894,Srp68,0.33143324439492683,1.4450666,0.4796039318456125
895,Rps20,0.33172997879213706,0.32226437,0.4792152790512657
896,Stx16,0.33202688485541065,0.8413679,0.4788267492127498
897,Ngrn,0.33202688485541065,1.7505637,0.4788267492127498
898,Diaph2,0.3329186329793754,1.0571004,0.4776618973225591
899,Cd82,0.3329186329793754,1.489422,0.4776618973225591
900,Anapc4,0.3332162256440385,1.4012064,0.4772738591977166
901,Fxr2,0.3332162256440385,0.9576426,0.4772738591977166
902,Mapk9,0.3332162256440385,1.044753,0.4772738591977166
903,Tjp1,0.3332162256440385,0.89791983,0.4772738591977166
904,RP23-211B19.2,0.33440831257420733,0.6877443,0.47572293559833495
905,Agpat4,0.33500538570407257,1.7382804,0.4749482109847712
906,Cdk11b,0.33560314519933643,0.94056374,0.47417397771128844
907,Cebpz,0.3368007230405863,0.63336,0.4726269848321275
908,Nsd1,0.3377007076633236,0.4322775,0.47146802928477066
909,Set,0.3377007076633236,0.36018774,0.47146802928477066
910,Mrpl43,0.3377007076633236,0.8577379,0.47146802928477066
911,RP24-315N18.1,0.3377007076633236,1.2009543,0.47146802928477066
912,Slc35b1,0.3377007076633236,1.1739563,0.47146802928477066
913,Smim19,0.33800104558679367,1.3367918,0.47108195625526694
914,Megf10,0.33860223595566286,2.1316175,0.4703101783593932
915,Fkbp8,0.3389030883833155,0.8293109,0.4699244734709118
916,Gucd1,0.3392041122944047,1.6872411,0.4695388912739852
917,Psmd12,0.3392041122944047,0.9285396,0.4695388912739852
918,Rap2a,0.3392041122944047,0.9559009,0.4695388912739852
919,Ifnar1,0.33950530767973974,0.8812795,0.4691534317575468
920,Eef2kmt,0.33950530767973974,1.444832,0.4691534317575468
921,Pnrc1,0.33950530767973974,0.4055457,0.4691534317575468
922,Tnfaip3,0.34040992258741054,2.4662797,0.4679977891804231
923,Ndufa10,0.34040992258741054,0.9527049,0.4679977891804231
924,Smim20,0.34071180377528365,1.2304548,0.46761282027517775
925,Snrnp27,0.34101385638954385,0.83271986,0.46722797399501875
926,Tmem38b,0.341618475857284,0.8702244,0.46645864926558017
927,Unc50,0.341618475857284,0.8959616,0.46645864926558017
928,Mthfs,0.341618475857284,2.4850726,0.46645864926558017
929,Ccdc28b,0.34222378090947325,2.4448912,0.4656898149033043
930,Pam16,0.34222378090947325,0.8554172,0.4656898149033043
931,Rnf111,0.34222378090947325,0.74548924,0.4656898149033043
932,Cox19,0.3425266905038169,1.3217274,0.4653055815820815
933,Trmt13,0.3425266905038169,0.9202462,0.4653055815820815
934,Wbscr22,0.34282977146291405,2.4850926,0.4649214708193159
935,Comt,0.34282977146291405,0.792743,0.4649214708193159
936,Spag7,0.34313302377604593,1.1734546,0.4645374826038866
937,Ndufb2,0.34313302377604593,0.6033781,0.4645374826038866
938,Vps28,0.3434364474323661,1.0198117,0.4641536169246686
939,Apc,0.3434364474323661,0.73389906,0.4641536169246686
940,Pcdhga6,0.3434364474323661,2.435313,0.4641536169246686
941,Uhrf2,0.3434364474323661,0.49806646,0.4641536169246686
942,Ifi204,0.34404380873054463,1.3179847,0.4633862531303452
943,Cwc15,0.34465185526811926,0.7831305,0.4626193793472556
944,S100a13,0.34526058695371087,0.37662032,0.46185299548623904
945,Srsf9,0.34587000369389054,0.7882884,0.46108710145806264
946,Use1,0.34587000369389054,0.49954757,0.46108710145806264
947,Mef2a,0.34617496892969346,0.56027544,0.4607043381033845
948,Phax,0.34648010539317753,0.7763689,0.4603216971734217
949,Pdcd6,0.3467854130720869,0.80500835,0.45993917865699974
950,Arpc1a,0.347090891954037,0.843531,0.45955678254293986
951,Usmg5,0.347090891954037,0.56708586,0.45955678254293986
952,Slit2,0.347090891954037,0.6968019,0.45955678254293986
953,Egr1,0.3477023632768781,0.8104716,0.45879235747716907
954,Rab24,0.34831451926005297,1.1590803,0.4580284218865889
955,Pdk4,0.34831451926005297,2.176372,0.4580284218865889
956,Atp5g3,0.34831451926005297,0.31777617,0.4580284218865889
957,Tmem86a,0.34831451926005297,0.37344146,0.4580284218865889
958,Eif2b4,0.3486208539669372,1.0240383,0.4576466376165008
959,Htra2,0.3489273597998537,1.5508759,0.4572649756816074
960,Ncam1,0.34923403674551645,0.5625697,0.4568834360706989
961,Podxl2,0.34954088479051115,2.0432222,0.4565020187725604
962,Eri3,0.34954088479051115,1.5713406,0.4565020187725604
963,Eif2s1,0.34984790392129417,0.91978383,0.4561207237759727
964,Hdlbp,0.34984790392129417,0.46862474,0.4561207237759727
965,Cdk14,0.3501550941241929,0.70294094,0.45573955106971187
966,H2-M3,0.3504624553854059,1.2685989,0.45535850064254946
967,Nae1,0.35076998769100176,1.1148256,0.4549775724832531
968,Cisd1,0.35076998769100176,0.74239206,0.4549775724832531
969,Magoh,0.35076998769100176,0.7304591,0.4549775724832531
970,Apobec1,0.35138556537897314,0.84384346,0.45421608292330384
971,Cdc42bpb,0.352001827074074,0.81518537,0.4534550822999114
972,Fyb,0.352001827074074,0.894731,0.4534550822999114
973,Lzts2,0.3523102143880966,0.7901525,0.4530747653112939
974,Rnf5,0.3526187726602008,1.4531543,0.4526945705230506
975,March8,0.35323640201917716,1.6962531,0.45193454750262474
976,Eif3i,0.35323640201917716,0.7226954,0.45193454750262474
977,Ahctf1,0.35323640201917716,0.69474995,0.45193454750262474
978,Golph3,0.354473711572603,0.93985146,0.45041596737032485
979,Cct8,0.354473711572603,0.63291514,0.45041596737032485
980,Mdh2,0.3550933915203224,0.4577388,0.4496574100778944
981,Araf,0.3550933915203224,1.5292993,0.4496574100778944
982,Ubfd1,0.3554034877319384,0.7746929,0.4492783145855767
983,Rchy1,0.3554034877319384,0.92683387,0.4492783145855767
984,Psip1,0.35571375474742817,0.71827424,0.4488993411807851
985,Bbip1,0.3569565305234581,1.1809185,0.44738466821061806
986,Dlx5,0.3575789428090025,1.4256817,0.44662806395642307
987,Fibp,0.3575789428090025,1.5968686,0.44662806395642307
988,Sf3b1,0.35789040499251645,0.39242333,0.44624994484738784
989,H6pd,0.35820203784717053,0.5081316,0.4458719477352742
990,Scfd1,0.35820203784717053,1.4459037,0.4458719477352742
991,Atp1a1,0.35851384135578657,0.3735066,0.4454940726087355
992,Mrpl20,0.35913796026553657,0.56118137,0.44473868826697627
993,Susd6,0.35976276158172404,0.5416868,0.44398379173125047
994,Hnrnpd,0.3603882451622147,0.3814933,0.443229382910625
995,Cbll1,0.3607012427565839,1.0217516,0.4428523613650387
996,Grpel1,0.3607012427565839,0.98484546,0.4428523613650387
997,Tapbpl,0.36132774946244506,1.2385592,0.44209868394640606
998,Brpf1,0.36132774946244506,1.3684161,0.44209868394640606
999,Cript,0.36132774946244506,0.65040433,0.44209868394640606
1000,Cherp,0.36289699921118534,2.2807512,0.44021662295792163
1001,Pmp22,0.3638405937786877,0.5355348,0.43908884823412175
1002,Marveld1,0.3638405937786877,1.1260386,0.43908884823412175
1003,Ildr2,0.3638405937786877,1.2228113,0.43908884823412175
1004,Nsg1,0.36415546597191595,0.8175419,0.4387131669025556
1005,Tgm2,0.36447050846783546,0.5460674,0.43833760734012195
1006,Exoc3l4,0.3647857212466452,0.78058624,0.4379621695353837
1007,Atp10d,0.36510110428841314,1.1505599,0.43758685347689824
1008,RP23-349B15.4,0.36573238108043404,1.0587834,0.4368365865528959
1009,Kras,0.36573238108043404,0.9217976,0.4368365865528959
1010,Hscb,0.36604827479016355,2.208015,0.43646163566447177
1011,Dennd4c,0.367630295653659,1.0754051,0.43458870649957004
1012,Dhx36,0.3679472101433393,0.5423291,0.43421448564171455
1013,Lrrc59,0.3679472101433393,1.2306628,0.43421448564171455
1014,Exosc8,0.3682642946894015,1.3605242,0.433840386415439
1015,Aga,0.36889897386500203,1.0152028,0.4330925528116545
1016,RP23-254N4.1,0.36889897386500203,1.1682795,0.4330925528116545
1017,Rmnd1,0.3692165684513762,2.1736355,0.4327188184111463
1018,Trps1,0.3695343330078027,0.34953994,0.4323452055962206
1019,Rpl7-ps7,0.37048864627760303,2.112944,0.4312250965498056
1020,Ppfia2,0.37048864627760303,2.0903993,0.4312250965498056
1021,Rpl6,0.37080709049378346,0.27524802,0.43085196996205377
1022,Arid4a,0.37080709049378346,0.5686632,0.43085196996205377
1023,Yif1b,0.37112570456912586,2.059467,0.43047896490228355
1024,Rab34,0.37208256572370546,1.1164181,0.4293606787754973
1025,Sdccag3,0.37208256572370546,0.9717006,0.4293606787754973
1026,Tmem115,0.3724018590086122,2.1505513,0.428988159712266
1027,Got2,0.3727213220384755,1.0124278,0.42861576211929964
1028,Gtf2a2,0.3727213220384755,0.7421606,0.42861576211929964
1029,Nkd2,0.37336075723998086,1.0279608,0.4278713312979282
1030,Nradd,0.37336075723998086,1.2020447,0.4278713312979282
1031,Smg1,0.37336075723998086,0.7214163,0.4278713312979282
1032,Fabp4,0.37400087114071023,0.6008927,0.42712738621887064
1033,Snrpb,0.37400087114071023,0.44020045,0.42712738621887064
1034,Robo1,0.3743211825441052,1.843274,0.42675559580377886
1035,Zmat3,0.3743211825441052,1.8973571,0.42675559580377886
1036,Agmo,0.37464166355102546,1.6104124,0.4263839267895396
1037,Ebna1bp2,0.37464166355102546,1.0720776,0.4263839267895396
1038,Fcer1g,0.37528313427915816,0.5750512,0.4256409529172749
1039,Ehmt2,0.37528313427915816,0.9934682,0.4256409529172749
1040,Cnot4,0.37528313427915816,0.5217456,0.4256409529172749
1041,Ppp1r11,0.37592528313121054,0.97649354,0.42489846450934055
1042,Lyrm2,0.37592528313121054,0.9517443,0.42489846450934055
1043,Lgals3,0.37592528313121054,0.73757744,0.42489846450934055
1044,Polr2h,0.37592528313121054,1.5864902,0.42489846450934055
1045,Mllt4,0.3768897774622383,1.1487457,0.4237856419400179
1046,Pold3,0.3768897774622383,1.4267762,0.4237856419400179
1047,RP23-403O11.1,0.3768897774622383,1.6757445,0.4237856419400179
1048,Mrps18c,0.3768897774622383,0.49407977,0.4237856419400179
1049,RP23-12I24.9,0.3768897774622383,1.7876608,0.4237856419400179
1050,Rnf10,0.37721161442081863,0.5491175,0.4234149437151516
1051,Zfp467,0.37721161442081863,0.9471688,0.4234149437151516
1052,Prkca,0.377533620761789,1.7269909,0.4230443667867063
1053,Ppp1r2,0.3778557964599115,0.51951385,0.4226739111430555
1054,Hoxb4,0.3778557964599115,0.8001333,0.4226739111430555
1055,Gnb4,0.37817814148981554,1.3896273,0.42230357677256736
1056,Arf5,0.37817814148981554,0.3841224,0.42230357677256736
1057,Lzic,0.37817814148981554,1.6760424,0.42230357677256736
1058,Dnajc1,0.378500655825996,0.37221798,0.4219333636636062
1059,Fam129a,0.37914619231449886,0.8559414,0.42119330118369747
1060,Nck1,0.3794692144151437,0.8489318,0.42082345178945413
1061,Mif,0.3797924057187091,0.84636563,0.4204537236101471
1062,Hist1h1e,0.38011576619902143,0.49493545,0.4200841166341172
1063,Hnrnpc,0.38043929582977376,0.5021399,0.41971463084970023
1064,Usp4,0.38043929582977376,1.2198684,0.41971463084970023
1065,RP24-227O16.1,0.38043929582977376,1.1543366,0.41971463084970023
1066,Rab5c,0.3807629945845249,0.632596,0.41934526624522744
1067,Stt3a,0.3814108993595887,0.5492558,0.4186069005294172
1068,Med10,0.3814108993595887,0.84360677,0.4186069005294172
1069,RP24-358M18.1,0.38205948031000425,1.5824482,0.4178690193932436
1070,Itga9,0.38238402428344187,0.62993616,0.4175002605132997
1071,Pla2g16,0.38303361909055,1.1673366,0.4167631060712137
1072,Rad23a,0.3843348353743681,1.1040113,0.41529025013044923
1073,RP23-335G1.1,0.3843348353743681,2.9445207,0.41529025013044923
1074,Vegfb,0.3849864564054837,1.6901094,0.4145545484442873
1075,Tmem205,0.3849864564054837,0.87848794,0.4145545484442873
1076,S100b,0.38531252004481065,1.0337983,0.414186879131213
1077,Pkd2,0.38531252004481065,0.5382428,0.414186879131213
1078,Polr2c,0.3856387523954229,0.9393667,0.41381933082249234
1079,Wdr12,0.3869453683369187,1.8271381,0.41235034739621107
1080,Ing3,0.38759968782566334,1.8825959,0.4116165814036417
1081,Coa3,0.387927100347234,0.70240784,0.4112498797963196
1082,Cggbp1,0.38825468134760543,0.40747344,0.4108832990992725
1083,Cx3cr1,0.38825468134760543,1.6158338,0.4108832990992725
1084,Bace1,0.38825468134760543,0.72368807,0.4108832990992725
1085,Mrpl12,0.38891034866594865,0.9581896,0.4101505003888739
1086,Vps25,0.38923843492418175,0.93006575,0.40978428235194625
1087,Mrpl18,0.38956668954173834,0.71372455,0.40941818517814116
1088,Dnm3os,0.3902237037338604,0.4519727,0.408686353372694
1089,Akap8l,0.3902237037338604,1.0432712,0.408686353372694
1090,RP23-140G16.1,0.39055246324760684,1.1761266,0.40832061871743836
1091,Upf3a,0.3908813909990395,1.0374185,0.40795500487807734
1092,Lztfl1,0.3908813909990395,1.3961774,0.40795500487807734
1093,Tbx2,0.3908813909990395,2.4718938,0.40795500487807734
1094,Slc20a2,0.3908813909990395,2.7162209,0.40795500487807734
1095,Ak3,0.3908813909990395,0.5063763,0.40795500487807734
1096,RP24-64D24.4,0.3908813909990395,1.9750972,0.40795500487807734
1097,RP24-482A24.11,0.39153975109183903,2.028877,0.4072241395997601
1098,Rbfox2,0.39186918337130616,0.50344306,0.4068588881371521
1099,Riok3,0.39285848876773544,0.6145354,0.4057638583135231
1100,Rpl3-ps1,0.39285848876773544,2.4199557,0.4057638583135231
1101,Lnpep,0.3931885933144764,0.6033025,0.405399089854237
1102,Nsmce4a,0.3931885933144764,0.87159884,0.405399089854237
1103,Hoxb7,0.3935188658491384,1.6396714,0.40503444211616413
1104,Mrpl17,0.3935188658491384,1.1518482,0.40503444211616413
1105,Phpt1,0.3941799147547722,0.93649644,0.40430550875622595
1106,Naa15,0.3941799147547722,0.7872516,0.40430550875622595
1107,Gtf2b,0.3948416352283728,1.4969947,0.4035770581388001
1108,Zfp560,0.3955040270115081,1.0081956,0.4028490901689018
1109,Tax1bp3,0.39583547456279766,0.95229656,0.4024852871470723
1110,Relb,0.3961670898435755,1.2582734,0.4021216047514712
1111,Usp48,0.3968308234618019,0.9888185,0.40139460179137226
1112,Erbb2,0.3968308234618019,1.8222129,0.40139460179137226
1113,Nudt2,0.3968308234618019,1.7922857,0.40139460179137226
1114,Wars,0.39749522760124234,1.7248411,0.4006680811933927
1115,Snx13,0.39816030199477803,1.1568557,0.3999420428622452
1116,Tgfbr2,0.39816030199477803,0.7423845,0.3999420428622452
1117,Psenen,0.39816030199477803,0.6715015,0.3999420428622452
1118,Vps13c,0.3988260463731167,0.7307475,0.399216486702566
1119,Atf1,0.3991591697218386,0.8773648,0.3988538894072048
1120,RP23-221O14.10,0.3991591697218386,1.0063287,0.3988538894072048
1121,Cebpzos,0.3994924604647909,1.3647076,0.3984914126189148
1122,Usp14,0.3998259185677001,0.8972112,0.3981290563257541
1123,Eci1,0.4001595439961566,1.4948328,0.39776682051577616
1124,Unc5b,0.4001595439961566,1.743894,0.39776682051577616
1125,Isyna1,0.40082729669139316,1.8256305,0.39704271029755756
1126,Elovl1,0.40149571827250063,1.0660658,0.3963190818685913
1127,Ap3s1,0.40149571827250063,0.71554893,0.3963190818685913
1128,Rhoq,0.40149571827250063,0.7423069,0.3963190818685913
1129,Scara3,0.40149571827250063,0.3900728,0.3963190818685913
1130,Izumo4,0.40149571827250063,1.4424865,0.3963190818685913
1131,Psmc3,0.40149571827250063,0.59917474,0.3963190818685913
1132,Efhd2,0.40183017980778557,0.69773126,0.39595744829516055
1133,Hspg2,0.40183017980778557,0.8064007,0.39595744829516055
1134,Dusp23,0.4021648084593009,1.4585061,0.39559593513313274
1135,Ccdc3,0.4021648084593009,1.7079798,0.39559593513313274
1136,Snapc5,0.4028345669694352,0.67364943,0.394873269995361
1137,Hmgn2,0.40316969675691905,0.42212087,0.3945121179956429
1138,Prkra,0.40350499351836344,1.5850642,0.3941510863593791
1139,Lsm4,0.40417608781936354,0.8838842,0.3934293841292137
1140,Gpr176,0.40417608781936354,0.82118136,0.3934293841292137
1141,Surf4,0.40417608781936354,0.45233375,0.3934293841292137
1142,Ddit4,0.4048478495835304,1.2454774,0.3927081632088145
1143,Vat1,0.4048478495835304,1.2413843,0.3927081632088145
1144,Cep162,0.4048478495835304,1.397571,0.3927081632088145
1145,Gypc,0.4048478495835304,0.6939679,0.3927081632088145
1146,Wac,0.4051839806734211,0.40951765,0.392347733209741
1147,Adgrl1,0.40552027851977435,0.9091826,0.3919874235020556
1148,Faf1,0.40552027851977435,1.2793947,0.3919874235020556
1149,Tmem140,0.4058567430858626,0.90466267,0.3916272340737306
1150,Ube2d3,0.40653017222965027,0.35580602,0.39090721600702727
1151,Hhip,0.4068671367332114,1.5120294,0.3905473873445693
1152,Nab1,0.4068671367332114,0.65544,0.3905473873445693
1153,Abhd4,0.4068671367332114,1.3474157,0.3905473873445693
1154,Aig1,0.4075415654172969,0.5814036,0.3898280907012065
1155,Pvrl3,0.4075415654172969,0.74095887,0.3898280907012065
1156,Specc1l,0.4075415654172969,1.1073909,0.3898280907012065
1157,Rhoj,0.4082166600872438,1.3829143,0.3891092748862119
1158,Cbfb,0.40889242044102836,0.6747722,0.38839093980307615
1159,Bloc1s2,0.4092305501543788,2.3380072,0.3880319525057751
1160,Adamts2,0.4095688461744378,0.37298715,0.3876730853552129
1161,Tbk1,0.4095688461744378,1.1466149,0.3876730853552129
1162,Zc3h15,0.41024593698106904,0.4277024,0.3869557114459587
1163,Degs1,0.41092369255232786,0.5032332,0.38623881797857335
1164,Col1a2,0.41092369255232786,0.22259535,0.38623881797857335
1165,Stam2,0.41126281952765753,0.61665463,0.3858805513803292
1166,Snhg18,0.41160211257742785,0.6751226,0.3855224048562398
1167,Neo1,0.41160211257742785,0.95512295,0.3855224048562398
1168,Smap1,0.41228119674339003,0.4773953,0.3848064719820637
1169,Gapdh,0.4129609447350415,0.36367482,0.38409101925907385
1170,Spsb3,0.4129609447350415,1.0814537,0.38409101925907385
1171,Cyp4v3,0.4129609447350415,1.153388,0.38409101925907385
1172,Trmt11,0.41364135623501497,2.6761045,0.38337604659022206
1173,Nsmce3,0.41364135623501497,1.5886172,0.38337604659022206
1174,Psmb6,0.41364135623501497,0.46592882,0.38337604659022206
1175,Wiz,0.41398181070084483,1.9813693,0.38301874024574933
1176,Timm17a,0.414322430923748,0.68372273,0.38266155387838274
1177,Asb8,0.414322430923748,1.164875,0.38266155387838274
1178,Uqcr10,0.4153452857313239,0.44612685,0.3815907145173703
1179,Tpp1,0.4156865685782616,0.72360337,0.3812340079368534
1180,Papss1,0.4156865685782616,1.1432459,0.3812340079368534
1181,Usb1,0.4156865685782616,2.1973593,0.3812340079368534
1182,Gpsm3,0.4156865685782616,0.8420312,0.3812340079368534
1183,Znrd1as,0.4156865685782616,2.335859,0.3812340079368534
1184,Ttc1,0.41636963089393386,2.422823,0.3805209545125263
1185,Sh3gl1,0.41636963089393386,1.259717,0.3805209545125263
1186,Sec61b,0.41636963089393386,0.28876987,0.3805209545125263
1187,Apoa1bp,0.41636963089393386,1.1698991,0.3805209545125263
1188,Arhgap5,0.416711410280581,0.31662628,0.38016460764435706
1189,Pex19,0.4177377408603533,0.983959,0.37909628626957326
1190,Gng5,0.4184227878478003,0.33042973,0.37838467125584574
1191,Il6ra,0.4191084957255383,0.87472683,0.37767353551708743
1192,Ywhaq,0.4191084957255383,0.44141793,0.37767353551708743
1193,Pdzd11,0.41945159739299276,1.0630003,0.3773181473452794
1194,Creg1,0.41979486415641587,0.43578136,0.37696287895555364
1195,Tmem165,0.41979486415641587,0.5966517,0.37696287895555364
1196,Ssr1,0.4204818928010797,0.32132497,0.3762527014734219
1197,RP24-142E6.3,0.4204818928010797,2.0487738,0.3762527014734219
1198,Mrps16,0.4211695813179738,0.7253111,0.37554300297279253
1199,Dnttip2,0.4211695813179738,0.7205653,0.37554300297279253
1200,Scp2,0.4211695813179738,0.51146567,0.37554300297279253
1201,Casp12,0.4215136729211686,0.7498452,0.37518833330992607
1202,Msn,0.421857929363339,0.52795136,0.37483378335568773
1203,Wsb1,0.421857929363339,0.59398913,0.37483378335568773
1204,Rbm5,0.42254693659121256,0.5006187,0.37412504252405215
1205,Ptpn9,0.42254693659121256,0.53270763,0.37412504252405215
1206,N4bp2l2,0.42254693659121256,0.5569009,0.37412504252405215
1207,Arfgap1,0.42254693659121256,1.4801793,0.37412504252405215
1208,CH36-200G6.4,0.4232366026534272,0.87182397,0.37341678037975234
1209,Zfp871,0.4232366026534272,0.42727837,0.37341678037975234
1210,Cln5,0.42392692719961045,1.390078,0.3727089968245772
1211,Ppm1a,0.42392692719961045,0.8015362,0.3727089968245772
1212,Pcf11,0.42392692719961045,0.6044116,0.3727089968245772
1213,Twf1,0.42392692719961045,0.62180656,0.3727089968245772
1214,Ndufv3,0.4242723362940958,0.44183633,0.3723552844871991
1215,Haghl,0.4242723362940958,1.5721587,0.3723552844871991
1216,Cttn,0.4246179098771843,0.7389693,0.37200169176023756
1217,Pcnxl3,0.4246179098771843,1.3473021,0.37200169176023756
1218,Adamts14,0.4246179098771843,1.7831205,0.37200169176023756
1219,Fam49a,0.425309550331364,1.7291337,0.3712948650883667
1220,Zfp91,0.42565561711320754,0.40743694,0.37094163111884587
1221,Zc3h18,0.4260018482051585,0.64996445,0.3705885167105191
1222,Copz2,0.4273884147725888,0.8687258,0.36917725444272337
1223,Ptdss2,0.4273884147725888,1.7945045,0.36917725444272337
1224,Actn1,0.4277354667377836,0.5539906,0.36882473765550194
1225,Foxd2os,0.4277354667377836,1.6167132,0.36882473765550194
1226,Aaed1,0.4280826827412024,0.6527122,0.36847234035549425
1227,Trp53i13,0.4284300627370481,1.2382026,0.36812006253035323
1228,Gatad1,0.4294731862191036,0.58663696,0.36706394578058477
1229,Mfhas1,0.42982122172392334,0.8065298,0.36671214573134064
1230,Pfdn4,0.42982122172392334,1.1492114,0.36671214573134064
1231,Rb1cc1,0.42982122172392334,0.38210303,0.36671214573134064
1232,Tm4sf1,0.4301694209901127,0.64772946,0.3663604650951538
1233,Prelid1,0.4308663106199576,0.5093623,0.36565746201244126
1234,Ubn1,0.4312150008899467,0.8095231,0.36530613954114766
1235,Aprt,0.4319128721048552,0.44251367,0.36460385267672957
1236,Ifrd1,0.43226205295527875,0.781588,0.36425288825880764
1237,Amz2,0.4326113972377873,1.1306082,0.36390204316720426
1238,Plekhm3,0.4326113972377873,1.1699598,0.36390204316720426
1239,Cacna2d1,0.4329609049047871,0.518461,0.36355131738950863
1240,Epn2,0.43366041020119495,0.5107821,0.36285022372617176
1241,Adam9,0.43366041020119495,0.661129,0.36285022372617176
1242,Scand1,0.43366041020119495,0.38287878,0.36285022372617176
1243,Parg,0.4340104077347239,0.9580912,0.36249985581568434
1244,Vdr,0.4340104077347239,1.525478,0.36249985581568434
1245,Clec4a3,0.43471089233169746,1.368375,0.36179947777491833
1246,Ndfip2,0.43471089233169746,1.0998558,0.36179947777491833
1247,Exosc4,0.435061379298433,1.3140697,0.36144946761976393
1248,RP23-440D19.2,0.4357628423255915,1.4446592,0.3607498049776856
1249,Serpina3g,0.43611381828847506,0.39364132,0.36040015246585627
1250,Gstm1,0.43611381828847506,0.581341,0.36040015246585627
1251,Arf1,0.43611381828847506,0.31808043,0.36040015246585627
1252,Vopp1,0.4364649571523047,2.4513795,0.36005061914355496
1253,Bri3bp,0.4364649571523047,1.0301075,0.36005061914355496
1254,Rce1,0.4364649571523047,1.3010507,0.36005061914355496
1255,Nudc,0.4368162588679647,0.7332012,0.35970120499831665
1256,Bet1,0.4368162588679647,0.87584823,0.35970120499831665
1257,RP23-114B10.6,0.4371677233862009,1.218956,0.35935191001767136
1258,AC110186.1,0.4375193506576208,0.97629505,0.3590027341891441
1259,Smad5,0.4375193506576208,0.8242795,0.3590027341891441
1260,Sumo3,0.4375193506576208,0.84462416,0.3590027341891441
1261,CH25-309J2.2,0.43787114063269317,1.1689591,0.3586536775002552
1262,Hps1,0.43787114063269317,2.2384381,0.3586536775002552
1263,Rdh14,0.4385752084949791,1.0167899,0.35795592149144795
1264,Ndufa4,0.43892748628243816,0.30180037,0.3576072221465453
1265,Six4,0.4392799265740406,0.8657485,0.35725864189131223
1266,Tigd2,0.4396325293195631,0.51664096,0.356910180713244
1267,Atp2c1,0.4406913117753367,0.7197207,0.3558655115169096
1268,3110021N24Rik,0.4406913117753367,2.2926774,0.3558655115169096
1269,Ap1g1,0.4406913117753367,0.7016025,0.3558655115169096
1270,Abca8a,0.4410445638315327,0.64656687,0.355517526522357
1271,Pum3,0.4410445638315327,0.9833974,0.355517526522357
1272,Lrrfip2,0.44281325610019817,1.3294924,0.35377938651735513
1273,Nfatc2ip,0.44281325610019817,2.0195756,0.35377938651735513
1274,Abhd11,0.4435218669764053,2.0216649,0.3530849632661294
1275,Mdp1,0.4435218669764053,0.8551714,0.3530849632661294
1276,Nme3,0.4435218669764053,0.6303358,0.3530849632661294
1277,Arfgap3,0.4438764152010961,1.0080757,0.35273793003688503
1278,Glmp,0.44494103039679966,0.66933656,0.35169754378378354
1279,Gnai3,0.44494103039679966,0.59847254,0.35169754378378354
1280,Cmtm4,0.44565158210525657,1.9968481,0.35100454735144104
1281,Irf3,0.4460071002751419,0.8739544,0.3506582274184209
1282,Polr2k,0.4463627799183685,0.6397218,0.35031202632403824
1283,Mdfi,0.4463627799183685,1.9309692,0.35031202632403824
1284,Ndufaf2,0.4463627799183685,1.1215891,0.35031202632403824
1285,Cdc23,0.4463627799183685,0.96478623,0.35031202632403824
1286,Scaf1,0.4467186209819405,0.9222317,0.34996594405568926
1287,Scarf2,0.4470746234127235,0.6809528,0.349619980600765
1288,Atp9b,0.4470746234127235,1.6126378,0.349619980600765
1289,Fgr,0.4470746234127235,1.2278436,0.349619980600765
1290,Mettl23,0.447430787157444,0.8625966,0.34927413594665224
1291,Cox7a2,0.447430787157444,0.28451893,0.34927413594665224
1292,Tsta3,0.4477871121626902,1.7162558,0.34892841008073205
1293,St6galnac2,0.4477871121626902,1.5577164,0.34892841008073205
1294,Rgs16,0.4477871121626902,1.6478202,0.34892841008073205
1295,Rbp4,0.4477871121626902,1.5031787,0.34892841008073205
1296,Fam210a,0.44814359837491147,0.8891597,0.34858280299038064
1297,Arcn1,0.44850024574041825,0.42929977,0.34823731466296964
1298,Speg,0.4492140237158372,1.3207641,0.34754669424642926
1299,Iars,0.4495711542176771,1.4949404,0.3472015621320174
1300,Bphl,0.44992844565665757,1.4664726,0.34685654872998173
1301,RP24-270A10.5,0.44992844565665757,0.861239,0.34685654872998173
1302,Clcc1,0.4502858979783956,0.9280071,0.34651165402766837
1303,Rnf4,0.4506435111283694,0.8080158,0.34616687801241874
1304,Raf1,0.4506435111283694,1.1600364,0.34616687801241874
1305,Sh3glb1,0.4506435111283694,0.2979012,0.34616687801241874
1306,Psmd10,0.4513592196942431,1.3669399,0.34547768199245177
1307,Ltbr,0.4513592196942431,0.77334756,0.34547768199245177
1308,Eef1akmt1,0.4513592196942431,1.3997077,0.34547768199245177
1309,Mesdc2,0.4513592196942431,0.5794852,0.34547768199245177
1310,Prpf8,0.45171731500040546,0.5643589,0.3451332619623923
1311,Slc6a8,0.4520755709153287,1.6940302,0.34478896056871244
1312,Trappc5,0.4520755709153287,0.7824169,0.34478896056871244
1313,Jade2,0.4527925643504561,0.5586644,0.3441007136397523
1314,Gkap1,0.4527925643504561,0.91921675,0.3441007136397523
1315,Tmem60,0.4527925643504561,1.0348504,0.3441007136397523
1316,Ralb,0.4531513017598128,0.80828136,0.3437567680790899
1317,Mrpl15,0.45351019955623495,0.7725701,0.3434129411040429
1318,Napsa,0.45351019955623495,0.9623916,0.3434129411040429
1319,Shox2,0.45351019955623495,1.4428385,0.3434129411040429
1320,Smarca4,0.4538692576839518,0.71943665,0.34306923270190787
1321,Tusc5,0.4549473934950815,1.4262929,0.3420388188058629
1322,Brd9,0.45566695133026547,0.93631077,0.3413524688399348
1323,Golga4,0.45566695133026547,0.48629007,0.3413524688399348
1324,Irf8,0.45638714914033285,0.42897117,0.3406665928603426
1325,Nop16,0.4578294628649222,1.2292817,0.33929626245236866
1326,Zc3h14,0.4578294628649222,0.7619553,0.33929626245236866
1327,Aip,0.4585515778637943,0.9892126,0.33861180781988715
1328,Arhgap1,0.4585515778637943,1.2001854,0.33861180781988715
1329,Prkx,0.4585515778637943,1.0490721,0.33861180781988715
1330,Ctsc,0.4589128746959832,0.7865878,0.33826975810183646
1331,Zfp9,0.4589128746959832,0.8318483,0.33826975810183646
1332,Ak2,0.4589128746959832,0.6228782,0.33826975810183646
1333,RP23-105K2.3,0.4592743310062499,1.2293141,0.33792782676554234
1334,Erc1,0.4592743310062499,1.115565,0.33792782676554234
1335,Gm2a,0.459635946736603,0.67563975,0.33758601379822084
1336,Rexo1,0.4599977218289122,1.0995415,0.3372443191870831
1337,Ufl1,0.4599977218289122,0.59483975,0.3372443191870831
1338,Atox1,0.4599977218289122,0.3880796,0.3372443191870831
1339,Sf3b6,0.4607217498661832,0.54792756,0.3365612849821781
1340,Fam8a1,0.4607217498661832,0.9600455,0.3365612849821781
1341,Impa1,0.4614464146502445,0.9272167,0.335878724048415
1342,Myo18a,0.46180898567552087,0.69080895,0.335537621026186
1343,Tomm22,0.4621717157110564,0.45137706,0.3351966362833015
1344,Cdk4,0.4621717157110564,0.6460813,0.3351966362833015
1345,Mgat2,0.4628976525763592,0.36875132,0.33451502158426394
1346,Gabpb2,0.4628976525763592,0.8518989,0.33451502158426394
1347,Pex13,0.4628976525763592,2.3309693,0.33451502158426394
1348,Bcl2,0.4628976525763592,0.47595486,0.33451502158426394
1349,Pycard,0.4628976525763592,0.7614059,0.33451502158426394
1350,Bud31,0.463624224771672,0.6751929,0.3338338798486482
1351,Mpg,0.463624224771672,2.169322,0.3338338798486482
1352,Ptpn13,0.4647152732650187,0.7085149,0.332813053826886
1353,Adgre5,0.4647152732650187,0.54487914,0.332813053826886
1354,Ppfibp1,0.465079273243302,0.38932705,0.33247301485666203
1355,Smco4,0.465079273243302,2.2657886,0.33247301485666203
1356,Ilk,0.46580774855955553,0.6610967,0.331793291394579
1357,Ptpn14,0.46580774855955553,0.30606842,0.331793291394579
1358,Tmsb10,0.4661722237766851,0.31340364,0.3314536068769757
1359,Plin2,0.4665368572856916,0.77308357,0.3311140404844931
1360,C1qbp,0.4665368572856916,0.72220016,0.3311140404844931
1361,Rbm22,0.4669016490258078,0.7946513,0.3307745922042464
1362,Snu13,0.46726659893612776,0.66890615,0.33043526202334556
1363,Ndufaf1,0.46726659893612776,1.9509046,0.33043526202334556
1364,Casp9,0.46726659893612776,1.8164897,0.33043526202334556
1365,Asah1,0.46726659893612776,0.6178425,0.33043526202334556
1366,Magt1,0.46799697302306165,0.35008144,0.3297569559079968
1367,Actr10,0.4687279790564711,0.9902949,0.3290791220352259
1368,Nav2,0.4687279790564711,1.9216882,0.3290791220352259
1369,Snx21,0.46909371889936513,0.6789944,0.32874038215752865
1370,Triap1,0.4698256719288404,1.7140871,0.3280632564549086
1371,Zufsp,0.4698256719288404,0.63100123,0.3280632564549086
1372,Siva1,0.47092478390203507,0.46499467,0.3270484528389572
1373,Snrnp200,0.47092478390203507,0.788002,0.3270484528389572
1374,Paics,0.47092478390203507,0.7074693,0.3270484528389572
1375,Naa25,0.47129146962512813,1.5863296,0.32671042089867675
1376,Smap2,0.4716583127767331,0.5928353,0.3263725069026677
1377,Atp5c1,0.4716583127767331,0.42992696,0.3263725069026677
1378,Sept8,0.472025313294141,0.37101227,0.3260347108379739
1379,Plpp1,0.4723924711145041,1.8068773,0.32569703269163436
1380,Lgals3bp,0.4723924711145041,0.30501848,0.32569703269163436
1381,RP24-114E18.8,0.4723924711145041,0.3014601,0.32569703269163436
1382,Sdhaf1,0.47312725841201064,1.6624846,0.32502203010214914
1383,Ndufc2,0.4738626741636972,0.32685924,0.324347499030422
1384,Stxbp3,0.4738626741636972,0.9027063,0.324347499030422
1385,Usp34,0.4738626741636972,0.38026938,0.324347499030422
1386,Gskip,0.4738626741636972,0.86079824,0.324347499030422
1387,Ror1,0.4738626741636972,0.9337228,0.324347499030422
1388,Chd4,0.47459871786179,0.31321067,0.3236734393725816
1389,Enpp3,0.47459871786179,0.86865103,0.3236734393725816
1390,Tomm20,0.47533538899629735,0.5809316,0.32299985102467516
1391,Eny2,0.47533538899629735,0.3637184,0.32299985102467516
1392,Nfil3,0.47533538899629735,0.62646276,0.32299985102467516
1393,Cd37,0.47570395969222756,1.419552,0.3226632335594397
1394,Snx30,0.47570395969222756,0.5423878,0.3226632335594397
1395,Vdac3,0.4760726870550098,0.6564488,0.3223267338826683
1396,Srpk1,0.4764415710202714,1.1207783,0.3219903519813441
1397,Tmem230,0.4768106115235009,0.9664816,0.32165408784244504
1398,Mmp13,0.4775491618851274,0.39519107,0.32098191279980715
1399,Txnl1,0.4775491618851274,0.4145371,0.32098191279980715
1400,Polr2g,0.4775491618851274,1.0115176,0.32098191279980715
1401,Rnf215,0.4782883376210284,1.2338806,0.3203102086504757
1402,Zkscan8,0.47865815984158233,1.3403704,0.3199745331281899
1403,Dnajb9,0.47865815984158233,0.60824,0.3199745331281899
1404,Tbcc,0.4790281382101279,1.2499619,0.31963897529008894
1405,Chd9,0.4790281382101279,0.7355704,0.31963897529008894
1406,Cln8,0.4790281382101279,1.6257704,0.31963897529008894
1407,Rnf26,0.47939827266118473,1.43297,0.31930353512311455
1408,Cyp4f18,0.4797685631291332,1.3438848,0.3189682126142038
1409,Psmd8,0.4797685631291332,0.64734447,0.3189682126142038
1410,RP23-97M20.1,0.4797685631291332,0.7542593,0.3189682126142038
1411,Zfp386,0.48050961185253627,0.85437727,0.3182979205182951
1412,Casc4,0.48088036997605976,0.6618328,0.3179629509051455
1413,Mcee,0.4812512838526134,0.9671312,0.31762809889775595
1414,Tmem135,0.4819935785994265,1.0938755,0.3169587476478972
1415,mt-Atp6,0.4823649593366478,1.2436334,0.3166242483792352
1416,Traf3,0.4823649593366478,1.1509356,0.3166242483792352
1417,Sec13,0.48273649556082276,0.6693049,0.3162898666639478
1418,Optn,0.48273649556082276,0.9875703,0.3162898666639478
1419,Ube2d1,0.48348003420243535,0.5078151,0.3156214558410545
1420,Keap1,0.4838520364857277,0.54786944,0.31528742670721494
1421,Hoxa10,0.48422419398768357,0.5994558,0.3149535150742822
1422,Kars,0.48422419398768357,1.7218335,0.3149535150742822
1423,Ech1,0.48422419398768357,0.98872,0.3149535150742822
1424,Tmc6,0.48422419398768357,1.0842509,0.3149535150742822
1425,Tmem43,0.4845965066408847,0.8091377,0.31461972092912643
1426,Pdia3,0.4845965066408847,0.19174309,0.31461972092912643
1427,Nr2f6,0.4849689743777742,0.8925421,0.31428604425861295
1428,Ift22,0.48534159713065705,1.2452865,0.3139524850496017
1429,Tbc1d4,0.48534159713065705,1.2322239,0.3139524850496017
1430,AC168051.1,0.4857143748317003,1.4042493,0.3136190432889473
1431,RP23-245B21.3,0.4860873074129324,0.9616374,0.31328571896349955
1432,Serpina3c,0.4864603948062436,0.7891421,0.3129525120601028
1433,Prelid3b,0.4864603948062436,1.0433642,0.3129525120601028
1434,Rnf115,0.4864603948062436,0.8213973,0.3129525120601028
1435,P3h3,0.4872070337559732,0.68605524,0.31228645046681536
1436,Timm21,0.48832815156047105,1.089089,0.31128823841308445
1437,Ubxn6,0.4887021663882134,1.0417411,0.3109557357654411
1438,Tpgs1,0.49057455411217854,1.0880684,0.3092949822104903
1439,Por,0.4909494938875837,0.7113311,0.30896318334370404
1440,Ncor2,0.49169983511059157,0.86956406,0.30829993734858613
1441,Ebag9,0.49207523641796946,1.2874153,0.30796849019379396
1442,Ryk,0.4924507914288836,0.3896259,0.3076371602498639
1443,Ifngr1,0.4924507914288836,0.24321237,0.3076371602498639
1444,Tnip1,0.49282650007287676,1.1072146,0.30730594750355267
1445,Rftn2,0.49320236227935355,1.7690802,0.30697485194161206
1446,Lsm1,0.49320236227935355,0.9516672,0.30697485194161206
1447,Ppid,0.493578377977581,0.8693548,0.30664387355078837
1448,Sparc,0.493578377977581,0.09337422,0.30664387355078837
1449,Ccng1,0.493578377977581,0.71673256,0.30664387355078837
1450,Zfp644,0.493578377977581,0.45856893,0.30664387355078837
1451,Mir143hg,0.49395454709668796,0.4912915,0.3063130123178228
1452,Commd7,0.49395454709668796,0.7274116,0.3063130123178228
1453,Tnfaip8l2,0.49395454709668796,1.9539118,0.3063130123178228
1454,Tns2,0.49395454709668796,0.81501573,0.3063130123178228
1455,Hadhb,0.4943308695656654,0.8166424,0.3059822682294517
1456,Alyref,0.4947073453133669,0.79669815,0.3056516412724055
1457,Fam122a,0.4947073453133669,0.8473909,0.3056516412724055
1458,Commd1,0.4947073453133669,0.9662552,0.3056516412724055
1459,Ndufa5,0.4947073453133669,0.47553214,0.3056516412724055
1460,Add3,0.4950839742685075,0.6530248,0.3053211314334104
1461,Hoxb6,0.495460756359665,1.7441572,0.30499073869918647
1462,Tank,0.495460756359665,0.69400465,0.30499073869918647
1463,Arid5a,0.495460756359665,0.63979757,0.30499073869918647
1464,Josd2,0.4962147796636517,1.7084012,0.30433030449190906
1465,Sft2d1,0.4962147796636517,1.7767503,0.30433030449190906
1466,Ube2n,0.49659202073294717,0.3705557,0.30400026299227056
1467,Eif1a,0.49659202073294717,0.859038,0.30400026299227056
1468,Emc6,0.4969694146511918,0.809604,0.30367033854423375
1469,Creld2,0.4969694146511918,0.96246016,0.30367033854423375
1470,Ptprg,0.4969694146511918,0.5152573,0.30367033854423375
1471,Flywch1,0.49734696134627454,1.0038706,0.30334053113449305
1472,Nubp1,0.49772466074594657,1.4103061,0.3030108407497378
1473,Lonp2,0.49848051736937404,0.8121664,0.3023518110019154
1474,Lrrc14,0.49848051736937404,1.5318321,0.3023518110019154
1475,Evc2,0.4992369839407296,1.5371095,0.3016932491941778
1476,Dnajc2,0.4992369839407296,0.64254665,0.3016932491941778
1477,Borcs6,0.4992369839407296,0.89275557,0.3016932491941778
1478,Fam92a,0.4992369839407296,1.2329756,0.3016932491941778
1479,Capza1,0.4992369839407296,1.6267258,0.3016932491941778
1480,Son,0.49961544577479566,0.3000338,0.30136414373450904
1481,Dram1,0.49961544577479566,0.6399695,0.30136414373450904
1482,Cd2bp2,0.49999405987706713,1.4540919,0.3010351552198528
1483,Cops7a,0.49999405987706713,1.2992619,0.3010351552198528
1484,Idh2,0.49999405987706713,0.60203075,0.3010351552198528
1485,Prkg1,0.49999405987706713,1.2752199,0.3010351552198528
1486,Med4,0.49999405987706713,1.2014885,0.3010351552198528
1487,Nr1h3,0.5003728261743315,0.83869785,0.30070628363686225
1488,Mras,0.5003728261743315,0.7825622,0.30070628363686225
1489,Cuta,0.5003728261743315,0.6257968,0.30070628363686225
1490,Mnat1,0.5003728261743315,0.83972406,0.30070628363686225
1491,Vta1,0.5007517445932393,0.80081785,0.3003775289721851
1492,Cox8a,0.5011308150603033,0.2486463,0.3000488912124639
1493,Mrpl14,0.5015100375018987,0.5370471,0.299720370344336
1494,Stx4a,0.5018894118442634,0.54754806,0.2993919663544337
1495,Ccl6,0.5022689380134981,0.87732315,0.2990636792293835
1496,Mbtps2,0.5022689380134981,1.4106421,0.2990636792293835
1497,Frg1,0.5022689380134981,0.41573098,0.2990636792293835
1498,Rnpepl1,0.5022689380134981,0.81489086,0.2990636792293835
1499,Mex3c,0.5022689380134981,1.1206688,0.2990636792293835
1500,Arpc2,0.5030284455362914,0.32691696,0.29840745552032216
1501,Srsf7,0.503408426741364,0.65847445,0.2980795189095389
1502,Gemin7,0.503408426741364,0.7393194,0.2980795189095389
1503,Osgep,0.503408426741364,0.89101595,0.2980795189095389
1504,Cpox,0.503408426741364,0.761136,0.2980795189095389
1505,Rbm46,0.5037885594763345,1.5068338,0.2977516991100634
1506,Snx3,0.5037885594763345,0.5566427,0.2977516991100634
1507,Rsl24d1,0.5045492792374864,1.2830359,0.29709640989143427
1508,Kif3a,0.5045492792374864,1.4329386,0.29709640989143427
1509,Tshz3,0.5045492792374864,1.4766396,0.29709640989143427
1510,Pisd,0.5049298661140831,0.8224021,0.29676894044546687
1511,Spata13,0.5053106042214086,1.3512268,0.2964415877571795
1512,Nsfl1c,0.5060725338275681,0.72229904,0.295787232599959
1513,Uqcrfs1,0.5064537251757197,0.42562598,0.29546023010417033
1514,Arfgap2,0.506835067453236,1.1448449,0.29513334431235005
1515,Dpp9,0.506835067453236,1.1159211,0.29513334431235005
1516,Ctbp2,0.5072165605844332,0.73808825,0.2948065752110571
1517,Plscr3,0.5072165605844332,0.7207069,0.2948065752110571
1518,RP23-380F8.2,0.508361944341214,0.71780956,0.2938269679158551
1519,Xpo1,0.5091262863871,0.5975514,0.2931744795917041
1520,Mob4,0.5091262863871,0.4652816,0.2931744795917041
1521,Akr7a5,0.5091262863871,1.2565775,0.2931744795917041
1522,Epc1,0.5095086830433457,0.5790777,0.29284841035102227
1523,N6amt1,0.5098912300196483,1.1917491,0.29252245770663443
1524,Il13ra1,0.5098912300196483,1.1858088,0.29252245770663443
1525,Fam114a1,0.5106567746251687,0.45065367,0.2918709021528038
1526,Ccnc,0.5106567746251687,1.131302,0.2918709021528038
1527,Necap2,0.5106567746251687,0.5361842,0.2918709021528038
1528,Micu2,0.5106567746251687,0.98659176,0.2918709021528038
1529,Agpat3,0.5106567746251687,0.56949985,0.2918709021528038
1530,Ssr3,0.5110397721004163,0.23899451,0.2915452992163796
1531,Zfp281,0.5110397721004163,0.6671283,0.2915452992163796
1532,Hectd2,0.5114229195877807,1.116163,0.29121981282228643
1533,Tmem184c,0.5114229195877807,0.79557306,0.29121981282228643
1534,Marf1,0.5114229195877807,0.55708575,0.29121981282228643
1535,Rsbn1l,0.5118062170099352,0.32899252,0.2908944429570202
1536,Peli2,0.512189664289416,1.1163952,0.29056918960707184
1537,Tcf25,0.5125732613486225,0.27621666,0.29024405275892706
1538,Atp6v1e1,0.5129570081098175,0.49277666,0.2899190323990662
1539,Ttc3,0.5137249504265413,0.3150757,0.2892693410900911
1540,Mrpl13,0.5137249504265413,0.92234343,0.2892693410900911
1541,Ube2a,0.5141091458259127,0.84711695,0.2889446701139114
1542,Gbf1,0.5144934906149579,0.8248072,0.2886201155718843
1543,AC139064.2,0.5144934906149579,1.0333467,0.2886201155718843
1544,Traf2,0.5144934906149579,0.67281073,0.2886201155718843
1545,Loxl3,0.5144934906149579,0.89514613,0.2886201155718843
1546,Zfyve21,0.5152626280482522,1.1690674,0.2879713557360991
1547,Zfp592,0.516032362097425,0.9591112,0.2873230614743051
1548,Hacd1,0.516032362097425,1.0452166,0.2873230614743051
1549,Dsel,0.516032362097425,0.9302656,0.2873230614743051
1550,Utp11,0.516032362097425,0.5265132,0.2873230614743051
1551,Med1,0.5168026921312947,0.4763556,0.28667523267798667
1552,G0s2,0.5168026921312947,0.38432303,0.28667523267798667
1553,Sap30l,0.5168026921312947,0.5277794,0.28667523267798667
1554,Glipr1,0.5168026921312947,1.8818747,0.28667523267798667
1555,Cct5,0.5175736175164967,0.47657314,0.28602786923854473
1556,Pts,0.5175736175164967,0.88205314,0.28602786923854473
1557,Dcun1d1,0.5183451376174859,0.8933681,0.2853809710472952
1558,Snhg1,0.5183451376174859,0.7801981,0.2853809710472952
1559,Cd300a,0.5191172517965366,1.8301879,0.2847345379954702
1560,Zfml,0.5191172517965366,0.3731843,0.2847345379954702
1561,Ttc5,0.5191172517965366,0.9104562,0.2847345379954702
1562,Vstm4,0.5195035314654499,0.6214852,0.28441149586282866
1563,Itga2,0.5195035314654499,2.157332,0.28441149586282866
1564,AC115896.3,0.5195035314654499,2.3569496,0.28441149586282866
1565,Pawr,0.5198899594137445,0.48646176,0.2840885699742167
1566,Hspe1,0.5198899594137445,0.27151245,0.2840885699742167
1567,Etv6,0.5198899594137445,0.8167995,0.2840885699742167
1568,Ubap2l,0.5206632598270271,0.3620378,0.2834430668745975
1569,Ankrd40,0.5206632598270271,0.38405967,0.2834430668745975
1570,Fam195b,0.5206632598270271,0.3901664,0.2834430668745975
1571,Rbms2,0.5210501321309504,2.10621,0.28312048963633474
1572,Retreg1,0.5210501321309504,2.1481285,0.28312048963633474
1573,Smim13,0.5214371523921251,0.9478463,0.2827980285875908
1574,Runx3,0.5214371523921251,0.7875155,0.2827980285875908
1575,Kremen1,0.5214371523921251,1.0518517,0.2827980285875908
1576,Ttc32,0.5214371523921251,1.7249001,0.2827980285875908
1577,Pilrb2,0.5218243205296789,1.9790009,0.28247568371472453
1578,Dhx8,0.522211636462603,0.7811315,0.2821534550040901
1579,Samd4b,0.522211636462603,0.8329461,0.2821534550040901
1580,Glyr1,0.5225991001097539,0.84381187,0.2818313424420355
1581,Katnbl1,0.5225991001097539,2.0584753,0.2818313424420355
1582,Angpt4,0.5225991001097539,2.2535992,0.2818313424420355
1583,Fam220a,0.5229867113898512,1.6372108,0.281509346014904
1584,Ell,0.5229867113898512,1.6684681,0.281509346014904
1585,Dmtf1,0.5229867113898512,0.9526802,0.281509346014904
1586,Gphn,0.5229867113898512,1.6891005,0.281509346014904
1587,Gtpbp6,0.5233744702214789,1.9973907,0.28118746570903375
1588,St7,0.5233744702214789,1.9260061,0.28118746570903375
1589,Zfp442,0.5233744702214789,1.9780326,0.28118746570903375
1590,Mrpl32,0.5237623765230857,0.74229246,0.28086570151075685
1591,Cmip,0.5237623765230857,0.62110204,0.28086570151075685
1592,Nexn,0.5241504302129838,1.972354,0.28054405340640093
1593,Dusp11,0.5241504302129838,0.35154337,0.28054405340640093
1594,RP23-185A18.9,0.5245386312093503,0.76899713,0.28022252138228787
1595,Sf3b2,0.5249269794302263,0.30377036,0.2799011054247344
1596,Btf3l4,0.5249269794302263,1.9844687,0.2799011054247344
1597,Zmym4,0.5253154747935174,0.6779641,0.2795798055200517
1598,Isca2,0.5253154747935174,0.86999965,0.2795798055200517
1599,Polr2d,0.5253154747935174,1.6518799,0.2795798055200517
1600,Mapk8ip3,0.5260929066182892,0.8389408,0.2789375538145176
1601,Mthfd2l,0.5260929066182892,1.5010192,0.2789375538145176
1602,RP23-442M18.1,0.5260929066182892,0.6701111,0.2789375538145176
1603,AC152939.2,0.5260929066182892,0.8777837,0.2789375538145176
1604,Naalad2,0.5264818429149032,0.4923967,0.2786166019862624
1605,Spred1,0.5264818429149032,0.32861865,0.2786166019862624
1606,Calm3,0.5264818429149032,0.28109503,0.2786166019862624
1607,Prrc2a,0.5268709260241986,0.27985615,0.27829576615607055
1608,Gid4,0.5268709260241986,1.2740715,0.27829576615607055
1609,Trim23,0.5268709260241986,1.5600381,0.27829576615607055
1610,Acot8,0.5272601558634038,1.7550261,0.27797504631022646
1611,Naip2,0.5272601558634038,1.4661207,0.27797504631022646
1612,Sf1,0.5272601558634038,0.5142654,0.27797504631022646
1613,Tars,0.5276495323496108,0.8255894,0.2776544424350101
1614,Zfp688,0.5276495323496108,1.5371873,0.2776544424350101
1615,Atf2,0.5276495323496108,0.52713513,0.2776544424350101
1616,Mapre3,0.5280390553997769,1.7517049,0.2773339545166952
1617,Klhl7,0.5280390553997769,1.8781265,0.2773339545166952
1618,Wnt4,0.5280390553997769,0.6914078,0.2773339545166952
1619,Lgi4,0.5280390553997769,1.6995863,0.2773339545166952
1620,Nfkbiz,0.5284287249307238,0.8207095,0.27701358254155095
1621,Mgrn1,0.5284287249307238,1.634598,0.27701358254155095
1622,Plaa,0.5284287249307238,0.7820795,0.27701358254155095
1623,Fkbp3,0.5284287249307238,0.4185166,0.27701358254155095
1624,Ip6k2,0.5292085031015707,0.7376861,0.27637318636582253
1625,Gpatch2l,0.5295986115744375,1.51718,0.2760531621377498
1626,Anp32a,0.5295986115744375,0.3493437,0.2760531621377498
1627,Ahsa2,0.5299888661940195,0.70702916,0.2757332537978697
1628,AC102077.1,0.5303792668764621,1.6432511,0.27541346133242467
1629,Rnf113a2,0.5303792668764621,1.2099339,0.27541346133242467
1630,Gng12,0.5307698135377756,0.48810646,0.27509378472765156
1631,Alg14,0.5307698135377756,1.377916,0.27509378472765156
1632,Gpm6b,0.5307698135377756,0.23941179,0.27509378472765156
1633,Stk38,0.5307698135377756,0.395686,0.27509378472765156
1634,Zfp30,0.5307698135377756,0.83655596,0.27509378472765156
1635,Atg5,0.5307698135377756,0.86726826,0.27509378472765156
1636,Il17rd,0.5311605060938356,0.63649714,0.274774223969782
1637,Camk1,0.5315513444603825,1.4260161,0.27445477904504206
1638,Adprhl2,0.5315513444603825,1.4315598,0.27445477904504206
1639,Sin3b,0.5315513444603825,0.47931698,0.27445477904504206
1640,Tmx1,0.5315513444603825,0.5780393,0.27445477904504206
1641,Ccnl2,0.5315513444603825,0.4089695,0.27445477904504206
1642,Ptov1,0.5319423285530214,0.58795595,0.274135449939653
1643,Naa10,0.5323334582872226,1.34094,0.2738162366398303
1644,RP24-147G7.2,0.5331161543415194,1.3319122,0.2731781574017195
1645,Cfap20,0.5335077204918812,0.9989099,0.27285929143583604
1646,Zbp1,0.5335077204918812,1.3176863,0.27285929143583604
1647,Etf1,0.5338994319443382,0.3005315,0.27254054122032784
1648,Atat1,0.5338994319443382,1.2642261,0.27254054122032784
1649,Ube2f,0.5338994319443382,0.69748974,0.27254054122032784
1650,Fam89b,0.5338994319443382,0.7634582,0.27254054122032784
1651,Cd151,0.5342912886136861,0.40574098,0.27222190674138425
1652,Rad50,0.5346832904145868,0.5802609,0.2719033879851884
1653,Mkrn2,0.5346832904145868,1.3355896,0.2719033879851884
1654,Crlf2,0.5346832904145868,0.69177514,0.2719033879851884
1655,Irgm1,0.5350754372615673,1.194344,0.2715849849379185
1656,Ppp3ca,0.535467729069019,0.2697244,0.2712666975857479
1657,Dlgap4,0.5362527472222326,0.68618923,0.27063046991136847
1658,Eps15l1,0.536645473396106,1.0979743,0.27031252956147866
1659,Kdelr3,0.5370383441866737,1.2217071,0.26999470485132615
1660,Bcl2l2,0.5370383441866737,0.7875904,0.26999470485132615
1661,Plac8,0.5374313595076557,0.2998654,0.26967699576705667
1662,Gpr153,0.5374313595076557,1.1579485,0.26967699576705667
1663,Synm,0.5374313595076557,0.40428853,0.26967699576705667
1664,Cox14,0.5378245192726369,0.3227309,0.26935940229481137
1665,2510009E07Rik,0.5378245192726369,0.48806867,0.26935940229481137
1666,Twsg1,0.5390048643654122,0.5034906,0.2684073154115474
1667,Ikzf2,0.5390048643654122,0.39864266,0.2684073154115474
1668,Usp15,0.5393986010395555,0.6260079,0.2680901842486992
1669,Ccdc47,0.5397924817236096,0.44954675,0.2677731686284986
1670,Dctn2,0.5401865063303544,0.67421836,0.26745626853705423
1671,Zmat5,0.5401865063303544,0.9193154,0.26745626853705423
1672,Fbrs,0.5409749869623637,1.0138714,0.2668228148848424
1673,Fam53b,0.5409749869623637,0.96070945,0.2668228148848424
1674,Syde1,0.5413694428125178,0.37811196,0.26650626129626526
1675,Cpq,0.5413694428125178,0.2958998,0.26650626129626526
1676,Smc1a,0.5417640422351411,0.282087,0.26618982318082524
1677,Mlxip,0.5417640422351411,0.68513584,0.26618982318082524
1678,Uchl3,0.5417640422351411,1.80393,0.26618982318082524
1679,Dynlrb1,0.5421587851423431,0.42951483,0.26587350052460434
1680,Wisp1,0.5425536714461001,0.98498094,0.2655572933136788
1681,Eif4e2,0.5425536714461001,0.708644,0.2655572933136788
1682,Gmeb1,0.542948701058254,0.91676474,0.2652412015341198
1683,Tdrd3,0.542948701058254,1.0397413,0.2652412015341198
1684,Osbp,0.543343873890513,0.6050583,0.2649252251719931
1685,Paxbp1,0.543343873890513,0.86332315,0.2649252251719931
1686,Ppp1r10,0.5437391898544521,0.49169862,0.26460936421335873
1687,Gpc1,0.5441346488615117,0.53796667,0.264293618644272
1688,C2,0.5441346488615117,0.65601367,0.264293618644272
1689,Lats2,0.5441346488615117,0.39939693,0.264293618644272
1690,Mycbp2,0.5445302508229998,0.17468795,0.26397798845078196
1691,Pnkd,0.5449259956500894,0.79902565,0.26366247361893336
1692,Atp8b2,0.5449259956500894,1.6000837,0.26366247361893336
1693,Bhlhe40,0.5449259956500894,0.8609848,0.26366247361893336
1694,RP23-320I7.1,0.5449259956500894,1.057363,0.26366247361893336
1695,Dctn4,0.5453218832538211,0.2762309,0.26334707413476455
1696,Ubap1,0.5453218832538211,1.0389875,0.26334707413476455
1697,Slc12a2,0.5457179135451014,0.6096671,0.26303178998430915
1698,Pip5k1c,0.5457179135451014,2.1954901,0.26303178998430915
1699,Ubr1,0.5461140864347034,0.31356946,0.26271662115359523
1700,Itgb2,0.5461140864347034,0.75430727,0.26271662115359523
1701,Serpinf1,0.5465104018332673,0.4670795,0.2624015676286452
1702,Cklf,0.5473034597991724,1.4960299,0.2617718064401009
1703,Bbx,0.5473034597991724,0.42824063,0.2617718064401009
1704,Ube2q2,0.5473034597991724,0.66276866,0.2617718064401009
1705,Ndufs4,0.5473034597991724,0.3749336,0.2617718064401009
1706,Mfge8,0.5477002021871269,0.5789428,0.2614570987485248
1707,Pgp,0.5477002021871269,0.62850344,0.2614570987485248
1708,Sptssa,0.5480970867252695,0.45589513,0.26114250630674923
1709,Enc1,0.5480970867252695,2.0370429,0.26114250630674923
1710,Cd44,0.548891281891879,0.37054703,0.26051366711657775
1711,Chchd1,0.5496860445771924,0.4927591,0.25988528875748684
1712,C1qtnf7,0.5496860445771924,0.87267643,0.25988528875748684
1713,St7l,0.5504813740572725,1.6613206,0.25925737111729086
1714,Nr2c2ap,0.5504813740572725,1.8587166,0.25925737111729086
1715,Rnps1,0.5508792511185383,0.67425114,0.25894358503169673
1716,D930015E06Rik,0.5512772696060557,0.8071414,0.25862991408371755
1717,Rprd2,0.5512772696060557,0.34405905,0.25862991408371755
1718,Pten,0.5516754294287348,0.22291355,0.25831635825930577
1719,Slc25a5,0.5516754294287348,0.3312604,0.25831635825930577
1720,Ifi30,0.5516754294287348,0.69613713,0.25831635825930577
1721,Zfp426,0.5516754294287348,0.8601555,0.25831635825930577
1722,Socs1,0.5520737304953528,1.7602283,0.2580029175444085
1723,RP23-94B13.9,0.5520737304953528,0.64950913,0.2580029175444085
1724,Stx12,0.5520737304953528,0.61325413,0.2580029175444085
1725,Gmds,0.5520737304953528,0.8202693,0.2580029175444085
1726,Slc16a3,0.5520737304953528,1.8354657,0.2580029175444085
1727,Ltb,0.5520737304953528,1.8513998,0.2580029175444085
1728,Tcp11l2,0.5520737304953528,0.5705286,0.2580029175444085
1729,Eif3b,0.5524721727145545,0.33793047,0.2576895919249672
1730,Arid2,0.5524721727145545,0.5296072,0.2576895919249672
1731,Rpl5,0.5528707559948517,0.25202242,0.2573763813869183
1732,Eftud2,0.5528707559948517,1.4884794,0.2573763813869183
1733,Plod1,0.5532694802446236,0.832445,0.2570632859161927
1734,Yap1,0.5536683453721176,0.824141,0.2567503054987155
1735,RP23-223E16.4,0.5536683453721176,1.5714847,0.2567503054987155
1736,Ifi47,0.5536683453721176,0.55670494,0.2567503054987155
1737,Ppdpf,0.5544664978925959,0.711017,0.25612468976718183
1738,Azin1,0.5544664978925959,0.33264288,0.25612468976718183
1739,Kdm1b,0.5544664978925959,1.7312392,0.25612468976718183
1740,Spidr,0.5544664978925959,1.4612832,0.25612468976718183
1741,Ap2m1,0.554865785101412,0.37900057,0.2558120544249489
1742,Tcf7l2,0.554865785101412,0.23850276,0.2558120544249489
1743,Nckap5,0.5552652128196134,1.6661605,0.2554995340796121
1744,Ccdc157,0.5552652128196134,1.61209,0.2554995340796121
1745,Dus3l,0.5560644894143796,1.5445817,0.25487483832321467
1746,Hilpda,0.5560644894143796,1.5218763,0.25487483832321467
1747,Ascc3,0.5564643381057179,0.6376655,0.2545626628839345
1748,Nop58,0.5568643269359885,0.6491007,0.25425060238511127
1749,Gde1,0.5568643269359885,1.4314892,0.25425060238511127
1750,Fcho2,0.5568643269359885,0.47128406,0.25425060238511127
1751,Ccbe1,0.5568643269359885,1.6155502,0.25425060238511127
1752,Lamc1,0.5584656817855449,0.24747816,0.25300350951183814
1753,Boc,0.5584656817855449,1.3322165,0.25300350951183814
1754,Cyth3,0.5588663699136855,0.5711068,0.2526920235033403
1755,RP23-129D21.1,0.5588663699136855,0.39274472,0.2526920235033403
1756,Srxn1,0.559267197621119,1.355012,0.2523806523504774
1757,Eml3,0.559267197621119,1.2012712,0.2523806523504774
1758,Fam174a,0.55966816481411,0.40976182,0.2520693960390939
1759,Gna11,0.5604705172811684,0.6426773,0.2514472278841136
1760,Dexi,0.560871902367108,1.0662645,0.25113631601217773
1761,Gmppb,0.560871902367108,1.3026887,0.25113631601217773
1762,Tusc3,0.5612734265623507,0.73543906,0.2508255189250428
1763,Snx17,0.5616750897725036,0.761806,0.25051483660852564
1764,RP23-87D8.4,0.5616750897725036,1.4445344,0.25051483660852564
1765,Gngt2,0.5620768919030426,1.2615211,0.2502042690484379
1766,Eif2ak4,0.5624788328593127,1.2173803,0.24989381623058518
1767,Bag1,0.5624788328593127,0.46327567,0.24989381623058518
1768,Bcas2,0.5624788328593127,0.44347477,0.24989381623058518
1769,Atp5h,0.5624788328593127,0.24865602,0.24989381623058518
1770,Ankrd50,0.5632831308697679,1.0285392,0.24927325476478202
1771,Phf12,0.5632831308697679,0.6389698,0.24927325476478202
1772,Akt1,0.5632831308697679,0.43502823,0.24927325476478202
1773,Pole4,0.5636854877339864,0.7283241,0.24896314608841605
1774,Mylip,0.5636854877339864,0.5279929,0.24896314608841605
1775,Nsun6,0.564087983044002,1.2246221,0.24865315209745473
1776,Gabarapl1,0.564490616704504,0.56285685,0.24834327277767637
1777,Htt,0.564490616704504,0.6330391,0.24834327277767637
1778,Echs1,0.5648933886200496,0.8549773,0.24803350811485456
1779,Trio,0.5648933886200496,0.9527617,0.24803350811485456
1780,Zfp622,0.5665058569192436,1.1362532,0.2467955957484047
1781,Sema4d,0.5665058569192436,1.0818886,0.2467955957484047
1782,Orc2,0.5665058569192436,0.88570195,0.2467955957484047
1783,Uvssa,0.5669093186737932,0.65484554,0.24648640415677237
1784,Bcl9l,0.5669093186737932,0.2313624,0.24648640415677237
1785,Fbxl17,0.567312918107985,0.8810964,0.2461773271366212
1786,Cops7b,0.567312918107985,1.1161414,0.2461773271366212
1787,Fbxl6,0.567312918107985,1.0423278,0.2461773271366212
1788,Krr1,0.568928690712061,0.7613372,0.24494216448544653
1789,Edem2,0.568928690712061,0.81987864,0.24494216448544653
1790,Stk10,0.568928690712061,1.0008024,0.24494216448544653
1791,Mpc1,0.568928690712061,0.6339106,0.24494216448544653
1792,Rnasel,0.5693329770964868,0.62281555,0.24463366010861723
1793,Sar1a,0.5697374005804512,0.26125208,0.244325270217597
1794,Ginm1,0.5701419610668139,0.39540356,0.24401699479808805
1795,Zmym2,0.5705466584583041,0.36365715,0.24370883383578743
1796,Aasdhppt,0.5705466584583041,0.89323646,0.24370883383578743
1797,Cpne8,0.5705466584583041,0.6205108,0.24370883383578743
1798,Zdhhc8,0.5705466584583041,0.97116834,0.24370883383578743
1799,Fads1,0.5705466584583041,0.49544725,0.24370883383578743
1800,Ltv1,0.5713564635669355,0.94505215,0.2430928552255698
1801,Atp2b4,0.5713564635669355,0.5401484,0.2430928552255698
1802,Churc1,0.5713564635669355,0.6450386,0.2430928552255698
1803,B3gat3,0.5721668151255799,0.61075324,0.2424773342724083
1804,Upf2,0.5729777123513926,0.47567803,0.24186227086167938
1805,Dhrs4,0.5729777123513926,0.88583,0.24186227086167938
1806,Ilkap,0.5729777123513926,0.87244636,0.24186227086167938
1807,Prdx3,0.57338336534428,0.8861109,0.24155491069888319
1808,Ccdc174,0.5737891544594514,0.91364366,0.2412476648786715
1809,Plbd2,0.5746011406627587,0.7736437,0.24063351620858556
1810,Pgk1,0.5746011406627587,0.33923542,0.24063351620858556
1811,Nbas,0.5746011406627587,0.8931037,0.24063351620858556
1812,Gpr180,0.5746011406627587,0.92020434,0.24063351620858556
1813,Cpsf7,0.5746011406627587,0.36078393,0.24063351620858556
1814,Cpeb1,0.5754136701722425,0.90418863,0.24001982473653488
1815,Ruvbl2,0.5758201384196493,1.8690611,0.23971315041384655
1816,Lncpint,0.57622674219676,0.91378564,0.2394065903475445
1817,Gaa,0.57622674219676,0.21983801,0.2394065903475445
1818,Wdr61,0.57622674219676,0.4932743,0.2394065903475445
1819,Swt1,0.5766334814043583,0.807309,0.23910014452324307
1820,Wasf2,0.5770403559430985,0.24994537,0.23879381292655139
1821,Hivep2,0.5770403559430985,0.5788041,0.23879381292655139
1822,RP23-372C7.2,0.5774473657135062,0.45008704,0.23848759554307283
1823,Wdr1,0.5778545106159778,0.35222214,0.238181492358405
1824,Psmd13,0.5786692054180516,0.64337516,0.2375696285278666
1825,Sympk,0.5790767551178015,1.817605,0.23726386785316406
1826,Grsf1,0.5790767551178015,0.510635,0.23726386785316406
1827,Jam3,0.5790767551178015,1.8649753,0.23726386785316406
1828,Yars,0.5790767551178015,1.8573472,0.23726386785316406
1829,Hebp1,0.5794844395499105,0.7645373,0.23695822131960909
1830,Pafah2,0.5794844395499105,0.82269233,0.23695822131960909
1831,Rtcb,0.5803002122100833,0.692984,0.23634727061821761
1832,Gtpbp4,0.5803002122100833,0.6561632,0.23634727061821761
1833,Ap3d1,0.5807083002372646,0.47587278,0.23604196642150527
1834,Cdc42bpa,0.5811165225950394,0.53487164,0.235736776308189
1835,Mrc2,0.5811165225950394,0.5251133,0.235736776308189
1836,Apobr,0.5823419946436563,1.6172518,0.23482189032407108
1837,Apaf1,0.5827507533148939,0.35730866,0.23451715639976647
1838,Atg2b,0.5831596458116274,1.5812943,0.2342125364865441
1839,Trmt2a,0.5831596458116274,1.666961,0.2342125364865441
1840,Znhit1,0.5831596458116274,0.43863973,0.2342125364865441
1841,Ddx42,0.5835686720324521,0.4744027,0.23390803056992496
1842,Abhd17a,0.5839778318758357,0.90489393,0.23360363863542397
1843,Esf1,0.5843871252401175,0.4999313,0.23329936066855095
1844,Smg6,0.5843871252401175,0.33409676,0.23329936066855095
1845,Mdm4,0.5843871252401175,0.6929493,0.23329936066855095
1846,Map3k10,0.5847965520235088,1.4816053,0.23299519665481003
1847,Crcp,0.5847965520235088,1.5196625,0.23299519665481003
1848,RP23-379C24.2,0.5847965520235088,1.520477,0.23299519665481003
1849,Tfg,0.585206112124093,0.60696185,0.2326911465796999
1850,RP23-410L16.1,0.5856158054398258,1.5110883,0.23238721042871352
1851,Chpf,0.586025631868535,0.71622443,0.23208338818733848
1852,Prkd3,0.586025631868535,0.35441595,0.23208338818733848
1853,Trim47,0.5864355913079204,1.3873518,0.23177967984105685
1854,Cc2d2a,0.5864355913079204,0.68029946,0.23177967984105685
1855,Sh3rf1,0.5868456836555547,0.42731935,0.23147608537534511
1856,Rpa3,0.5868456836555547,1.0712093,0.23147608537534511
1857,Chmp1b,0.5868456836555547,0.6982794,0.23147608537534511
1858,Rif1,0.5868456836555547,0.3369813,0.23147608537534511
1859,Ndufa9,0.5876662666652207,0.662364,0.23086923802750978
1860,Rnf19a,0.5876662666652207,0.45037895,0.23086923802750978
1861,Polr2e,0.5876662666652207,0.6172872,0.23086923802750978
1862,Ppm1d,0.5876662666652207,1.244162,0.23086923802750978
1863,Mrpl2,0.5876662666652207,1.2592185,0.23086923802750978
1864,Chmp1a,0.5880767571217598,1.1537514,0.2305659851163113
1865,AC130827.2,0.5884873800755617,0.6540995,0.2302628460275334
1866,Sppl3,0.5884873800755617,0.47608685,0.2302628460275334
1867,RP23-372C7.4,0.5884873800755617,0.68657,0.2302628460275334
1868,Pkdcc,0.5884873800755617,1.2274176,0.2302628460275334
1869,Polr3a,0.5888981354235616,1.2669033,0.22995982074662485
1870,Ap1s1,0.5893090230625674,0.92587996,0.22965690925902885
1871,Sec22b,0.5893090230625674,0.42788675,0.22965690925902885
1872,Prdm16,0.5897200428892597,1.270544,0.22935411155018312
1873,Tfpi2,0.5901311948001919,1.3897775,0.22905142760551994
1874,Usp8,0.5901311948001919,0.4399272,0.22905142760551994
1875,Akirin2,0.5909538944603554,0.5321715,0.22844640095044183
1876,Zfp943,0.5909538944603554,1.2008814,0.22844640095044183
1877,RP23-323H18.2,0.5913654420020586,1.2816985,0.22814405821086362
1878,Adap2,0.5913654420020586,1.3600761,0.22814405821086362
1879,Clec4a1,0.5913654420020586,1.2400572,0.22814405821086362
1880,Filip1l,0.5913654420020586,1.1163303,0.22814405821086362
1881,Ranbp6,0.5917771212129461,1.0776427,0.2278418291771411
1882,Fdx1,0.5917771212129461,0.5967329,0.2278418291771411
1883,Cnot1,0.5917771212129461,0.35893127,0.2278418291771411
1884,Ptpn4,0.5921889319889371,1.0582683,0.2275397138346786
1885,Pola1,0.5926008742258234,1.1245136,0.22723771216887526
1886,Smim7,0.5926008742258234,0.62553084,0.22723771216887526
1887,Crebrf,0.5926008742258234,0.19487987,0.22723771216887526
1888,RP23-437A9.3,0.593012947819271,0.67956597,0.22693582416512412
1889,Yeats4,0.593012947819271,0.68336993,0.22693582416512412
1890,Sppl2a,0.593425152664819,0.26966986,0.2266340498088131
1891,Zranb2,0.593425152664819,0.21473266,0.2266340498088131
1892,Birc6,0.5942499556937397,0.26257104,0.22603084198003462
1893,Dgcr8,0.5942499556937397,0.60122865,0.22603084198003462
1894,Wdr13,0.5942499556937397,1.1398588,0.22603084198003462
1895,Naa35,0.5946625536675588,0.8151175,0.2257294084783148
1896,Lamtor4,0.5946625536675588,0.2510527,0.2257294084783148
1897,Egln2,0.5950752824743704,0.51630586,0.22542808856553057
1898,Elf1,0.5950752824743704,0.26091036,0.22542808856553057
1899,Smagp,0.5950752824743704,1.0091273,0.22542808856553057
1900,Tnfrsf1b,0.5950752824743704,0.40445206,0.22542808856553057
1901,RP23-234K24.8,0.5954881420090818,0.3668566,0.22512688222704183
1902,Ppp1r37,0.5959011321664747,0.55385476,0.2248257894482029
1903,Eif4ebp2,0.5959011321664747,0.28698382,0.2248257894482029
1904,Kxd1,0.5963142528412039,0.9985066,0.22452481021436277
1905,Rgcc,0.5967275039277988,0.26916438,0.2242239445108645
1906,Syne2,0.5967275039277988,0.42595544,0.2242239445108645
1907,P2rx4,0.5967275039277988,0.50181925,0.2242239445108645
1908,Ddx46,0.5967275039277988,0.31035846,0.2242239445108645
1909,Papola,0.5971408853206626,0.3645852,0.22392319232304603
1910,Wbp4,0.5971408853206626,0.61130095,0.22392319232304603
1911,Rabep1,0.5975543969140729,0.5975677,0.22362255363623926
1912,Rev3l,0.5975543969140729,0.5196913,0.22362255363623926
1913,Htatip2,0.5979680386021813,0.88921225,0.22332202843577081
1914,Fam20a,0.5983818102790139,0.25219586,0.2230216167069617
1915,Borcs7,0.5983818102790139,0.4925072,0.2230216167069617
1916,Zfp68,0.5983818102790139,0.5479341,0.2230216167069617
1917,Ssbp4,0.598795711838471,0.753031,0.22272131843512732
1918,Icam1,0.5992097431743277,0.5770005,0.22242113360557736
1919,Zfp862-ps,0.6000381947497113,0.5576447,0.22182110421454254
1920,Mlx,0.6000381947497113,0.9398205,0.22182110421454254
1921,Arrdc1,0.6004526147761609,0.87940836,0.22152125962364944
1922,Bcl10,0.6004526147761609,0.38490918,0.22152125962364944
1923,Cdk2ap2,0.6008671641528556,0.4728808,0.22122152841622417
1924,Tcn2,0.6012818427729433,0.53260493,0.22092191057754887
1925,Tns1,0.6016966505294472,1.0498435,0.22062240609289993
1926,Rnf19b,0.6016966505294472,0.5743221,0.22062240609289993
1927,RP23-296J16.3,0.6016966505294472,0.9982072,0.22062240609289993
1928,Ttc7,0.6021115873152656,0.86812365,0.2203230149475479
1929,Wipi1,0.6025266530231714,0.2798058,0.2200237371267582
1930,Snrpd3,0.6025266530231714,0.32843673,0.2200237371267582
1931,Zfyve16,0.6025266530231714,0.33410972,0.2200237371267582
1932,Nfat5,0.6029418475458133,0.216421,0.21972457261579012
1933,Hmgcll1,0.6029418475458133,0.43551737,0.21972457261579012
1934,H2afv,0.6033571707757144,0.24235399,0.21942552139989782
1935,Raly,0.6037726226052738,0.49980146,0.2191265834643295
1936,Abcf1,0.6041882029267653,0.43087932,0.21882775879432823
1937,Wdr75,0.6041882029267653,0.84833825,0.21882775879432823
1938,Smc3,0.6046039116323387,0.23626001,0.21852904737513104
1939,Dnajc15,0.605435713763707,0.70834225,0.2179319642300697
1940,Ptgir,0.6058518069731786,0.84362036,0.2176335924746521
1941,Rac1,0.6062680281340864,0.28443652,0.2173353339109313
1942,Emc2,0.6066843771379579,0.2764714,0.21703718852411674
1943,Rpl22,0.6075174582400831,0.26541275,0.21644123722201483
1944,Sclt1,0.6079341901207724,0.7931349,0.2161434312771178
1945,Tmem33,0.6083510494092966,0.43488485,0.21584573844990773
1946,Cops4,0.6083510494092966,0.6528528,0.21584573844990773
1947,Ctdspl,0.6083510494092966,0.3020331,0.21584573844990773
1948,Rnh1,0.6087680359965639,0.6438928,0.21554815872556574
1949,RP23-32M15.2,0.6091851497733587,0.54814875,0.21525069208926736
1950,Usp22,0.6091851497733587,0.6047792,0.21525069208926736
1951,Fam13b,0.6100197584580498,0.721812,0.21465609802147576
1952,Txlna,0.6100197584580498,0.64086324,0.21465609802147576
1953,Rnf11,0.610437253146897,0.3173153,0.21435897056030562
1954,Pdk1,0.6108548745871736,1.6203032,0.21406195612782528
1955,Lactb2,0.6108548745871736,0.774072,0.21406195612782528
1956,Golgb1,0.6116904972825594,0.2999165,0.21346826628951818
1957,Tnpo1,0.6116904972825594,0.4058305,0.21346826628951818
1958,Pcdhb9,0.6121084983176328,0.7094545,0.2131715908539697
1959,Twist1,0.6125266256640645,0.6810234,0.21287502838766711
1960,Pdrg1,0.6129448792115286,0.6606906,0.2125785788757356
1961,Chmp5,0.6129448792115286,0.3558617,0.2125785788757356
1962,Ylpm1,0.6133632588495768,0.367507,0.21228224230329462
1963,Vac14,0.6133632588495768,1.4647921,0.21228224230329462
1964,Ormdl1,0.6133632588495768,1.2678053,0.21228224230329462
1965,Timm17b,0.6133632588495768,0.66534746,0.21228224230329462
1966,RP23-413C19.2,0.6133632588495768,0.67940086,0.21228224230329462
1967,Kansl3,0.6142003959550175,0.24915928,0.21168990791733322
1968,Ldha,0.6142003959550175,0.26709357,0.21168990791733322
1969,Fh1,0.6142003959550175,1.3587052,0.21168990791733322
1970,Evl,0.6142003959550175,0.5314258,0.21168990791733322
1971,P3h4,0.6142003959550175,0.7002871,0.21168990791733322
1972,Ankrd49,0.6142003959550175,1.4271859,0.21168990791733322
1973,Gm26523,0.6146191532008993,0.6318735,0.2113939100740235
1974,Eif3h,0.6150380360943436,0.41423288,0.21109802511062561
1975,Zfp593,0.6150380360943436,1.4968913,0.21109802511062561
1976,Adsl,0.6150380360943436,1.2689649,0.21109802511062561
1977,B9d2,0.6150380360943436,1.3877803,0.21109802511062561
1978,Klhl21,0.6150380360943436,1.2965568,0.21109802511062561
1979,Thrap3,0.6154570445242888,0.26523098,0.2108022530122306
1980,Tmem42,0.6158761783795506,1.463232,0.2105065937639242
1981,Gnai1,0.6158761783795506,0.35410777,0.2105065937639242
1982,Eif2b3,0.6167148219206748,1.2274141,0.2099156137578912
1983,Tmem167b,0.6171343313835573,1.1750017,0.20962029297030774
1984,Mrs2,0.6175539658257962,1.2121617,0.20932508497309907
1985,Ddx55,0.6175539658257962,1.4319052,0.20932508497309907
1986,Endog,0.6175539658257962,1.3726516,0.20932508497309907
1987,Stk3,0.6179737251355966,0.73283637,0.20902998975132248
1988,Mageh1,0.6183936092010412,1.1933552,0.2087350072900296
1989,Myo1d,0.6183936092010412,1.2582965,0.2087350072900296
1990,Ppp1r9b,0.6183936092010412,1.0693237,0.2087350072900296
1991,Atic,0.6183936092010412,1.105408,0.2087350072900296
1992,Tmem161a,0.6183936092010412,1.0455122,0.2087350072900296
1993,Ntmt1,0.6183936092010412,1.3468562,0.2087350072900296
1994,St6galnac4,0.6196540088102407,0.6150985,0.2078507363194879
1995,Gabbr1,0.6200743907766539,0.5115679,0.2075562047505358
1996,Gatsl2,0.6200743907766539,1.227559,0.2075562047505358
1997,Tm9sf4,0.6200743907766539,0.30702102,0.2075562047505358
1998,Pxdn,0.6200743907766539,1.2669905,0.2075562047505358
1999,Sgpp1,0.6209155271795295,0.531447,0.20696747965462386
2000,Omd,0.6209155271795295,1.3074026,0.20696747965462386
2001,Ppan,0.6209155271795295,0.9972961,0.20696747965462386
2002,Ifitm1,0.6209155271795295,1.3196203,0.20696747965462386
2003,RP23-195A18.3,0.6217571594575493,1.1927525,0.20637920518145972
2004,Id3,0.6217571594575493,0.186128,0.20637920518145972
2005,Pigk,0.6225992867071111,0.533867,0.20579138121107354
2006,Arf6,0.6225992867071111,1.0794083,0.20579138121107354
2007,Trip6,0.6225992867071111,0.95230937,0.20579138121107354
2008,RP23-200C3.1,0.6225992867071111,1.1427324,0.20579138121107354
2009,Cdkn2d,0.6225992867071111,1.0146887,0.20579138121107354
2010,Atxn1l,0.6225992867071111,1.0380937,0.20579138121107354
2011,Zfas1,0.6225992867071111,1.0621737,0.20579138121107354
2012,Lpar1,0.6225992867071111,0.32588533,0.20579138121107354
2013,Eif3e,0.6230205356633143,0.2731245,0.20549763812690708
2014,Rpl36al,0.6230205356633143,0.43871012,0.20549763812690708
2015,Pon3,0.6234419080226741,0.72989255,0.20520400762340554
2016,Mrpl35,0.6242850224967638,0.9533875,0.2046170842983046
2017,Rin3,0.6242850224967638,0.9866535,0.2046170842983046
2018,Anxa4,0.6242850224967638,0.8600124,0.2046170842983046
2019,Dnttip1,0.6242850224967638,1.0039816,0.2046170842983046
2020,Pard3,0.6242850224967638,0.8738975,0.2046170842983046
2021,Ube2e1,0.6247067643841416,0.5257197,0.204323791446645
2022,Brf1,0.6251286292199725,1.0162588,0.20403061111552967
2023,Setbp1,0.6251286292199725,0.51818776,0.20403061111552967
2024,Bzw1,0.6251286292199725,0.29892945,0.20403061111552967
2025,Tgds,0.6251286292199725,0.9593122,0.20403061111552967
2026,Mnt,0.6251286292199725,0.8310519,0.20403061111552967
2027,Dynlt1f,0.6251286292199725,0.8924006,0.20403061111552967
2028,Gnptg,0.6251286292199725,0.9806583,0.20403061111552967
2029,Braf,0.6259727272809634,0.33410987,0.20344458795474885
2030,Il17rc,0.6259727272809634,0.93144774,0.20344458795474885
2031,Zfp407,0.6259727272809634,0.9847137,0.20344458795474885
2032,Abhd16a,0.6263949602778075,0.79160106,0.2031517450949778
2033,RP23-116P18.2,0.6268173157664729,0.92691123,0.20285901469553974
2034,Dusp12,0.6268173157664729,0.88804615,0.20285901469553974
2035,Eid2,0.6268173157664729,0.97929436,0.20285901469553974
2036,Zfp263,0.6268173157664729,0.7833673,0.20285901469553974
2037,Trappc8,0.6276623937613136,0.77492464,0.202273891217389
2038,Ttc4,0.6276623937613136,0.8789392,0.202273891217389
2039,Krcc1,0.6276623937613136,0.35015443,0.202273891217389
2040,Bcl7c,0.6276623937613136,0.8688001,0.202273891217389
2041,Dhrs7b,0.6280851160382115,0.9024825,0.20198149810852545
2042,Cbr1,0.6285079603483765,1.0570015,0.20168921739969292
2043,Plcb3,0.6285079603483765,0.8647584,0.20168921739969292
2044,Arhgef25,0.6289309265768703,0.5118544,0.20139704907580175
2045,Itfg2,0.6293540146086348,0.91715294,0.20110499312175661
2046,Ints3,0.6293540146086348,0.8939701,0.20110499312175661
2047,Serbp1,0.6297772243284925,0.19569336,0.20081304952245643
2048,Zfp120,0.6302005556211459,0.9027066,0.20052121826279462
2049,Cdc16,0.6302005556211459,0.6119905,0.20052121826279462
2050,Bag6,0.6302005556211459,0.7422158,0.20052121826279462
2051,Ugcg,0.631047582463054,0.29029995,0.19993789270193066
2052,Fundc1,0.6318950942095942,0.797524,0.19935501631819738
2053,Tmem98,0.6318950942095942,0.8017349,0.19935501631819738
2054,Hipk3,0.6318950942095942,0.38936564,0.19935501631819738
2055,Ppp2r3a,0.6323190316325906,0.5847262,0.19906374652992762
2056,Mknk2,0.632743089934094,0.781224,0.19877258899053657
2057,Wasl,0.6331672689979729,0.36584204,0.19848154368487775
2058,Zhx1,0.6331672689979729,0.46955535,0.19848154368487775
2059,Agrn,0.6335915687079768,0.78465474,0.19819061059779902
2060,Rps28,0.6335915687079768,0.23870598,0.19819061059779902
2061,Rdh10,0.6335915687079768,0.8161661,0.19819061059779902
2062,Elof1,0.6335915687079768,0.4539579,0.19819061059779902
2063,Agtrap,0.6344405296007649,0.6471993,0.1976090810187444
2064,Urgcp,0.6344405296007649,0.768136,0.1976090810187444
2065,Ext1,0.6344405296007649,0.40958402,0.1976090810187444
2066,Esco1,0.6344405296007649,0.3833608,0.1976090810187444
2067,Pex16,0.6344405296007649,0.74654,0.1976090810187444
2068,Nup214,0.6344405296007649,0.7336199,0.1976090810187444
2069,Ndufb11,0.6352899716800817,0.22160362,0.19702800013204144
2070,Slc43a2,0.6352899716800817,0.718313,0.19702800013204144
2071,RP24-267D17.1,0.6352899716800817,0.7699584,0.19702800013204144
2072,Galnt7,0.6352899716800817,0.6634127,0.19702800013204144
2073,Sucla2,0.6352899716800817,0.7374595,0.19702800013204144
2074,Plin3,0.6357148728728026,0.3906456,0.19673762791038077
2075,Mllt6,0.6357148728728026,0.46935228,0.19673762791038077
2076,RP23-182J19.2,0.6361398940116556,0.8270401,0.1964473678162676
2077,Rrp1b,0.6361398940116556,0.8366542,0.1964473678162676
2078,Gba,0.6361398940116556,0.80556905,0.1964473678162676
2079,Txnl4a,0.6361398940116556,0.81793886,0.1964473678162676
2080,Rnf38,0.6361398940116556,0.43933085,0.1964473678162676
2081,Wtip,0.6361398940116556,0.4716481,0.1964473678162676
2082,Oat,0.6365650349795613,0.20198062,0.19615721983450968
2083,Cdkn1a,0.6365650349795613,0.38309315,0.19615721983450968
2084,Stap1,0.6369902956593219,1.4218841,0.19586718394990932
2085,Fhl1,0.6369902956593219,0.8309966,0.19586718394990932
2086,Rnmt,0.6374156759336215,0.39909437,0.19557726014726298
2087,Csad,0.6378411756850262,0.6056776,0.19528744841136178
2088,Irf1,0.6378411756850262,0.18591134,0.19528744841136178
2089,Asf1a,0.6378411756850262,0.666438,0.19528744841136178
2090,Zzz3,0.6382667947959848,0.36841956,0.19499774872699047
2091,Utp20,0.6382667947959848,1.5532844,0.19499774872699047
2092,Lamtor3,0.6386925331488277,0.6952244,0.1947081610789288
2093,RP23-192P17.3,0.6386925331488277,0.67222965,0.1947081610789288
2094,Itpa,0.6386925331488277,0.7138448,0.1947081610789288
2095,Naa50,0.6386925331488277,0.6273298,0.1947081610789288
2096,Taf1,0.6395443671089014,0.32481992,0.1941293218308231
2097,Eif4b,0.6395443671089014,0.34646606,0.1941293218308231
2098,Cwf19l2,0.6403966766215414,0.4519054,0.19355093054516595
2099,Slc37a3,0.6403966766215414,0.69587624,0.19355093054516595
2100,Nelfa,0.6412494607411643,0.61850363,0.19297298709998717
2101,Ift43,0.6416760304825866,0.389258,0.19268418327943654
2102,Pou2f2,0.6416760304825866,1.1342549,0.19268418327943654
2103,Sarnp,0.6421027185203112,0.20941164,0.19239549137322534
2104,Srsf4,0.6421027185203112,0.55080456,0.19239549137322534
2105,B3gnt9,0.6425295247356133,0.42212674,0.19210691136608163
2106,Zfp12,0.6425295247356133,1.3979921,0.19210691136608163
2107,G6pc3,0.6425295247356133,1.4140928,0.19210691136608163
2108,Pibf1,0.6429564490096517,0.68386734,0.19181844324272743
2109,Marc2,0.6429564490096517,0.20342432,0.19181844324272743
2110,Parp14,0.6429564490096517,0.36148855,0.19181844324272743
2111,Ralgapa1,0.6433834912234675,0.27281243,0.19153008698787966
2112,Adcy3,0.643810651257986,0.69086975,0.19124184258624907
2113,RP23-149A5.4,0.6442379289940159,1.2842096,0.1909537100225407
2114,Dhx40,0.6442379289940159,0.16852409,0.1909537100225407
2115,Armcx2,0.6446653243122492,0.6056869,0.19066568928145394
2116,Sltm,0.6446653243122492,0.23094928,0.19066568928145394
2117,Gigyf2,0.6446653243122492,0.597612,0.19066568928145394
2118,Anapc11,0.6446653243122492,0.5804295,0.19066568928145394
2119,Mrpl55,0.6446653243122492,0.67133117,0.19066568928145394
2120,March5,0.6450928370932616,0.391402,0.19037778034768263
2121,Lancl1,0.6450928370932616,1.3290945,0.19037778034768263
2122,Cisd2,0.6455204672175126,0.5051084,0.1900899832059147
2123,Psmd14,0.6455204672175126,0.8087272,0.1900899832059147
2124,Scaf8,0.6455204672175126,0.49302226,0.1900899832059147
2125,Cops6,0.6463760790169881,0.97999454,0.18951472423711196
2126,Cep83,0.6463760790169881,0.6022922,0.18951472423711196
2127,RP23-198E14.7,0.6468040604525513,1.237923,0.1892272623794245
2128,Exosc9,0.6468040604525513,1.3266877,0.1892272623794245
2129,Serpinb9,0.6468040604525513,1.2549351,0.1892272623794245
2130,Gstm5,0.6468040604525513,1.0201263,0.1892272623794245
2131,Map4k4,0.6468040604525513,0.17661801,0.1892272623794245
2132,Smim4,0.6472321587520311,0.7978713,0.18893991225243473
2133,Tmem55b,0.6472321587520311,0.48862636,0.18893991225243473
2134,Ndufa12,0.6472321587520311,1.1408004,0.18893991225243473
2135,Tmem47,0.6480887054621426,0.2253528,0.18836554712918052
2136,Cox6b1,0.6480887054621426,0.15563342,0.18836554712918052
2137,Rasa1,0.6480887054621426,0.49718717,0.18836554712918052
2138,Polr3d,0.6485171536321872,0.9864408,0.1880785321022173
2139,Fance,0.6485171536321872,1.1528192,0.1880785321022173
2140,Fasn,0.6485171536321872,1.2540402,0.1880785321022173
2141,Mybbp1a,0.6489457181849737,0.7467936,0.18779162874455468
2142,Epc2,0.6489457181849737,0.37482965,0.18779162874455468
2143,Fibin,0.6493743989999194,0.32879803,0.1875048370408292
2144,Cct2,0.6493743989999194,0.2525445,0.1875048370408292
2145,Acvr2b,0.6493743989999194,1.1809462,0.1875048370408292
2146,Ccdc66,0.6493743989999194,1.2726539,0.1875048370408292
2147,Pogz,0.6498031959563273,1.0618544,0.1872181569756712
2148,Nde1,0.6502321089333841,1.1963791,0.18693158853370578
2149,Narfl,0.6502321089333841,1.1251448,0.18693158853370578
2150,Bcl3,0.6506611378101623,0.5095145,0.18664513169955194
2151,Pphln1,0.6506611378101623,0.5100349,0.18664513169955194
2152,Nfib,0.6515195427785963,0.21084574,0.18607255279312696
2153,Rasgrp2,0.6519489186278218,0.46744224,0.1857864306900653
2154,Dlg3,0.6519489186278218,0.9882352,0.1857864306900653
2155,Cnep1r1,0.6523784098919083,0.49679652,0.18550042013323434
2156,Limd2,0.6532377381785428,0.3310883,0.1849287335966203
2157,l7Rn6,0.6532377381785428,0.52100253,0.1849287335966203
2158,Saysd1,0.6532377381785428,1.0452625,0.1849287335966203
2159,Ogt,0.6532377381785428,0.16609512,0.1849287335966203
2160,Bin2,0.6532377381785428,0.93742764,0.1849287335966203
2161,Nbn,0.6532377381785428,0.89258325,0.1849287335966203
2162,Nfatc3,0.6540975266651121,0.57147735,0.1843574930599389
2163,Adam12,0.6540975266651121,0.17691074,0.1843574930599389
2164,Ubald2,0.6545275931786885,0.51168203,0.1840720400030022
2165,Tmem126b,0.6545275931786885,0.9868624,0.1840720400030022
2166,Prkag2,0.6545275931786885,1.01342,0.1840720400030022
2167,Trim24,0.6549577743763998,0.4724652,0.18378669839975223
2168,Tor2a,0.6549577743763998,0.479006,0.18378669839975223
2169,Dera,0.6549577743763998,0.9076074,0.18378669839975223
2170,Mrpl9,0.6549577743763998,0.8935446,0.18378669839975223
2171,Eif4a3,0.6553880701360586,0.3034701,0.18350146823474495
2172,Atg4b,0.6558184803353639,0.9157801,0.1832163494925303
2173,AC163616.2,0.6558184803353639,0.3836976,0.1832163494925303
2174,Rffl,0.6558184803353639,0.9456033,0.1832163494925303
2175,Siae,0.6562490048519006,0.9063381,0.1829313421576529
2176,Prcc,0.6562490048519006,1.02521,0.1829313421576529
2177,RP24-221F4.2,0.6566796435631401,0.4743522,0.18264644621465112
2178,Tap1,0.6566796435631401,0.47773516,0.18264644621465112
2179,Slc39a9,0.6566796435631401,0.94608647,0.18264644621465112
2180,Tsg101,0.6566796435631401,0.46597975,0.18264644621465112
2181,Dock1,0.6566796435631401,0.59362406,0.18264644621465112
2182,Cnot3,0.6566796435631401,0.4809575,0.18264644621465112
2183,Cd99l2,0.6566796435631401,0.38380045,0.18264644621465112
2184,Zfp958,0.6566796435631401,0.7984006,0.18264644621465112
2185,Dym,0.6571103963464404,0.92790323,0.1823616616480577
2186,Rnf34,0.6571103963464404,0.83250433,0.1823616616480577
2187,Gm26518,0.6571103963464404,0.87465864,0.1823616616480577
2188,Igbp1,0.6575412630790453,0.42733356,0.18207698844240006
2189,Nfkbil1,0.6579722436380858,0.6650482,0.18179242658219927
2190,Stx17,0.6579722436380858,0.7075362,0.18179242658219927
2191,Vps41,0.6579722436380858,0.75429857,0.18179242658219927
2192,Trim12a,0.6579722436380858,0.8401602,0.18179242658219927
2193,Pbxip1,0.6584033379005796,0.19024915,0.1815079760519709
2194,Nudcd2,0.658834545743431,0.35372072,0.1812236368362246
2195,Rara,0.6592658670434313,0.5040746,0.18093940891946458
2196,Nucks1,0.6592658670434313,0.16457629,0.18093940891946458
2197,Prnp,0.6592658670434313,0.8690974,0.18093940891946458
2198,Rsbn1,0.6592658670434313,0.26071307,0.18093940891946458
2199,Plekhg2,0.6609922843467941,0.82119864,0.17980360993216393
2200,Gramd1a,0.6614241710804567,0.68694496,0.17951993827769272
2201,Tpd52l2,0.6614241710804567,0.29233775,0.17951993827769272
2202,Ak6,0.6618561705296466,0.65309674,0.1792363778291104
2203,Numb,0.6627205070785057,0.8286649,0.17866959048746126
2204,Zfp944,0.6627205070785057,0.84891677,0.17866959048746126
2205,Borcs8,0.6627205070785057,0.7619222,0.17866959048746126
2206,AC123684.1,0.6635852930000448,0.8020939,0.17810324778285563
2207,Dph3,0.6635852930000448,0.41155744,0.17810324778285563
2208,Cep164,0.6640178541646642,0.67214155,0.17782024313055614
2209,Vdac2,0.6644505272991438,0.40787357,0.1775373495908403
2210,Neu1,0.6648833122788138,0.7339856,0.17725456714813706
2211,RP23-325I3.1,0.6648833122788138,0.71208984,0.17725456714813706
2212,Prpf38b,0.665316208978893,0.1823727,0.17697189578686953
2213,Ftsj3,0.665316208978893,0.70514005,0.17697189578686953
2214,Mpv17,0.665316208978893,0.654339,0.17697189578686953
2215,Ntan1,0.6657492172744883,0.64728785,0.1766893354914551
2216,Kat6b,0.6661823370405959,0.44816127,0.17640688624630504
2217,Fam207a,0.6661823370405959,0.7005068,0.17640688624630504
2218,Trnau1ap,0.6666155681521,0.47083235,0.17612454803582525
2219,Eif4ebp1,0.6666155681521,0.4252783,0.17612454803582525
2220,Casp1,0.6666155681521,0.6888382,0.17612454803582525
2221,Btg1,0.6666155681521,0.2911787,0.17612454803582525
2222,Carhsp1,0.6670489104837736,1.1666344,0.1758423208444157
2223,Ndufs8,0.6670489104837736,0.8048144,0.1758423208444157
2224,Nifk,0.6670489104837736,0.70364904,0.1758423208444157
2225,Ykt6,0.6670489104837736,0.5224917,0.1758423208444157
2226,Mesdc1,0.6670489104837736,0.62941915,0.1758423208444157
2227,Thoc1,0.6670489104837736,0.66012853,0.1758423208444157
2228,Hnrnpk,0.6674823639102789,0.23227072,0.17556020465647032
2229,Dap,0.6679159283061668,0.49576998,0.17527819945637776
2230,Fkbp11,0.6679159283061668,0.67177516,0.17527819945637776
2231,AC160535.1,0.6679159283061668,0.34675294,0.17527819945637776
2232,Spop,0.6679159283061668,0.32656112,0.17527819945637776
2233,Nt5dc2,0.6687833895037395,1.5465393,0.17471452195727508
2234,Aff1,0.6687833895037395,0.29599708,0.17471452195727508
2235,Rhbdf1,0.6687833895037395,0.6548416,0.17471452195727508
2236,Ehd2,0.6687833895037395,0.464509,0.17471452195727508
2237,Zfp322a,0.6687833895037395,0.42106694,0.17471452195727508
2238,Naa30,0.6687833895037395,0.6572739,0.17471452195727508
2239,Cdc14a,0.6696512930706833,0.57928336,0.1741512882220985
2240,Col5a2,0.6705196379994199,0.1735223,0.1735884981257459
2241,Rbmxl1,0.6705196379994199,0.6077103,0.1735884981257459
2242,Znhit2,0.6705196379994199,1.6161968,0.1735884981257459
2243,Cntln,0.6705196379994199,0.6147034,0.1735884981257459
2244,Xpa,0.6705196379994199,0.6018497,0.1735884981257459
2245,Ube2h,0.6709539756591092,0.22690809,0.1733072694030089
2246,Parp8,0.6713884232806047,1.5529917,0.17302615154302262
2247,Mcts1,0.6713884232806047,0.36917615,0.17302615154302262
2248,Hspb1,0.6713884232806047,1.4382895,0.17302615154302262
2249,Hivep1,0.6713884232806047,0.4687458,0.17302615154302262
2250,Sf3b5,0.6713884232806047,0.23667401,0.17302615154302262
2251,Arid1b,0.6713884232806047,0.37806508,0.17302615154302262
2252,Vma21,0.6718229807374627,0.31817746,0.1727451445301232
2253,Tm2d1,0.6722576479031299,0.4176872,0.17246424834864102
2254,Tmem109,0.6722576479031299,0.3861838,0.17246424834864102
2255,Abcc9,0.6722576479031299,1.5604631,0.17246424834864102
2256,Trove2,0.6722576479031299,0.42524165,0.17246424834864102
2257,Aatf,0.6722576479031299,1.5236634,0.17246424834864102
2258,R3hdm1,0.6722576479031299,0.45341122,0.17246424834864102
2259,Eif2ak2,0.6726924246509429,0.55679196,0.1721834629829006
2260,Brd4,0.6731273108541287,0.20920233,0.1719027884172206
2261,Angel2,0.6731273108541287,0.40693566,0.1719027884172206
2262,RP24-162O18.3,0.6731273108541287,1.5902339,0.1719027884172206
2263,AC102628.1,0.6731273108541287,1.5556762,0.1719027884172206
2264,Ccnd1,0.6731273108541287,1.4562889,0.1719027884172206
2265,Pfn2,0.6731273108541287,1.5664271,0.1719027884172206
2266,Nadk,0.6735623063858045,0.37322468,0.17162222463591392
2267,Msantd2,0.6735623063858045,0.5871858,0.17162222463591392
2268,Nap1l4,0.6735623063858045,0.18481646,0.17162222463591392
2269,Fam78b,0.6739974111189777,1.3221868,0.17134177162328793
2270,Tbp,0.6739974111189777,1.7181479,0.17134177162328793
2271,Josd1,0.6739974111189777,0.35457152,0.17134177162328793
2272,Fam219a,0.6739974111189777,1.4710526,0.17134177162328793
2273,Inpp5k,0.6739974111189777,1.5925024,0.17134177162328793
2274,Psmd6,0.6744326249265473,0.1511162,0.1710614293636434
2275,Prkcd,0.6744326249265473,0.605473,0.1710614293636434
2276,Smim8,0.6748679476813018,1.4629037,0.1707811978412762
2277,Sharpin,0.6748679476813018,1.5532748,0.1707811978412762
2278,Rps10-ps2,0.6748679476813018,1.5262345,0.1707811978412762
2279,Fbxl20,0.6753033792559209,1.047605,0.17050107704047593
2280,Pofut2,0.6757389195229755,0.19666009,0.17022106694552627
2281,Ube2r2,0.6757389195229755,0.2962758,0.17022106694552627
2282,Nt5dc1,0.6757389195229755,1.4525602,0.17022106694552627
2283,Entpd2,0.6757389195229755,1.4301939,0.17022106694552627
2284,Rpusd4,0.6757389195229755,1.3978041,0.17022106694552627
2285,Scaf11,0.6766103256241285,0.18110655,0.16966137881028545
2286,Wdr70,0.6766103256241285,1.3257004,0.16966137881028545
2287,Ppil2,0.6766103256241285,0.29047418,0.16966137881028545
2288,Dok1,0.6766103256241285,0.33075696,0.16966137881028545
2289,Timmdc1,0.6766103256241285,1.2566476,0.16966137881028545
2290,H2afz,0.6766103256241285,0.2153143,0.16966137881028545
2291,Gk5,0.6766103256241285,1.3601352,0.16966137881028545
2292,Klf12,0.6766103256241285,1.3204334,0.16966137881028545
2293,Slc12a9,0.6766103256241285,1.2991147,0.16966137881028545
2294,Lxn,0.6774821649631482,1.1286104,0.16910213330970786
2295,Luc7l,0.6774821649631482,0.19786958,0.16910213330970786
2296,Blvra,0.6774821649631482,0.9779001,0.16910213330970786
2297,Pdcd11,0.6774821649631482,0.5970217,0.16910213330970786
2298,A430046D13Rik,0.6774821649631482,1.4050653,0.16910213330970786
2299,Clec16a,0.6774821649631482,1.2036335,0.16910213330970786
2300,Oma1,0.6774821649631482,1.4437077,0.16910213330970786
2301,Sept10,0.6774821649631482,1.1738454,0.16910213330970786
2302,Ctps,0.6774821649631482,1.2758477,0.16910213330970786
2303,Abhd10,0.6783544365166829,1.3172612,0.16854333031785476
2304,Bcl6,0.6783544365166829,0.6090864,0.16854333031785476
2305,RP23-5A19.7,0.6783544365166829,1.237447,0.16854333031785476
2306,Xpnpep1,0.6783544365166829,1.1363398,0.16854333031785476
2307,RP24-195M20.2,0.6783544365166829,1.2744546,0.16854333031785476
2308,RP24-233F22.1,0.6783544365166829,1.2392942,0.16854333031785476
2309,RP23-418M3.5,0.6783544365166829,1.2883742,0.16854333031785476
2310,Siah1a,0.6792271392596458,0.31201625,0.1679849697086942
2311,Wnk1,0.6792271392596458,0.36120927,0.1679849697086942
2312,Crls1,0.6792271392596458,1.2799374,0.1679849697086942
2313,Mettl17,0.6792271392596458,1.2093922,0.1679849697086942
2314,Pcbd2,0.6792271392596458,0.33936512,0.1679849697086942
2315,Cul3,0.6792271392596458,0.20106675,0.1679849697086942
2316,Abcg1,0.6792271392596458,1.159461,0.1679849697086942
2317,Pqbp1,0.6796636520063499,0.38688272,0.1677059552582129
2318,Tead3,0.6801002721652187,1.3267162,0.1674270513561007
2319,Deaf1,0.6801002721652187,1.0857037,0.1674270513561007
2320,Toe1,0.6801002721652187,1.1333691,0.1674270513561007
2321,Nol6,0.6801002721652187,1.0325812,0.1674270513561007
2322,Svbp,0.6801002721652187,0.3137657,0.1674270513561007
2323,Pigv,0.6801002721652187,1.0119843,0.1674270513561007
2324,Golim4,0.6809738342048549,0.3065508,0.16686957513385572
2325,Immt,0.6809738342048549,0.36166725,0.16686957513385572
2326,Ube2b,0.6809738342048549,0.3018452,0.16686957513385572
2327,Wars2,0.6809738342048549,1.0090349,0.16686957513385572
2328,Thoc5,0.6818478243482828,1.0382783,0.1663125409156475
2329,Cog4,0.6818478243482828,0.97594666,0.1663125409156475
2330,Mpv17l2,0.6818478243482828,1.0406303,0.1663125409156475
2331,Eef1g,0.6822849796364884,0.1894165,0.1660341895185591
2332,Cops2,0.6822849796364884,0.22965464,0.1660341895185591
2333,RP24-84B18.2,0.6827222415635104,1.0218784,0.16575594857507067
2334,Gstz1,0.6827222415635104,0.881702,0.16575594857507067
2335,Ddx50,0.6827222415635104,0.35116145,0.16575594857507067
2336,Zfp524,0.6827222415635104,1.0393344,0.16575594857507067
2337,Ofd1,0.6827222415635104,1.1065974,0.16575594857507067
2338,Caml,0.6827222415635104,0.28510612,0.16575594857507067
2339,Fbxw11,0.6831596100000814,0.9124647,0.16547781806936693
2340,Ralbp1,0.6831596100000814,0.23089486,0.16547781806936693
2341,Adh5,0.6831596100000814,0.4684479,0.16547781806936693
2342,Snx9,0.683597084816827,0.3980254,0.1651997979856268
2343,Nudt16,0.683597084816827,1.0161839,0.1651997979856268
2344,Hip1,0.683597084816827,0.383863,0.1651997979856268
2345,Cebpb,0.683597084816827,0.21516886,0.1651997979856268
2346,Dolpp1,0.683597084816827,0.9818517,0.1651997979856268
2347,Gzf1,0.6840346658842658,0.30355647,0.1649218883080233
2348,Srp19,0.6840346658842658,0.2478822,0.1649218883080233
2349,Bsg,0.6844723530728091,0.08693131,0.1646440890207237
2350,Ggta1,0.6844723530728091,0.819724,0.1646440890207237
2351,Glis2,0.6844723530728091,1.0519661,0.1646440890207237
2352,Erp44,0.6844723530728091,0.38343263,0.1646440890207237
2353,Cytip,0.6844723530728091,0.90220237,0.1646440890207237
2354,Ppp1r35,0.6844723530728091,0.51425004,0.1646440890207237
2355,Sh3bp4,0.6853480452943219,0.86934125,0.16408882155367588
2356,Wwox,0.6853480452943219,0.8794211,0.16408882155367588
2357,Rps8,0.6853480452943219,0.2519246,0.16408882155367588
2358,Npc1,0.6853480452943219,0.8557134,0.16408882155367588
2359,Tfpt,0.6853480452943219,0.7676091,0.16408882155367588
2360,Bloc1s4,0.6853480452943219,0.9533579,0.16408882155367588
2361,Gpc4,0.6853480452943219,0.39452535,0.16408882155367588
2362,Nup88,0.6857860500675811,0.47197327,0.16381135334223293
2363,Cox6c,0.6857860500675811,0.16733438,0.16381135334223293
2364,Zfp532,0.6862241604425243,0.48123923,0.16353399545770433
2365,Ice1,0.6862241604425243,0.357203,0.16353399545770433
2366,RP23-37J21.9,0.6862241604425243,0.7425049,0.16353399545770433
2367,Zfp637,0.6862241604425243,0.7591964,0.16353399545770433
2368,Fscn1,0.6862241604425243,0.4480265,0.16353399545770433
2369,Hmgxb3,0.6862241604425243,0.90485126,0.16353399545770433
2370,Mrto4,0.6862241604425243,0.88051766,0.16353399545770433
2371,Snai1,0.6866623762890303,0.40047303,0.1632567478842282
2372,Fam149a,0.6871006974768716,0.95213825,0.1629796106059365
2373,Mysm1,0.6871006974768716,0.3815721,0.1629796106059365
2374,Vti1b,0.6871006974768716,0.5489349,0.1629796106059365
2375,RP23-263B18.4,0.6871006974768716,0.7575256,0.1629796106059365
2376,Atp5j2,0.6871006974768716,0.13669318,0.1629796106059365
2377,Zfp521,0.6871006974768716,0.9240171,0.1629796106059365
2378,Prpsap1,0.6871006974768716,0.5167821,0.1629796106059365
2379,Nod1,0.6871006974768716,0.9039763,0.1629796106059365
2380,Inafm1,0.6879776553551196,0.8519391,0.16242566687140628
2381,Phf20,0.6879776553551196,0.32702264,0.16242566687140628
2382,Hps4,0.6879776553551196,0.8795419,0.16242566687140628
2383,Las1l,0.6879776553551196,0.8071343,0.16242566687140628
2384,Nxf1,0.6879776553551196,0.26889658,0.16242566687140628
2385,Ranbp10,0.6888550330333282,0.8164919,0.1618721641270538
2386,Smim12,0.6888550330333282,0.89866626,0.1618721641270538
2387,Mcur1,0.6888550330333282,0.28151262,0.1618721641270538
2388,Inpp5f,0.6888550330333282,0.79528004,0.1618721641270538
2389,Galk2,0.6888550330333282,0.79646933,0.1618721641270538
2390,Hs6st1,0.6892938789707236,0.3196114,0.16159557808646238
2391,Picalm,0.6892938789707236,0.15148304,0.16159557808646238
2392,Hyal1,0.6892938789707236,0.4270022,0.16159557808646238
2393,Trip10,0.6897328294658649,0.8071738,0.16131910224572554
2394,Arhgef10l,0.6897328294658649,0.706131,0.16131910224572554
2395,Chmp6,0.6897328294658649,0.7332095,0.16131910224572554
2396,Phb,0.6906110436054083,0.8335806,0.16076648110017455
2397,Ifi203,0.6906110436054083,0.6029259,0.16076648110017455
2398,Stk19,0.6906110436054083,0.79014856,0.16076648110017455
2399,Znrf1,0.6906110436054083,0.33024022,0.16076648110017455
2400,Mta3,0.6906110436054083,0.7236507,0.16076648110017455
2401,Jmy,0.6914896744029521,0.4539941,0.16021430056305985
2402,Ubxn4,0.6914896744029521,0.24190114,0.16021430056305985
2403,Timm8b,0.6914896744029521,0.42676476,0.16021430056305985
2404,Cyld,0.6919291457201998,0.3860433,0.1599383754828464
2405,Casp4,0.6923687208078086,0.7737737,0.1596625605069467
2406,Man2b2,0.6923687208078086,0.8738838,0.1596625605069467
2407,Fis1,0.6923687208078086,0.28276902,0.1596625605069467
2408,Pikfyve,0.6923687208078086,0.366533,0.1596625605069467
2409,Erlec1,0.6923687208078086,0.19929211,0.1596625605069467
2410,Golm1,0.6923687208078086,0.82670945,0.1596625605069467
2411,Sirt1,0.6923687208078086,0.8005127,0.1596625605069467
2412,Crnkl1,0.6932481817676125,0.45029157,0.15911126080430663
2413,Fam149b,0.6932481817676125,0.7377651,0.15911126080430663
2414,Fbxl5,0.6936880673762976,0.44199497,0.1588357760456607
2415,Akap8,0.6941280562283242,0.6153136,0.15856040132751736
2416,Zfp1,0.6941280562283242,0.77691394,0.15856040132751736
2417,RP23-204N19.8,0.6941280562283242,0.71251106,0.15856040132751736
2418,RP24-176F12.14,0.6941280562283242,0.65722275,0.15856040132751736
2419,Mrps36,0.6941280562283242,0.749033,0.15856040132751736
2420,Cdk17,0.695008343134234,0.5753644,0.1580099819488626
2421,Sdf4,0.695008343134234,0.18646036,0.1580099819488626
2422,Dcaf11,0.695008343134234,0.7913296,0.1580099819488626
2423,Lsm3,0.695448640923773,0.44487807,0.1577349372563987
2424,Sdc2,0.695448640923773,0.14131318,0.1577349372563987
2425,Sf3b3,0.695448640923773,0.25886586,0.1577349372563987
2426,Umad1,0.6967701500504797,0.36616713,0.15691046297462183
2427,Zcchc9,0.6976516679410779,0.34346324,0.1563613631231336
2428,Brd8,0.6976516679410779,0.25039655,0.1563613631231336
2429,Ak1,0.6976516679410779,0.6212282,0.1563613631231336
2430,Atp6v0d1,0.6976516679410779,0.5578351,0.1563613631231336
2431,Vps53,0.6976516679410779,0.5260252,0.1563613631231336
2432,Mrpl11,0.6980925800299876,0.70845455,0.15608697805027255
2433,Rbbp9,0.6985335940374067,0.61711717,0.15581270285797505
2434,Fbxo31,0.6994159272754603,2.1172369,0.15526448205096008
2435,Peg13,0.6994159272754603,0.2502255,0.15526448205096008
2436,Prr13,0.6994159272754603,0.27124244,0.15526448205096008
2437,Entpd7,0.6994159272754603,0.5833886,0.15526448205096008
2438,Maip1,0.6994159272754603,0.7138631,0.15526448205096008
2439,Shisa5,0.6998572462396817,0.20779775,0.15499053640417243
2440,Lrg1,0.6998572462396817,0.38484392,0.15499053640417243
2441,Pml,0.7002986665895858,0.6221369,0.15471670057380815
2442,Zfp422,0.7002986665895858,0.6183635,0.15471670057380815
2443,Mga,0.7011818109124858,0.20799471,0.1541693582981447
2444,Rcn1,0.7011818109124858,0.16883163,0.1541693582981447
2445,Tbca,0.7011818109124858,0.24077442,0.1541693582981447
2446,Elac1,0.7020653591752227,1.4295788,0.15362245509550088
2447,Med30,0.7020653591752227,0.621531,0.15362245509550088
2448,Fxn,0.7020653591752227,1.8143185,0.15362245509550088
2449,Nhlrc2,0.7025072844495395,0.5916347,0.15334916810638907
2450,Thsd7a,0.7025072844495395,0.22512157,0.15334916810638907
2451,Chmp7,0.7029493103072224,0.46683624,0.15307599083731374
2452,Tmed7,0.7029493103072224,0.6179179,0.15307599083731374
2453,Nucb1,0.7029493103072224,0.15800005,0.15307599083731374
2454,Tmem101,0.7029493103072224,1.7075,0.15307599083731374
2455,Cep290,0.7029493103072224,1.5064226,0.15307599083731374
2456,Gorasp2,0.7033914366141949,0.39084098,0.15280292327218967
2457,Hoxa3,0.7038336632362783,0.59409946,0.1525299653949259
2458,Ptbp2,0.7038336632362783,0.41213527,0.1525299653949259
2459,Bap1,0.7038336632362783,0.48917183,0.1525299653949259
2460,Plgrkt,0.7038336632362783,0.57539225,0.1525299653949259
2461,Ddx49,0.7047184168885545,1.6022098,0.1519843786395858
2462,Glud1,0.7047184168885545,0.17951454,0.1519843786395858
2463,Idi1,0.7047184168885545,1.3971679,0.1519843786395858
2464,Mlycd,0.7047184168885545,0.42250976,0.1519843786395858
2465,Tysnd1,0.7047184168885545,1.4747787,0.1519843786395858
2466,Litaf,0.7047184168885545,0.40143463,0.1519843786395858
2467,Pdap1,0.7056035701885908,0.3057852,0.15143923044244742
2468,Srpr,0.7056035701885908,0.19643563,0.15143923044244742
2469,Rnf181,0.7056035701885908,0.44155553,0.15143923044244742
2470,Bbc3,0.7056035701885908,1.5832893,0.15143923044244742
2471,Arhgap12,0.7056035701885908,0.60099363,0.15143923044244742
2472,Zfp511,0.706046296369994,1.3079258,0.1511668207629137
2473,Tmem97,0.706046296369994,1.2315221,0.1511668207629137
2474,Ccdc32,0.706046296369994,1.2443961,0.1511668207629137
2475,RP23-372N15.4,0.7064891220593053,1.2542186,0.15089452067457038
2476,Plppr3,0.7064891220593053,0.49119064,0.15089452067457038
2477,Stat3,0.7069320471216364,0.13961975,0.15062233016128523
2478,Tecr,0.7069320471216364,0.29553717,0.15062233016128523
2479,D030056L22Rik,0.7073750714219987,1.4499202,0.15035024920692003
2480,Hist3h2a,0.7073750714219987,1.3739088,0.15035024920692003
2481,Clec7a,0.7073750714219987,0.48624295,0.15035024920692003
2482,St3gal2,0.7073750714219987,0.54141754,0.15035024920692003
2483,Dopey2,0.7073750714219987,1.4645838,0.15035024920692003
2484,Chchd7,0.7073750714219987,0.36470252,0.15035024920692003
2485,Unc119b,0.7078181948253031,1.1044502,0.15007827779533056
2486,Arl3,0.708261417196359,0.5790499,0.14980641591036692
2487,Zfp706,0.708261417196359,0.18272994,0.14980641591036692
2488,Tial1,0.708261417196359,0.2557863,0.14980641591036692
2489,Rnaset2a,0.708261417196359,1.2609245,0.14980641591036692
2490,Pde6d,0.708261417196359,1.3176987,0.14980641591036692
2491,Gm26735,0.708261417196359,1.3300797,0.14980641591036692
2492,2310039H08Rik,0.7087047383998764,1.1253529,0.14953466353587314
2493,Ank,0.7087047383998764,1.1212282,0.14953466353587314
2494,Tmem199,0.709148158300464,1.377589,0.14926302065568747
2495,Phc2,0.709148158300464,0.42698932,0.14926302065568747
2496,Mllt11,0.709148158300464,1.2172549,0.14926302065568747
2497,Rrn3,0.709148158300464,1.1871065,0.14926302065568747
2498,Klhl22,0.709148158300464,0.506013,0.14926302065568747
2499,Lipa,0.7095916767626309,0.36850876,0.14899148725364206
2500,Mob3b,0.710035293650786,1.1418278,0.14872006331356324
2501,Arhgef10,0.710035293650786,1.4847809,0.14872006331356324
2502,Pi4ka,0.710035293650786,0.45450696,0.14872006331356324
2503,Tnfsf12,0.710035293650786,0.3690258,0.14872006331356324
2504,Arl4a,0.7104790088292379,1.0316797,0.1484487488192716
2505,Lrp1,0.7104790088292379,0.21744937,0.1484487488192716
2506,Rrs1,0.7104790088292379,1.2652891,0.1484487488192716
2507,Tfcp2,0.7104790088292379,0.49537534,0.1484487488192716
2508,Kansl1l,0.7109228221621956,0.4342675,0.14817754375458148
2509,Rspry1,0.7109228221621956,0.42279324,0.14817754375458148
2510,Prkaca,0.7109228221621956,0.871435,0.14817754375458148
2511,Ctdp1,0.7109228221621956,1.2411219,0.14817754375458148
2512,B3galt6,0.7109228221621956,1.1011003,0.14817754375458148
2513,Mrgbp,0.7113667335137683,1.0978552,0.1479064481033016
2514,Frmd8,0.7113667335137683,1.0470805,0.1479064481033016
2515,Slc31a2,0.7113667335137683,0.9611128,0.1479064481033016
2516,Prr7,0.7118107427479656,1.0438257,0.14763546184923462
2517,Bcs1l,0.7118107427479656,1.038899,0.14763546184923462
2518,Col18a1,0.7118107427479656,0.9787064,0.14763546184923462
2519,Fbxo17,0.7118107427479656,1.1186316,0.14763546184923462
2520,Ift57,0.7118107427479656,1.0579398,0.14763546184923462
2521,Mapk1ip1,0.7118107427479656,1.1803871,0.14763546184923462
2522,RP23-372I17.5,0.7118107427479656,1.0349011,0.14763546184923462
2523,Cipc,0.7126990543197748,1.2086041,0.14709381746792066
2524,Flot1,0.7126990543197748,0.42989752,0.14709381746792066
2525,Aen,0.7126990543197748,1.0113496,0.14709381746792066
2526,Srcap,0.7126990543197748,0.9112942,0.14709381746792066
2527,Slc30a6,0.7126990543197748,0.94818777,0.14709381746792066
2528,Mfsd6,0.7126990543197748,0.95692664,0.14709381746792066
2529,Rere,0.7126990543197748,0.1958659,0.14709381746792066
2530,Fam193b,0.7126990543197748,0.4761756,0.14709381746792066
2531,Stx18,0.7131433563849088,1.0041579,0.14682315930824946
2532,Tmem170b,0.7131433563849088,0.9543224,0.14682315930824946
2533,Nfkbie,0.7135877557877119,0.45303193,0.14655261048094273
2534,Gfpt1,0.7135877557877119,0.22810894,0.14655261048094273
2535,Hace1,0.7135877557877119,0.85166866,0.14655261048094273
2536,Ifit1,0.7135877557877119,0.30078462,0.14655261048094273
2537,Hprt,0.7135877557877119,0.47161096,0.14655261048094273
2538,Eloa,0.7135877557877119,0.24923569,0.14655261048094273
2539,Btg2,0.7135877557877119,0.19846168,0.14655261048094273
2540,Plekha2,0.7140322523916977,0.33362797,0.14628217096977353
2541,Mark3,0.7140322523916977,0.3767648,0.14628217096977353
2542,Il11ra1,0.7144768460602802,0.40873978,0.14601184075850918
2543,Lyar,0.7144768460602802,0.3293845,0.14601184075850918
2544,B230354K17Rik,0.7144768460602802,0.46727687,0.14601184075850918
2545,Adprm,0.7144768460602802,0.79200274,0.14601184075850918
2546,Nt5m,0.7149215366567752,0.9256616,0.14574161983091088
2547,Cops5,0.7153663240443999,0.35540065,0.14547150817073384
2548,Fam188a,0.7158112080862727,0.8938663,0.14520150576172766
2549,Zswim8,0.716256188645414,0.23992097,0.14493161258763562
2550,Zfp931,0.716256188645414,0.86469245,0.14493161258763562
2551,Gpr35,0.716256188645414,0.7482371,0.14493161258763562
2552,Manbal,0.716256188645414,0.81264675,0.14493161258763562
2553,Ccdc137,0.716256188645414,0.8632248,0.14493161258763562
2554,Dcxr,0.716256188645414,0.9251987,0.14493161258763562
2555,Commd8,0.716256188645414,0.4742655,0.14493161258763562
2556,Mettl1,0.716256188645414,0.8836362,0.14493161258763562
2557,Chchd3,0.7167012655847453,0.79478025,0.1446618286321954
2558,Luc7l3,0.7167012655847453,0.20773315,0.1446618286321954
2559,Cd320,0.7167012655847453,0.72918695,0.1446618286321954
2560,Hsp90aa1,0.7171464387670907,0.15951718,0.1443921538791386
2561,Tmem251,0.7171464387670907,0.7891723,0.1443921538791386
2562,Dnm2,0.7171464387670907,0.2847766,0.1443921538791386
2563,Tbc1d5,0.7175917080551759,0.87974846,0.14412258831219082
2564,Ppox,0.7175917080551759,0.8256988,0.14412258831219082
2565,Rnf150,0.7180370733116285,0.4812716,0.14385313191507199
2566,Ggh,0.7180370733116285,0.107332595,0.14385313191507199
2567,R3hdm2,0.7180370733116285,0.20579615,0.14385313191507199
2568,Poglut1,0.7180370733116285,0.8412843,0.14385313191507199
2569,Bicral,0.7184825343989789,0.7798483,0.1435837846714958
2570,Zfp444,0.7189280911796596,0.7684714,0.14331454656517006
2571,Ankrd46,0.7193737435160055,0.77146596,0.14304541757979689
2572,Arhgef2,0.7193737435160055,0.6489894,0.14304541757979689
2573,Mrpl40,0.7193737435160055,0.7945223,0.14304541757979689
2574,Dctn1,0.7193737435160055,0.5981664,0.14304541757979689
2575,Trappc11,0.7198194912702542,0.4861842,0.14277639769907213
2576,Hsf2bp,0.7198194912702542,0.9150507,0.14277639769907213
2577,Mcm3ap,0.7198194912702542,0.80927914,0.14277639769907213
2578,Plxnb2,0.7198194912702542,0.45560074,0.14277639769907213
2579,Rlf,0.7198194912702542,0.40560356,0.14277639769907213
2580,Pdcd7,0.720265334304546,0.62954634,0.1425074869066861
2581,Nars,0.7207112724809239,0.2486368,0.14223868518632282
2582,Psmb1,0.7207112724809239,0.119647846,0.14223868518632282
2583,Cse1l,0.7207112724809239,0.7374327,0.14223868518632282
2584,Ramp2,0.7207112724809239,0.68770546,0.14223868518632282
2585,Lrrc8c,0.7211573056613347,0.81038463,0.14196999252166032
2586,Banf1,0.7211573056613347,0.33844307,0.14196999252166032
2587,Tm9sf3,0.7211573056613347,0.1315346,0.14196999252166032
2588,Tmem106b,0.721603433707627,0.20224126,0.1417014088963712
2589,Fblim1,0.721603433707627,0.71838427,0.1417014088963712
2590,Rnf146,0.721603433707627,0.634202,0.1417014088963712
2591,Dscr3,0.721603433707627,0.7304053,0.1417014088963712
2592,Lgmn,0.721603433707627,0.309553,0.1417014088963712
2593,Snx12,0.721603433707627,0.71680546,0.1417014088963712
2594,Shc1,0.721603433707627,0.57669973,0.1417014088963712
2595,Irf7,0.722049656481554,0.7324664,0.1414329342941215
2596,Gspt1,0.722049656481554,0.25105757,0.1414329342941215
2597,Fermt3,0.722942385658838,0.6731645,0.14089631209337644
2598,Tirap,0.722942385658838,0.72723264,0.14089631209337644
2599,Rmnd5b,0.722942385658838,0.75240976,0.14089631209337644
2600,RP23-438P19.2,0.7238354920852774,0.6650486,0.14036012578863663
2601,Arel1,0.7238354920852774,0.7250234,0.14036012578863663
2602,Plek,0.7238354920852774,0.69597644,0.14036012578863663
2603,Zfp217,0.7242821864202875,0.3944619,0.14009219605637133
2604,Irak1bp1,0.7242821864202875,0.38281325,0.14009219605637133
2605,Hoxb2,0.7247289746514226,0.701434,0.13982437524901872
2606,Ndufb6,0.7251758566397617,0.24662976,0.13955666335020345
2607,Eya2,0.7251758566397617,0.6741722,0.13955666335020345
2608,Ifi35,0.7251758566397617,0.6810485,0.13955666335020345
2609,Naa38,0.7251758566397617,0.3742954,0.13955666335020345
2610,Mrps35,0.7251758566397617,0.74402106,0.13955666335020345
2611,Gdf10,0.7256228322462881,0.7656679,0.13928906034354416
2612,Ccni,0.7256228322462881,0.53565556,0.13928906034354416
2613,Ccdc82,0.7256228322462881,0.26777297,0.13928906034354416
2614,Stx5a,0.726069901331889,0.62908715,0.13902156621265382
2615,RP24-142E6.4,0.7265170637573568,0.62011856,0.1387541809411391
2616,Aktip,0.7265170637573568,0.58157283,0.1387541809411391
2617,Mrpl24,0.7269643193833879,0.3429761,0.138486904512601
2618,Vamp5,0.7269643193833879,0.25621942,0.138486904512601
2619,Sel1l,0.727411668070584,0.25711763,0.13821973691063444
2620,Gnpda2,0.727411668070584,0.512429,0.13821973691063444
2621,Hspb11,0.727411668070584,0.62766874,0.13821973691063444
2622,Pnkp,0.7278591096794513,0.52367175,0.13795267811882841
2623,Zbtb37,0.7278591096794513,0.17593676,0.13795267811882841
2624,Rgmb,0.7283066440704016,0.5452036,0.13768572812076577
2625,Spats2,0.7283066440704016,0.60877186,0.13768572812076577
2626,Calcrl,0.7287542711037511,0.6234595,0.13741888690002374
2627,Trmt1l,0.7287542711037511,0.5795163,0.13741888690002374
2628,Samd1,0.7292019906397218,0.5866389,0.13715215444017348
2629,Auh,0.7292019906397218,0.3856246,0.13715215444017348
2630,Vps33a,0.7292019906397218,0.51992506,0.13715215444017348
2631,Mtmr6,0.729649802538441,0.55419713,0.13688553072478002
2632,Ttc37,0.729649802538441,0.4911392,0.13688553072478002
2633,Tprgl,0.729649802538441,0.1316236,0.13688553072478002
2634,Igsf3,0.729649802538441,0.16366568,0.13688553072478002
2635,Atp6v1h,0.7300977066599417,0.39164063,0.1366190157374026
2636,Carm1,0.7300977066599417,0.5314991,0.1366190157374026
2637,Tfam,0.7300977066599417,0.65737545,0.1366190157374026
2638,Cadm1,0.7305457028641623,0.5209814,0.13635260946159433
2639,Parp4,0.7309937910109473,0.46135786,0.1360863118809026
2640,Pla2g12a,0.7314419709600468,1.6290113,0.13582012297886867
2641,Pdxk,0.7314419709600468,0.5297484,0.13582012297886867
2642,Jak1,0.7314419709600468,0.13113381,0.13582012297886867
2643,Zfp36,0.7314419709600468,0.2060735,0.13582012297886867
2644,Ctsb,0.7323386057037218,0.16618656,0.13528807114490932
2645,Kidins220,0.7327870602173286,0.11520909,0.13502220818003668
2646,Arhgap15,0.7327870602173286,0.51313305,0.13502220818003668
2647,Lppos,0.7332356059713134,0.49459633,0.1347564538279273
2648,Gcnt2,0.7332356059713134,0.30381602,0.1347564538279273
2649,Rrm2b,0.7332356059713134,0.5210133,0.1347564538279273
2650,Kmt2b,0.7336842428249579,0.5048863,0.13449080807209277
2651,Sgta,0.7341329706374513,0.32614863,0.13422527089603828
2652,Dhrs7,0.7345817892678888,0.19970408,0.13395984228326355
2653,Pdlim5,0.7345817892678888,0.49822804,0.13395984228326355
2654,Plekha5,0.7345817892678888,0.2170848,0.13395984228326355
2655,Gps2,0.735030698575273,0.5568332,0.13369452221726194
2656,Map3k2,0.735030698575273,0.25803706,0.13369452221726194
2657,Fmnl2,0.735030698575273,0.16406277,0.13369452221726194
2658,Cox6b2,0.735030698575273,1.0468708,0.13369452221726194
2659,Vps4b,0.735030698575273,0.055302624,0.13369452221726194
2660,Zbtb41,0.735030698575273,0.4636428,0.13369452221726194
2661,Ebpl,0.735030698575273,0.5031965,0.13369452221726194
2662,Vps26a,0.7354796984185137,0.52748877,0.1334293106815212
2663,Kdelc1,0.7359287886564277,1.3380034,0.13316420765952278
2664,Mut,0.7359287886564277,0.24318855,0.13316420765952278
2665,Zfp961,0.7359287886564277,1.2384572,0.13316420765952278
2666,Chmp2b,0.7359287886564277,0.5085399,0.13316420765952278
2667,Rsl1d1,0.7359287886564277,0.22696915,0.13316420765952278
2668,Gnpnat1,0.7363779691477395,0.5215691,0.1328992131347423
2669,Thoc2,0.7368272397510807,0.12783967,0.1326343270906494
2670,Hdgfrp3,0.7368272397510807,0.2982476,0.1326343270906494
2671,Tmem219,0.7372766003249909,0.49456355,0.13236954951070778
2672,Map2k2,0.7377260507279173,0.37451565,0.13210488037837503
2673,Qars,0.7377260507279173,0.4936163,0.13210488037837503
2674,Psmb9,0.7377260507279173,0.1662155,0.13210488037837503
2675,Prmt1,0.738175590818215,0.41472396,0.1318403196771029
2676,Psd3,0.738175590818215,0.25486943,0.1318403196771029
2677,Sbf2,0.7386252204541475,0.3095472,0.13157586739033705
2678,Fmnl3,0.7386252204541475,0.3739343,0.13157586739033705
2679,Rala,0.7386252204541475,0.17199542,0.13157586739033705
2680,Ube2j1,0.7386252204541475,0.48675165,0.13157586739033705
2681,Pacs1,0.7386252204541475,1.053303,0.13157586739033705
2682,Trim5,0.7386252204541475,1.1756359,0.13157586739033705
2683,Bod1,0.7390749394938859,0.4901061,0.1313115235015172
2684,Tcirg1,0.7390749394938859,0.5210599,0.1313115235015172
2685,Map2k4,0.73952474779551,0.42237383,0.1310472879940771
2686,Col4a3bp,0.73952474779551,0.28776133,0.1310472879940771
2687,Psme2,0.739974645217008,0.22663575,0.13078316085144454
2688,Fam134a,0.7404246316162766,0.23821583,0.13051914205704115
2689,Ccdc117,0.7404246316162766,0.32122746,0.13051914205704115
2690,Fam35a,0.7404246316162766,1.0747473,0.13051914205704115
2691,Ergic1,0.7404246316162766,0.07826972,0.13051914205704115
2692,Phf7,0.7404246316162766,1.2966579,0.13051914205704115
2693,Gtf2e2,0.740874706851121,0.48328698,0.1302552315942829
2694,Slc1a5,0.740874706851121,0.23941274,0.1302552315942829
2695,Mrpl1,0.7413248707792559,1.0601872,0.12999142944657938
2696,Pkp4,0.7413248707792559,0.9841544,0.12999142944657938
2697,Exosc7,0.7413248707792559,1.1955863,0.12999142944657938
2698,Orai3,0.7413248707792559,0.30875236,0.12999142944657938
2699,Tmed1,0.7417751232583041,0.49555123,0.1297277355973346
2700,Lix1l,0.7417751232583041,0.5097275,0.1297277355973346
2701,Pkd1,0.7417751232583041,0.50707287,0.1297277355973346
2702,Slc25a24,0.7422254641457984,0.4939278,0.1294641500299461
2703,Mctp1,0.7422254641457984,1.1388574,0.1294641500299461
2704,Plcg1,0.7422254641457984,1.0267121,0.1294641500299461
2705,Psma1,0.7422254641457984,0.29311985,0.1294641500299461
2706,Hsf2,0.7422254641457984,1.1931512,0.1294641500299461
2707,Tlr6,0.7422254641457984,1.073803,0.1294641500299461
2708,Bag5,0.7422254641457984,0.15711436,0.1294641500299461
2709,Mllt1,0.7422254641457984,1.2855899,0.1294641500299461
2710,Cct7,0.7426758932991799,0.43575674,0.12920067272780597
2711,Snx1,0.7426758932991799,0.48395547,0.12920067272780597
2712,Ccdc115,0.7431264105758,0.94386536,0.1289373036742999
2713,Bin3,0.7431264105758,1.0388972,0.1289373036742999
2714,Cep19,0.7431264105758,0.8583116,0.1289373036742999
2715,RP24-535N4.2,0.7431264105758,0.41774726,0.1289373036742999
2716,St6galnac6,0.7431264105758,0.39465442,0.1289373036742999
2717,Pmm2,0.7431264105758,0.8753136,0.1289373036742999
2718,Mtif3,0.7431264105758,1.1778935,0.1289373036742999
2719,RP24-500I24.4,0.7431264105758,0.9650663,0.1289373036742999
2720,Cog6,0.7431264105758,1.0323019,0.1289373036742999
2721,Serf2,0.7435770158329189,0.13970034,0.12867404285280773
2722,RP23-356D13.4,0.7435770158329189,1.1122484,0.12867404285280773
2723,Cfl2,0.7435770158329189,0.28077528,0.12867404285280773
2724,Gm26601,0.744027708927707,0.9224311,0.12841089024670327
2725,Slc12a4,0.744027708927707,0.4314949,0.12841089024670327
2726,Tsen15,0.744027708927707,0.84785104,0.12841089024670327
2727,Farp1,0.744027708927707,0.8406685,0.12841089024670327
2728,Usp39,0.744027708927707,1.1245224,0.12841089024670327
2729,Timm8a1,0.744027708927707,1.0229144,0.12841089024670327
2730,Puf60,0.7444784897172441,0.41793755,0.12814784583935437
2731,Rad51d,0.7449293580585199,0.9139439,0.1278849096141229
2732,Gpr146,0.7449293580585199,0.8662146,0.1278849096141229
2733,RP24-273K21.3,0.7449293580585199,1.051414,0.1278849096141229
2734,Herc6,0.7449293580585199,1.0641354,0.1278849096141229
2735,Snw1,0.7453803138084343,0.11719771,0.12762208155436483
2736,Heatr6,0.7453803138084343,0.39193752,0.12762208155436483
2737,Eif3j1,0.7453803138084343,0.17762323,0.12762208155436483
2738,Hif1an,0.7458313568237978,0.89048195,0.12735936164342967
2739,Abt1,0.7458313568237978,0.8829663,0.12735936164342967
2740,Hipk2,0.7458313568237978,0.10933609,0.12735936164342967
2741,Uimc1,0.7458313568237978,0.34916663,0.12735936164342967
2742,Tspyl2,0.7458313568237978,0.250758,0.12735936164342967
2743,Dip2c,0.7458313568237978,0.9065726,0.12735936164342967
2744,Cgrrf1,0.7458313568237978,0.81172246,0.12735936164342967
2745,Atp5e,0.7462824869613301,0.16998209,0.1270967498646616
2746,Zfp384,0.7467337040776626,0.789196,0.1268342462013983
2747,Fahd1,0.7467337040776626,0.88001806,0.1268342462013983
2748,Gon4l,0.7467337040776626,0.86319894,0.1268342462013983
2749,Sfswap,0.7467337040776626,0.95289093,0.1268342462013983
2750,Zfp639,0.7467337040776626,0.6574992,0.1268342462013983
2751,RP23-423B1.6,0.7467337040776626,0.87927973,0.1268342462013983
2752,Cdr2l,0.7476363986728041,0.8910695,0.12630956315470737
2753,Mphosph9,0.7476363986728041,0.85237116,0.12630956315470737
2754,Ivd,0.7476363986728041,0.89726275,0.12630956315470737
2755,D3Ertd751e,0.7476363986728041,0.4281487,0.12630956315470737
2756,Inip,0.7476363986728041,0.7395859,0.12630956315470737
2757,Pdhb,0.7476363986728041,0.386347,0.12630956315470737
2758,RP23-218L17.1,0.7480878758644283,0.37596536,0.12604738373792546
2759,RP23-267O21.3,0.7485394394604831,0.8914879,0.12578531236993967
2760,RP24-429G21.2,0.7485394394604831,0.89176315,0.12578531236993967
2761,Zbtb14,0.7485394394604831,0.31484133,0.12578531236993967
2762,Ptcd2,0.7485394394604831,0.7537454,0.12578531236993967
2763,Ndufb9,0.7489910893171536,0.14326103,0.12552334903405793
2764,RP23-250A14.2,0.7489910893171536,0.39298555,0.12552334903405793
2765,Smn1,0.7489910893171536,0.39557046,0.12552334903405793
2766,Rhbdd1,0.7494428252905366,0.69892025,0.12526149371358183
2767,Bre,0.7494428252905366,0.91449267,0.12526149371358183
2768,Zbtb8a,0.7494428252905366,0.8706598,0.12526149371358183
2769,Gpcpd1,0.7494428252905366,0.24435523,0.12526149371358183
2770,Hyi,0.7494428252905366,0.7828675,0.12526149371358183
2771,Mul1,0.7494428252905366,0.8100033,0.12526149371358183
2772,Helz,0.7494428252905366,0.18102576,0.12526149371358183
2773,Rab14,0.7498946472366396,0.1423893,0.12499974639180739
2774,Ercc1,0.7503465550113819,0.7243836,0.12473810705202437
2775,Pom121,0.7503465550113819,0.42898518,0.12473810705202437
2776,Bckdhb,0.7503465550113819,0.8464866,0.12473810705202437
2777,Pinx1,0.7503465550113819,0.7729247,0.12473810705202437
2778,Dnlz,0.750798548470595,0.40170538,0.12447657567751637
2779,Sart3,0.7512506274700214,0.799404,0.12421515225156142
2780,Paxip1,0.7512506274700214,0.81093484,0.12421515225156142
2781,Nelfb,0.7512506274700214,0.7399972,0.12421515225156142
2782,Fbxo28,0.751702791865316,0.31726938,0.12395383675743116
2783,Cyp2d22,0.7521550415120458,0.83624303,0.12369262917839129
2784,Ciapin1,0.7521550415120458,0.75107163,0.12369262917839129
2785,Rab6b,0.7521550415120458,0.78193706,0.12369262917839129
2786,Noc3l,0.7521550415120458,0.61499447,0.12369262917839129
2787,Snx5,0.75260737626569,0.3577591,0.12343152949770161
2788,Rsu1,0.7530597959816399,0.22020605,0.12317053769861588
2789,Elk4,0.7530597959816399,0.7590666,0.12317053769861588
2790,Eef2k,0.7530597959816399,0.6367754,0.12317053769861588
2791,Ccdc58,0.7530597959816399,0.7948094,0.12317053769861588
2792,Ube2v2,0.7530597959816399,0.26433945,0.12317053769861588
2793,Mtm1,0.7530597959816399,0.7790076,0.12317053769861588
2794,Kdm1a,0.7530597959816399,0.29491568,0.12317053769861588
2795,Sgcb,0.7530597959816399,0.35868677,0.12317053769861588
2796,Tm9sf2,0.7535123005151997,0.14642522,0.12290965376438172
2797,Zfp110,0.753964889721586,0.80257815,0.12264887767824083
2798,Hps5,0.753964889721586,0.72442734,0.12264887767824083
2799,Tanc2,0.753964889721586,0.5804106,0.12264887767824083
2800,Hjurp,0.754870321573269,0.28141788,0.12212764898317553
2801,Taok2,0.754870321573269,0.02681418,0.12212764898317553
2802,Acvr1b,0.7553231639285635,0.3260963,0.12186719634070439
2803,Qsox2,0.7557760903766803,0.61411643,0.12160685147923304
2804,Gars,0.7557760903766803,0.54083365,0.12160685147923304
2805,Srr,0.7557760903766803,0.53745216,0.12160685147923304
2806,Mcfd2,0.7557760903766803,0.21953267,0.12160685147923304
2807,Tmem70,0.7557760903766803,0.6657438,0.12160685147923304
2808,Atp11a,0.7562291007724012,0.3713458,0.12134661438197318
2809,Map4k5,0.7562291007724012,0.35641846,0.12134661438197318
2810,Glis3,0.756682194970422,0.62705004,0.1210864850321302
2811,Hagh,0.756682194970422,0.58677995,0.1210864850321302
2812,mt-Nd3,0.756682194970422,0.28442928,0.1210864850321302
2813,Mmp14,0.756682194970422,0.09471064,0.1210864850321302
2814,Gm9843,0.756682194970422,0.59080327,0.1210864850321302
2815,Sirt7,0.756682194970422,0.5718068,0.1210864850321302
2816,Abtb1,0.756682194970422,0.6063114,0.1210864850321302
2817,Sart1,0.756682194970422,0.3381169,0.1210864850321302
2818,Rtn3,0.7575886341917124,0.15663464,0.12056654950748726
2819,Lclat1,0.7575886341917124,0.4703953,0.12056654950748726
2820,Pias1,0.7575886341917124,0.2601733,0.12056654950748726
2821,Fcgr3,0.7575886341917124,0.50649697,0.12056654950748726
2822,Pygb,0.7575886341917124,0.6553499,0.12056654950748726
2823,Rhobtb3,0.7575886341917124,0.28447214,0.12056654950748726
2824,Zfc3h1,0.7575886341917124,0.22613917,0.12056654950748726
2825,Imp4,0.7575886341917124,0.553593,0.12056654950748726
2826,Jmjd6,0.7584954068763894,0.6554286,0.12004704477082817
2827,Yes1,0.7584954068763894,0.64969623,0.12004704477082817
2828,Cox5b,0.7584954068763894,0.14512306,0.12004704477082817
2829,RP23-349B4.7,0.7584954068763894,0.62513286,0.12004704477082817
2830,P4ha2,0.7584954068763894,0.6428637,0.12004704477082817
2831,Arhgap35,0.7584954068763894,0.31042817,0.12004704477082817
2832,Tmub2,0.7584954068763894,0.655901,0.12004704477082817
2833,Cdk7,0.7584954068763894,0.5751411,0.12004704477082817
2834,Nop14,0.7584954068763894,0.5478444,0.12004704477082817
2835,Rpl35,0.758948917903321,0.19151257,0.11978745390594242
2836,Minpp1,0.7594025118589154,0.6056962,0.11952797068758042
2837,Efl1,0.7594025118589154,0.54270923,0.11952797068758042
2838,Dnajc21,0.7594025118589154,0.5340257,0.11952797068758042
2839,Tmem128,0.7594025118589154,0.5508941,0.11952797068758042
2840,Coa5,0.7594025118589154,0.625335,0.11952797068758042
2841,Tmem242,0.7594025118589154,0.48964822,0.11952797068758042
2842,Leng8,0.7594025118589154,0.13745107,0.11952797068758042
2843,Sipa1l3,0.7603099479723817,0.24828313,0.11900932712307502
2844,Cd68,0.7603099479723817,0.5189424,0.11900932712307502
2845,Slc39a10,0.7603099479723817,0.5955848,0.11900932712307502
2846,Tspan31,0.7603099479723817,0.2194641,0.11900932712307502
2847,Pqlc1,0.7607637898381847,0.18170182,0.11875016674324022
2848,H1fx,0.7612177140485129,0.5106647,0.1184911139425465
2849,Ik,0.7612177140485129,0.19607681,0.1184911139425465
2850,Ppp6c,0.7612177140485129,0.5637931,0.1184911139425465
2851,Nsmaf,0.7612177140485129,0.5827497,0.1184911139425465
2852,Vgll4,0.7612177140485129,0.27340767,0.1184911139425465
2853,Zc3h7b,0.7612177140485129,0.48107547,0.1184911139425465
2854,Prmt2,0.7612177140485129,0.41458514,0.1184911139425465
2855,Ufsp2,0.7616717204571193,0.25841814,0.11823216870413289
2856,Ints4,0.7621258089176716,0.48240748,0.11797333101113276
2857,Zfp507,0.7625799792837531,1.09481,0.11771460084667315
2858,Iah1,0.7625799792837531,0.33476683,0.11771460084667315
2859,Nsmce1,0.7630342314088625,0.53279287,0.11745597819387522
2860,Morc2a,0.7630342314088625,0.5994813,0.11745597819387522
2861,Nrbp1,0.7634885651464138,0.2814233,0.11719746303585409
2862,Asnsd1,0.7639429803497372,0.21793692,0.11693905535571873
2863,Atp11b,0.7639429803497372,0.27765393,0.11693905535571873
2864,Cd48,0.7639429803497372,0.6351611,0.11693905535571873
2865,Otud7b,0.7648520545665987,0.102392025,0.11642256236151137
2866,Pigx,0.7648520545665987,0.11234501,0.11642256236151137
2867,Hfe,0.7648520545665987,0.17584345,0.11642256236151137
2868,Tmem64,0.7657614528844059,0.45081526,0.11590649907600459
2869,Dpy19l4,0.7657614528844059,0.30913576,0.11590649907600459
2870,Fam58b,0.7657614528844059,0.4620259,0.11590649907600459
2871,Loxl2,0.7662162732135973,0.29398584,0.11564862853172234
2872,Dcun1d2,0.7662162732135973,0.41057253,0.11564862853172234
2873,Ddx26b,0.7662162732135973,0.23318721,0.11564862853172234
2874,Pth1r,0.7666711741267779,0.21700303,0.11539086536385323
2875,Pigh,0.7666711741267779,0.43012437,0.11539086536385323
2876,Cd164,0.7666711741267779,0.23279141,0.11539086536385323
2877,G3bp1,0.7666711741267779,0.26569048,0.11539086536385323
2878,Ppp1cb,0.7671261554766915,0.09991319,0.11513320955546404
2879,Zfp950,0.7671261554766915,0.14750859,0.11513320955546404
2880,Fam199x,0.7675812171159988,0.480945,0.11487566108961537
2881,Epsti1,0.7675812171159988,0.35938808,0.11487566108961537
2882,Med7,0.7675812171159988,0.6024223,0.11487566108961537
2883,Crebzf,0.7675812171159988,0.17352894,0.11487566108961537
2884,Atf5,0.7680363588972775,0.4799626,0.1146182199493619
2885,Huwe1,0.7684915806730223,0.054812077,0.11436088611775225
2886,Cds2,0.7684915806730223,0.16286628,0.11436088611775225
2887,Apex1,0.7684915806730223,0.4442829,0.11436088611775225
2888,Clptm1l,0.7694022636174758,0.24654551,0.1138465403126284
2889,Ccnh,0.7694022636174758,0.2835921,0.1138465403126284
2890,Mnda,0.7694022636174758,0.46249852,0.1138465403126284
2891,Zcchc14,0.7698577244907611,0.10851105,0.11358952830518107
2892,Emp1,0.7698577244907611,0.15421009,0.11358952830518107
2893,Lsm6,0.7698577244907611,0.2484932,0.11358952830518107
2894,Agtpbp1,0.7703132647676656,0.88021487,0.11333262353851145
2895,Nol11,0.7703132647676656,0.5159585,0.11333262353851145
2896,RP23-261B5.1,0.7707688843002721,0.21972673,0.11307582599563772
2897,Zscan26,0.7707688843002721,0.22927743,0.11307582599563772
2898,Mxi1,0.7707688843002721,0.08347606,0.11307582599563772
2899,Rftn1,0.7707688843002721,0.17820139,0.11307582599563772
2900,Reps1,0.771224582940581,0.3455019,0.11281913565957223
2901,Smg7,0.771224582940581,0.44830096,0.11281913565957223
2902,Pla1a,0.771224582940581,0.44241917,0.11281913565957223
2903,Thumpd1,0.771224582940581,0.56895727,0.11281913565957223
2904,Desi2,0.771224582940581,0.34840125,0.11281913565957223
2905,Gab1,0.7716803605405111,0.28469196,0.11256255251332113
2906,Rnpep,0.7721362169518993,0.43167508,0.11230607653988463
2907,Chd2,0.7725921520265007,0.19207342,0.11204970772225685
2908,Xaf1,0.7730481656159893,0.3230939,0.11179344604342581
2909,RP23-220D12.13,0.7730481656159893,1.1209846,0.11179344604342581
2910,Fam172a,0.7730481656159893,0.51602614,0.11179344604342581
2911,Tmem68,0.7730481656159893,0.11525267,0.11179344604342581
2912,Ncoa2,0.7739604277459178,0.3619147,0.11128124403407572
2913,RP23-347G20.4,0.7739604277459178,1.0014788,0.11128124403407572
2914,RP23-414A20.3,0.7739604277459178,0.85375303,0.11128124403407572
2915,Hdac3,0.7744166759892994,0.91409916,0.11102530366950246
2916,Rfc1,0.7748730021534523,0.14964631,0.11076947037561752
2917,Sav1,0.7748730021534523,0.20644028,0.11076947037561752
2918,Bet1l,0.7748730021534523,0.39057812,0.11076947037561752
2919,Klhl28,0.7753294060896455,0.23365778,0.11051374413537854
2920,Snrpd2,0.7753294060896455,0.6624918,0.11051374413537854
2921,Slc41a1,0.7757858876490671,0.45131478,0.11025812493173724
2922,Arsk,0.7757858876490671,0.38555372,0.11025812493173724
2923,Csrp2,0.7757858876490671,1.0116874,0.11025812493173724
2924,Kcmf1,0.7757858876490671,0.046098314,0.11025812493173724
2925,Rnf168,0.7757858876490671,0.47447968,0.11025812493173724
2926,Tmpo,0.7757858876490671,0.17598908,0.11025812493173724
2927,Sh3bgrl,0.776242446682825,0.13293266,0.11000261274763917
2928,RP23-124N16.6,0.7766990830419467,1.0282559,0.109747207566024
2929,Cdc37,0.7766990830419467,0.1547155,0.109747207566024
2930,Vwa8,0.7766990830419467,0.88311267,0.109747207566024
2931,C1galt1c1,0.7766990830419467,0.8020995,0.109747207566024
2932,Ctnnbip1,0.7766990830419467,0.11133359,0.109747207566024
2933,Bcl7a,0.7776125871399914,0.38593003,0.10923671814196972
2934,Cdc123,0.7776125871399914,0.4103357,0.10923671814196972
2935,Lemd3,0.7776125871399914,0.44821352,0.10923671814196972
2936,Med13l,0.7776125871399914,0.09361232,0.10923671814196972
2937,Chil3,0.7776125871399914,-0.06560068,0.10923671814196972
2938,Pdcd2,0.7776125871399914,0.92700654,0.10923671814196972
2939,Med11,0.7776125871399914,0.9466015,0.10923671814196972
2940,Myo1e,0.7776125871399914,0.77218366,0.10923671814196972
2941,Sdhaf4,0.7780694545805693,0.78148466,0.1089816338653794
2942,Gosr1,0.7785263987498213,0.1603146,0.10872665652296933
2943,Ankrd29,0.7785263987498213,0.9166658,0.10872665652296933
2944,Acads,0.7785263987498213,0.7992392,0.10872665652296933
2945,Srpx2,0.7785263987498213,0.19279535,0.10872665652296933
2946,Ern1,0.7785263987498213,0.84299326,0.10872665652296933
2947,Morc3,0.7785263987498213,0.50385064,0.10872665652296933
2948,Fbln1,0.7785263987498213,0.11013304,0.10872665652296933
2949,Phtf2,0.7789834194983758,0.83174133,0.10847178609764867
2950,Ube2g1,0.7789834194983758,0.7985402,0.10847178609764867
2951,Dcps,0.7789834194983758,0.9019248,0.10847178609764867
2952,Galc,0.7794405166767816,0.80903417,0.10821702257232052
2953,Zfp617,0.7794405166767816,0.7752897,0.10821702257232052
2954,Ap3s2,0.7794405166767816,0.7747493,0.10821702257232052
2955,Gtf3c4,0.7794405166767816,0.3698754,0.10821702257232052
2956,Pebp1,0.7794405166767816,0.10155549,0.10821702257232052
2957,RP23-441L19.1,0.7794405166767816,0.79859746,0.10821702257232052
2958,Rprd1a,0.7803549397249464,0.7469596,0.10770781615322395
2959,Dtd1,0.7803549397249464,0.87109804,0.10770781615322395
2960,Cpeb2,0.7803549397249464,0.9016559,0.10770781615322395
2961,Nup188,0.7803549397249464,0.70148826,0.10770781615322395
2962,Orc4,0.7803549397249464,0.34873822,0.10770781615322395
2963,Anxa6,0.7803549397249464,0.2099604,0.10770781615322395
2964,RP23-78H18.2,0.7803549397249464,0.8733089,0.10770781615322395
2965,Itm2a,0.7803549397249464,0.19881742,0.10770781615322395
2966,Zfp369,0.7808122652954075,0.7958868,0.10745337322523132
2967,Tpi1,0.7812696666971242,0.15697052,0.10719903712878297
2968,Pin1,0.7812696666971242,0.33118472,0.10719903712878297
2969,Rapgef4,0.7812696666971242,0.7457927,0.10719903712878297
2970,Zfp609,0.7817271437802504,0.73977876,0.1069448078467516
2971,RP23-329K17.1,0.7821846963948618,0.67056274,0.1066906853620039
2972,Dclre1c,0.7821846963948618,0.66651005,0.1066906853620039
2973,Mettl6,0.7821846963948618,0.35292584,0.1066906853620039
2974,Atp13a2,0.7821846963948618,0.7938,0.1066906853620039
2975,Zdhhc18,0.7826423243909554,0.83345985,0.10643666965740035
2976,Arl2bp,0.7826423243909554,0.750032,0.10643666965740035
2977,Fam120b,0.7826423243909554,0.66457355,0.10643666965740035
2978,Gm47283,0.7826423243909554,0.74370056,0.10643666965740035
2979,Zcrb1,0.7826423243909554,0.37751964,0.10643666965740035
2980,Pop7,0.7826423243909554,0.67670333,0.10643666965740035
2981,Prorsd1,0.78310002761845,0.19348927,0.10618276071579552
2982,Rtf1,0.78310002761845,0.16333286,0.10618276071579552
2983,Cdkn1b,0.78310002761845,0.27901918,0.10618276071579552
2984,Kdm3b,0.78310002761845,0.2861144,0.10618276071579552
2985,Mdc1,0.78310002761845,0.66362983,0.10618276071579552
2986,Eif2a,0.7840156591669273,0.30475298,0.10567526305296962
2987,Ap4e1,0.7840156591669273,0.6868426,0.10567526305296962
2988,Ago4,0.7840156591669273,0.7522224,0.10567526305296962
2989,Dstyk,0.7840156591669273,0.3255246,0.10567526305296962
2990,Tsen34,0.7840156591669273,0.37790826,0.10567526305296962
2991,Snx14,0.7844735871873577,0.6872097,0.10542167429742712
2992,Bcl2l12,0.7844735871873577,0.6404225,0.10542167429742712
2993,Fmn1,0.7849315898380851,0.68158364,0.10516819223624051
2994,Ubr4,0.7849315898380851,0.3407312,0.10516819223624051
2995,Btd,0.7849315898380851,0.38967517,0.10516819223624051
2996,Ifitm6,0.7849315898380851,0.6241299,0.10516819223624051
2997,Atp13a1,0.785389666968639,0.687871,0.10491481685223394
2998,Lsg1,0.785389666968639,0.64587605,0.10491481685223394
2999,Fam114a2,0.785389666968639,0.24566321,0.10491481685223394
3000,Camta2,0.7858478184284723,0.68687826,0.10466154812822524
3001,RP23-378O9.1,0.7858478184284723,0.34799695,0.10466154812822524
3002,RP23-50E10.1,0.7858478184284723,0.6146387,0.10466154812822524
3003,AC167815.1,0.7858478184284723,0.6166281,0.10466154812822524
3004,Fxr1,0.7858478184284723,0.13280497,0.10466154812822524
3005,Dync1li2,0.7858478184284723,0.29459673,0.10466154812822524
3006,Cnih4,0.7863060440669598,0.11753048,0.10440838604702656
3007,Vps13a,0.7863060440669598,0.5512384,0.10440838604702656
3008,Pglyrp1,0.7863060440669598,0.19139752,0.10440838604702656
3009,Slc39a13,0.7863060440669598,0.6572288,0.10440838604702656
3010,Zbtb24,0.7867643437334001,0.47169936,0.10415533059144351
3011,Hsd17b4,0.7867643437334001,0.6339322,0.10415533059144351
3012,Zfp768,0.7867643437334001,0.54539424,0.10415533059144351
3013,Slc26a2,0.7867643437334001,0.29681066,0.10415533059144351
3014,Srm,0.7867643437334001,0.653237,0.10415533059144351
3015,Tmem9b,0.7867643437334001,0.340773,0.10415533059144351
3016,RP23-228E2.8,0.7867643437334001,0.4514094,0.10415533059144351
3017,Arl2,0.7867643437334001,0.4122044,0.10415533059144351
3018,Paip1,0.7867643437334001,0.3338818,0.10415533059144351
3019,Hn1,0.7867643437334001,0.37508973,0.10415533059144351
3020,Ppa2,0.7867643437334001,0.4132968,0.10415533059144351
3021,Emg1,0.7872227172770142,0.4500328,0.10390238174427598
3022,Utp6,0.7872227172770142,0.5376696,0.10390238174427598
3023,Dnajb2,0.7872227172770142,0.76376987,0.10390238174427598
3024,Adssl1,0.7872227172770142,0.71854,0.10390238174427598
3025,Tipin,0.7872227172770142,0.5118923,0.10390238174427598
3026,Arl6ip1,0.7881396853922656,0.13082092,0.10339680380635578
3027,Pmpca,0.7881396853922656,0.74827415,0.10339680380635578
3028,Lhfp,0.7885982796619622,0.1391293,0.10314417468117222
3029,Pls3,0.7885982796619622,0.69929004,0.10314417468117222
3030,Dusp16,0.7885982796619622,0.42555252,0.10314417468117222
3031,Hoxd9,0.7885982796619622,0.58187747,0.10314417468117222
3032,Pdia5,0.7890569472049516,0.5698849,0.10289165209554214
3033,Cd63-ps,0.7895156878700728,0.34905964,0.10263923603223486
3034,Galk1,0.7899745015060886,0.58007085,0.10238692647401358
3035,Btbd10,0.7899745015060886,0.5078369,0.10238692647401358
3036,Gtf2f1,0.7899745015060886,0.5669263,0.10238692647401358
3037,Chd6,0.7899745015060886,0.085476756,0.10238692647401358
3038,Hdac5,0.790433387961686,0.34030917,0.10213472340363547
3039,Mphosph8,0.790433387961686,0.17788555,0.10213472340363547
3040,AC152164.1,0.790433387961686,0.254697,0.10213472340363547
3041,Mogs,0.790433387961686,0.5941915,0.10213472340363547
3042,Setd5,0.790433387961686,0.1332539,0.10213472340363547
3043,Tfpi,0.7908923470854765,0.1847198,0.10188262680385145
3044,Mia2,0.7908923470854765,0.21068218,0.10188262680385145
3045,Taf5l,0.7908923470854765,0.52608943,0.10188262680385145
3046,Trim35,0.7913513787259957,0.23170145,0.10163063665740642
3047,Lztr1,0.7918104827317038,0.54039854,0.10137875294703926
3048,Atp2a2,0.792269658950986,0.10879047,0.10112697565548265
3049,Gigyf1,0.792269658950986,0.22626369,0.10112697565548265
3050,Glipr2,0.792269658950986,0.52486724,0.10112697565548265
3051,Cnih1,0.792269658950986,0.30628094,0.10112697565548265
3052,Commd6,0.792269658950986,0.13390183,0.10112697565548265
3053,Riok1,0.7927289072321521,0.15686227,0.10087530476546319
3054,Mrpl36,0.793188227423437,0.27440268,0.1006237402597014
3055,Tmem214,0.793188227423437,0.4411229,0.1006237402597014
3056,Tnfaip8,0.7936476193730007,0.14475091,0.10037228212091175
3057,Cacul1,0.7936476193730007,0.42777342,0.10037228212091175
3058,Tmem168,0.7936476193730007,0.48735163,0.10037228212091175
3059,Rrbp1,0.7941070829289287,0.096387066,0.10012093033180247
3060,P2ry14,0.7941070829289287,0.2826887,0.10012093033180247
3061,Sec61a1,0.7941070829289287,0.31064728,0.10012093033180247
3062,Lmcd1,0.7941070829289287,0.46153647,0.10012093033180247
3063,Dnaja1,0.7950262242518469,0.10857282,0.09961854573342786
3064,Adam19,0.7954859017146357,0.47214398,0.09936751288954865
3065,Ophn1,0.7954859017146357,0.47107095,0.09936751288954865
3066,Abca9,0.7954859017146357,0.07446512,0.09936751288954865
3067,Man2a2,0.7954859017146357,0.14503399,0.09936751288954865
3068,Slc22a15,0.7954859017146357,0.4948861,0.09936751288954865
3069,Zfp266,0.7959456501753867,0.22423182,0.09911658632612208
3070,Surf1,0.7959456501753867,0.20760606,0.09911658632612208
3071,Rrp1,0.7959456501753867,0.15514128,0.09911658632612208
3072,Nfia,0.7959456501753867,0.09983659,0.09911658632612208
3073,Odf2,0.7964054694818141,0.51536983,0.09886576602582588
3074,Zmynd11,0.7964054694818141,0.176139,0.09886576602582588
3075,RP23-388H13.4,0.7964054694818141,0.540142,0.09886576602582588
3076,Tef,0.7964054694818141,0.36998323,0.09886576602582588
3077,Il10rb,0.7968653594815582,0.18932761,0.09861505197133189
3078,Adam17,0.7968653594815582,0.25411388,0.09861505197133189
3079,Lysmd2,0.7968653594815582,0.39728376,0.09861505197133189
3080,Hinfp,0.7973253200221863,0.44312477,0.0983644441453055
3081,Aspscr1,0.7973253200221863,0.3563073,0.0983644441453055
3082,Kctd11,0.7977853509511914,0.32676348,0.09811394253040628
3083,Igsf8,0.7977853509511914,0.4016554,0.09811394253040628
3084,Klf2,0.7977853509511914,0.25100985,0.09811394253040628
3085,Rbm8a,0.7977853509511914,0.068766065,0.09811394253040628
3086,Pes1,0.7977853509511914,0.8698673,0.09811394253040628
3087,Capn7,0.7982454521159936,0.3458073,0.09786354710928766
3088,Oraov1,0.7982454521159936,0.41905954,0.09786354710928766
3089,Plekho2,0.7982454521159936,0.3311465,0.09786354710928766
3090,Thoc6,0.7982454521159936,0.48759043,0.09786354710928766
3091,Pigyl,0.79870562336394,0.5311424,0.09761325786459675
3092,Samd14,0.79870562336394,0.31408387,0.09761325786459675
3093,Srsf11,0.79870562336394,0.16744113,0.09761325786459675
3094,Il6st,0.79870562336394,0.12011892,0.09761325786459675
3095,Pnpla7,0.7991658645423043,0.31888163,0.09736307477897481
3096,Aldh7a1,0.7991658645423043,0.3367282,0.09736307477897481
3097,Top2b,0.7996261754982877,0.16890559,0.09711299783505674
3098,Ppp2r1a,0.7996261754982877,0.24768874,0.09711299783505674
3099,Arf3,0.7996261754982877,0.49347684,0.09711299783505674
3100,Aagab,0.8000865560790184,-0.048503254,0.09686302701547157
3101,Snrpe,0.8005470061315519,0.057576038,0.09661316230284207
3102,Polr3k,0.8005470061315519,0.45313555,0.09661316230284207
3103,Hypk,0.8010075255028718,0.11424221,0.09636340367978496
3104,RP24-108G5.3,0.801468114039889,0.120898575,0.09611375112891075
3105,Tssc4,0.801468114039889,0.43207565,0.09611375112891075
3106,Nynrin,0.8019287715894426,0.3231726,0.09586420463282393
3107,Tmem120a,0.8023894979982995,1.0471897,0.09561476417412283
3108,Gmfg,0.8023894979982995,0.14490388,0.09561476417412283
3109,Maged2,0.8023894979982995,0.45580998,0.09561476417412283
3110,Dchs2,0.8028502931131548,0.2761312,0.09536542973539971
3111,Fam175b,0.8028502931131548,0.36479908,0.09536542973539971
3112,Supt6,0.8028502931131548,0.16707242,0.09536542973539971
3113,Cyhr1,0.8028502931131548,0.25354818,0.09536542973539971
3114,Zfp219,0.8033111567806321,1.2331398,0.09511620129924064
3115,Anxa3,0.8033111567806321,0.58804387,0.09511620129924064
3116,Jag1,0.8037720888472835,-0.0629789,0.09486707884822566
3117,Hnrnpdl,0.8037720888472835,0.029056583,0.09486707884822566
3118,Mettl9,0.8056164980341762,0.23074679,0.09387164854699148
3119,Hbs1l,0.8060777697924866,0.9759595,0.09362305576018223
3120,Lnpk,0.8060777697924866,0.12057469,0.09362305576018223
3121,Dpagt1,0.8060777697924866,1.2156543,0.09362305576018223
3122,Sbf1,0.8060777697924866,1.2006217,0.09362305576018223
3123,Inhba,0.8060777697924866,1.0984573,0.09362305576018223
3124,St3gal1,0.8060777697924866,0.13849878,0.09362305576018223
3125,Mapk8,0.8065391090277902,0.17931524,0.09337456885386841
3126,Zfp46,0.8065391090277902,0.2506629,0.09337456885386841
3127,Med15,0.8070005155861432,0.36006492,0.09312618781058708
3128,Tfdp2,0.8070005155861432,0.3907776,0.09312618781058708
3129,Atp1b3,0.8070005155861432,0.26781163,0.09312618781058708
3130,Abca1,0.8079235300558686,0.05768283,0.09262974324323994
3131,Tpm3,0.8079235300558686,0.112456284,0.09262974324323994
3132,Ubac2,0.8079235300558686,0.31483442,0.09262974324323994
3133,Tmem80,0.8079235300558686,0.3262483,0.09262974324323994
3134,Tmem106a,0.8079235300558686,0.79145455,0.09262974324323994
3135,Nfu1,0.8088468119687068,0.36250475,0.09213372191831527
3136,Gpatch1,0.8088468119687068,0.89215696,0.09213372191831527
3137,Nat9,0.8088468119687068,0.89257014,0.09213372191831527
3138,Hic1,0.8093085528306888,0.22267127,0.09188586992803911
3139,Myo1g,0.8097703600905848,0.22611003,0.09163812369588953
3140,Rfk,0.8097703600905848,0.84925026,0.09163812369588953
3141,Sf3a3,0.8106941731863175,0.31375906,0.091142948435941
3142,Stard3,0.8106941731863175,0.9266283,0.091142948435941
3143,B4galt4,0.8106941731863175,0.94000757,0.091142948435941
3144,Il10ra,0.8106941731863175,0.89939755,0.091142948435941
3145,Dcun1d5,0.8116182500196129,0.30884278,0.09064819599835
3146,Rpf1,0.8116182500196129,0.09486721,0.09064819599835
3147,Slc38a6,0.8116182500196129,0.11606718,0.09064819599835
3148,Arhgap42,0.8125425893530767,0.13002102,0.09015386624289849
3149,Egfr,0.8125425893530767,0.026317969,0.09015386624289849
3150,Ccpg1,0.8125425893530767,0.6609786,0.09015386624289849
3151,Tdrd7,0.8125425893530767,0.807385,0.09015386624289849
3152,Rufy2,0.8130048570703858,0.061358932,0.08990685982713016
3153,Tpd52,0.8130048570703858,0.38273942,0.08990685982713016
3154,Cnpy3,0.8134671899482173,0.18817657,0.08965995902927053
3155,Tmem39b,0.8134671899482173,0.7932614,0.08965995902927053
3156,Pus7,0.8134671899482173,0.7779597,0.08965995902927053
3157,Themis2,0.8134671899482173,0.70763654,0.08965995902927053
3158,Gtpbp2,0.8134671899482173,0.8082962,0.08965995902927053
3159,Adam15,0.8143920505654513,0.7656176,0.0891664742170518
3160,Ppm1h,0.8143920505654513,0.6750144,0.0891664742170518
3161,Morf4l1,0.8143920505654513,0.11190181,0.0891664742170518
3162,Mphosph10,0.8143920505654513,0.28755727,0.0891664742170518
3163,Zfp143,0.8143920505654513,0.67503357,0.0891664742170518
3164,Tyw1,0.8143920505654513,0.65957266,0.0891664742170518
3165,Fat1,0.8143920505654513,0.08262847,0.0891664742170518
3166,RP23-392C8.4,0.8148545779946859,0.24671404,0.08891989016756462
3167,Mapk1ip1l,0.8148545779946859,0.31655425,0.08891989016756462
3168,Acvrl1,0.8153171699641075,0.6806229,0.08867341166572988
3169,Ypel5,0.8153171699641075,0.27666098,0.08867341166572988
3170,Smim10l1,0.8157798263184634,0.15339833,0.08842703869396819
3171,Mtx2,0.8162425469024331,0.558228,0.08818077123469398
3172,Prmt3,0.8162425469024331,0.7129859,0.08818077123469398
3173,Sema4c,0.8162425469024331,0.021685548,0.08818077123469398
3174,Calu,0.8162425469024331,0.053080272,0.08818077123469398
3175,Gna12,0.8162425469024331,0.740219,0.08818077123469398
3176,Slc35a1,0.8162425469024331,0.16491951,0.08818077123469398
3177,Farsa,0.8162425469024331,0.6128872,0.08818077123469398
3178,Dnajc24,0.8162425469024331,0.604123,0.08818077123469398
3179,Arl13b,0.8162425469024331,0.3556017,0.08818077123469398
3180,Bicc1,0.8167053315606292,0.13003066,0.08793460927031566
3181,Dbn1,0.8167053315606292,0.64405847,0.08793460927031566
3182,Gins4,0.8171681801375974,0.67127144,0.08768855278323524
3183,Cmtm6,0.8171681801375974,0.2284298,0.08768855278323524
3184,Pik3r4,0.8171681801375974,0.14325704,0.08768855278323524
3185,Parn,0.8171681801375974,0.6291073,0.08768855278323524
3186,Plp2,0.8171681801375974,0.6616447,0.08768855278323524
3187,Naglu,0.8176310924778162,0.29709306,0.08744260175584889
3188,Fuom,0.8180940684256978,0.5720332,0.08719675617054637
3189,Fam98c,0.8180940684256978,0.7840025,0.08719675617054637
3190,Pou6f1,0.8180940684256978,0.5629824,0.08719675617054637
3191,Kctd2,0.8180940684256978,0.6672066,0.08719675617054637
3192,Tango2,0.8185571078255874,0.55635524,0.08695101600971147
3193,Ets1,0.8185571078255874,0.15396623,0.08695101600971147
3194,Mre11a,0.8190202105217643,0.5880196,0.08670538125572173
3195,C2cd2,0.8190202105217643,0.6196865,0.08670538125572173
3196,Idh3a,0.8190202105217643,0.6262401,0.08670538125572173
3197,Ear2,0.8190202105217643,0.53181857,0.08670538125572173
3198,Nup160,0.8199466051797647,0.529335,0.08621442789775755
3199,2410015M20Rik,0.8199466051797647,0.25990108,0.08621442789775755
3200,Pnpt1,0.8199466051797647,0.21344379,0.08621442789775755
3201,Ostm1,0.8199466051797647,0.4759335,0.08621442789775755
3202,Ier5l,0.8199466051797647,0.5925979,0.08621442789775755
3203,Snapc2,0.8199466051797647,0.48137024,0.08621442789775755
3204,Stard5,0.8199466051797647,0.5937759,0.08621442789775755
3205,Gtf3c2,0.8204098968298157,0.22750454,0.08596910925850754
3206,Ube2z,0.8204098968298157,0.26187387,0.08596910925850754
3207,Rilpl1,0.8208732511526095,0.47131172,0.0857238959555515
3208,Hmgxb4,0.8208732511526095,0.4967759,0.0857238959555515
3209,Exosc5,0.8208732511526095,0.5283462,0.0857238959555515
3210,Tmem129,0.8208732511526095,0.41455382,0.0857238959555515
3211,Prex1,0.8208732511526095,0.37800655,0.0857238959555515
3212,Mical1,0.8208732511526095,0.5086974,0.0857238959555515
3213,Blvrb,0.8208732511526095,0.09506557,0.0857238959555515
3214,Phldb1,0.8208732511526095,0.49636626,0.0857238959555515
3215,Ndnf,0.821800147192157,0.13311352,0.08523378528790286
3216,Ddx1,0.821800147192157,0.35982522,0.08523378528790286
3217,Gbp5,0.821800147192157,0.5338795,0.08523378528790286
3218,Ccdc25,0.821800147192157,0.15682964,0.08523378528790286
3219,Suds3,0.821800147192157,0.21667719,0.08523378528790286
3220,Cab39l,0.821800147192157,0.5966629,0.08523378528790286
3221,Actr8,0.821800147192157,0.40602806,0.08523378528790286
3222,Ndufaf3,0.821800147192157,0.50545055,0.08523378528790286
3223,Ccdc80,0.8222636885966135,0.086606376,0.08498888788788551
3224,Blcap,0.8222636885966135,0.26410785,0.08498888788788551
3225,Zfp800,0.8222636885966135,0.2631171,0.08498888788788551
3226,Strn3,0.8227272920492185,0.1281204,0.08474409575351262
3227,Bola1,0.8227272920492185,0.25022823,0.08474409575351262
3228,Cep192,0.8227272920492185,0.44738057,0.08474409575351262
3229,Scd1,0.8227272920492185,0.39251566,0.08474409575351262
3230,Gpatch11,0.8227272920492185,0.63515586,0.08474409575351262
3231,Arhgef6,0.8227272920492185,0.44478682,0.08474409575351262
3232,Uxs1,0.8236546844735628,0.2644376,0.08425482721098324
3233,Actr6,0.8236546844735628,0.43702266,0.08425482721098324
3234,Cyth2,0.8236546844735628,0.3727161,0.08425482721098324
3235,Wdr77,0.8236546844735628,0.5207407,0.08425482721098324
3236,Nmt1,0.8236546844735628,0.05820517,0.08425482721098324
3237,Raph1,0.8236546844735628,0.33033282,0.08425482721098324
3238,Cenpb,0.8236546844735628,0.5497679,0.08425482721098324
3239,Myof,0.8241184731324851,0.19294833,0.0840103507674528
3240,RP24-392J24.4,0.8241184731324851,0.24779862,0.0840103507674528
3241,Ncln,0.8245823232139219,0.4396703,0.08376597951881884
3242,Dok3,0.8245823232139219,0.5558445,0.08376597951881884
3243,Emd,0.8245823232139219,0.1803251,0.08376597951881884
3244,Atf6b,0.8245823232139219,0.04459369,0.08376597951881884
3245,RP23-341M13.1,0.8245823232139219,0.48181874,0.08376597951881884
3246,St3gal6,0.8245823232139219,0.19846897,0.08376597951881884
3247,Ccng2,0.8245823232139219,0.18737075,0.08376597951881884
3248,Bsdc1,0.8245823232139219,0.3426404,0.08376597951881884
3249,Trappc3,0.8245823232139219,0.48106456,0.08376597951881884
3250,Fyco1,0.8255102070179957,0.030948462,0.08327755253542485
3251,B3glct,0.8255102070179957,0.22206266,0.08327755253542485
3252,Kmt2e,0.8255102070179957,0.13946317,0.08327755253542485
3253,Cpped1,0.8255102070179957,0.4917284,0.08327755253542485
3254,Ash2l,0.8255102070179957,0.5414221,0.08327755253542485
3255,Brcc3,0.8259742404273008,0.029489301,0.08303349676524159
3256,Papd7,0.8264383346324571,0.4027328,0.08278954611910837
3257,Decr1,0.8264383346324571,0.44812822,0.08278954611910837
3258,Nol12,0.8264383346324571,0.4121722,0.08278954611910837
3259,Cs,0.8264383346324571,0.22476828,0.08278954611910837
3260,Mfn1,0.8264383346324571,0.33175957,0.08278954611910837
3261,Plpp5,0.8273667048029572,0.41100243,0.08230196012807782
3262,RP23-212I23.1,0.8273667048029572,0.031714633,0.08230196012807782
3263,Mrps7,0.8273667048029572,0.44257098,0.08230196012807782
3264,Rgp1,0.8273667048029572,0.47540092,0.08230196012807782
3265,Proser1,0.8273667048029572,0.45925227,0.08230196012807782
3266,Acyp2,0.8282953162741299,0.41632906,0.08181479442044326
3267,Senp7,0.8282953162741299,0.088958785,0.08181479442044326
3268,Dhx30,0.8282953162741299,0.40701693,0.08181479442044326
3269,Acad11,0.8282953162741299,0.45170942,0.08181479442044326
3270,Dpf2,0.8282953162741299,0.42717153,0.08181479442044326
3271,Npr2,0.829224167789598,0.46233195,0.08132804885421592
3272,Slit3,0.829224167789598,0.241651,0.08132804885421592
3273,Ikbkap,0.829224167789598,0.3382564,0.08132804885421592
3274,Utp18,0.829224167789598,0.32129982,0.08132804885421592
3275,RP23-241N10.2,0.829224167789598,0.36208785,0.08132804885421592
3276,Sec16a,0.8296886831710493,0.08367686,0.0810848335797316
3277,Rab7,0.8296886831710493,0.20235375,0.0810848335797316
3278,Gtf3a,0.830153258091977,0.46380624,0.08084172328730861
3279,Grb14,0.830153258091977,-0.11087561,0.08084172328730861
3280,Lonp1,0.8310825859228813,0.4251418,0.08035581757753549
3281,Lrp4,0.8310825859228813,0.45791703,0.08035581757753549
3282,Sdhd,0.8310825859228813,0.40699247,0.08035581757753549
3283,RP23-9L16.5,0.8310825859228813,0.3675982,0.08035581757753549
3284,Atf4,0.8315473385180123,0.058546532,0.08011302212461414
3285,Prpf39,0.8320121500229287,0.38764623,0.07987033158261195
3286,Uri1,0.8320121500229287,0.35653126,0.07987033158261195
3287,Map3k14,0.8320121500229287,0.28499323,0.07987033158261195
3288,Col16a1,0.8324770202800529,0.11863719,0.0796277459337279
3289,Spns1,0.8329419491317456,0.36874077,0.07938526516015483
3290,Gpank1,0.8329419491317456,0.32797304,0.07938526516015483
3291,Rbm17,0.8329419491317456,0.43373215,0.07938526516015483
3292,RP23-252E4.2,0.8329419491317456,0.46325177,0.07938526516015483
3293,Btbd3,0.8329419491317456,0.29893848,0.07938526516015483
3294,Dram2,0.8329419491317456,0.30114946,0.07938526516015483
3295,RP23-27C10.2,0.8329419491317456,0.3620707,0.07938526516015483
3296,Rnpc3,0.833406936420306,0.16599467,0.07914288924407942
3297,Washc3,0.8338719819879723,0.25700614,0.07890061816768215
3298,Rhog,0.8338719819879723,0.14513582,0.07890061816768215
3299,Akap11,0.8338719819879723,0.00092030846,0.07890061816768215
3300,Cttnbp2nl,0.8338719819879723,0.2754713,0.07890061816768215
3301,Gpkow,0.8352674667870679,1.1130443,0.07817443379827202
3302,Nbeal2,0.8352674667870679,1.5296503,0.07817443379827202
3303,Rfxap,0.8357327438923154,0.2881814,0.07793258190226912
3304,Fbxo8,0.8357327438923154,-0.084674746,0.07793258190226912
3305,Taf11,0.8357327438923154,0.36246827,0.07793258190226912
3306,Kansl1,0.8357327438923154,0.14858325,0.07793258190226912
3307,Hmox2,0.8357327438923154,0.3385732,0.07793258190226912
3308,Nmnat1,0.8361980784869443,1.3812745,0.0776908347567543
3309,Usp33,0.8366634704128276,0.3454875,0.07744919234387114
3310,Rnf6,0.8366634704128276,0.18906662,0.07744919234387114
3311,B4galnt1,0.8366634704128276,0.4274058,0.07744919234387114
3312,Nr1d2,0.8366634704128276,0.21993372,0.07744919234387114
3313,Stk11,0.8366634704128276,0.42281917,0.07744919234387114
3314,Polr2i,0.8366634704128276,0.19118947,0.07744919234387114
3315,Ctbp1,0.8371289195117788,0.19428566,0.07720765464575684
3316,Tpgs2,0.8371289195117788,1.0804243,0.07720765464575684
3317,RP23-222G22.7,0.8371289195117788,1.182025,0.07720765464575684
3318,Cdk5rap3,0.8371289195117788,0.11736177,0.07720765464575684
3319,Adcy7,0.8371289195117788,1.5538563,0.07720765464575684
3320,Snap23,0.8371289195117788,0.27537754,0.07720765464575684
3321,Sfr1,0.837594425625551,0.060873352,0.07696622164454256
3322,Adm,0.837594425625551,0.24665257,0.07696622164454256
3323,Lrch1,0.837594425625551,0.43915132,0.07696622164454256
3324,Sfxn2,0.837594425625551,0.3345399,0.07696622164454256
3325,Ankrd10,0.837594425625551,0.37496287,0.07696622164454256
3326,AC101915.2,0.8380599885958374,1.1842265,0.07672489332235322
3327,Il1rl2,0.8380599885958374,1.2304584,0.07672489332235322
3328,Pknox2,0.8380599885958374,1.1537313,0.07672489332235322
3329,Tyw5,0.8380599885958374,1.1960456,0.07672489332235322
3330,Kif20b,0.8380599885958374,1.2231647,0.07672489332235322
3331,Ripk2,0.8385256082642717,0.20851433,0.07648366966130764
3332,Slc25a11,0.8385256082642717,0.30691162,0.07648366966130764
3333,Synj2bp,0.8385256082642717,-0.067696564,0.07648366966130764
3334,RP23-285C18.2,0.8385256082642717,0.37501433,0.07648366966130764
3335,Sirt6,0.838991284472428,1.1461948,0.07624255064351827
3336,Hmgcl,0.838991284472428,1.1375338,0.07624255064351827
3337,Metap2,0.8394570170618207,0.116250224,0.07600153625109168
3338,Ddt,0.8394570170618207,0.4065141,0.07600153625109168
3339,Znhit6,0.8394570170618207,0.32030252,0.07600153625109168
3340,Ppm1m,0.8394570170618207,0.066299476,0.07600153625109168
3341,Noa1,0.8399228058739056,0.93906957,0.07576062646612801
3342,Dnase2a,0.8399228058739056,1.0559045,0.07576062646612801
3343,Peli1,0.8403886507500786,0.14161614,0.07551982127072136
3344,Plekha3,0.8403886507500786,0.26962215,0.07551982127072136
3345,Gpx7,0.8403886507500786,0.036761012,0.07551982127072136
3346,Prdm2,0.8403886507500786,0.24550134,0.07551982127072136
3347,Dkc1,0.8403886507500786,0.2706551,0.07551982127072136
3348,Zc3hc1,0.8408545515316775,0.9160648,0.07527912064695955
3349,P2ry1,0.8408545515316775,1.1722374,0.07527912064695955
3350,Fam63b,0.8408545515316775,0.11383542,0.07527912064695955
3351,Zfp955a,0.8408545515316775,0.82780045,0.07527912064695955
3352,Tspan32,0.8408545515316775,0.8649177,0.07527912064695955
3353,Mms19,0.8408545515316775,0.94602984,0.07527912064695955
3354,Haus1,0.8408545515316775,0.7889303,0.07527912064695955
3355,Uqcrc1,0.8408545515316775,0.19567887,0.07527912064695955
3356,Tes,0.8408545515316775,0.89385587,0.07527912064695955
3357,8030462N17Rik,0.8408545515316775,1.0337669,0.07527912064695955
3358,Zfp276,0.8408545515316775,0.8112838,0.07527912064695955
3359,Sp4,0.841320508059981,0.2293363,0.07503852457692427
3360,Tmem53,0.841320508059981,0.16557871,0.07503852457692427
3361,Dnajc4,0.8417865201762091,0.84816647,0.07479803304269107
3362,Sigmar1,0.8417865201762091,0.8579546,0.07479803304269107
3363,Hyal2,0.8422525877215237,0.120781764,0.07455764602632925
3364,Scamp2,0.8422525877215237,0.037778154,0.07455764602632925
3365,Rbm15b,0.8422525877215237,0.36699718,0.07455764602632925
3366,Map2k3,0.8422525877215237,0.16268873,0.07455764602632925
3367,Lpcat2,0.8427187105370282,0.8056078,0.07431736350990188
3368,RP23-3C4.2,0.8427187105370282,0.8834905,0.07431736350990188
3369,Tnfrsf11b,0.8427187105370282,0.49699268,0.07431736350990188
3370,Zfp605,0.8427187105370282,0.76877594,0.07431736350990188
3371,Mipep,0.8427187105370282,0.9215078,0.07431736350990188
3372,Gne,0.8427187105370282,0.9166682,0.07431736350990188
3373,Cfh,0.8431848884637678,0.07621642,0.07407718547546603
3374,Cdkn2aip,0.8431848884637678,0.24816026,0.07407718547546603
3375,Kat7,0.8431848884637678,0.9227925,0.07407718547546603
3376,Rps11-ps2,0.8431848884637678,0.71537536,0.07407718547546603
3377,Mfap1b,0.8431848884637678,0.21129844,0.07407718547546603
3378,Arfip2,0.8436511213427302,0.69633144,0.07383711190507239
3379,Echdc1,0.8436511213427302,0.7955383,0.07383711190507239
3380,Tbc1d14,0.8436511213427302,0.63496536,0.07383711190507239
3381,Ccdc171,0.8436511213427302,0.84050304,0.07383711190507239
3382,RP23-383C2.4,0.8436511213427302,0.71246976,0.07383711190507239
3383,Tnks2,0.8436511213427302,0.15448609,0.07383711190507239
3384,Cradd,0.8436511213427302,0.6664458,0.07383711190507239
3385,Serhl,0.8436511213427302,0.6999158,0.07383711190507239
3386,Thap2,0.8441174090148451,0.07271056,0.07359714278076555
3387,Gsta4,0.8441174090148451,0.08709647,0.07359714278076555
3388,Sephs1,0.8441174090148451,0.7825648,0.07359714278076555
3389,Cmc4,0.8445837513209844,0.58039594,0.07335727808458396
3390,Morc4,0.8445837513209844,0.51870126,0.07335727808458396
3391,Hddc2,0.8445837513209844,0.7408683,0.07335727808458396
3392,Setdb2,0.8445837513209844,0.7692441,0.07335727808458396
3393,Zeb2os,0.8445837513209844,0.62243265,0.07335727808458396
3394,Zfp87,0.8445837513209844,0.72455174,0.07335727808458396
3395,Polr3h,0.8445837513209844,0.55015385,0.07335727808458396
3396,Slc35e2,0.8445837513209844,0.7794541,0.07335727808458396
3397,Sft2d2,0.8445837513209844,0.86721015,0.07335727808458396
3398,Dnajc17,0.8445837513209844,0.67591614,0.07335727808458396
3399,Fnip1,0.8445837513209844,0.4288776,0.07335727808458396
3400,Ficd,0.8450501481019629,0.6397712,0.07311751779855977
3401,Zmiz2,0.8450501481019629,0.7355586,0.07311751779855977
3402,Snip1,0.8450501481019629,0.8631117,0.07311751779855977
3403,Eogt,0.8455165991985378,0.52256095,0.07287786190471904
3404,Arid4b,0.8455165991985378,0.115511276,0.07287786190471904
3405,Zkscan7,0.8455165991985378,0.5060967,0.07287786190471904
3406,Fbxo25,0.8455165991985378,0.5775765,0.07287786190471904
3407,Zfp647,0.8455165991985378,0.43791464,0.07287786190471904
3408,Cdc42ep2,0.8455165991985378,0.54693425,0.07287786190471904
3409,Sugp1,0.8455165991985378,0.6194372,0.07287786190471904
3410,Ift172,0.8455165991985378,0.63324845,0.07287786190471904
3411,Maml3,0.8459831044514095,0.26929098,0.07263831038508164
3412,Ciz1,0.8459831044514095,0.78550446,0.07263831038508164
3413,Plekhh3,0.8459831044514095,0.16984095,0.07263831038508164
3414,Trp53rkb,0.8464496637012213,0.46469337,0.07239886322166106
3415,Fdxr,0.8464496637012213,0.511207,0.07239886322166106
3416,Fgd2,0.8464496637012213,0.40647435,0.07239886322166106
3417,Cpt1c,0.8464496637012213,0.6526643,0.07239886322166106
3418,Fam162a,0.8464496637012213,0.080056794,0.07239886322166106
3419,Smim3,0.8464496637012213,0.40469962,0.07239886322166106
3420,Tubb4b,0.8464496637012213,0.17962545,0.07239886322166106
3421,Baiap2,0.8469162767885596,0.11716804,0.07215952039646494
3422,Idh3b,0.8469162767885596,0.28123665,0.07215952039646494
3423,Zfp809,0.8473829435539545,0.43711066,0.0719202818914944
3424,Ccar2,0.8473829435539545,0.33027607,0.0719202818914944
3425,Fosb,0.8473829435539545,0.2855762,0.0719202818914944
3426,Rcan2,0.8473829435539545,0.45402762,0.0719202818914944
3427,Alas1,0.8473829435539545,0.68422747,0.0719202818914944
3428,Ncor1,0.8473829435539545,0.07207353,0.0719202818914944
3429,Vav2,0.8473829435539545,0.4910454,0.0719202818914944
3430,Sfi1,0.8473829435539545,0.43139827,0.0719202818914944
3431,Fbxo42,0.8473829435539545,0.31538397,0.0719202818914944
3432,Cln6,0.8478496638378792,0.68809307,0.0716811476887446
3433,Tusc1,0.8478496638378792,0.65581346,0.0716811476887446
3434,Szrd1,0.8478496638378792,0.2410647,0.0716811476887446
3435,Gak,0.8478496638378792,0.25851467,0.0716811476887446
3436,Ufm1,0.8478496638378792,0.34270406,0.0716811476887446
3437,Cinp,0.8478496638378792,0.6800333,0.0716811476887446
3438,Nat6,0.8478496638378792,0.6249769,0.0716811476887446
3439,Tufm,0.8483164374807508,0.6723124,0.07144211777020447
3440,Slfn8,0.8483164374807508,0.65811247,0.07144211777020447
3441,Ceacam1,0.8483164374807508,0.5893295,0.07144211777020447
3442,Rnf31,0.8483164374807508,0.48779503,0.07144211777020447
3443,Rpl34-ps1,0.8483164374807508,0.47294855,0.07144211777020447
3444,Slc22a3,0.8483164374807508,0.42324248,0.07144211777020447
3445,Secisbp2,0.8492501442047231,0.6121879,0.0709643707136775
3446,Evi5,0.8492501442047231,0.5245738,0.0709643707136775
3447,Fam217b,0.8492501442047231,0.36955294,0.0709643707136775
3448,Ccdc28a,0.8492501442047231,0.30324477,0.0709643707136775
3449,Ssna1,0.8497170769663781,0.42862538,0.07072565353963746
3450,RP23-387F9.3,0.8497170769663781,0.26338258,0.07072565353963746
3451,Snhg8,0.8497170769663781,0.12886626,0.07072565353963746
3452,Snx33,0.8497170769663781,0.1298257,0.07072565353963746
3453,Hspa13,0.8497170769663781,0.3046541,0.07072565353963746
3454,Rnf217,0.8497170769663781,0.19327353,0.07072565353963746
3455,Mcu,0.8506511004899933,0.5863469,0.07024853180982503
3456,Bcl2l1,0.8506511004899933,0.6213392,0.07024853180982503
3457,Samsn1,0.8506511004899933,0.14531495,0.07024853180982503
3458,Zfp160,0.8506511004899933,0.5949483,0.07024853180982503
3459,Rcn2,0.8506511004899933,0.22613049,0.07024853180982503
3460,Plscr1,0.8506511004899933,0.09383279,0.07024853180982503
3461,Jagn1,0.8511181909321743,0.6139518,0.07001012721796224
3462,AC102483.1,0.8511181909321743,0.5808626,0.07001012721796224
3463,Acvr1,0.8515853336146598,-0.047825053,0.06977182678405774
3464,Tradd,0.8515853336146598,0.6526956,0.06977182678405774
3465,Dnajb14,0.8515853336146598,0.047375966,0.06977182678405774
3466,Fbxw8,0.8515853336146598,0.5041233,0.06977182678405774
3467,Vti1a,0.8515853336146598,0.54130715,0.06977182678405774
3468,Ggact,0.8520525283774221,0.39658913,0.069533630490051
3469,RP24-88B13.3,0.8520525283774221,0.15945761,0.069533630490051
3470,Pde4b,0.8520525283774221,0.12204143,0.069533630490051
3471,Slc10a7,0.852519775060379,0.51549256,0.06929553831787506
3472,Steap2,0.852519775060379,0.4101428,0.06929553831787506
3473,Rassf3,0.852519775060379,0.17364499,0.06929553831787506
3474,Zfp329,0.852519775060379,0.2813747,0.06929553831787506
3475,Fopnl,0.852519775060379,0.45598936,0.06929553831787506
3476,Itpr1,0.8529870735033938,0.19455247,0.06905755024945688
3477,Apip,0.8529870735033938,0.5241557,0.06905755024945688
3478,Cerk,0.8534544235462751,0.25904897,0.06881966626671714
3479,Rbm12,0.8534544235462751,0.043418083,0.06881966626671714
3480,Rgs18,0.8534544235462751,0.5267504,0.06881966626671714
3481,Zfp275,0.853921825028777,0.53577393,0.06858188635157053
3482,Rab5a,0.8543892777906001,0.05735255,0.06834421048592514
3483,Irgq,0.8543892777906001,0.38935912,0.06834421048592514
3484,Phkb,0.8543892777906001,0.5084462,0.06834421048592514
3485,B3galnt1,0.8543892777906001,0.5043691,0.06834421048592514
3486,Ctdspl2,0.8548567816713901,0.19374798,0.06810663865168334
3487,Cmpk1,0.8548567816713901,0.16836901,0.06810663865168334
3488,Furin,0.8548567816713901,0.46558893,0.06810663865168334
3489,Ier2,0.8553243365107397,0.20175298,0.06786917083074089
3490,Cxcl5,0.8553243365107397,0.15135977,0.06786917083074089
3491,Top3b,0.8553243365107397,0.30576086,0.06786917083074089
3492,Polr3c,0.8553243365107397,0.5590322,0.06786917083074089
3493,Kctd3,0.8553243365107397,0.34280044,0.06786917083074089
3494,Ece1,0.8553243365107397,0.1356356,0.06786917083074089
3495,Sept6,0.8557919421481873,0.4948747,0.0676318070049876
3496,Dalrd3,0.8562595984232182,0.29859766,0.06739454715630695
3497,Ncbp2,0.8562595984232182,-0.06378025,0.06739454715630695
3498,Steap3,0.8562595984232182,0.38227454,0.06739454715630695
3499,Rfc3,0.856727305175264,0.46426713,0.06715739126657637
3500,Vim,0.856727305175264,0.102619685,0.06715739126657637
3501,Hspa14,0.856727305175264,0.31822225,0.06715739126657637
3502,Itgal,0.8571950622437035,0.34427083,0.06692033931766687
3503,Setd3,0.8571950622437035,0.2220301,0.06692033931766687
3504,Ptgfr,0.8571950622437035,0.036977492,0.06692033931766687
3505,Qrich1,0.8571950622437035,0.30587804,0.06692033931766687
3506,Ints2,0.8571950622437035,0.26418442,0.06692033931766687
3507,Lmf2,0.8571950622437035,0.3858357,0.06692033931766687
3508,Pkm,0.8576628694678623,0.025182119,0.06668339129144335
3509,Gt(ROSA)26Sor,0.8581307266870131,0.397259,0.06644654716976464
3510,Pcgf5,0.8581307266870131,0.14381942,0.06644654716976464
3511,Smad3,0.8581307266870131,0.22589166,0.06644654716976464
3512,Adprh,0.8581307266870131,0.23930053,0.06644654716976464
3513,Ap2b1,0.8585986337403759,0.17538533,0.0662098069344832
3514,Kansl2,0.8585986337403759,0.41024813,0.0662098069344832
3515,Il3ra,0.8585986337403759,0.51057434,0.0662098069344832
3516,Cox5a,0.8585986337403759,0.03151772,0.0662098069344832
3517,Srprb,0.8590665904671186,0.39669564,0.06597317056744523
3518,Kazn,0.8595345967063561,0.12643012,0.06573663805049099
3519,Pea15a,0.8595345967063561,0.3850664,0.06573663805049099
3520,Ppp2r2d,0.8595345967063561,0.10598062,0.06573663805049099
3521,Ppil3,0.8600026522971518,0.07104321,0.0655002093654542
3522,Rad23b,0.8600026522971518,0.124501236,0.0655002093654542
3523,Arnt,0.8600026522971518,0.10210398,0.0655002093654542
3524,Dapk2,0.8600026522971518,0.121112466,0.0655002093654542
3525,Nos1ap,0.8604707570785164,0.15418547,0.06526388449416264
3526,Bst2,0.8604707570785164,0.08229085,0.06526388449416264
3527,Trim44,0.8604707570785164,0.16874897,0.06526388449416264
3528,Srebf1,0.8604707570785164,0.3813869,0.06526388449416264
3529,C4b,0.8609389108894092,0.118788265,0.06502766341843774
3530,Kctd20,0.8609389108894092,0.42845213,0.06502766341843774
3531,Pcdhb16,0.8609389108894092,0.13590603,0.06502766341843774
3532,Atp7a,0.8609389108894092,0.21231724,0.06502766341843774
3533,Rab10,0.8618753649553581,0.11290546,0.06455553258094278
3534,Rc3h2,0.8618753649553581,0.2247017,0.06455553258094278
3535,Mrps18a,0.8623436648880748,0.3110054,0.06431962278278457
3536,Hcfc2,0.8628120132056413,0.22033861,0.06408381670741681
3537,Zfp597,0.8628120132056413,0.09020612,0.06408381670741681
3538,Tmem9,0.8632804097467599,0.32628423,0.06384811433662994
3539,Wwc2,0.8632804097467599,0.29630357,0.06384811433662994
3540,Zscan29,0.8632804097467599,0.3229304,0.06384811433662994
3541,Eif1ax,0.8637488543500824,0.26274276,0.06361251565220812
3542,Trim33,0.8637488543500824,0.15660171,0.06361251565220812
3543,Snx10,0.8637488543500824,0.3562652,0.06361251565220812
3544,Arrdc3,0.8637488543500824,0.10386753,0.06361251565220812
3545,Rgs3,0.864685887097692,-0.008347723,0.06314162926956536
3546,Dctn6,0.864685887097692,0.14415553,0.06314162926956536
3547,Lrrfip1,0.864685887097692,0.17609777,0.06314162926956536
3548,RP24-458F14.4,0.864685887097692,-0.14982705,0.06314162926956536
3549,Actl6a,0.8651544749190294,0.2646992,0.0629063415348818
3550,Tbpl1,0.8651544749190294,0.32409695,0.0629063415348818
3551,Gdap2,0.8656231101566717,0.087648034,0.06267115741363802
3552,Aggf1,0.8656231101566717,0.40633848,0.06267115741363802
3553,Eif1ad,0.8656231101566717,0.34048986,0.06267115741363802
3554,Acsl3,0.8656231101566717,-0.078316264,0.06267115741363802
3555,Dpp3,0.8660917926490188,0.44529033,0.06243607688758709
3556,Mdga1,0.8665605222344207,0.054707687,0.06220109993847593
3557,Stat2,0.8665605222344207,-0.15660188,0.06220109993847593
3558,Acin1,0.8665605222344207,0.16834112,0.06220109993847593
3559,Ipo9,0.8670292987511776,0.35172358,0.06196622654804526
3560,Slc12a7,0.8670292987511776,0.30688035,0.06196622654804526
3561,Ide,0.8674981220375403,0.3565665,0.06173145669802961
3562,Atxn3,0.8674981220375403,0.3193175,0.06173145669802961
3563,Swi5,0.8674981220375403,0.10156792,0.06173145669802961
3564,Hnrnpa2b1,0.8674981220375403,0.1463127,0.06173145669802961
3565,Nek7,0.8684359082718396,0.13675763,0.06126222754615008
3566,RP23-343E20.2,0.8684359082718396,0.10815162,0.06126222754615008
3567,Map1a,0.8689048708960317,0.30591413,0.06102776820772404
3568,Sgms1,0.8689048708960317,0.16100974,0.06102776820772404
3569,Ier3ip1,0.8693738796423409,0.07050957,0.060793412336588776
3570,Acsl4,0.8693738796423409,0.11051876,0.060793412336588776
3571,Mthfd2,0.8693738796423409,1.277923,0.060793412336588776
3572,Trim25,0.8693738796423409,0.12657127,0.060793412336588776
3573,Abl2,0.8698429343487728,0.31783456,0.06055915991444769
3574,Malsu1,0.8703120348532847,0.26965225,0.06032501092299788
3575,Ap2s1,0.8703120348532847,0.15584993,0.06032501092299788
3576,Phf14,0.8703120348532847,0.43980286,0.06032501092299788
3577,Fam204a,0.8707811809937854,0.19552565,0.0600909653439303
3578,Nt5c2,0.8707811809937854,0.18084554,0.0600909653439303
3579,Snrpa,0.8707811809937854,0.3148248,0.0600909653439303
3580,Opa1,0.8712503726081356,0.1590686,0.05985702315892972
3581,Ezh2,0.8712503726081356,0.18739942,0.05985702315892972
3582,Dyrk1a,0.8712503726081356,0.30392155,0.05985702315892972
3583,Tomm6,0.8712503726081356,1.1836859,0.05985702315892972
3584,Mndal,0.8712503726081356,0.07915719,0.05985702315892972
3585,Cd2ap,0.8717196095341481,0.08617202,0.05962318434967461
3586,Ufd1l,0.8717196095341481,0.19578126,0.05962318434967461
3587,RP23-3M10.7,0.8721888916095875,1.0985762,0.059389448897837274
3588,Gmps,0.8721888916095875,0.118487254,0.059389448897837274
3589,Snx2,0.8721888916095875,0.11048611,0.059389448897837274
3590,Aim2,0.8721888916095875,0.89994806,0.059389448897837274
3591,Eid1,0.8731275905595682,0.0775343,0.05892228799307402
3592,Atad3a,0.8731275905595682,0.8117854,0.05892228799307402
3593,Rad1,0.8731275905595682,-0.28521514,0.05892228799307402
3594,Cldnd1,0.8731275905595682,0.092807226,0.05892228799307402
3595,Mpdu1,0.8731275905595682,0.26072153,0.05892228799307402
3596,Ensa,0.8735970071094017,0.3402122,0.05868886250346149
3597,Pde4dip,0.8735970071094017,0.18611854,0.05868886250346149
3598,Rp2,0.8740664681592464,0.21581672,0.05845554029789366
3599,Phc3,0.8740664681592464,0.158142,0.05845554029789366
3600,Klf4,0.8740664681592464,0.24127465,0.05845554029789366
3601,Bhlhb9,0.8740664681592464,0.91037345,0.05845554029789366
3602,Tspan9,0.8740664681592464,0.97335887,0.05845554029789366
3603,Dip2b,0.8740664681592464,0.2841982,0.05845554029789366
3604,Tcta,0.8745359735466305,0.09322772,0.05822232135801169
3605,Washc2,0.8750055231090355,0.3006773,0.05798920566545045
3606,Psmd5,0.8750055231090355,0.21833254,0.05798920566545045
3607,Skap2,0.8750055231090355,0.0057546473,0.05798920566545045
3608,Kiss1r,0.8750055231090355,0.75804645,0.05798920566545045
3609,Zfp106,0.8750055231090355,0.25583518,0.05798920566545045
3610,Tomm40,0.8750055231090355,0.9351642,0.05798920566545045
3611,Pfdn2,0.8750055231090355,0.3829921,0.05798920566545045
3612,Thap3,0.8754751166838958,0.21085812,0.057756193201838724
3613,Cdc40,0.8754751166838958,0.19219127,0.057756193201838724
3614,Smad7,0.8759447541085997,0.104758665,0.057523283948798985
3615,Hif1a,0.8759447541085997,0.069114566,0.057523283948798985
3616,Tgfbr1,0.8759447541085997,0.16799425,0.057523283948798985
3617,Smg8,0.8759447541085997,0.72400117,0.057523283948798985
3618,Ecsit,0.8759447541085997,0.7404463,0.057523283948798985
3619,RP24-234J3.2,0.8759447541085997,0.9058505,0.057523283948798985
3620,Dhx33,0.8764144352204891,0.19868171,0.057290477887947486
3621,Ndufs3,0.8764144352204891,0.110578656,0.057290477887947486
3622,Lmbrd2,0.8764144352204891,0.17350714,0.057290477887947486
3623,Eif2d,0.8768841598568597,0.7802144,0.05705777500089422
3624,Ppic,0.8768841598568597,0.03893228,0.05705777500089422
3625,Ermard,0.8768841598568597,0.7506062,0.05705777500089422
3626,Tsr2,0.8768841598568597,0.8892353,0.05705777500089422
3627,Ring1,0.8768841598568597,0.038952168,0.05705777500089422
3628,Acd,0.8768841598568597,0.67344725,0.05705777500089422
3629,Arhgap24,0.8768841598568597,0.7266482,0.05705777500089422
3630,Slc35e3,0.8778237390519974,0.73054105,0.05659267867459155
3631,Rexo4,0.8778237390519974,0.17905891,0.05659267867459155
3632,Scamp1,0.8778237390519974,0.28316134,0.05659267867459155
3633,Clec11a,0.8782935932851267,0.14473514,0.056360285198531
3634,Fbxo30,0.8782935932851267,0.23466249,0.056360285198531
3635,Anxa7,0.8782935932851267,0.26217413,0.056360285198531
3636,Rnf40,0.8787634903914617,0.44717604,0.05612799482264659
3637,Plcd1,0.8787634903914617,0.58473706,0.05612799482264659
3638,Zfp846,0.8787634903914617,0.5824607,0.05612799482264659
3639,Rab8a,0.8787634903914617,0.19588889,0.05612799482264659
3640,Stradb,0.8787634903914617,0.69106895,0.05612799482264659
3641,Agpat1,0.8787634903914617,0.60409504,0.05612799482264659
3642,Rbm4,0.8787634903914617,0.62452054,0.05612799482264659
3643,Sf3a1,0.8787634903914617,0.09695228,0.05612799482264659
3644,Nicn1,0.8787634903914617,0.5577047,0.05612799482264659
3645,Msh3,0.8787634903914617,0.63998854,0.05612799482264659
3646,Klhl42,0.8787634903914617,0.71411866,0.05612799482264659
3647,Fam214a,0.8787634903914617,0.72290415,0.05612799482264659
3648,RP24-370G18.1,0.8792334302080702,0.20745505,0.05589580752851708
3649,Prcp,0.8797034125719743,0.61625594,0.05566372329771524
3650,RP24-324P21.9,0.8797034125719743,0.50109935,0.05566372329771524
3651,Sae1,0.8797034125719743,0.33476728,0.05566372329771524
3652,Dffa,0.8797034125719743,0.6878386,0.05566372329771524
3653,Nudt9,0.8797034125719743,0.57220584,0.05566372329771524
3654,Sec22a,0.8797034125719743,0.6809527,0.05566372329771524
3655,Hoxc9,0.8797034125719743,0.24735454,0.05566372329771524
3656,Anapc10,0.8797034125719743,0.43089738,0.05566372329771524
3657,Nabp1,0.8797034125719743,0.51029426,0.05566372329771524
3658,Gfra1,0.8797034125719743,0.6685087,0.05566372329771524
3659,Zfp251,0.8801734373201512,0.018909238,0.055431742111807514
3660,Dnajc7,0.8801734373201512,0.19312526,0.055431742111807514
3661,Dmpk,0.8801734373201512,0.034832213,0.055431742111807514
3662,Akap2,0.8806435042895339,0.18631938,0.055199863952353934
3663,Hist2h2aa2,0.8806435042895339,0.48631784,0.055199863952353934
3664,Gemin2,0.8806435042895339,0.48718888,0.055199863952353934
3665,RP23-115O3.10,0.8806435042895339,0.6759967,0.055199863952353934
3666,Plxnc1,0.8806435042895339,0.51917696,0.055199863952353934
3667,Pyurf,0.8806435042895339,0.44335356,0.055199863952353934
3668,Mrpl22,0.8806435042895339,0.45962918,0.055199863952353934
3669,Lekr1,0.8806435042895339,0.48752272,0.055199863952353934
3670,R3hdm4,0.8806435042895339,0.23645057,0.055199863952353934
3671,RP23-359O5.5,0.8811136133170099,0.07854499,0.05496808880090862
3672,Plcg2,0.8811136133170099,0.02263606,0.05496808880090862
3673,mt-Nd6,0.8811136133170099,-0.06375472,0.05496808880090862
3674,Ppp2r5c,0.8811136133170099,0.1451607,0.05496808880090862
3675,Zbtb25,0.8811136133170099,0.5880889,0.05496808880090862
3676,Shroom2,0.881583764239423,0.45285434,0.054736416639019195
3677,Stxbp4,0.881583764239423,0.35612047,0.054736416639019195
3678,RP23-103P11.1,0.881583764239423,0.35033226,0.054736416639019195
3679,Ttc23,0.881583764239423,0.46457183,0.054736416639019195
3680,Hlcs,0.881583764239423,0.42389148,0.054736416639019195
3681,Pex11b,0.881583764239423,0.3709237,0.054736416639019195
3682,Tom1l2,0.881583764239423,0.4507663,0.054736416639019195
3683,Tmem216,0.881583764239423,0.4667085,0.054736416639019195
3684,Atg16l1,0.881583764239423,0.5762999,0.054736416639019195
3685,Hoxb5,0.881583764239423,0.47971833,0.054736416639019195
3686,Gtpbp1,0.881583764239423,0.3660565,0.054736416639019195
3687,Ptpn23,0.881583764239423,0.4449206,0.054736416639019195
3688,Tubgcp2,0.881583764239423,0.64855605,0.054736416639019195
3689,Sept9,0.8820539568935722,0.19576861,0.05450484744822715
3690,Atxn7,0.8820539568935722,0.2750037,0.05450484744822715
3691,Txndc12,0.8825241911162127,0.59684986,0.05427338121006779
3692,Tmtc4,0.8825241911162127,0.42370513,0.05427338121006779
3693,RP23-24K16.3,0.8825241911162127,0.32592773,0.05427338121006779
3694,Sh3bp5l,0.8825241911162127,0.39772007,0.05427338121006779
3695,Ppfia1,0.8825241911162127,0.24549657,0.05427338121006779
3696,Zbtb2,0.8825241911162127,0.23461708,0.05427338121006779
3697,Zmat1,0.8825241911162127,0.4227721,0.05427338121006779
3698,Src,0.8825241911162127,0.3373391,0.05427338121006779
3699,Ltbp2,0.8829944667440556,0.024145072,0.0540420179060701
3700,Nfya,0.8834647836137681,0.5037635,0.05381075751775688
3701,Fam63a,0.8834647836137681,0.32479864,0.05381075751775688
3702,Cep70,0.8834647836137681,0.33308017,0.05381075751775688
3703,Diexf,0.8834647836137681,0.51128197,0.05381075751775688
3704,Zfp799,0.8834647836137681,0.53720295,0.05381075751775688
3705,Prmt9,0.8834647836137681,0.4122519,0.05381075751775688
3706,RP23-282C23.7,0.8834647836137681,0.17626853,0.05381075751775688
3707,Ap4b1,0.8834647836137681,0.48756254,0.05381075751775688
3708,Tmbim4,0.8834647836137681,0.3453777,0.05381075751775688
3709,Rnft1,0.8844055404252538,0.07925799,0.0533485454142438
3710,Rabep2,0.8844055404252538,0.20979838,0.0533485454142438
3711,Tmem63b,0.8844055404252538,0.031020291,0.0533485454142438
3712,Pptc7,0.8844055404252538,0.093339615,0.0533485454142438
3713,Pfkp,0.8844055404252538,0.4721085,0.0533485454142438
3714,Kdelc2,0.8844055404252538,0.22576088,0.0533485454142438
3715,Cep250,0.8844055404252538,0.16914976,0.0533485454142438
3716,Fgd1,0.8844055404252538,0.3465613,0.0533485454142438
3717,Pmvk,0.8844055404252538,0.49329224,0.0533485454142438
3718,RP24-554B1.11,0.8844055404252538,0.37366745,0.0533485454142438
3719,Tsga10,0.8844055404252538,0.24487208,0.0533485454142438
3720,Tmf1,0.8848759800401442,0.07692992,0.05311759366205831
3721,Abi3,0.8853464602431393,0.22134311,0.05288674475158607
3722,Tob1,0.8853464602431393,0.51352686,0.05288674475158607
3723,Flcn,0.8853464602431393,0.23193415,0.05288674475158607
3724,Med8,0.8853464602431393,0.44708037,0.05288674475158607
3725,Rabif,0.8853464602431393,0.5451811,0.05288674475158607
3726,CAAA01194877.2,0.8853464602431393,0.09148992,0.05288674475158607
3727,Habp4,0.8853464602431393,0.19341756,0.05288674475158607
3728,Helb,0.8853464602431393,0.60336715,0.05288674475158607
3729,Ankrd54,0.8853464602431393,-0.028265174,0.05288674475158607
3730,Fign,0.8858169808706902,0.11333677,0.052655998664318644
3731,Hist1h2bc,0.8858169808706902,0.2757836,0.052655998664318644
3732,Faap20,0.8858169808706902,0.15599774,0.052655998664318644
3733,L3hypdh,0.8862875417592048,0.07202437,0.052425355381741486
3734,Rab10os,0.8862875417592048,0.4884153,0.052425355381741486
3735,Ampd2,0.8862875417592048,0.49224195,0.052425355381741486
3736,Map1b,0.8862875417592048,0.4267269,0.052425355381741486
3737,Hsdl2,0.8862875417592048,0.4897783,0.052425355381741486
3738,AC158114.3,0.8862875417592048,0.00034527163,0.052425355381741486
3739,Nudt16l1,0.8862875417592048,0.3970399,0.052425355381741486
3740,Ddx28,0.8862875417592048,0.14411521,0.052425355381741486
3741,RP24-571N3.1,0.8862875417592048,0.16667596,0.052425355381741486
3742,Limd1,0.8862875417592048,0.14980376,0.052425355381741486
3743,RP24-68G17.2,0.8862875417592048,0.16217437,0.052425355381741486
3744,Lin7c,0.886758142745049,0.1404784,0.05219481488533358
3745,Slc1a3,0.886758142745049,0.140176,0.05219481488533358
3746,Leprotl1,0.886758142745049,0.08862824,0.05219481488533358
3747,Eif2b2,0.887228783664546,0.40747583,0.05196437715656794
3748,Atg10,0.887228783664546,0.22570997,0.05196437715656794
3749,Gcn1l1,0.887228783664546,0.5827517,0.05196437715656794
3750,Lrrk1,0.887228783664546,0.13930546,0.05196437715656794
3751,RP24-482L4.2,0.887228783664546,0.51003116,0.05196437715656794
3752,Stip1,0.887228783664546,0.42464423,0.05196437715656794
3753,Palm,0.887228783664546,0.3870406,0.05196437715656794
3754,Impdh1,0.887228783664546,-0.15276308,0.05196437715656794
3755,Bcl11a,0.887228783664546,0.522029,0.05196437715656794
3756,Phkg2,0.887228783664546,-0.07810906,0.05196437715656794
3757,Gosr2,0.887228783664546,0.37631655,0.05196437715656794
3758,Ppp4r2,0.8876994643539767,0.08320395,0.05173404217691119
3759,Txn2,0.8876994643539767,0.39261892,0.05173404217691119
3760,Rpp21,0.8881701846495802,0.38671577,0.05150380992782366
3761,Zdhhc6,0.8881701846495802,0.37885264,0.05150380992782366
3762,RP23-16O15.2,0.8881701846495802,-0.09104447,0.05150380992782366
3763,Dolk,0.8881701846495802,0.08216834,0.05150380992782366
3764,Csk,0.8881701846495802,0.21430317,0.05150380992782366
3765,Gm26870,0.8881701846495802,0.3620568,0.05150380992782366
3766,Gpatch2,0.8881701846495802,-0.05243083,0.05150380992782366
3767,Dpysl2,0.8886409443875533,-0.006068367,0.05127368039075962
3768,Fam216a,0.8891117434040514,-0.079095535,0.05104365354716686
3769,Meis1,0.8891117434040514,-0.091150194,0.05104365354716686
3770,Csf1r,0.8891117434040514,0.4460759,0.05104365354716686
3771,Dctpp1,0.8891117434040514,0.30951446,0.05104365354716686
3772,Anks3,0.8891117434040514,0.16300997,0.05104365354716686
3773,Grb10,0.8891117434040514,0.14217399,0.05104365354716686
3774,Rnf126,0.8891117434040514,0.5383907,0.05104365354716686
3775,Kif3b,0.8891117434040514,0.27725622,0.05104365354716686
3776,Ptpn2,0.8895825815351881,0.10509499,0.05081372937848723
3777,Lpcat3,0.8895825815351881,0.100693464,0.05081372937848723
3778,Bcl7b,0.8895825815351881,0.072535224,0.05081372937848723
3779,Unc119,0.8900534586170359,0.42486298,0.05058390786615602
3780,Iars2,0.8900534586170359,0.17717907,0.05058390786615602
3781,St3gal4,0.8900534586170359,0.32786956,0.05058390786615602
3782,Rgs12,0.8900534586170359,0.31753412,0.05058390786615602
3783,Sap30bp,0.8900534586170359,0.4883504,0.05058390786615602
3784,Mtmr12,0.8900534586170359,0.2467171,0.05058390786615602
3785,Endod1,0.8900534586170359,0.22756773,0.05058390786615602
3786,Nol3,0.8900534586170359,0.37253323,0.05058390786615602
3787,Fmo5,0.8900534586170359,0.03061546,0.05058390786615602
3788,Farsb,0.8900534586170359,0.46760386,0.05058390786615602
3789,Bfar,0.8909953289769477,0.11828276,0.050124572736249685
3790,Arih1,0.8909953289769477,0.21960406,0.050124572736249685
3791,Arhgef5,0.8909953289769477,0.2437523,0.050124572736249685
3792,Mzt1,0.8909953289769477,0.49173024,0.050124572736249685
3793,Zfp326,0.8909953289769477,0.011617933,0.050124572736249685
3794,Atl2,0.8909953289769477,0.352117,0.050124572736249685
3795,Ormdl3,0.8909953289769477,0.32067716,0.050124572736249685
3796,Mthfd1,0.8909953289769477,0.30284128,0.050124572736249685
3797,Itsn2,0.891466321926951,0.1606737,0.04989505908151418
3798,Pyroxd1,0.8919373531715441,0.32032007,0.04966564800880648
3799,Dmxl1,0.8919373531715441,0.08585771,0.04966564800880648
3800,Rgl1,0.8919373531715441,0.16117947,0.04966564800880648
3801,Gga1,0.8919373531715441,0.3199618,0.04966564800880648
3802,Orc3,0.8919373531715441,0.29591468,0.04966564800880648
3803,Cxxc1,0.8919373531715441,0.44316047,0.04966564800880648
3804,Uggt1,0.8919373531715441,0.2754693,0.04966564800880648
3805,Pabpc4l,0.8928795298879311,0.2566208,0.04920713353508525
3806,Slpi,0.8928795298879311,0.342762,0.04920713353508525
3807,Gnl3l,0.8928795298879311,0.40991756,0.04920713353508525
3808,Med16,0.8928795298879311,0.29063138,0.04920713353508525
3809,Nop2,0.8928795298879311,0.14177676,0.04920713353508525
3810,Tnpo2,0.8928795298879311,0.4660221,0.04920713353508525
3811,Mir99ahg,0.8928795298879311,0.025039468,0.04920713353508525
3812,Trappc1,0.8928795298879311,0.17675948,0.04920713353508525
3813,RP24-108G5.5,0.8928795298879311,0.29410043,0.04920713353508525
3814,Lin54,0.8928795298879311,0.26536083,0.04920713353508525
3815,Fmr1,0.8928795298879311,0.009848428,0.04920713353508525
3816,Mgea5,0.8933506750313398,0.21009865,0.04897803009686144
3817,Snapc1,0.8933506750313398,0.1285321,0.04897803009686144
3818,RP23-390D8.2,0.8938218578125686,0.21697356,0.04874902916624487
3819,Ptp4a1,0.8938218578125686,0.35740134,0.04874902916624487
3820,Fam133b,0.8938218578125686,0.03559014,0.04874902916624487
3821,Pprc1,0.8938218578125686,0.14823124,0.04874902916624487
3822,Vcl,0.8938218578125686,0.13552466,0.04874902916624487
3823,Pigu,0.8938218578125686,0.24193925,0.04874902916624487
3824,Copb2,0.8938218578125686,0.31615335,0.04874902916624487
3825,Slc35a5,0.894293078067325,0.06648091,0.04852013072461477
3826,Derl1,0.8947643356312768,0.056812927,0.04829133475334422
3827,Nsun2,0.8947643356312768,0.3621155,0.04829133475334422
3828,Pcdhga5,0.8947643356312768,0.09948814,0.04829133475334422
3829,Ccndbp1,0.8947643356312768,0.3734502,0.04829133475334422
3830,Gar1,0.8947643356312768,0.32595927,0.04829133475334422
3831,Itgb1bp1,0.8957069620292405,0.03045273,0.0478340501473423
3832,RP23-235I2.1,0.8957069620292405,0.2450012,0.0478340501473423
3833,Sik3,0.8957069620292405,0.27864206,0.0478340501473423
3834,Il17ra,0.8957069620292405,-0.019100498,0.0478340501473423
3835,Cbx7,0.8966497356910155,0.1900361,0.047377175199098155
3836,Fbxw7,0.8966497356910155,0.06509549,0.047377175199098155
3837,Mtf1,0.8966497356910155,0.12255127,0.047377175199098155
3838,Dars,0.8966497356910155,0.34224674,0.047377175199098155
3839,Clu,0.8971211773345851,0.07818972,0.04714889130000138
3840,Tcaf1,0.8971211773345851,0.0048020934,0.04714889130000138
3841,Kdm4a,0.8975926553005336,0.104735166,0.04692070975937087
3842,Slc35b4,0.8975926553005336,0.09512929,0.04692070975937087
3843,Hars2,0.8985357195411083,-0.108803414,0.04646465367881953
3844,Vamp3,0.8985357195411083,0.30699563,0.04646465367881953
3845,Stra13,0.8985357195411083,0.4081916,0.04646465367881953
3846,Sec24d,0.8985357195411083,0.18448001,0.04646465367881953
3847,Brat1,0.8985357195411083,0.06150102,0.04646465367881953
3848,Tceal1,0.8994789270954408,0.06673124,0.04600900680800315
3849,Agfg1,0.8994789270954408,-0.0134781,0.04600900680800315
3850,Nek9,0.8994789270954408,0.27032447,0.04600900680800315
3851,Abcd1,0.8994789270954408,-0.16864526,0.04600900680800315
3852,Ttc28,0.8999505842034438,0.12271245,0.045781336779517984
3853,Rnf170,0.8999505842034438,0.004414522,0.045781336779517984
3854,Kif5b,0.8999505842034438,0.05994937,0.045781336779517984
3855,Hoxb3os,0.9004222766456242,0.18611696,0.04555376899738083
3856,Glo1,0.9004222766456242,0.30704063,0.04555376899738083
3857,Itga11,0.9004222766456242,-0.016608033,0.04555376899738083
3858,Vars,0.9004222766456242,0.28348362,0.04555376899738083
3859,Asap1,0.9004222766456242,0.016962674,0.04555376899738083
3860,Cxcl9,0.9013657668731506,-0.24546048,0.045098940097311635
3861,RP23-380F8.3,0.9013657668731506,-0.053551,0.045098940097311635
3862,Parp1,0.9013657668731506,0.27140424,0.045098940097311635
3863,RP23-73B23.4,0.9018375643287204,0.13720292,0.044871678941944285
3864,Plekhj1,0.9018375643287204,0.11675928,0.044871678941944285
3865,Pop4,0.9018375643287204,0.19209307,0.044871678941944285
3866,Nr4a1,0.9023093964589155,-0.16036476,0.04464451995805453
3867,Clptm1,0.9023093964589155,0.269615,0.04464451995805453
3868,Dirc2,0.9023093964589155,0.32918146,0.04464451995805453
3869,AC084109.5,0.9023093964589155,0.11859114,0.04464451995805453
3870,Pttg1,0.9023093964589155,0.3572505,0.04464451995805453
3871,Sat1,0.9023093964589155,0.0579135,0.04464451995805453
3872,Hnrnph3,0.9032531640832238,0.10985042,0.044190508429768495
3873,Slfn9,0.9041970684257952,0.1535776,0.043736905362512395
3874,Dact1,0.9041970684257952,-0.08001589,0.043736905362512395
3875,Cul4b,0.9041970684257952,0.21062422,0.043736905362512395
3876,Sacm1l,0.9041970684257952,0.39589524,0.043736905362512395
3877,Mum1,0.9041970684257952,0.13397056,0.043736905362512395
3878,Smarca1,0.9051411081657699,0.075023934,0.04328371060624506
3879,Inpp5d,0.9051411081657699,0.11325716,0.04328371060624506
3880,Sqrdl,0.9051411081657699,0.15723372,0.04328371060624506
3881,Cbwd1,0.9051411081657699,-0.06121345,0.04328371060624506
3882,Khdrbs1,0.9056131783968577,0.05770685,0.04305726629781687
3883,Kif1bp,0.906085281981714,0.15234147,0.04283092401082515
3884,Csrp1,0.906085281981714,0.19425516,0.04283092401082515
3885,ZNF654,0.906085281981714,0.17627263,0.04283092401082515
3886,Anapc7,0.906085281981714,0.2009879,0.04283092401082515
3887,Nfyc,0.9065574187550709,1.0054109,0.04260468372648648
3888,Plagl2,0.9070295885516252,0.15040205,0.04237854542601129
3889,Zfp598,0.9070295885516252,0.075140506,0.04237854542601129
3890,Pum1,0.9070295885516252,0.1456498,0.04237854542601129
3891,Nufip1,0.9075017912060386,0.83788663,0.042152509090603814
3892,Cbfa2t3,0.9075017912060386,0.4253871,0.042152509090603814
3893,Ado,0.9079740265529379,0.9101719,0.04192657470146202
3894,Vav1,0.9084462944269156,0.8677083,0.04170074223977751
3895,Lig3,0.9084462944269156,0.8698167,0.04170074223977751
3896,Mbp,0.9084462944269156,0.1735046,0.04170074223977751
3897,Wdyhv1,0.9084462944269156,0.77311563,0.04170074223977751
3898,Zc3h4,0.9093909270943029,0.51000416,0.04124938302351569
3899,Rbfa,0.9093909270943029,0.6637842,0.04124938302351569
3900,Prdm11,0.9093909270943029,-0.004978979,0.04124938302351569
3901,Fam192a,0.9093909270943029,0.55904394,0.04124938302351569
3902,Mrps12,0.9098632915567252,0.18651657,0.0410238562312905
3903,Ddit3,0.9098632915567252,0.08567707,0.0410238562312905
3904,Apopt1,0.9098632915567252,0.024375053,0.0410238562312905
3905,Zfand3,0.9098632915567252,-0.09115156,0.0410238562312905
3906,Arf2,0.9098632915567252,0.25689718,0.0410238562312905
3907,Ngdn,0.9098632915567252,0.7703185,0.0410238562312905
3908,Micall1,0.9103356878842518,0.6630132,0.04079843129122664
3909,Mob3c,0.9103356878842518,0.5715944,0.04079843129122664
3910,Ms4a6b,0.9103356878842518,0.60504526,0.04079843129122664
3911,Suv420h2,0.9103356878842518,0.922911,0.04079843129122664
3912,Fndc3a,0.9103356878842518,0.055948514,0.04079843129122664
3913,Nap1l1,0.9108081159113042,0.030731276,0.04057310818448455
3914,Sdc4,0.9108081159113042,0.07602289,0.04057310818448455
3915,Man1a,0.9108081159113042,0.005687841,0.04057310818448455
3916,Cfl1,0.9112805754722704,0.07308314,0.04034788689221829
3917,Pold1,0.9112805754722704,0.7687585,0.04034788689221829
3918,Gcsh,0.9112805754722704,0.6966869,0.04034788689221829
3919,Lpar6,0.9117530664015048,-0.009241155,0.04012276739557576
3920,Nr2c1,0.9117530664015048,0.025736239,0.04012276739557576
3921,Yae1d1,0.9117530664015048,-0.009293737,0.04012276739557576
3922,Rbbp4,0.9117530664015048,0.0946822,0.04012276739557576
3923,Dgcr6,0.9117530664015048,0.060539044,0.04012276739557576
3924,Plbd1,0.9117530664015048,0.054408815,0.04012276739557576
3925,Alpl,0.9117530664015048,0.14891592,0.04012276739557576
3926,Chd7,0.9117530664015048,0.118783,0.04012276739557576
3927,Eif3g,0.9117530664015048,0.17404044,0.04012276739557576
3928,Ttc39b,0.9117530664015048,0.23582561,0.04012276739557576
3929,Nudcd1,0.9122255885333288,0.7748863,0.03989774967569846
3930,Slf1,0.9122255885333288,0.6298925,0.03989774967569846
3931,Polr3e,0.9122255885333288,0.64123976,0.03989774967569846
3932,Pbx3,0.9122255885333288,0.53605217,0.03989774967569846
3933,Mtpap,0.9126981417020303,0.16032521,0.03967283371372182
3934,Alkbh5,0.9126981417020303,-0.04528621,0.03967283371372182
3935,Fabp5,0.9126981417020303,0.68354344,0.03967283371372182
3936,Grina,0.9126981417020303,-0.032410886,0.03967283371372182
3937,Gcnt1,0.9131707257418646,0.6683532,0.03944801949077488
3938,Zfp719,0.9131707257418646,0.72091615,0.03944801949077488
3939,Rpp14,0.9131707257418646,0.65164304,0.03944801949077488
3940,Micall2,0.9136433404870543,0.011460499,0.03922330698798038
3941,RP23-239P22.2,0.9136433404870543,0.5320205,0.03922330698798038
3942,Alcam,0.9136433404870543,0.0024270534,0.03922330698798038
3943,Pithd1,0.9141159857717891,0.55589813,0.0389986961864549
3944,Gstt1,0.9141159857717891,0.3930239,0.0389986961864549
3945,Prkrip1,0.9141159857717891,0.56556165,0.0389986961864549
3946,Med28,0.9141159857717891,0.04068008,0.0389986961864549
3947,Atp10a,0.9141159857717891,0.47786635,0.0389986961864549
3948,Matn2,0.9141159857717891,0.39197505,0.0389986961864549
3949,RP23-354M9.1,0.9141159857717891,0.56188244,0.0389986961864549
3950,Pus3,0.9141159857717891,0.630694,0.0389986961864549
3951,Hoxc5,0.9141159857717891,0.43947428,0.0389986961864549
3952,Nsmf,0.9141159857717891,0.66936266,0.0389986961864549
3953,Tbc1d1,0.9141159857717891,0.6462444,0.0389986961864549
3954,Setd1a,0.9141159857717891,0.51701254,0.0389986961864549
3955,Exoc6b,0.9145886614302265,0.08012739,0.0387741870673087
3956,RP23-181P23.2,0.9145886614302265,0.70194143,0.0387741870673087
3957,Necap1,0.9145886614302265,0.5729903,0.0387741870673087
3958,Clk4,0.9145886614302265,0.15230328,0.0387741870673087
3959,Lemd2,0.9145886614302265,0.21809149,0.0387741870673087
3960,Sall2,0.9150613672964919,0.3233833,0.03854977961164579
3961,Rnf41,0.9150613672964919,0.4524928,0.03854977961164579
3962,Mcph1,0.9150613672964919,0.5709047,0.03854977961164579
3963,Mrps34,0.9155341032046783,0.099703796,0.03832547380056394
3964,Nek1,0.9155341032046783,0.589368,0.03832547380056394
3965,Il34,0.9155341032046783,0.08165847,0.03832547380056394
3966,Hoxa6,0.9155341032046783,0.46701103,0.03832547380056394
3967,Tmtc1,0.9155341032046783,0.049503375,0.03832547380056394
3968,Usp28,0.9160068689888472,0.3980956,0.0381012696151546
3969,Obsl1,0.9160068689888472,0.38700148,0.0381012696151546
3970,Zfp787,0.9160068689888472,0.39245737,0.0381012696151546
3971,Fam132a,0.9160068689888472,0.44548017,0.0381012696151546
3972,Tex10,0.9164796644830281,0.048808113,0.037877167036503026
3973,Ppp4c,0.9164796644830281,0.5733243,0.037877167036503026
3974,Sgk3,0.9164796644830281,0.059256393,0.037877167036503026
3975,Cox7a2l,0.9164796644830281,0.032490075,0.037877167036503026
3976,Map3k3,0.9164796644830281,0.18562342,0.037877167036503026
3977,Unc45a,0.9169524895212191,0.3330158,0.03765316604568816
3978,Exo5,0.9169524895212191,0.34111455,0.03765316604568816
3979,Trpc6,0.9169524895212191,0.34279162,0.03765316604568816
3980,Tnip2,0.9169524895212191,0.39751777,0.03765316604568816
3981,RP23-331E5.10,0.9169524895212191,0.31657517,0.03765316604568816
3982,Susd2,0.917425343937387,-0.027486669,0.03742926662378271
3983,Ehbp1,0.9178982275654672,0.28085116,0.037205468751853085
3984,Noct,0.9178982275654672,0.3052875,0.037205468751853085
3985,Nkd1,0.9178982275654672,0.29837048,0.037205468751853085
3986,Cln3,0.9178982275654672,0.14625336,0.037205468751853085
3987,Trim12c,0.9183711402393647,0.15095049,0.036981772410959346
3988,Flii,0.9183711402393647,0.22147103,0.036981772410959346
3989,Tmem173,0.9183711402393647,0.17724012,0.036981772410959346
3990,Ctcf,0.9183711402393647,0.15958786,0.036981772410959346
3991,Alg5,0.9183711402393647,0.053203065,0.036981772410959346
3992,Slc2a13,0.9188440817929527,0.19629143,0.036758177582155584
3993,Lrrc8d,0.9188440817929527,0.2511026,0.036758177582155584
3994,Slc35e4,0.9188440817929527,0.29567125,0.036758177582155584
3995,RP23-288B18.1,0.9188440817929527,0.19753551,0.036758177582155584
3996,Golph3l,0.9188440817929527,0.26307118,0.036758177582155584
3997,Smim11,0.9193170520600747,0.11741997,0.03653468424648925
3998,Ppil4,0.9193170520600747,0.20860279,0.03653468424648925
3999,Erbb2ip,0.9193170520600747,0.067988366,0.03653468424648925
4000,Exoc4,0.9193170520600747,0.1933764,0.03653468424648925
4001,Zhx3,0.9193170520600747,0.49545676,0.03653468424648925
4002,Ift27,0.9193170520600747,0.5397139,0.03653468424648925
4003,Dgkz,0.9197900508745431,0.48853377,0.036311292385001796
4004,Uggt2,0.9197900508745431,0.2662884,0.036311292385001796
4005,Ric8b,0.9197900508745431,0.26572007,0.036311292385001796
4006,Msra,0.9197900508745431,0.086594306,0.036311292385001796
4007,Gatb,0.9197900508745431,0.20940103,0.036311292385001796
4008,Coro1c,0.9197900508745431,0.531272,0.036311292385001796
4009,Med9,0.9197900508745431,0.1395836,0.036311292385001796
4010,Drosha,0.9202630780701403,0.47255796,0.03608800197872828
4011,Ppard,0.9202630780701403,0.35255954,0.03608800197872828
4012,Lat2,0.9207361334806184,-0.012620612,0.0358648130086975
4013,Apmap,0.9212092169396997,0.31822515,0.0356417254559321
4014,Ikzf5,0.9212092169396997,0.16713843,0.0356417254559321
4015,Whamm,0.9212092169396997,0.39730462,0.0356417254559321
4016,Ptpn21,0.9212092169396997,0.32519692,0.0356417254559321
4017,Rpp30,0.9216823282810767,0.17196232,0.03541873930144826
4018,Snx4,0.9216823282810767,0.08231223,0.03541873930144826
4019,Gk,0.9216823282810767,0.00882174,0.03541873930144826
4020,Fbxo34,0.9216823282810767,0.18410204,0.03541873930144826
4021,Med19,0.9216823282810767,0.43330035,0.03541873930144826
4022,Gga3,0.9216823282810767,0.034497794,0.03541873930144826
4023,Ndufaf7,0.9216823282810767,-0.0209333,0.03541873930144826
4024,Sphk1,0.922155467338412,-0.046609376,0.03519585452625609
4025,RP23-138C14.7,0.922155467338412,-0.099682786,0.03519585452625609
4026,Ilf2,0.922155467338412,0.41122174,0.03519585452625609
4027,Zdhhc16,0.922155467338412,0.20895278,0.03519585452625609
4028,Erich1,0.922155467338412,0.36091453,0.03519585452625609
4029,Polr3f,0.9226286339453393,0.22313282,0.0349730711113593
4030,Slc25a20,0.9226286339453393,0.08213392,0.0349730711113593
4031,Tmx2,0.9226286339453393,0.14236456,0.0349730711113593
4032,Atg2a,0.9226286339453393,0.09825878,0.0349730711113593
4033,Zfpm2,0.9226286339453393,0.15178156,0.0349730711113593
4034,RP23-465A17.7,0.9226286339453393,-0.015683882,0.0349730711113593
4035,Znrf2,0.9226286339453393,0.004487952,0.0349730711113593
4036,RP23-284J4.2,0.9226286339453393,0.08390335,0.0349730711113593
4037,Stoml1,0.9231018279354627,0.30921358,0.034750389037755396
4038,Akr1a1,0.9231018279354627,0.14166853,0.034750389037755396
4039,Prpf40a,0.9231018279354627,0.019174578,0.034750389037755396
4040,Copg1,0.9231018279354627,0.07770838,0.034750389037755396
4041,Tbx15,0.9231018279354627,0.36589444,0.034750389037755396
4042,Sptbn1,0.9231018279354627,-0.00075129565,0.034750389037755396
4043,RP24-108G5.4,0.9235750491423572,-0.014090118,0.034527808286435584
4044,Zfp111,0.9235750491423572,0.0249809,0.034527808286435584
4045,Uspl1,0.9235750491423572,0.43568978,0.034527808286435584
4046,Zbtb16,0.9235750491423572,0.097292766,0.034527808286435584
4047,E2f4,0.9235750491423572,0.35568085,0.034527808286435584
4048,Gramd3,0.9235750491423572,0.06400654,0.034527808286435584
4049,Naf1,0.9235750491423572,-0.0055824257,0.034527808286435584
4050,hexb,0.9240482973995692,0.07790721,0.03430532883838478
4051,Elp5,0.9240482973995692,0.26795998,0.03430532883838478
4052,Timm10,0.9240482973995692,-0.24236353,0.03430532883838478
4053,RP23-341J13.3,0.9240482973995692,0.01947778,0.03430532883838478
4054,Npm1,0.9245215725406161,0.037661336,0.034082950674581655
4055,RP23-78N8.3,0.9245215725406161,-0.071401164,0.034082950674581655
4056,Ick,0.9245215725406161,-0.2446522,0.034082950674581655
4057,RP23-474B13.2,0.9245215725406161,0.0269687,0.034082950674581655
4058,Serinc5,0.9245215725406161,-0.07936459,0.034082950674581655
4059,Ndufb4,0.9249948743989868,0.20833798,0.03386067377599865
4060,Ccser2,0.9249948743989868,-0.011452887,0.03386067377599865
4061,Pcdh19,0.9249948743989868,0.17686018,0.03386067377599865
4062,Reep5,0.9249948743989868,0.028153792,0.03386067377599865
4063,Nploc4,0.9254682028081418,-0.015724905,0.0336384981236019
4064,Fundc2,0.9254682028081418,0.067761295,0.0336384981236019
4065,Lrrc57,0.9254682028081418,-0.23483035,0.0336384981236019
4066,RP24-381E21.2,0.9254682028081418,0.00020214022,0.0336384981236019
4067,Jrkl,0.9259415576015135,0.13720328,0.03341642369835128
4068,Trim30a,0.9259415576015135,0.10412812,0.03341642369835128
4069,Irf2bpl,0.9259415576015135,0.17787185,0.03341642369835128
4070,Zfp60,0.9259415576015135,0.30922404,0.03341642369835128
4071,Grpel2,0.9264149386125065,0.043259766,0.03319445048120031
4072,Ift122,0.9264149386125065,-0.18823823,0.03319445048120031
4073,Ndufa7,0.9268883456744968,0.007819292,0.032972578453096424
4074,Stard13,0.9268883456744968,0.10924131,0.032972578453096424
4075,Golga5,0.9268883456744968,0.10114224,0.032972578453096424
4076,Nop56,0.9268883456744968,0.4007114,0.032972578453096424
4077,Zranb1,0.9268883456744968,0.16334935,0.032972578453096424
4078,Slc2a3,0.9273617786208338,-0.25178346,0.03275080759498055
4079,RP23-411N10.2,0.9273617786208338,0.3417931,0.03275080759498055
4080,Sec23b,0.9273617786208338,0.311106,0.03275080759498055
4081,Fbxl7,0.9273617786208338,-0.2887551,0.03275080759498055
4082,Prpsap2,0.9273617786208338,-0.23768818,0.03275080759498055
4083,Itsn1,0.9278352372848384,-0.11719132,0.03252913788778758
4084,Bola3,0.9283087214998049,0.0926946,0.032307569312445925
4085,Ptpmt1,0.9287822310990002,0.31423312,0.03208610184987784
4086,RP23-110C17.2,0.9287822310990002,0.28417176,0.03208610184987784
4087,Eapp,0.929255765915664,-0.10152361,0.03186473548099934
4088,AC163329.3,0.929255765915664,-0.4486234,0.03186473548099934
4089,Chst12,0.9297293257830095,0.30610156,0.03164347018672008
4090,Pld1,0.9297293257830095,0.12712534,0.03164347018672008
4091,Traf7,0.9297293257830095,0.093044065,0.03164347018672008
4092,RP23-357J7.6,0.9297293257830095,0.13309364,0.03164347018672008
4093,Rpa1,0.9302029105342233,0.18270122,0.031422305947943464
4094,Lyst,0.9302029105342233,0.0540538,0.031422305947943464
4095,Leng1,0.9306765200024655,0.17189027,0.03120124274556667
4096,Cdadc1,0.9306765200024655,0.27166075,0.03120124274556667
4097,Zfp451,0.9306765200024655,-0.16076262,0.03120124274556667
4098,Prpf4b,0.93115015402087,0.080420874,0.030980280560480477
4099,Mrpl50,0.9316238124225443,-0.014642348,0.030759419373569585
4100,Epb41l5,0.9316238124225443,-0.1112512,0.030759419373569585
4101,Dyrk2,0.9316238124225443,-0.031066978,0.030759419373569585
4102,Birc2,0.9316238124225443,-0.0136126345,0.030759419373569585
4103,Zfand2b,0.9316238124225443,0.16109417,0.030759419373569585
4104,Sgce,0.9316238124225443,0.1180904,0.030759419373569585
4105,Sowahc,0.9325712017080046,-0.0065490673,0.030317999917780565
4106,Jdp2,0.9325712017080046,0.061627578,0.030317999917780565
4107,Stk16,0.9325712017080046,0.23681861,0.030317999917780565
4108,Baz1a,0.9330449322578771,-0.044852372,0.030097441610640263
4109,Rapgef6,0.9330449322578771,0.28071314,0.030097441610640263
4110,Kmt2c,0.9330449322578771,0.23029077,0.030097441610640263
4111,Nfrkb,0.9330449322578771,0.121223405,0.030097441610640263
4112,Cbx4,0.9335186865231933,-0.02992147,0.029876984225150872
4113,Hrct1,0.9335186865231933,0.11747582,0.029876984225150872
4114,Swap70,0.9335186865231933,0.07694489,0.029876984225150872
4115,Fez2,0.9335186865231933,0.08380038,0.029876984225150872
4116,Rps27,0.9335186865231933,0.22471452,0.029876984225150872
4117,Adnp,0.9339924643369331,0.16621402,0.02965662774216558
4118,Slc30a5,0.9339924643369331,0.28164047,0.02965662774216558
4119,Psmd9,0.9339924643369331,0.16355072,0.02965662774216558
4120,Nufip2,0.9344662655320515,0.04685431,0.02943637214253134
4121,Anapc2,0.9344662655320515,-0.05628459,0.02943637214253134
4122,Pex7,0.9349400899414786,0.12977451,0.029216217407088834
4123,Pygo2,0.9349400899414786,0.22164316,0.029216217407088834
4124,Dpm3,0.9354139373981198,0.04510838,0.028996163516672457
4125,Prpf38a,0.9354139373981198,-0.051538948,0.028996163516672457
4126,Asph,0.9354139373981198,0.020074464,0.028996163516672457
4127,Tspyl1,0.9354139373981198,0.047591798,0.028996163516672457
4128,Nbr1,0.9358878077348562,-0.0849532,0.0287762104521103
4129,Scrib,0.9363617007845444,-0.10649119,0.02855635819422422
4130,Cd1d1,0.9363617007845444,0.102174655,0.02855635819422422
4131,Cbl,0.9363617007845444,0.04916613,0.02855635819422422
4132,Ube2g2,0.9363617007845444,-0.06963147,0.02855635819422422
4133,Mbnl2,0.9368356163800167,-0.010236916,0.028336606723829844
4134,Lsm2,0.9368356163800167,0.1579997,0.028336606723829844
4135,Strn4,0.9373095543540818,-0.11173956,0.02811695602173635
4136,Kpna6,0.9373095543540818,0.21607704,0.02811695602173635
4137,Maml1,0.9377835145395245,0.12972528,0.0278974060687468
4138,Fzd8,0.9377835145395245,0.13437557,0.0278974060687468
4139,Smad6,0.9382574967691057,-0.036783364,0.027677956845657943
4140,Ngfrap1,0.9382574967691057,-0.12826584,0.027677956845657943
4141,Nsmce2,0.9382574967691057,-0.08474021,0.027677956845657943
4142,Zc3h6,0.9387315008755633,0.1478605,0.027458608333260248
4143,Sfpq,0.9387315008755633,0.027628846,0.027458608333260248
4144,Twistnb,0.9387315008755633,0.0058346996,0.027458608333260248
4145,Tapbp,0.9387315008755633,0.077582784,0.027458608333260248
4146,Fra10ac1,0.9392055266916117,-0.21349548,0.027239360512337878
4147,Sgms2,0.9392055266916117,0.11321325,0.027239360512337878
4148,Pgrmc2,0.9396795740499424,0.027005397,0.02702021336366867
4149,RP23-125I14.1,0.9396795740499424,0.1302996,0.02702021336366867
4150,Sesn1,0.9401536427832237,-0.18559122,0.02680116686802434
4151,Cdc42se2,0.9401536427832237,0.14468288,0.02680116686802434
4152,Dicer1,0.9406277327241014,0.10374504,0.026582221006170175
4153,Chmp3,0.9406277327241014,0.21664202,0.026582221006170175
4154,Rnf44,0.9406277327241014,0.026774898,0.026582221006170175
4155,Ptprs,0.9406277327241014,-0.038472895,0.026582221006170175
4156,Sspn,0.9411018437051987,0.10820631,0.02636337575886528
4157,Usp5,0.9415759755591164,0.09142641,0.026144631106862423
4158,Hoxa7,0.9420501281184334,0.05208116,0.025925987030908072
4159,RP23-175I24.3,0.9420501281184334,-0.16164903,0.025925987030908072
4160,Cdc5l,0.9420501281184334,0.01357273,0.025925987030908072
4161,Tbl2,0.942524301215706,-0.08622611,0.025707443511742527
4162,Dph6,0.942524301215706,0.18896325,0.025707443511742527
4163,Pa2g4,0.9429984946834691,0.12142844,0.02548900053009972
4164,Sh3bgrl3,0.9429984946834691,0.068777665,0.02548900053009972
4165,Celf2,0.9429984946834691,0.060592916,0.02548900053009972
4166,Trappc13,0.9429984946834691,0.18349941,0.02548900053009972
4167,Cep95,0.9429984946834691,0.7927973,0.02548900053009972
4168,Synpo,0.9434727083542358,0.080659136,0.02527065806670733
4169,Aif1,0.943946942060498,0.6760278,0.025052416102286656
4170,Dhx16,0.943946942060498,0.6715915,0.025052416102286656
4171,Serinc1,0.9444211956347257,0.06891242,0.02483427461755296
4172,Psd4,0.9444211956347257,-0.061470173,0.02483427461755296
4173,Slc25a17,0.9444211956347257,0.17674527,0.02483427461755296
4174,Slx4,0.9448954689093685,0.6673949,0.02461623359321491
4175,Eif2ak1,0.9448954689093685,0.75136185,0.02461623359321491
4176,Slc33a1,0.9448954689093685,0.12260112,0.02461623359321491
4177,Ints6,0.9448954689093685,0.0066764834,0.02461623359321491
4178,Ccm2,0.9448954689093685,0.12592766,0.02461623359321491
4179,Gnl3,0.9453697617168543,0.19481364,0.02439829300997521
4180,Lrrc45,0.9458440738895908,0.36641902,0.024180452848530033
4181,Rars,0.9458440738895908,-0.15963374,0.024180452848530033
4182,Alg6,0.9458440738895908,0.58208364,0.024180452848530033
4183,Myo1f,0.9458440738895908,-0.075030856,0.024180452848530033
4184,Uckl1,0.9458440738895908,0.6638484,0.024180452848530033
4185,Aifm2,0.9458440738895908,0.5019442,0.024180452848530033
4186,Rock1,0.9463184052599649,0.01988978,0.023962713089569394
4187,Atn1,0.9467927556603432,-0.031569276,0.023745073713776984
4188,Fam96a,0.9467927556603432,0.2597466,0.023745073713776984
4189,Ccdc170,0.9467927556603432,0.07718094,0.023745073713776984
4190,Atad2b,0.9467927556603432,0.00242709,0.023745073713776984
4191,Cdyl,0.9467927556603432,0.096765004,0.023745073713776984
4192,Ccz1,0.9472671249230716,-0.087758966,0.02352753470183029
4193,Cstf3,0.9477415128804767,0.6263552,0.023310096034400395
4194,Clasrp,0.9477415128804767,0.56851786,0.023310096034400395
4195,Mfap2,0.9477415128804767,0.28824165,0.023310096034400395
4196,Atg4d,0.9477415128804767,0.43698525,0.023310096034400395
4197,Exoc7,0.9477415128804767,0.599762,0.023310096034400395
4198,Dusp7,0.948690344208522,0.4749426,0.022875519655744216
4199,Pus10,0.948690344208522,0.3444985,0.022875519655744216
4200,Pih1d1,0.948690344208522,0.5412369,0.022875519655744216
4201,Nlrc5,0.948690344208522,0.37397313,0.022875519655744216
4202,Ddx51,0.948690344208522,0.47272816,0.022875519655744216
4203,RP24-221D13.1,0.948690344208522,0.53389806,0.022875519655744216
4204,Zfpl1,0.9491647872437159,-0.040044002,0.022658381905828882
4205,Atpaf1,0.9496392483026941,0.3625865,0.022441344423052102
4206,Tmem41a,0.9496392483026941,0.34437206,0.022441344423052102
4207,Pcbp4,0.9496392483026941,0.45178145,0.022441344423052102
4208,Fbxw5,0.9496392483026941,0.49010426,0.022441344423052102
4209,Tbc1d24,0.9501137272176851,0.013218076,0.022224407188053675
4210,Gpr89,0.9501137272176851,0.47597656,0.022224407188053675
4211,Tprkb,0.9501137272176851,-0.14335407,0.022224407188053675
4212,Snta1,0.9505882238208985,0.28938442,0.022007570181467016
4213,Fgl2,0.9505882238208985,0.14355394,0.022007570181467016
4214,Nog,0.9505882238208985,0.4120273,0.022007570181467016
4215,Slc39a11,0.9505882238208985,0.37177366,0.022007570181467016
4216,Cnnm2,0.9505882238208985,0.3470061,0.022007570181467016
4217,Msh2,0.9505882238208985,0.53713286,0.022007570181467016
4218,RP23-249K18.3,0.9505882238208985,0.43065202,0.022007570181467016
4219,Ctgf,0.9505882238208985,0.051983587,0.022007570181467016
4220,Tnfrsf19,0.951062737944525,0.051856507,0.02179083338391933
4221,U2af1,0.951062737944525,0.06835827,0.02179083338391933
4222,Zmpste24,0.951062737944525,0.02705013,0.02179083338391933
4223,Ppm1g,0.9515372694207368,0.16899002,0.0215741967760315
4224,Ints9,0.9515372694207368,0.32058978,0.0215741967760315
4225,RP23-20K24.5,0.9515372694207368,0.4764592,0.0215741967760315
4226,Elf4,0.9515372694207368,-0.019929158,0.0215741967760315
4227,Zfp710,0.9520118180816876,-0.07152904,0.021357660338418117
4228,Scap,0.9524863837595126,0.27641615,0.021141224051687543
4229,RP24-354K18.1,0.9524863837595126,0.3707917,0.021141224051687543
4230,Phgdh,0.9524863837595126,0.31166816,0.021141224051687543
4231,Usp53,0.9524863837595126,0.28043458,0.021141224051687543
4232,Pign,0.9524863837595126,0.20794652,0.021141224051687543
4233,Pddc1,0.9529609662863292,-0.23863615,0.020924887896441768
4234,Zscan12,0.9534355654942367,0.30227545,0.020708651853276624
4235,Plxnb1,0.9534355654942367,0.39818138,0.020708651853276624
4236,Csnk1g3,0.9534355654942367,-0.035202216,0.020708651853276624
4237,Anks1,0.9534355654942367,0.20069341,0.020708651853276624
4238,Mien1,0.9534355654942367,0.16341995,0.020708651853276624
4239,Usp37,0.9534355654942367,-0.020518728,0.020708651853276624
4240,Rps19-ps6,0.9534355654942367,0.27812266,0.020708651853276624
4241,Kank2,0.9534355654942367,-0.016152395,0.020708651853276624
4242,Napepld,0.9534355654942367,0.17316224,0.020708651853276624
4243,Traf4,0.9539101812153168,-0.16954692,0.02049251590278151
4244,Bloc1s6,0.9543848132816334,0.30155766,0.02027648002553968
4245,Pde3b,0.9543848132816334,0.21713832,0.02027648002553968
4246,Psmd3,0.9543848132816334,0.002327464,0.02027648002553968
4247,Ctr9,0.9543848132816334,-0.14595225,0.02027648002553968
4248,Fubp3,0.9543848132816334,0.2950428,0.02027648002553968
4249,Dzip1,0.9543848132816334,0.14391312,0.02027648002553968
4250,Uqcc3,0.9543848132816334,0.07372952,0.02027648002553968
4251,Nub1,0.9548594615252332,0.099387884,0.02006054420212804
4252,Zc3hav1l,0.9553341257781456,0.15061772,0.01984470841311719
4253,Higd1a,0.9553341257781456,-0.027217599,0.01984470841311719
4254,Gpr137,0.9553341257781456,0.07897349,0.01984470841311719
4255,Map3k20,0.9553341257781456,-0.013427293,0.01984470841311719
4256,Rrp8,0.9553341257781456,0.30331498,0.01984470841311719
4257,Gripap1,0.955808805872383,0.040826324,0.019628972639071485
4258,Ift81,0.956283501639941,0.08472128,0.019413336860549003
4259,Surf2,0.956283501639941,-0.013275172,0.019413336860549003
4260,Renbp,0.956283501639941,0.27162805,0.019413336860549003
4261,Ints1,0.956283501639941,0.3449018,0.019413336860549003
4262,Mfap3,0.956283501639941,-0.1131843,0.019413336860549003
4263,Snrpc,0.956283501639941,0.32019192,0.019413336860549003
4264,Ppp2r4,0.956283501639941,0.24855813,0.019413336860549003
4265,Pik3c3,0.956283501639941,0.08696518,0.019413336860549003
4266,Ptprf,0.956283501639941,0.098255016,0.019413336860549003
4267,Tlr2,0.9572329395229177,0.0695329,0.01898236521227449
4268,RP24-390G17.1,0.9572329395229177,0.09607913,0.01898236521227449
4269,Zfp236,0.9572329395229177,0.2285952,0.01898236521227449
4270,Zfp948,0.9572329395229177,0.015132355,0.01898236521227449
4271,Trak1,0.9572329395229177,0.12767659,0.01898236521227449
4272,RP24-421E18.7,0.9572329395229177,0.13068648,0.01898236521227449
4273,Itih5,0.9572329395229177,0.02483566,0.01898236521227449
4274,Ncoa4,0.9572329395229177,0.1195636,0.01898236521227449
4275,Pms2,0.9572329395229177,0.009445483,0.01898236521227449
4276,Abhd2,0.9572329395229177,0.13493812,0.01898236521227449
4277,Cndp2,0.9577076813022448,0.29566854,0.01876702930360712
4278,Dph5,0.9581824380827096,-0.20005071,0.018551793312632396
4279,Rcor1,0.9581824380827096,0.04044697,0.018551793312632396
4280,Cep63,0.9581824380827096,0.31838197,0.018551793312632396
4281,Platr25,0.9581824380827096,-0.054421104,0.018551793312632396
4282,Fchsd2,0.9581824380827096,0.24547546,0.018551793312632396
4283,Mib1,0.9581824380827096,0.092072494,0.018551793312632396
4284,Upf1,0.9586572096962263,0.16675535,0.018336657219876883
4285,Mrps31,0.9591319959746927,0.0031087815,0.018121621005861
4286,Tyk2,0.9591319959746927,0.08541509,0.018121621005861
4287,Aldh3b1,0.9591319959746927,0.3534607,0.018121621005861
4288,Acp2,0.96008161185399,-0.37035257,0.017691848136098
4289,Nomo1,0.96008161185399,0.3634285,0.017691848136098
4290,Cdon,0.96008161185399,-0.034663536,0.017691848136098
4291,Vwa5a,0.96008161185399,0.25999415,0.017691848136098
4292,RP23-414P13.9,0.96008161185399,-0.08894531,0.017691848136098
4293,Gid8,0.96008161185399,0.18216605,0.017691848136098
4294,Col27a1,0.96008161185399,-0.10980529,0.017691848136098
4295,Mios,0.96008161185399,0.15714604,0.017691848136098
4296,Zfp652,0.96008161185399,-0.09501994,0.017691848136098
4297,Gsn,0.9605564411185398,0.11537324,0.017477111441360226
4298,RP23-284F8.1,0.9605564411185398,0.21715137,0.017477111441360226
4299,Hist1h1c,0.9610312843754779,0.01878765,0.017262474547380578
4300,Ascc1,0.9610312843754779,0.29028186,0.017262474547380578
4301,Decr2,0.9610312843754779,0.09690805,0.017262474547380578
4302,Gmip,0.9610312843754779,0.13405989,0.017262474547380578
4303,Syf2,0.9610312843754779,0.014531637,0.017262474547380578
4304,Tfb2m,0.9610312843754779,0.039074022,0.017262474547380578
4305,Rbm6-ps1,0.9610312843754779,-0.26718035,0.017262474547380578
4306,Klf15,0.9610312843754779,0.17216492,0.017262474547380578
4307,Zfp330,0.9610312843754779,0.12444623,0.017262474547380578
4308,RP23-114L12.3,0.9610312843754779,-0.020926753,0.017262474547380578
4309,Polr1c,0.9610312843754779,0.20615049,0.017262474547380578
4310,Mtr,0.9610312843754779,-0.24445397,0.017262474547380578
4311,Pole3,0.9610312843754779,0.3276103,0.017262474547380578
4312,Ctdnep1,0.9619810121937917,0.27012444,0.01683350008364531
4313,Mmgt2,0.9624558964187674,-0.3911216,0.016619162474848657
4314,Zw10,0.9629307939633314,0.20955664,0.01640492458872821
4315,Lysmd3,0.9629307939633314,0.026576826,0.01640492458872821
4316,Zmym1,0.9629307939633314,-0.25398394,0.01640492458872821
4317,Nob1,0.9629307939633314,0.3893865,0.01640492458872821
4318,Myo1b,0.9634057046592479,0.03526414,0.016190786405747715
4319,Atp5o,0.963880628338267,0.034569327,0.01597674790636473
4320,Tomm5,0.963880628338267,-0.05385615,0.01597674790636473
4321,Pde4d,0.963880628338267,0.036427677,0.01597674790636473
4322,Rell1,0.963880628338267,0.2677438,0.01597674790636473
4323,Ap1s2,0.963880628338267,0.32890633,0.01597674790636473
4324,Prag1,0.963880628338267,-0.20736581,0.01597674790636473
4325,Rai1,0.9643555648321251,-0.027816944,0.015762809071030448
4326,Mbd2,0.9643555648321251,0.17948851,0.015762809071030448
4327,Fkbp4,0.9643555648321251,0.024871524,0.015762809071030448
4328,H2-Ab1,0.9648305139725449,0.014396893,0.015548969880189799
4329,Fam98a,0.9648305139725449,0.045128506,0.015548969880189799
4330,Mff,0.9648305139725449,-0.028749963,0.015548969880189799
4331,Ptger4,0.9648305139725449,-0.10533965,0.015548969880189799
4332,Hccs,0.965780449519893,0.19489309,0.015121590353737795
4333,Glt8d1,0.965780449519893,-0.11343204,0.015121590353737795
4334,Mbd1,0.965780449519893,-0.46679506,0.015121590353737795
4335,B4galt5,0.965780449519893,0.118377306,0.015121590353737795
4336,Pno1,0.965780449519893,-0.0383931,0.015121590353737795
4337,Akr1c12,0.9662554355902,-0.26665267,0.014908049978984865
4338,Herc1,0.9662554355902,0.17937408,0.014908049978984865
4339,Mapk14,0.9667304336338267,0.18937555,0.014694609170442416
4340,Ypel2,0.9667304336338267,-0.09240184,0.014694609170442416
4341,Stx6,0.9667304336338267,0.0011475849,0.014694609170442416
4342,Icmt,0.9667304336338267,0.1402343,0.014694609170442416
4343,Ube2l3,0.9676804649676548,0.09961621,0.014268026173636914
4344,Tpst2,0.9676804649676548,0.12035753,0.014268026173636914
4345,Eci2,0.9676804649676548,0.20399237,0.014268026173636914
4346,Fgfrl1,0.9676804649676548,0.0031070113,0.014268026173636914
4347,RP23-344D2.9,0.9681554979211331,-0.2494835,0.014054883946181975
4348,Cept1,0.968630542174485,-0.001707218,0.013841841206553863
4349,Brd1,0.968630542174485,0.025550427,0.013841841206553863
4350,Ganab,0.9691055975593184,-0.03902764,0.013628897935140967
4351,Fgd6,0.9691055975593184,0.016276376,0.013628897935140967
4352,Gle1,0.9695806639072295,0.038404908,0.013416054112325299
4353,Dis3,0.9695806639072295,-0.13648844,0.013416054112325299
4354,Wdr60,0.9695806639072295,-0.026264077,0.013416054112325299
4355,Rasa4,0.9695806639072295,0.1203925,0.013416054112325299
4356,Naa20,0.9695806639072295,0.20104253,0.013416054112325299
4357,Egln1,0.9700557410498027,0.1227409,0.013203309718482732
4358,Lrrc8a,0.9700557410498027,0.030350879,0.013203309718482732
4359,Ptk2,0.9700557410498027,0.0016147264,0.013203309718482732
4360,Ppm1b,0.9700557410498027,-0.03570177,0.013203309718482732
4361,Cul7,0.970530828818611,0.10538224,0.012990664733982782
4362,Rbm28,0.970530828818611,-0.15997098,0.012990664733982782
4363,Rassf4,0.970530828818611,-0.028758932,0.012990664733982782
4364,Cnnm3,0.970530828818611,-0.035463467,0.012990664733982782
4365,Ppp1cc,0.970530828818611,0.19322121,0.012990664733982782
4366,Acot13,0.970530828818611,-0.10587615,0.012990664733982782
4367,Otud6b,0.970530828818611,0.04823923,0.012990664733982782
4368,RP24-297N9.8,0.970530828818611,0.20037408,0.012990664733982782
4369,Prr14l,0.971005927045216,-0.09143283,0.012778119139188578
4370,Aldh3a2,0.9714810355611685,0.09283555,0.01256567291445705
4371,Creb3,0.9714810355611685,0.20410328,0.01256567291445705
4372,RP23-256L12.2,0.9714810355611685,-0.13105209,0.01256567291445705
4373,Rcor3,0.9714810355611685,0.17234467,0.01256567291445705
4374,Zfp606,0.9714810355611685,0.080182426,0.01256567291445705
4375,Vldlr,0.9714810355611685,-0.19706087,0.01256567291445705
4376,Fam173a,0.9714810355611685,0.054611336,0.01256567291445705
4377,Fbxo32,0.9714810355611685,0.17617467,0.01256567291445705
4378,Rnf220,0.9724312827872624,0.19376156,0.012141078496578575
4379,Sec11c,0.9724312827872624,0.046656344,0.012141078496578575
4380,Chuk,0.9724312827872624,0.06255332,0.012141078496578575
4381,E2f3,0.9724312827872624,-0.30539784,0.012141078496578575
4382,Hras,0.9724312827872624,0.037562065,0.012141078496578575
4383,Csf2rb,0.9733815691490814,0.1375457,0.01171688132307696
4384,Dcaf12,0.9733815691490814,0.1977039,0.01171688132307696
4385,Prr16,0.9733815691490814,-0.089320235,0.01171688132307696
4386,Tmem189,0.9733815691490814,-0.32430702,0.01171688132307696
4387,Dnajb4,0.9743318932986468,0.13441478,0.011293081236581416
4388,Eif2b5,0.9743318932986468,0.090209685,0.011293081236581416
4389,Mpped2,0.9743318932986468,0.44521457,0.011293081236581416
4390,Fbxl12,0.9743318932986468,-0.2160403,0.011293081236581416
4391,Kdm2b,0.9743318932986468,0.0832222,0.011293081236581416
4392,Ints10,0.9743318932986468,-0.27259785,0.011293081236581416
4393,Ccdc59,0.9752822538878193,-0.018022986,0.010869678079620542
4394,RP23-147I23.2,0.9762326495683047,0.10570728,0.010446671694622217
4395,Gtpbp8,0.9762326495683047,-0.12239927,0.010446671694622217
4396,Tbc1d17,0.9762326495683047,0.030784165,0.010446671694622217
4397,AC099860.1,0.9771830789916587,0.047420092,0.010024061923913976
4398,Pdcl,0.9771830789916587,0.18781188,0.010024061923913976
4399,Sub1,0.9771830789916587,-0.0112120705,0.010024061923913976
4400,Vps37a,0.9776583059354833,0.05775737,0.009812905719618405
4401,Hirip3,0.9776583059354833,0.6098932,0.009812905719618405
4402,Hlx,0.9776583059354833,-0.23266596,0.009812905719618405
4403,Chordc1,0.9776583059354833,-0.058754068,0.009812905719618405
4404,Ddx21,0.9781335408092939,0.10530869,0.009601848609722494
4405,Cul5,0.9781335408092939,-0.034497656,0.009601848609722494
4406,Tpp2,0.9781335408092939,-0.05553141,0.009601848609722494
4407,Cnot2,0.9786087834444954,-0.052298754,0.009390890574488954
4408,Aimp2,0.9790840336724845,-0.2741121,0.009180031594174132
4409,Orai2,0.9790840336724845,-0.3569727,0.009180031594174132
4410,Ubl5,0.9790840336724845,-0.0068942956,0.009180031594174132
4411,Impa2,0.97955929132465,0.68411785,0.00896927164902806
4412,Uhrf1bp1l,0.97955929132465,0.08177874,0.00896927164902806
4413,Mertk,0.9800345562323728,-0.21302445,0.008758610719294463
4414,Hnrnpf,0.9800345562323728,0.06788375,0.008758610719294463
4415,Uap1,0.9809851071399742,0.051870883,0.008337585827008607
4416,Smc5,0.9819356850461838,0.00951423,0.007916956759141029
4417,Med29,0.9819356850461838,-0.1368034,0.007916956759141029
4418,Sdcbp,0.9819356850461838,0.021424612,0.007916956759141029
4419,Ap3m1,0.9819356850461838,0.059996665,0.007916956759141029
4420,Zfp746,0.9824109837021396,0.35587785,0.007706790609906754
4421,Bcr,0.9824109837021396,0.4014563,0.007706790609906754
4422,Timm44,0.9838369164574374,0.037576787,0.007076885463455834
4423,Igtp,0.9838369164574374,-0.5063454,0.007076885463455834
4424,Gstp1,0.9843122390760937,0.36369923,0.006867114782367745
4425,Mrps21,0.9843122390760937,0.08064185,0.006867114782367745
4426,Agap3,0.9843122390760937,0.29180023,0.006867114782367745
4427,Armt1,0.9847875672637193,-0.14075243,0.006657442918784281
4428,Nol7,0.9847875672637193,0.08473441,0.006657442918784281
4429,Nup54,0.9847875672637193,0.38655105,0.006657442918784281
4430,Dmwd,0.9847875672637193,-0.41857305,0.006657442918784281
4431,Akna,0.9847875672637193,-0.21182024,0.006657442918784281
4432,Ccdc126,0.9852629008516203,0.31781712,0.006447869852879946
4433,RP23-16D16.14,0.9852629008516203,0.2923092,0.006447869852879946
4434,Slc7a1,0.9852629008516203,0.3678741,0.006447869852879946
4435,Eid2b,0.9852629008516203,0.16130275,0.006447869852879946
4436,Hoxc10,0.9857382396710963,-0.06802838,0.006238395564823163
4437,Dcaf10,0.9857382396710963,-0.1679724,0.006238395564823163
4438,Mbnl3,0.9857382396710963,0.4500774,0.006238395564823163
4439,Ext2,0.9857382396710963,0.057022043,0.006238395564823163
4440,Mars,0.9862135835534418,0.32985634,0.006029020034775965
4441,Dhx29,0.9862135835534418,0.29225194,0.006029020034775965
4442,Isg15,0.9866889323299457,0.34919533,0.005819743242894116
4443,Kdm4c,0.9866889323299457,-0.5248604,0.005819743242894116
4444,Arhgef1,0.9866889323299457,-0.103712365,0.005819743242894116
4445,Praf2,0.9871642858318916,0.13085681,0.00561056516932715
4446,Timm9,0.9871642858318916,0.088548206,0.00561056516932715
4447,Exosc10,0.9871642858318916,0.2710721,0.00561056516932715
4448,Hoxc8,0.9876396438905585,-0.036421962,0.005401485794218198
4449,Brox,0.9876396438905585,-0.25959715,0.005401485794218198
4450,Sprtn,0.98811500633722,0.08069122,0.005192505097704173
4451,Casp6,0.98811500633722,0.19965336,0.005192505097704173
4452,Cep83os,0.98811500633722,0.11289384,0.005192505097704173
4453,Rbm34,0.98811500633722,0.16885005,0.005192505097704173
4454,Tctn1,0.9890657437195992,0.15719303,0.004774839660977308
4455,Fam189b,0.9890657437195992,0.45955122,0.004774839660977308
4456,Wrnip1,0.9890657437195992,0.17735773,0.004774839660977308
4457,Slc25a13,0.9890657437195992,0.030827641,0.004774839660977308
4458,Pop5,0.9890657437195992,-0.25654784,0.004774839660977308
4459,Ly75,0.9890657437195992,0.1591651,0.004774839660977308
4460,Mrpl3,0.989541118317842,-0.027038854,0.004566154881006813
4461,RP23-361M12.2,0.9900164966291298,-0.09836009,0.0043575687001160875
4462,Ccp110,0.9900164966291298,0.018477144,0.0043575687001160875
4463,Prkce,0.9900164966291298,0.03855628,0.0043575687001160875
4464,Utp15,0.9900164966291298,0.041777894,0.0043575687001160875
4465,Tmem161b,0.9900164966291298,0.05564348,0.0043575687001160875
4466,Chpf2,0.9900164966291298,-0.2567664,0.0043575687001160875
4467,Arap1,0.9904918784847151,0.32508537,0.004149081098410601
4468,Hist1h4i,0.9904918784847151,0.3396397,0.004149081098410601
4469,Erf,0.9904918784847151,0.27231774,0.004149081098410601
4470,Rab35,0.9904918784847151,-0.06408463,0.004149081098410601
4471,Faf2,0.9904918784847151,-0.043976445,0.004149081098410601
4472,Pld4,0.9904918784847151,-0.08606557,0.004149081098410601
4473,Hint2,0.9904918784847151,-0.024992827,0.004149081098410601
4474,RP23-363M8.2,0.9909672637158463,0.047742102,0.003940692055989537
4475,Abcf3,0.9909672637158463,0.014065405,0.003940692055989537
4476,Rbm48,0.9909672637158463,0.019130826,0.003940692055989537
4477,Mtrf1l,0.9909672637158463,-0.030924616,0.003940692055989537
4478,Fcgr2b,0.9909672637158463,0.011538118,0.003940692055989537
4479,Stau1,0.9909672637158463,-0.0385775,0.003940692055989537
4480,St3gal5,0.9909672637158463,0.044049714,0.003940692055989537
4481,Cops3,0.9909672637158463,0.33452424,0.003940692055989537
4482,Ccdc93,0.9909672637158463,0.09149209,0.003940692055989537
4483,Plcb2,0.9914426521537683,0.38238657,0.003732401552945872
4484,Ell2,0.9914426521537683,-0.13103738,0.003732401552945872
4485,Fam32a,0.9914426521537683,-0.11761166,0.003732401552945872
4486,Arid3a,0.9914426521537683,-0.0040109013,0.003732401552945872
4487,Foxo4,0.9919180436297225,-0.0005055598,0.003524209569366213
4488,Brix1,0.9919180436297225,0.25183383,0.003524209569366213
4489,Dus1l,0.9919180436297225,-0.008239633,0.003524209569366213
4490,Prpf3,0.9919180436297225,0.12242496,0.003524209569366213
4491,Btbd9,0.9919180436297225,0.05661372,0.003524209569366213
4492,Ywhab,0.9923934379749473,0.038453594,0.003316116085330874
4493,Dtd2,0.9923934379749473,0.26613808,0.003316116085330874
4494,Gtf2a1,0.9923934379749473,-0.02780166,0.003316116085330874
4495,Msrb3,0.9923934379749473,-0.0020941363,0.003316116085330874
4496,Tor1a,0.9928688350206778,-0.22921881,0.003108121080913956
4497,Gm26669,0.9928688350206778,0.032045454,0.003108121080913956
4498,Lcp2,0.9928688350206778,-0.2507483,0.003108121080913956
4499,Atg14,0.9928688350206778,0.028551957,0.003108121080913956
4500,Ddx10,0.9933442345981465,0.22068743,0.0029002245361831836
4501,Cfap97,0.9933442345981465,-0.24720813,0.0029002245361831836
4502,Nagk,0.9933442345981465,0.13017917,0.0029002245361831836
4503,Dennd1a,0.9938196365385827,-0.047833525,0.002692426431200127
4504,Slu7,0.9938196365385827,-0.35272416,0.002692426431200127
4505,Phc1,0.9938196365385827,-0.030026106,0.002692426431200127
4506,Alg9,0.9938196365385827,-0.25928438,0.002692426431200127
4507,Ppt2,0.9938196365385827,-0.045969892,0.002692426431200127
4508,Cpt2,0.9938196365385827,-0.053153984,0.002692426431200127
4509,RP23-189B9.3,0.9938196365385827,-0.019301735,0.002692426431200127
4510,Dr1,0.994295040673214,0.13325036,0.0024847267460198948
4511,Zfp664,0.994295040673214,-0.08442482,0.0024847267460198948
4512,Mon2,0.994295040673214,-0.06670275,0.0024847267460198948
4513,Api5,0.994295040673214,-0.09071161,0.0024847267460198948
4514,Sft2d3,0.9947704468332645,0.15065059,0.002277125460691551
4515,Dhx57,0.9947704468332645,-0.10225937,0.002277125460691551
4516,Eif4ebp3,0.9947704468332645,0.114579625,0.002277125460691551
4517,Dnajc11,0.9947704468332645,-0.08116882,0.002277125460691551
4518,Ttll4,0.9947704468332645,-0.18744756,0.002277125460691551
4519,RP23-288L22.4,0.9947704468332645,-0.14319903,0.002277125460691551
4520,H2-DMb1,0.9947704468332645,-0.16616389,0.002277125460691551
4521,Pcbp2,0.9952458548499575,0.0061416146,0.0020696225552575623
4522,Setd8,0.9952458548499575,0.08829556,0.0020696225552575623
4523,RP23-189L19.6,0.9952458548499575,0.22540389,0.0020696225552575623
4524,Cdan1,0.9957212645545133,-0.025639797,0.0018622180097544133
4525,Rilpl2,0.9957212645545133,-0.21350636,0.0018622180097544133
4526,Sestd1,0.9957212645545133,-0.16317616,0.0018622180097544133
4527,Pdp2,0.9957212645545133,-0.0787831,0.0018622180097544133
4528,Zbtb5,0.9957212645545133,0.024190651,0.0018622180097544133
4529,Aar2,0.9957212645545133,-0.17756303,0.0018622180097544133
4530,RP24-360B3.2,0.9961966757781506,-0.14586878,0.001654911804212148
4531,Sacs,0.9966720883520869,-0.24999776,0.001447703918654548
4532,Pias2,0.9966720883520869,0.21912499,0.001447703918654548
4533,Pmm1,0.9966720883520869,-0.08802413,0.001447703918654548
4534,Mtif2,0.9966720883520869,-0.24132682,0.001447703918654548
4535,Igf2r,0.9971475021075379,0.070210524,0.0012405943330990646
4536,Cfap36,0.9971475021075379,0.045121316,0.0012405943330990646
4537,Snrpb2,0.9971475021075379,0.019954963,0.0012405943330990646
4538,RP23-37J21.3,0.9971475021075379,0.13068976,0.0012405943330990646
4539,Foxn3,0.9971475021075379,-0.004695337,0.0012405943330990646
4540,Cdc14b,0.9971475021075379,0.15338868,0.0012405943330990646
4541,Taf6l,0.9971475021075379,-0.01140503,0.0012405943330990646
4542,Smad2,0.9971475021075379,0.03832674,0.0012405943330990646
4543,Ccdc86,0.9971475021075379,0.087886184,0.0012405943330990646
4544,Auts2,0.997622916875718,-0.23874845,0.0010335830275569938
4545,Dclre1a,0.997622916875718,-0.28075922,0.0010335830275569938
4546,Zfp553,0.997622916875718,-0.29974258,0.0010335830275569938
4547,Bcorl1,0.997622916875718,-0.2592647,0.0010335830275569938
4548,Ddost,0.997622916875718,0.013507385,0.0010335830275569938
4549,Prosc,0.997622916875718,-0.18126406,0.0010335830275569938
4550,Nr2f1,0.997622916875718,-0.18674615,0.0010335830275569938
4551,Oxa1l,0.9980983324878409,0.113411315,0.000826669982033217
4552,Pepd,0.9980983324878409,0.06750347,0.000826669982033217
4553,Zfp212,0.9980983324878409,0.082315326,0.000826669982033217
4554,Mrps5,0.9980983324878409,0.18507406,0.000826669982033217
4555,Rgl2,0.998573748775119,-0.23979808,0.0006198551765263762
4556,AC124713.2,0.998573748775119,-0.30022502,0.0006198551765263762
4557,Rab2b,0.998573748775119,-0.17864461,0.0006198551765263762
4558,Prrg1,0.999049165568764,0.045661256,0.000413138591028903
4559,Tk1,0.999049165568764,0.10786662,0.000413138591028903
4560,Mturn,0.999049165568764,0.11706928,0.000413138591028903
4561,Hspa4,0.999049165568764,0.051704433,0.000413138591028903
4562,Smcr8,0.9995245826999873,-0.33598357,0.00020652020552685624
4563,Nab2,0.9995245826999873,-0.41326007,0.00020652020552685624
4564,Ocel1,0.9995245826999873,-0.29730973,0.00020652020552685624
4565,Ptprk,0.9995245826999873,-0.23949234,0.00020652020552685624
4566,Akirin1,1.0,0.12743074,-0.0
4567,Cnpy4,0.9995245826999873,-0.41836676,0.00020652020552685624
4568,Tmem45a,0.9995245826999873,-0.35482204,0.00020652020552685624
4569,Eif4enif1,0.9995245826999873,0.1396498,0.00020652020552685624
4570,Inafm2,0.9995245826999873,-0.2784893,0.00020652020552685624
4571,Kin,0.9995245826999873,0.077700615,0.00020652020552685624
4572,Parp2,0.9995245826999873,0.17572384,0.00020652020552685624
4573,Slc36a1,0.999049165568764,0.0074838693,0.000413138591028903
4574,Irak3,0.999049165568764,-0.04154242,0.000413138591028903
4575,Srd5a3,0.998573748775119,0.23055771,0.0006198551765263762
4576,Rnf149,0.998573748775119,0.131741,0.0006198551765263762
4577,Fam234a,0.998573748775119,-0.6169655,0.0006198551765263762
4578,Ints8,0.998573748775119,0.12076311,0.0006198551765263762
4579,Isoc1,0.9980983324878409,0.010697742,0.000826669982033217
4580,Gnl2,0.9980983324878409,-0.021719879,0.000826669982033217
4581,Pld3,0.9980983324878409,-0.1703339,0.000826669982033217
4582,Sp140,0.9980983324878409,-0.14400025,0.000826669982033217
4583,Bcar1,0.9980983324878409,-0.11342532,0.000826669982033217
4584,Rit1,0.9980983324878409,-0.25747165,0.000826669982033217
4585,Snx15,0.9980983324878409,-0.062192515,0.000826669982033217
4586,Elmo1,0.9980983324878409,0.04698605,0.000826669982033217
4587,Lcmt1,0.9980983324878409,0.007299976,0.000826669982033217
4588,H2afy2,0.997622916875718,-0.49702442,0.0010335830275569938
4589,Kcnab1,0.997622916875718,-0.34082434,0.0010335830275569938
4590,Lgr4,0.9971475021075379,0.02586822,0.0012405943330990646
4591,Clec12a,0.9971475021075379,0.07635285,0.0012405943330990646
4592,Ralgds,0.9971475021075379,-0.14477983,0.0012405943330990646
4593,Hes6,0.9966720883520869,0.05898905,0.001447703918654548
4594,Tox4,0.9966720883520869,0.13741393,0.001447703918654548
4595,Pnrc2,0.9961966757781506,-0.053373262,0.001654911804212148
4596,Tbc1d23,0.9961966757781506,0.044481393,0.001654911804212148
4597,Ngly1,0.9961966757781506,-0.07434381,0.001654911804212148
4598,Dlst,0.9961966757781506,-0.18891697,0.001654911804212148
4599,Dhrs1,0.9961966757781506,-0.071520634,0.001654911804212148
4600,Pitpnc1,0.9961966757781506,0.15502161,0.001654911804212148
4601,Narf,0.9957212645545133,0.08675668,0.0018622180097544133
4602,Srsf6,0.9952458548499575,0.07476383,0.0020696225552575623
4603,Timm29,0.9952458548499575,-0.088274054,0.0020696225552575623
4604,Casd1,0.9952458548499575,-0.048194993,0.0020696225552575623
4605,Usp45,0.9952458548499575,-0.2088691,0.0020696225552575623
4606,Mapk6,0.9952458548499575,-0.08305111,0.0020696225552575623
4607,Ptp4a3,0.9952458548499575,-0.20156953,0.0020696225552575623
4608,Hnrnpa1,0.9947704468332645,0.115381934,0.002277125460691551
4609,Vimp,0.994295040673214,0.005069495,0.0024847267460198948
4610,Lrch3,0.9938196365385827,-0.07063861,0.002692426431200127
4611,Ubqln2,0.9938196365385827,0.07038933,0.002692426431200127
4612,Kif13b,0.9938196365385827,0.08069743,0.002692426431200127
4613,Ahdc1,0.9933442345981465,-0.13079342,0.0029002245361831836
4614,Dld,0.9933442345981465,0.08369577,0.0029002245361831836
4615,Ccnl1,0.9933442345981465,-0.017412895,0.0029002245361831836
4616,Parl,0.9928688350206778,0.05759293,0.003108121080913956
4617,Ric8,0.9928688350206778,0.11028252,0.003108121080913956
4618,Trem3,0.9928688350206778,0.10325853,0.003108121080913956
4619,Atad1,0.9923934379749473,-0.15244251,0.003316116085330874
4620,Cnn2,0.9923934379749473,0.01807115,0.003316116085330874
4621,Nek6,0.9923934379749473,-0.2576498,0.003316116085330874
4622,Gtf2h5,0.9919180436297225,0.043199584,0.003524209569366213
4623,Cry2,0.9919180436297225,-0.17612086,0.003524209569366213
4624,Phf2,0.9919180436297225,0.05673927,0.003524209569366213
4625,Dcaf5,0.9914426521537683,-0.2624482,0.003732401552945872
4626,Bad,0.9914426521537683,0.043145634,0.003732401552945872
4627,Lst1,0.9914426521537683,0.14798594,0.003732401552945872
4628,Fastk,0.9914426521537683,-0.35354495,0.003732401552945872
4629,Ifi44,0.9914426521537683,-0.120941,0.003732401552945872
4630,Cramp1l,0.9914426521537683,0.018040804,0.003732401552945872
4631,Pgf,0.9909672637158463,0.05914623,0.003940692055989537
4632,Daglb,0.9909672637158463,0.0041493243,0.003940692055989537
4633,Ublcp1,0.9904918784847151,-0.16292295,0.004149081098410601
4634,Ets2,0.9904918784847151,0.08462946,0.004149081098410601
4635,Nsd3,0.9900164966291298,0.015726237,0.0043575687001160875
4636,Cmc2,0.989541118317842,0.7728008,0.004566154881006813
4637,Higd2a,0.989541118317842,-0.13189712,0.004566154881006813
4638,Csf2ra,0.9890657437195992,0.16043118,0.004774839660977308
4639,Rad17,0.9890657437195992,-0.020322338,0.004774839660977308
4640,Usp1,0.9890657437195992,0.10619246,0.004774839660977308
4641,Trmt1,0.9885903730031453,0.34907472,0.004983623059915788
4642,Gps1,0.9885903730031453,-0.035080027,0.004983623059915788
4643,Dbnl,0.9885903730031453,-0.06192951,0.004983623059915788
4644,H13,0.9885903730031453,0.010960246,0.004983623059915788
4645,Dnmbp,0.9885903730031453,0.53080434,0.004983623059915788
4646,Man2a1,0.9885903730031453,-0.0361784,0.004983623059915788
4647,Zdhhc9,0.98811500633722,0.47416353,0.005192505097704173
4648,Srsf1,0.98811500633722,0.074787125,0.005192505097704173
4649,Zfp579,0.9876396438905585,0.32857117,0.005401485794218198
4650,Hspa1b,0.9876396438905585,0.617766,0.005401485794218198
4651,Kdelr1,0.9876396438905585,0.027450275,0.005401485794218198
4652,Ppp1r15a,0.9876396438905585,-0.32541955,0.005401485794218198
4653,Sin3a,0.9876396438905585,-0.19529636,0.005401485794218198
4654,Yipf2,0.9876396438905585,0.33687884,0.005401485794218198
4655,Trib1,0.9876396438905585,-0.31604502,0.005401485794218198
4656,Rap2b,0.9871642858318916,-0.09260765,0.00561056516932715
4657,Rps6ka4,0.9866889323299457,0.53904855,0.005819743242894116
4658,RP23-117O11.4,0.9866889323299457,0.37341532,0.005819743242894116
4659,Psmb5,0.9866889323299457,0.14706385,0.005819743242894116
4660,Trpv2,0.9866889323299457,0.48087594,0.005819743242894116
4661,Nudt14,0.9866889323299457,0.16134469,0.005819743242894116
4662,Klhl18,0.9866889323299457,0.18524948,0.005819743242894116
4663,Mtch1,0.9866889323299457,-0.113818,0.005819743242894116
4664,Pank2,0.9862135835534418,0.009341317,0.006029020034775965
4665,Mier3,0.9857382396710963,-0.23077737,0.006238395564823163
4666,Rps16-ps2,0.9857382396710963,0.44475847,0.006238395564823163
4667,Rfng,0.9857382396710963,0.43478075,0.006238395564823163
4668,Vps8,0.9857382396710963,0.20030311,0.006238395564823163
4669,Cwc22,0.9857382396710963,0.31839558,0.006238395564823163
4670,Hgf,0.9857382396710963,-0.29580918,0.006238395564823163
4671,Phlpp1,0.9857382396710963,0.2075484,0.006238395564823163
4672,RP23-47P18.9,0.9857382396710963,0.2481459,0.006238395564823163
4673,Rnaseh1,0.9857382396710963,0.16398847,0.006238395564823163
4674,Pogk,0.9852629008516203,-0.047401737,0.006447869852879946
4675,RP23-403P24.1,0.9852629008516203,-0.036978576,0.006447869852879946
4676,Man1b1,0.9852629008516203,-0.13438173,0.006447869852879946
4677,Pgam1,0.9847875672637193,0.054419342,0.006657442918784281
4678,Ppp3r1,0.9847875672637193,0.113040276,0.006657442918784281
4679,Clcn5,0.9847875672637193,0.07037449,0.006657442918784281
4680,Slc4a4,0.9847875672637193,0.044301964,0.006657442918784281
4681,Zrsr2,0.9847875672637193,0.06254963,0.006657442918784281
4682,Slc48a1,0.9847875672637193,0.092543185,0.006657442918784281
4683,Slc25a45,0.9847875672637193,0.3502403,0.006657442918784281
4684,Sac3d1,0.9847875672637193,0.2894366,0.006657442918784281
4685,Fam107b,0.9843122390760937,0.08346639,0.006867114782367745
4686,Pim1,0.9838369164574374,-0.07270642,0.007076885463455834
4687,Lfng,0.9838369164574374,-0.18249343,0.007076885463455834
4688,Fktn,0.9838369164574374,-0.42751977,0.007076885463455834
4689,Suox,0.9838369164574374,0.16960935,0.007076885463455834
4690,Foxred1,0.9838369164574374,0.24815138,0.007076885463455834
4691,Exoc2,0.9838369164574374,-0.46126133,0.007076885463455834
4692,Ppat,0.9838369164574374,0.34757292,0.007076885463455834
4693,Mbd4,0.9838369164574374,0.30007628,0.007076885463455834
4694,Hmces,0.9838369164574374,0.18643804,0.007076885463455834
4695,RP23-70J9.6,0.9838369164574374,0.4520868,0.007076885463455834
4696,Ptpro,0.9838369164574374,0.019875111,0.007076885463455834
4697,Pola2,0.9828862886017813,-0.08229263,0.007496723357415671
4698,Pwp1,0.9828862886017813,0.09790227,0.007496723357415671
4699,Abcd4,0.9828862886017813,0.20469029,0.007496723357415671
4700,Rab33b,0.9828862886017813,-0.14602616,0.007496723357415671
4701,Gfm1,0.9828862886017813,0.38114187,0.007496723357415671
4702,Laptm4b,0.9828862886017813,0.10308802,0.007496723357415671
4703,Uxt,0.9828862886017813,0.12073719,0.007496723357415671
4704,Asl,0.9828862886017813,-0.032372475,0.007496723357415671
4705,Dgka,0.9828862886017813,0.1652418,0.007496723357415671
4706,arsb,0.9828862886017813,0.08232448,0.007496723357415671
4707,Zfp324,0.9828862886017813,0.059580594,0.007496723357415671
4708,Txndc11,0.9828862886017813,0.0018099259,0.007496723357415671
4709,Snhg6,0.9828862886017813,0.42056528,0.007496723357415671
4710,RP23-403O11.9,0.9828862886017813,0.04211207,0.007496723357415671
4711,Dusp6,0.9824109837021396,-0.18992579,0.007706790609906754
4712,Arl8b,0.9824109837021396,0.096695244,0.007706790609906754
4713,Clasp1,0.9824109837021396,-0.043811172,0.007706790609906754
4714,Map3k4,0.9824109837021396,-0.004319513,0.007706790609906754
4715,Suv420h1,0.9819356850461838,-0.1035446,0.007916956759141029
4716,Tbc1d8,0.9819356850461838,0.033400003,0.007916956759141029
4717,Cox16,0.9819356850461838,0.11563492,0.007916956759141029
4718,Cenpk,0.9819356850461838,-0.15871683,0.007916956759141029
4719,RP23-134H19.3,0.9819356850461838,-0.41956198,0.007916956759141029
4720,RP23-446O11.1,0.9814603928025766,-0.22391342,0.008127221824912448
4721,Itgav,0.9809851071399742,7.312779e-05,0.008337585827008607
4722,RP23-440J24.4,0.9809851071399742,-0.029489836,0.008337585827008607
4723,Pard3b,0.9809851071399742,0.31009415,0.008337585827008607
4724,Wdr66,0.9809851071399742,-0.18093817,0.008337585827008607
4725,Lrrk2,0.9809851071399742,-0.099301845,0.008337585827008607
4726,Kif21b,0.9809851071399742,-0.23012565,0.008337585827008607
4727,Tsfm,0.9809851071399742,-0.047082793,0.008337585827008607
4728,Tctex1d2,0.9809851071399742,0.12714837,0.008337585827008607
4729,Tcof1,0.9809851071399742,0.041045982,0.008337585827008607
4730,RP23-168M5.3,0.9809851071399742,0.31453085,0.008337585827008607
4731,Zfp874b,0.9809851071399742,-0.07050915,0.008337585827008607
4732,RP24-429G21.3,0.9809851071399742,0.015033654,0.008337585827008607
4733,Cd180,0.9809851071399742,-0.20040923,0.008337585827008607
4734,Prg2,0.9809851071399742,-0.26517248,0.008337585827008607
4735,Tbc1d10b,0.9809851071399742,0.0078019476,0.008337585827008607
4736,Prickle2,0.9809851071399742,-0.063156284,0.008337585827008607
4737,Pcdhgc3,0.9809851071399742,0.20893568,0.008337585827008607
4738,Adat1,0.9809851071399742,0.084228985,0.008337585827008607
4739,Fosl2,0.9805098282270256,-0.058886178,0.008548048785210951
4740,Wdr81,0.9800345562323728,-0.0526767,0.008758610719294463
4741,Rnaset2b,0.9800345562323728,-0.13774565,0.008758610719294463
4742,Akt3,0.9800345562323728,0.32337996,0.008758610719294463
4743,Mcl1,0.9800345562323728,-0.029524023,0.008758610719294463
4744,Trappc6a,0.9800345562323728,-0.054369345,0.008758610719294463
4745,Zcchc4,0.9800345562323728,0.08095599,0.008758610719294463
4746,Snrk,0.9800345562323728,-0.07574257,0.008758610719294463
4747,Traf6,0.9800345562323728,-0.29213554,0.008758610719294463
4748,Bcap29,0.9800345562323728,0.376543,0.008758610719294463
4749,Fam129b,0.9800345562323728,-0.35968623,0.008758610719294463
4750,Sntb2,0.9800345562323728,-0.04948868,0.008758610719294463
4751,Ifrd2,0.9800345562323728,-0.10568393,0.008758610719294463
4752,Bivm,0.9800345562323728,-0.2022101,0.008758610719294463
4753,Enah,0.9800345562323728,-0.015731052,0.008758610719294463
4754,Dusp3,0.97955929132465,-0.109463304,0.00896927164902806
4755,Nrf1,0.97955929132465,-0.19457695,0.00896927164902806
4756,Cd248,0.9790840336724845,-0.24128379,0.009180031594174132
4757,Lrig1,0.9790840336724845,-0.07860447,0.009180031594174132
4758,Htr1b,0.9790840336724845,-0.35178956,0.009180031594174132
4759,RP24-230J14.8,0.9790840336724845,-0.45684814,0.009180031594174132
4760,Mill2,0.9790840336724845,0.09940245,0.009180031594174132
4761,Nup133,0.9790840336724845,-0.46210504,0.009180031594174132
4762,Slc35a2,0.9790840336724845,-0.2891363,0.009180031594174132
4763,Bcas3,0.9790840336724845,-0.58027655,0.009180031594174132
4764,S100a4,0.9790840336724845,-0.26139668,0.009180031594174132
4765,Fkbp14,0.9790840336724845,-0.23237364,0.009180031594174132
4766,Rhot2,0.9790840336724845,-0.350362,0.009180031594174132
4767,Etfb,0.9790840336724845,-0.10710733,0.009180031594174132
4768,Wdr35,0.9790840336724845,-0.29427177,0.009180031594174132
4769,R3hcc1l,0.9790840336724845,-0.20564967,0.009180031594174132
4770,Oxsr1,0.9790840336724845,0.20048802,0.009180031594174132
4771,Clk2,0.9790840336724845,-0.060257692,0.009180031594174132
4772,RP23-355K21.2,0.9790840336724845,-0.36303332,0.009180031594174132
4773,Elk1,0.9790840336724845,-0.4649437,0.009180031594174132
4774,Mif4gd,0.9790840336724845,-0.30797255,0.009180031594174132
4775,Ppa1,0.9790840336724845,-0.07578715,0.009180031594174132
4776,Ctsf,0.9790840336724845,-0.056017917,0.009180031594174132
4777,Il4ra,0.9786087834444954,-0.15864255,0.009390890574488954
4778,Antxr2,0.9786087834444954,0.052667256,0.009390890574488954
4779,Tnfsf13b,0.9781335408092939,-0.41842765,0.009601848609722494
4780,Rps6kb2,0.9781335408092939,-0.5580985,0.009601848609722494
4781,Pus1,0.9781335408092939,-0.6594216,0.009601848609722494
4782,Wdr20,0.9781335408092939,-0.10106077,0.009601848609722494
4783,Cdk5,0.9781335408092939,-0.38434473,0.009601848609722494
4784,Cnppd1,0.9781335408092939,-0.13503313,0.009601848609722494
4785,Spata5,0.9781335408092939,0.12561776,0.009601848609722494
4786,Pir,0.9781335408092939,-0.34515232,0.009601848609722494
4787,Upf3b,0.9776583059354833,0.090983026,0.009812905719618405
4788,Hoxd8,0.9771830789916587,0.06846973,0.010024061923913976
4789,Fbxo6,0.9771830789916587,-0.3955911,0.010024061923913976
4790,Tmem237,0.9771830789916587,-0.37682036,0.010024061923913976
4791,Prmt7,0.9771830789916587,-0.6275985,0.010024061923913976
4792,Qpct,0.9771830789916587,-0.40826723,0.010024061923913976
4793,Phtf1,0.9771830789916587,0.29682538,0.010024061923913976
4794,Uvrag,0.9767078601464065,0.02727412,0.010235317242340303
4795,Dap3,0.9767078601464065,0.016394572,0.010235317242340303
4796,Zfand5,0.9767078601464065,0.04718212,0.010235317242340303
4797,Tacc2,0.9762326495683047,-0.7587799,0.010446671694622217
4798,RP23-465K20.11,0.9762326495683047,0.17473614,0.010446671694622217
4799,Kdm3a,0.9762326495683047,-0.7508397,0.010446671694622217
4800,Hmox1,0.9762326495683047,0.032389194,0.010446671694622217
4801,Rsl1,0.9762326495683047,-0.28583965,0.010446671694622217
4802,Kctd12b,0.9762326495683047,-0.3072919,0.010446671694622217
4803,Isca1,0.9752822538878193,0.052546818,0.010869678079620542
4804,Srrm1,0.9752822538878193,0.009194595,0.010869678079620542
4805,Immp1l,0.9752822538878193,0.41767776,0.010869678079620542
4806,Bcl9,0.9752822538878193,-0.788895,0.010869678079620542
4807,Ep400,0.9752822538878193,-0.02636885,0.010869678079620542
4808,RP23-187M7.5,0.9752822538878193,-0.9649961,0.010869678079620542
4809,E2f5,0.9752822538878193,-0.29239494,0.010869678079620542
4810,RP24-286J21.7,0.9752822538878193,-0.54254884,0.010869678079620542
4811,Mgat5,0.9752822538878193,-0.05595327,0.010869678079620542
4812,Mgst3,0.9752822538878193,0.08811302,0.010869678079620542
4813,Pja1,0.9752822538878193,0.072673365,0.010869678079620542
4814,Prkag1,0.9743318932986468,0.22020245,0.011293081236581416
4815,Noc2l,0.9743318932986468,0.23028375,0.011293081236581416
4816,Rps19bp1,0.9743318932986468,0.12963133,0.011293081236581416
4817,Rgma,0.9743318932986468,-0.3867279,0.011293081236581416
4818,Eaf1,0.9743318932986468,0.16056596,0.011293081236581416
4819,Slc27a4,0.9743318932986468,-0.4524887,0.011293081236581416
4820,Klhl29,0.9743318932986468,-0.02207705,0.011293081236581416
4821,RP23-407F12.1,0.9743318932986468,-0.75507236,0.011293081236581416
4822,Chic1,0.9743318932986468,0.043502774,0.011293081236581416
4823,Ggps1,0.9738567265846507,0.006458106,0.011504931653793052
4824,Pltp,0.9738567265846507,-0.17435533,0.011504931653793052
4825,Lrig2,0.9733815691490814,-0.10881913,0.01171688132307696
4826,RP23-3F1.8,0.9733815691490814,0.04236757,0.01171688132307696
4827,Tec,0.9733815691490814,-0.16321713,0.01171688132307696
4828,Ssx2ip,0.9733815691490814,0.08676986,0.01171688132307696
4829,RP24-503L4.3,0.9733815691490814,-0.663125,0.01171688132307696
4830,Trip11,0.9733815691490814,-0.057560727,0.01171688132307696
4831,Nudt13,0.9733815691490814,0.010950884,0.01171688132307696
4832,Acox3,0.9729064211604511,-0.3177869,0.011928930264113964
4833,Mfsd1,0.9729064211604511,0.03977171,0.011928930264113964
4834,Washc5,0.9724312827872624,-0.089458905,0.012141078496578575
4835,Parp11,0.9724312827872624,0.05624598,0.012141078496578575
4836,Ten1,0.9724312827872624,-0.08030379,0.012141078496578575
4837,Itpripl1,0.9724312827872624,0.01384959,0.012141078496578575
4838,Lacc1,0.9719561541980076,-0.30657604,0.01235332604013896
4839,Rab8b,0.9719561541980076,-0.055574086,0.01235332604013896
4840,Nav3,0.9714810355611685,0.0789677,0.01256567291445705
4841,Zfp512,0.9714810355611685,-0.07324772,0.01256567291445705
4842,Etaa1,0.9714810355611685,0.20570113,0.01256567291445705
4843,Cdk9,0.9714810355611685,0.0059487866,0.01256567291445705
4844,RP23-68D4.1,0.9714810355611685,-0.039976012,0.01256567291445705
4845,RP23-471J16.2,0.9714810355611685,-0.12220251,0.01256567291445705
4846,Dcbld2,0.971005927045216,0.09612237,0.012778119139188578
4847,Glod4,0.970530828818611,-0.15915798,0.012990664733982782
4848,Clns1a,0.970530828818611,-0.18748549,0.012990664733982782
4849,Lsm7,0.970530828818611,0.23035519,0.012990664733982782
4850,Cks1b,0.970530828818611,0.22124526,0.012990664733982782
4851,Cad,0.970530828818611,0.033637065,0.012990664733982782
4852,Rcsd1,0.970530828818611,-0.13686407,0.012990664733982782
4853,Rnf24,0.9700557410498027,-0.30274287,0.013203309718482732
4854,RP23-366I10.5,0.9700557410498027,-0.3703027,0.013203309718482732
4855,Ctnna1,0.9700557410498027,-0.044128314,0.013203309718482732
4856,Hotairm1,0.9695806639072295,-0.1582301,0.013416054112325299
4857,Cpne3,0.9695806639072295,-0.04999834,0.013416054112325299
4858,Ptcd3,0.9695806639072295,-0.08418596,0.013416054112325299
4859,Rab40c,0.9695806639072295,-0.1069419,0.013416054112325299
4860,Trim65,0.9695806639072295,0.094870165,0.013416054112325299
4861,Slc41a2,0.9695806639072295,0.012595261,0.013416054112325299
4862,RP23-285C18.7,0.968630542174485,-0.099082366,0.013841841206553863
4863,Tpbg,0.968630542174485,-0.20211275,0.013841841206553863
4864,Lap3,0.968630542174485,0.23784599,0.013841841206553863
4865,Wbp1l,0.968630542174485,-0.017839564,0.013841841206553863
4866,Tmem150a,0.968630542174485,-0.09429062,0.013841841206553863
4867,Pwwp2a,0.968630542174485,-0.11373882,0.013841841206553863
4868,Syngr2,0.9681554979211331,0.03428898,0.014054883946181975
4869,Lpcat1,0.9681554979211331,-0.074146196,0.014054883946181975
4870,RP24-122N24.2,0.9681554979211331,0.036884874,0.014054883946181975
4871,Atm,0.9676804649676548,-0.25546935,0.014268026173636914
4872,Adrm1,0.9676804649676548,-0.1953086,0.014268026173636914
4873,Cog7,0.9676804649676548,-0.51935506,0.014268026173636914
4874,Chst14,0.9676804649676548,-0.17552912,0.014268026173636914
4875,Strada,0.9676804649676548,-0.32555753,0.014268026173636914
4876,Ipo7,0.9672054434824301,-0.023985,0.014481267908524036
4877,Zyx,0.9672054434824301,0.1122069,0.014481267908524036
4878,Akr1c13,0.9667304336338267,-0.004542832,0.014694609170442416
4879,Cwc27,0.9667304336338267,-0.3227476,0.014694609170442416
4880,Scoc,0.9667304336338267,-0.044748582,0.014694609170442416
4881,Def6,0.9667304336338267,-0.007034182,0.014694609170442416
4882,Arhgap23,0.9667304336338267,-0.33444375,0.014694609170442416
4883,Il15,0.9667304336338267,-0.29828686,0.014694609170442416
4884,Fam110b,0.9667304336338267,-0.15524434,0.014694609170442416
4885,Acly,0.9662554355902,-0.15766206,0.014908049978984865
4886,Zcchc7,0.9662554355902,-0.03599588,0.014908049978984865
4887,Cltb,0.965780449519893,-0.3364999,0.015121590353737795
4888,Tmem138,0.965780449519893,-0.26835975,0.015121590353737795
4889,Pvrl2,0.965780449519893,-0.23954546,0.015121590353737795
4890,Ephx2,0.965780449519893,-0.29480678,0.015121590353737795
4891,Mief1,0.965780449519893,-0.4597821,0.015121590353737795
4892,Cic,0.9653054755912355,-0.51767105,0.015335230314281495
4893,Arvcf,0.9648305139725449,-0.41001987,0.015548969880189799
4894,Lsm14b,0.9648305139725449,0.09427783,0.015548969880189799
4895,Zkscan1,0.9648305139725449,-0.057112195,0.015548969880189799
4896,Camk2g,0.9643555648321251,-0.15615422,0.015762809071030448
4897,Sp7,0.963880628338267,-0.5023848,0.01597674790636473
4898,Fermt2,0.963880628338267,-0.00513629,0.01597674790636473
4899,Arap2,0.963880628338267,-0.42405674,0.01597674790636473
4900,Phlpp2,0.963880628338267,-0.33795273,0.01597674790636473
4901,Acsl5,0.963880628338267,0.21339235,0.01597674790636473
4902,Fbxo45,0.963880628338267,-0.21960962,0.01597674790636473
4903,Apod,0.963880628338267,-0.08770767,0.01597674790636473
4904,RP24-406I1.2,0.963880628338267,-0.20246606,0.01597674790636473
4905,Polr3gl,0.963880628338267,0.023551766,0.01597674790636473
4906,Paqr7,0.963880628338267,-0.06532671,0.01597674790636473
4907,Psmg2,0.963880628338267,0.09644307,0.01597674790636473
4908,Rwdd1,0.963880628338267,0.027439216,0.01597674790636473
4909,Samd4,0.963880628338267,0.08114919,0.01597674790636473
4910,Hnrnpa3,0.9634057046592479,0.013049342,0.016190786405747715
4911,Cers2,0.9634057046592479,-0.0057048597,0.016190786405747715
4912,Nrbp2,0.9634057046592479,-0.1218067,0.016190786405747715
4913,RP23-73N8.1,0.9629307939633314,-0.5599247,0.01640492458872821
4914,Kifap3,0.9629307939633314,-0.23226973,0.01640492458872821
4915,Smc6,0.9629307939633314,0.047617216,0.01640492458872821
4916,Mrpl19,0.9629307939633314,0.054092366,0.01640492458872821
4917,Aldh9a1,0.9629307939633314,-0.46707553,0.01640492458872821
4918,Ino80e,0.9629307939633314,0.00015138276,0.01640492458872821
4919,B4galt6,0.9619810121937917,-0.0034634098,0.01683350008364531
4920,Rnf144a,0.9619810121937917,-0.081103615,0.01683350008364531
4921,Trappc9,0.9619810121937917,-0.56087446,0.01683350008364531
4922,Leo1,0.9619810121937917,0.013566485,0.01683350008364531
4923,Slc35a4,0.9610312843754779,-0.030806107,0.017262474547380578
4924,Nup210,0.9610312843754779,-0.2477133,0.017262474547380578
4925,Txndc15,0.9610312843754779,-0.20830251,0.017262474547380578
4926,Cd3eap,0.9610312843754779,-0.66732615,0.017262474547380578
4927,Mecp2,0.9605564411185398,-0.16318853,0.017477111441360226
4928,Gtf2ird1,0.96008161185399,-0.016294468,0.017691848136098
4929,Stmn1,0.96008161185399,-0.06564786,0.017691848136098
4930,Zpr1,0.96008161185399,-0.10342807,0.017691848136098
4931,Spg20,0.96008161185399,0.088748954,0.017691848136098
4932,Bcl2l11,0.96008161185399,0.17220409,0.017691848136098
4933,Chm,0.96008161185399,-0.016269239,0.017691848136098
4934,Plscr2,0.9596067967499916,-0.48576847,0.01790668465109875
4935,Zfp945,0.9596067967499916,-0.3934417,0.01790668465109875
4936,Ankrd13c,0.9591319959746927,-0.36842048,0.018121621005861
4937,Git1,0.9591319959746927,-0.24671161,0.018121621005861
4938,Klhl20,0.9591319959746927,-0.7291109,0.018121621005861
4939,Ptpn12,0.9591319959746927,-0.011937181,0.018121621005861
4940,Sdad1,0.9591319959746927,-0.17301923,0.018121621005861
4941,Ccs,0.9581824380827096,-0.024381045,0.018551793312632396
4942,Gabpa,0.9581824380827096,-0.16636977,0.018551793312632396
4943,Rbm15,0.9581824380827096,-0.12904587,0.018551793312632396
4944,Rras2,0.9581824380827096,-0.7694217,0.018551793312632396
4945,Dtx4,0.9572329395229177,-0.079278775,0.01898236521227449
4946,Metrn,0.9572329395229177,-0.041220244,0.01898236521227449
4947,Tmcc1,0.9567582129127985,-0.1554324,0.019197801058101482
4948,Zfyve1,0.956283501639941,-0.2062805,0.019413336860549003
4949,Mrps18b,0.956283501639941,-0.30170858,0.019413336860549003
4950,Klhdc8b,0.956283501639941,-0.1316426,0.019413336860549003
4951,Rraga,0.956283501639941,-0.079478495,0.019413336860549003
4952,Ywhae,0.9553341257781456,0.014311179,0.01984470841311719
4953,Npepl1,0.9553341257781456,-0.3953946,0.01984470841311719
4954,RP24-317P24.1,0.9553341257781456,-0.018782247,0.01984470841311719
4955,Lsm14a,0.9548594615252332,-0.22063656,0.02006054420212804
4956,Terf2,0.9543848132816334,0.05742108,0.02027648002553968
4957,Ctsa,0.9543848132816334,0.13251297,0.02027648002553968
4958,Fam134c,0.9543848132816334,-0.04547898,0.02027648002553968
4959,Cnksr3,0.9543848132816334,-0.25004822,0.02027648002553968
4960,Zfp24,0.9543848132816334,0.12412403,0.02027648002553968
4961,Gbp7,0.9539101812153168,-0.00665657,0.02049251590278151
4962,Nfe2l2,0.9539101812153168,0.046696905,0.02049251590278151
4963,Ctso,0.9534355654942367,-0.08139633,0.020708651853276624
4964,Myo1c,0.9534355654942367,-0.2812872,0.020708651853276624
4965,Dusp22,0.9534355654942367,-0.26821524,0.020708651853276624
4966,Plod3,0.9534355654942367,-0.11754109,0.020708651853276624
4967,Armc8,0.9534355654942367,-0.18192902,0.020708651853276624
4968,Zfp608,0.9534355654942367,-0.05838402,0.020708651853276624
4969,Ap5m1,0.9529609662863292,-0.20754372,0.020924887896441768
4970,Tmem123,0.9529609662863292,-0.20312098,0.020924887896441768
4971,Cbr4,0.9524863837595126,0.27705142,0.021141224051687543
4972,Prkar2b,0.9524863837595126,-0.06789853,0.021141224051687543
4973,Mrps25,0.9524863837595126,0.04347117,0.021141224051687543
4974,Ccdc97,0.9524863837595126,-0.46046835,0.021141224051687543
4975,Sesn2,0.9524863837595126,0.26094094,0.021141224051687543
4976,Dnajc25,0.9520118180816876,-0.099445194,0.021357660338418117
4977,Dclk1,0.9520118180816876,-0.042243306,0.021357660338418117
4978,Tram2,0.9515372694207368,-0.19680192,0.0215741967760315
4979,Thap11,0.9515372694207368,-0.074302875,0.0215741967760315
4980,Nkap,0.9515372694207368,0.01111456,0.0215741967760315
4981,Max,0.9515372694207368,0.002491303,0.0215741967760315
4982,Ganc,0.9505882238208985,-0.34181094,0.022007570181467016
4983,Tada3,0.9505882238208985,-0.47207418,0.022007570181467016
4984,RP23-281H4.3,0.9505882238208985,0.48165518,0.022007570181467016
4985,Sidt2,0.9505882238208985,-0.18028495,0.022007570181467016
4986,Cars2,0.9505882238208985,0.532202,0.022007570181467016
4987,Mbtd1,0.9505882238208985,-0.02499358,0.022007570181467016
4988,Tex2,0.9501137272176851,0.33044663,0.022224407188053675
4989,Pnpla8,0.9501137272176851,-0.07724034,0.022224407188053675
4990,Rps11-ps1,0.9496392483026941,-0.5507401,0.022441344423052102
4991,Zfp84,0.9496392483026941,-0.046469193,0.022441344423052102
4992,Dvl2,0.9496392483026941,0.103312604,0.022441344423052102
4993,RP23-125I14.2,0.9496392483026941,-0.06269349,0.022441344423052102
4994,Plekhh2,0.9491647872437159,-0.1468961,0.022658381905828882
4995,Safb,0.9491647872437159,-0.09227802,0.022658381905828882
4996,Rnf121,0.948690344208522,-0.57683927,0.022875519655744216
4997,Gca,0.948690344208522,0.2505503,0.022875519655744216
4998,Rasa2,0.948690344208522,0.0826934,0.022875519655744216
4999,Evi2a,0.948690344208522,-0.0795708,0.022875519655744216
5000,Bmi1,0.948690344208522,-0.12365358,0.022875519655744216
5001,Ift46,0.948690344208522,-0.33918828,0.022875519655744216
5002,Tulp3,0.9482159193648646,0.1882234,0.02309275769215219
5003,Zfyve9,0.9477415128804767,-0.090199366,0.023310096034400395
5004,Mettl5,0.9477415128804767,0.028775442,0.023310096034400395
5005,Slc38a1,0.9477415128804767,-0.013965885,0.023310096034400395
5006,Prps2,0.9477415128804767,0.24062619,0.023310096034400395
5007,Zfp780b,0.9477415128804767,0.07404135,0.023310096034400395
5008,Rabgap1l,0.9477415128804767,0.03464402,0.023310096034400395
5009,Neurl4,0.9477415128804767,-0.06852602,0.023310096034400395
5010,Tada2a,0.9477415128804767,-0.037576217,0.023310096034400395
5011,Clstn1,0.9477415128804767,0.025720475,0.023310096034400395
5012,Zbtb7b,0.9477415128804767,-0.4426275,0.023310096034400395
5013,Cep170b,0.9477415128804767,-0.0033912028,0.023310096034400395
5014,Ints11,0.9477415128804767,-0.06462336,0.023310096034400395
5015,Rpf2,0.9477415128804767,0.09172393,0.023310096034400395
5016,Gnai2,0.9477415128804767,0.018063776,0.023310096034400395
5017,C6,0.9472671249230716,-0.06129535,0.02352753470183029
5018,Supt5,0.9472671249230716,-0.058650892,0.02352753470183029
5019,RP23-238C13.2,0.9467927556603432,-0.0069229947,0.023745073713776984
5020,Mknk1,0.9467927556603432,-0.077506624,0.023745073713776984
5021,Bccip,0.9467927556603432,-0.51384705,0.023745073713776984
5022,Slc39a3,0.9467927556603432,-0.038005345,0.023745073713776984
5023,Krt10,0.9467927556603432,-0.052458055,0.023745073713776984
5024,Mfn2,0.9467927556603432,-0.065251224,0.023745073713776984
5025,Ptgfrn,0.9467927556603432,-0.13727663,0.023745073713776984
5026,Tbcd,0.9463184052599649,0.32849854,0.023962713089569394
5027,Ranbp1,0.9458440738895908,-0.050281245,0.024180452848530033
5028,Tmem209,0.9458440738895908,-0.094382055,0.024180452848530033
5029,Ezh1,0.9458440738895908,-0.27444378,0.024180452848530033
5030,Styx,0.9458440738895908,-0.5423918,0.024180452848530033
5031,RP23-314A12.2,0.9458440738895908,-0.2599291,0.024180452848530033
5032,Snhg3,0.9458440738895908,-0.053374708,0.024180452848530033
5033,Mettl16,0.9458440738895908,-0.06908309,0.024180452848530033
5034,Commd10,0.9458440738895908,-0.120178476,0.024180452848530033
5035,Gm6563,0.9458440738895908,-0.2454323,0.024180452848530033
5036,Ankrd17,0.9453697617168543,-0.100309685,0.02439829300997521
5037,Klhdc3,0.9453697617168543,0.2443726,0.02439829300997521
5038,Ppp1r8,0.9448954689093685,-0.24359979,0.02461623359321491
5039,Pcca,0.9448954689093685,-0.38543236,0.02461623359321491
5040,Rdm1,0.9448954689093685,-0.09116708,0.02461623359321491
5041,Dnaja3,0.9448954689093685,-0.20250103,0.02461623359321491
5042,Daxx,0.9448954689093685,-0.27461973,0.02461623359321491
5043,Slc22a4,0.9448954689093685,-0.08469756,0.02461623359321491
5044,Stambpl1,0.9448954689093685,-0.12935299,0.02461623359321491
5045,Snrpg,0.9448954689093685,0.06389385,0.02461623359321491
5046,RP24-309L4.3,0.9448954689093685,-0.23082803,0.02461623359321491
5047,Abcc4,0.9448954689093685,-0.05152862,0.02461623359321491
5048,RP24-357G2.2,0.9448954689093685,-0.15805848,0.02461623359321491
5049,Pced1a,0.9448954689093685,-0.19172625,0.02461623359321491
5050,Arhgef17,0.9444211956347257,-0.20188284,0.02483427461755296
5051,RP23-293K21.7,0.9444211956347257,0.11794328,0.02483427461755296
5052,Cct4,0.9444211956347257,-0.00583667,0.02483427461755296
5053,RP23-23C4.4,0.943946942060498,-0.48189628,0.025052416102286656
5054,Mtfr1,0.943946942060498,-0.34602863,0.025052416102286656
5055,Prkab1,0.943946942060498,-0.16727827,0.025052416102286656
5056,Snx20,0.943946942060498,-0.51053506,0.025052416102286656
5057,Gab2,0.943946942060498,-0.51372373,0.025052416102286656
5058,RP23-16D16.13,0.943946942060498,-0.24578162,0.025052416102286656
5059,Tubgcp4,0.943946942060498,-0.3007216,0.025052416102286656
5060,RP24-271M20.4,0.943946942060498,-0.042161137,0.025052416102286656
5061,N4bp2l1,0.943946942060498,-0.567442,0.025052416102286656
5062,Lypla1,0.943946942060498,-0.19154537,0.025052416102286656
5063,Vps37b,0.9434727083542358,0.16854103,0.02527065806670733
5064,Myef2,0.9434727083542358,0.07368526,0.02527065806670733
5065,Zfp512b,0.9429984946834691,-0.30907476,0.02548900053009972
5066,Ranbp9,0.9429984946834691,-0.06471277,0.02548900053009972
5067,Irak4,0.9429984946834691,-0.28429276,0.02548900053009972
5068,Acap3,0.9429984946834691,-0.21596923,0.02548900053009972
5069,Ssbp2,0.9429984946834691,-0.15474616,0.02548900053009972
5070,Lsm8,0.9429984946834691,-0.08713289,0.02548900053009972
5071,Usp35,0.9429984946834691,-0.4592948,0.02548900053009972
5072,Helz2,0.9429984946834691,-0.43707195,0.02548900053009972
5073,Ttc38,0.9429984946834691,-0.43940517,0.02548900053009972
5074,H2-DMa,0.942524301215706,0.24821916,0.025707443511742527
5075,Epb41l4aos,0.942524301215706,0.02962431,0.025707443511742527
5076,Nubp2,0.942524301215706,0.08510054,0.025707443511742527
5077,RP23-452K4.2,0.942524301215706,-0.09389253,0.025707443511742527
5078,Stat6,0.942524301215706,-0.32368296,0.025707443511742527
5079,Shmt2,0.9420501281184334,-0.22087318,0.025925987030908072
5080,Cep68,0.9420501281184334,-0.3717546,0.025925987030908072
5081,Rfx1,0.9420501281184334,-0.38654092,0.025925987030908072
5082,RP24-111C16.1,0.9420501281184334,-0.37004465,0.025925987030908072
5083,Unc13b,0.9420501281184334,-0.39595664,0.025925987030908072
5084,Hadh,0.9420501281184334,-0.29581466,0.025925987030908072
5085,Hhex,0.9420501281184334,-0.46341875,0.025925987030908072
5086,Rptor,0.9420501281184334,-0.37497577,0.025925987030908072
5087,Pacrgl,0.9420501281184334,-0.33973515,0.025925987030908072
5088,Isy1,0.9420501281184334,-0.3633514,0.025925987030908072
5089,Med12,0.9415759755591164,0.12923904,0.026144631106862423
5090,Gtf2f2,0.9415759755591164,0.15216689,0.026144631106862423
5091,Pcdhb20,0.9411018437051987,-0.37164235,0.02636337575886528
5092,Ankrd26,0.9411018437051987,-0.5288448,0.02636337575886528
5093,Tfip11,0.9411018437051987,-0.52735054,0.02636337575886528
5094,Dpm1,0.9411018437051987,-0.5528119,0.02636337575886528
5095,Mlkl,0.9411018437051987,-0.33612537,0.02636337575886528
5096,Spcs3,0.9411018437051987,-0.10511859,0.02636337575886528
5097,Hdac2,0.9411018437051987,-0.14243095,0.02636337575886528
5098,Micu1,0.9406277327241014,0.026231403,0.026582221006170175
5099,Galnt4,0.9406277327241014,-0.020165358,0.026582221006170175
5100,Fzr1,0.9406277327241014,0.13691558,0.026582221006170175
5101,Zfp758,0.9406277327241014,-0.09840541,0.026582221006170175
5102,Erh,0.9406277327241014,0.26516226,0.026582221006170175
5103,Faim,0.9406277327241014,-0.021202177,0.026582221006170175
5104,Fech,0.9401536427832237,-0.1065631,0.02680116686802434
5105,Mipol1,0.9401536427832237,-0.49126783,0.02680116686802434
5106,Rab32,0.9401536427832237,-0.103906825,0.02680116686802434
5107,Sdc1,0.9401536427832237,0.007012117,0.02680116686802434
5108,Tbc1d32,0.9401536427832237,-0.43269464,0.02680116686802434
5109,Akap1,0.9401536427832237,-0.47034973,0.02680116686802434
5110,Ube2k,0.9401536427832237,0.014812793,0.02680116686802434
5111,Tnks1bp1,0.9401536427832237,-0.4195176,0.02680116686802434
5112,Ptms,0.9396795740499424,0.0063735065,0.02702021336366867
5113,Pstpip1,0.9396795740499424,0.013587586,0.02702021336366867
5114,St3gal3,0.9392055266916117,-0.50803745,0.027239360512337878
5115,Paqr4,0.9392055266916117,-0.47320923,0.027239360512337878
5116,Mpp5,0.9392055266916117,-0.6893337,0.027239360512337878
5117,Edem3,0.9392055266916117,-0.13710392,0.027239360512337878
5118,Spint2,0.9392055266916117,-0.79811084,0.027239360512337878
5119,Safb2,0.9392055266916117,-0.15321049,0.027239360512337878
5120,Mcm9,0.9392055266916117,-0.67414534,0.027239360512337878
5121,Nfxl1,0.9392055266916117,0.098759405,0.027239360512337878
5122,Tmem51,0.9392055266916117,-0.3710236,0.027239360512337878
5123,Cycs,0.9392055266916117,-0.047467187,0.027239360512337878
5124,Ppm1k,0.9392055266916117,0.12247399,0.027239360512337878
5125,Ube2d-ps,0.9387315008755633,-0.0030886848,0.027458608333260248
5126,Pgm3,0.9387315008755633,0.07294905,0.027458608333260248
5127,Bod1l,0.9387315008755633,-0.02951483,0.027458608333260248
5128,Sgf29,0.9387315008755633,-0.061215643,0.027458608333260248
5129,Rnase6,0.9387315008755633,-0.22484083,0.027458608333260248
5130,Fam160b2,0.9382574967691057,-1.0053569,0.027677956845657943
5131,Sdccag8,0.9382574967691057,-0.84432197,0.027677956845657943
5132,RP24-359O2.7,0.9382574967691057,-0.73252696,0.027677956845657943
5133,Vps36,0.9382574967691057,-0.21313888,0.027677956845657943
5134,Klhdc2,0.9382574967691057,-0.0836913,0.027677956845657943
5135,Trabd,0.9377835145395245,0.084298134,0.0278974060687468
5136,Def8,0.9377835145395245,-0.066543505,0.0278974060687468
5137,Smurf1,0.9373095543540818,-0.11633243,0.02811695602173635
5138,Srebf2,0.9373095543540818,0.07694854,0.02811695602173635
5139,Banp,0.9373095543540818,0.051982693,0.02811695602173635
5140,Tab2,0.9373095543540818,-0.07614977,0.02811695602173635
5141,Jmjd1c,0.9373095543540818,-0.1606037,0.02811695602173635
5142,Fnbp1l,0.9368356163800167,-0.22251344,0.028336606723829844
5143,Trim11,0.9368356163800167,-0.11633926,0.028336606723829844
5144,Ninl,0.9363617007845444,-0.06963858,0.02855635819422422
5145,Edrf1,0.9363617007845444,0.081250705,0.02855635819422422
5146,Rhno1,0.9358878077348562,-0.14341104,0.0287762104521103
5147,Txndc5,0.9358878077348562,-0.17629078,0.0287762104521103
5148,Pex14,0.9358878077348562,-0.123254195,0.0287762104521103
5149,Mrpl46,0.9358878077348562,-0.25412703,0.0287762104521103
5150,Dpy30,0.9354139373981198,-0.10675432,0.028996163516672457
5151,Cdk12,0.9354139373981198,-0.05159292,0.028996163516672457
5152,Cx3cl1,0.9354139373981198,-0.22157404,0.028996163516672457
5153,RP24-194D17.3,0.9354139373981198,-0.4048368,0.028996163516672457
5154,Kctd5,0.9349400899414786,-0.23235026,0.029216217407088834
5155,Eif2s2,0.9349400899414786,-0.014981755,0.029216217407088834
5156,Slc7a6,0.9349400899414786,-0.17054173,0.029216217407088834
5157,Smad1,0.9344662655320515,-0.06522022,0.02943637214253134
5158,Rbm7,0.9344662655320515,-0.1665335,0.02943637214253134
5159,Gdi1,0.9339924643369331,-0.21551,0.02965662774216558
5160,Lpin1,0.9339924643369331,-0.38971654,0.02965662774216558
5161,Ccar1,0.9339924643369331,0.008634552,0.02965662774216558
5162,Sphk2,0.9339924643369331,-0.21827967,0.02965662774216558
5163,RP23-380L19.3,0.9335186865231933,-0.009711774,0.029876984225150872
5164,Svil,0.9335186865231933,0.1728733,0.029876984225150872
5165,Rhot1,0.9335186865231933,0.030625012,0.029876984225150872
5166,Hmg20b,0.9335186865231933,-0.40466613,0.029876984225150872
5167,Polr3b,0.9330449322578771,-0.21027412,0.030097441610640263
5168,Nudt19,0.9330449322578771,-0.36270055,0.030097441610640263
5169,Elp2,0.9330449322578771,-0.27076408,0.030097441610640263
5170,Chchd4,0.9330449322578771,-0.33327407,0.030097441610640263
5171,Dock4,0.9330449322578771,-0.3276381,0.030097441610640263
5172,RP23-16D16.5,0.9330449322578771,-0.3075775,0.030097441610640263
5173,Letm1,0.9325712017080046,0.014359491,0.030317999917780565
5174,Sec24a,0.9325712017080046,-0.5102602,0.030317999917780565
5175,Aco1,0.9325712017080046,-0.05425107,0.030317999917780565
5176,Cyp2j6,0.9320974950405705,-0.4006537,0.030538659165712266
5177,Adss,0.9320974950405705,-0.14648849,0.030538659165712266
5178,Uba3,0.9320974950405705,-0.31521848,0.030538659165712266
5179,Slc4a2,0.9316238124225443,0.038564872,0.030759419373569585
5180,RP23-233B6.2,0.9316238124225443,-0.04255982,0.030759419373569585
5181,Agps,0.9316238124225443,-0.18376313,0.030759419373569585
5182,Bach2,0.93115015402087,-0.41411626,0.030980280560480477
5183,Ube2e3,0.93115015402087,-0.0093820905,0.030980280560480477
5184,Cep97,0.93115015402087,-0.2269493,0.030980280560480477
5185,Mtmr1,0.93115015402087,-0.288037,0.030980280560480477
5186,Papd5,0.9306765200024655,-0.23732266,0.03120124274556667
5187,Tmem192,0.9306765200024655,0.052628025,0.03120124274556667
5188,Arhgef9,0.9302029105342233,-0.35315198,0.031422305947943464
5189,Mgat1,0.9302029105342233,-0.18637006,0.031422305947943464
5190,RP23-127O4.7,0.9302029105342233,-0.34050006,0.031422305947943464
5191,Armc5,0.9302029105342233,-0.3234669,0.031422305947943464
5192,Wdr48,0.9297293257830095,-0.11947954,0.03164347018672008
5193,Pip4k2b,0.9297293257830095,-0.062869206,0.03164347018672008
5194,Gpr108,0.929255765915664,0.013234365,0.03186473548099934
5195,RP23-349H13.2,0.929255765915664,-0.36670125,0.03186473548099934
5196,Nlk,0.9287822310990002,-0.54453087,0.03208610184987784
5197,Nom1,0.9283087214998049,-0.13124181,0.032307569312445925
5198,RP23-43G12.1,0.9283087214998049,0.009099653,0.032307569312445925
5199,Zfp319,0.9283087214998049,-0.48009664,0.032307569312445925
5200,Yrdc,0.9278352372848384,-0.13157618,0.03252913788778758
5201,Sik1,0.9278352372848384,-0.2985691,0.03252913788778758
5202,Spg21,0.9278352372848384,-0.19879982,0.03252913788778758
5203,Syk,0.9278352372848384,-0.1448324,0.03252913788778758
5204,Dohh,0.9278352372848384,-0.13883328,0.03252913788778758
5205,Akt2,0.9278352372848384,-0.09270341,0.03252913788778758
5206,Acaa2,0.9278352372848384,-0.32006487,0.03252913788778758
5207,Mrpl30,0.9278352372848384,-0.060193717,0.03252913788778758
5208,Rsf1,0.9268883456744968,-0.21778901,0.032972578453096424
5209,Fbrsl1,0.9268883456744968,-0.1297664,0.032972578453096424
5210,Dnpep,0.9268883456744968,-0.13850208,0.032972578453096424
5211,Gna13,0.9268883456744968,-0.13571683,0.032972578453096424
5212,Atmin,0.9264149386125065,-1.0809915,0.03319445048120031
5213,Abhd13,0.9264149386125065,-0.09326318,0.03319445048120031
5214,RP23-382I10.1,0.9264149386125065,-0.6225732,0.03319445048120031
5215,Orc6,0.9259415576015135,0.059763495,0.03341642369835128
5216,Gbp2,0.9259415576015135,-0.22074088,0.03341642369835128
5217,RP23-189N15.6,0.9254682028081418,0.08387698,0.0336384981236019
5218,Mkln1,0.9254682028081418,-0.06035619,0.0336384981236019
5219,Xrn1,0.9254682028081418,-0.03882735,0.0336384981236019
5220,Tdg,0.9254682028081418,-0.6164946,0.0336384981236019
5221,Rabggtb,0.9254682028081418,-0.71306217,0.0336384981236019
5222,Acadvl,0.9254682028081418,-0.08287939,0.0336384981236019
5223,Rb1,0.9249948743989868,0.12140327,0.03386067377599865
5224,March2,0.9249948743989868,-0.2530364,0.03386067377599865
5225,Usp32,0.9245215725406161,-0.5153722,0.034082950674581655
5226,Rbm39,0.9240482973995692,-0.025263166,0.03430532883838478
5227,Ube2d2a,0.9240482973995692,-0.088855386,0.03430532883838478
5228,Ppp1r15b,0.9240482973995692,-0.15408361,0.03430532883838478
5229,Irf9,0.9240482973995692,-0.11928632,0.03430532883838478
5230,Trrap,0.9240482973995692,-0.1760218,0.03430532883838478
5231,Ppp2cb,0.9235750491423572,0.009835633,0.034527808286435584
5232,Ugdh,0.9235750491423572,-0.041408867,0.034527808286435584
5233,RP23-157G2.2,0.9231018279354627,-0.14480036,0.034750389037755396
5234,Pde4a,0.9231018279354627,-0.22405298,0.034750389037755396
5235,Arhgef7,0.9226286339453393,-0.7706758,0.0349730711113593
5236,Creld1,0.922155467338412,-0.23727888,0.03519585452625609
5237,Timm22,0.922155467338412,-0.35485387,0.03519585452625609
5238,Phf21a,0.922155467338412,-0.101202354,0.03519585452625609
5239,Dcaf6,0.922155467338412,-0.28612027,0.03519585452625609
5240,Pitpna,0.9216823282810767,-0.14925942,0.03541873930144826
5241,Cdc34,0.9216823282810767,-0.07062456,0.03541873930144826
5242,Spast,0.9216823282810767,-0.10596929,0.03541873930144826
5243,Mmp19,0.9212092169396997,-0.28806412,0.0356417254559321
5244,Sema5a,0.9212092169396997,-0.16573896,0.0356417254559321
5245,RP23-180L12.1,0.9207361334806184,-0.19897898,0.0358648130086975
5246,Rfwd2,0.9202630780701403,-0.18294877,0.03608800197872828
5247,Tada1,0.9202630780701403,-0.23188034,0.03608800197872828
5248,Map2k1,0.9202630780701403,-0.37099764,0.03608800197872828
5249,Igsf6,0.9202630780701403,-0.033062432,0.03608800197872828
5250,Smndc1,0.9202630780701403,-0.042477958,0.03608800197872828
5251,Spon2,0.9202630780701403,-0.34297737,0.03608800197872828
5252,Emc4,0.9197900508745431,-0.058228314,0.036311292385001796
5253,Gadd45a,0.9193170520600747,-0.33968666,0.03653468424648925
5254,Zc3h7a,0.9183711402393647,0.101236515,0.036981772410959346
5255,Ncbp3,0.9183711402393647,-0.3547945,0.036981772410959346
5256,Fkbp9,0.9183711402393647,-0.049381413,0.036981772410959346
5257,Ubxn7,0.9183711402393647,-0.38287252,0.036981772410959346
5258,Anxa11,0.9178982275654672,-0.15515065,0.037205468751853085
5259,Rnf167,0.9178982275654672,-0.060302142,0.037205468751853085
5260,Eif6,0.9178982275654672,0.052006915,0.037205468751853085
5261,Ankhd1,0.9178982275654672,-0.20574789,0.037205468751853085
5262,Pik3r1,0.9178982275654672,-0.025149379,0.037205468751853085
5263,Rab28,0.9178982275654672,-0.058883574,0.037205468751853085
5264,Gsk3a,0.917425343937387,-0.34281135,0.03742926662378271
5265,Ccnd2,0.9164796644830281,-0.047255415,0.037877167036503026
5266,Sap130,0.9164796644830281,0.41298243,0.037877167036503026
5267,Tmem222,0.9164796644830281,-0.33643016,0.037877167036503026
5268,Tex264,0.9164796644830281,-0.18850325,0.037877167036503026
5269,Igsf10,0.9164796644830281,-0.16007932,0.037877167036503026
5270,Abhd17c,0.9164796644830281,-0.33458653,0.037877167036503026
5271,Kdm2a,0.9164796644830281,-0.13601817,0.037877167036503026
5272,Psmc4,0.9164796644830281,-0.3146278,0.037877167036503026
5273,Prrg2,0.9155341032046783,-0.41765463,0.03832547380056394
5274,Vamp4,0.9155341032046783,-0.24958552,0.03832547380056394
5275,Frmd6,0.9155341032046783,-0.116734006,0.03832547380056394
5276,RP23-289H16.2,0.9155341032046783,-0.115375124,0.03832547380056394
5277,Rwdd4a,0.9150613672964919,-0.22473116,0.03854977961164579
5278,Nr3c1,0.9150613672964919,-0.04094714,0.03854977961164579
5279,Abca5,0.9150613672964919,-0.16162585,0.03854977961164579
5280,Papss2,0.9145886614302265,-0.057244834,0.0387741870673087
5281,Sf3a2,0.9141159857717891,-0.21411598,0.0389986961864549
5282,Snd1,0.9141159857717891,-0.17241803,0.0389986961864549
5283,Usp24,0.9141159857717891,0.0128638465,0.0389986961864549
5284,Dennd1b,0.9136433404870543,-0.06749249,0.03922330698798038
5285,Rbm33,0.9136433404870543,-0.11301017,0.03922330698798038
5286,Ube3c,0.9136433404870543,-0.0933659,0.03922330698798038
5287,Trappc2l,0.9136433404870543,0.075449415,0.03922330698798038
5288,Lhfpl2,0.9131707257418646,-0.33906674,0.03944801949077488
5289,Sh3kbp1,0.9131707257418646,-0.24233223,0.03944801949077488
5290,Zfp830,0.9131707257418646,-0.22859797,0.03944801949077488
5291,Ptpre,0.9131707257418646,-0.033528723,0.03944801949077488
5292,RP23-296N5.1,0.9126981417020303,-0.12071849,0.03967283371372182
5293,Fen1,0.9126981417020303,-0.051464092,0.03967283371372182
5294,Acaa1a,0.9126981417020303,-0.6021278,0.03967283371372182
5295,Ispd,0.9126981417020303,-0.38769448,0.03967283371372182
5296,Ddx56,0.9126981417020303,0.10227681,0.03967283371372182
5297,Hacd4,0.9117530664015048,-0.28817654,0.04012276739557576
5298,Nupl1,0.9117530664015048,-0.26357177,0.04012276739557576
5299,Taf1d,0.9117530664015048,-0.13700706,0.04012276739557576
5300,Slc39a6,0.9117530664015048,-0.6043516,0.04012276739557576
5301,Col11a1,0.9112805754722704,-0.28205973,0.04034788689221829
5302,Epg5,0.9108081159113042,-0.1496094,0.04057310818448455
5303,Osbpl2,0.9108081159113042,0.030864915,0.04057310818448455
5304,Nans,0.9108081159113042,-0.1022186,0.04057310818448455
5305,Synj1,0.9108081159113042,-0.15072484,0.04057310818448455
5306,Rpl18-ps2,0.9108081159113042,0.0506443,0.04057310818448455
5307,Urod,0.9108081159113042,-0.22183383,0.04057310818448455
5308,Mvb12a,0.9108081159113042,-0.2588036,0.04057310818448455
5309,Pak1,0.9108081159113042,-0.07137468,0.04057310818448455
5310,Klhl2,0.9108081159113042,-0.18274824,0.04057310818448455
5311,Cetn2,0.9108081159113042,-0.13161823,0.04057310818448455
5312,Anapc1,0.9103356878842518,-0.22662024,0.04079843129122664
5313,Ehmt1,0.9103356878842518,-0.26476637,0.04079843129122664
5314,RP23-15K13.2,0.9098632915567252,-0.25086078,0.0410238562312905
5315,RP23-415C3.8,0.9098632915567252,-0.14978462,0.0410238562312905
5316,RP24-398O5.2,0.9098632915567252,-0.26955098,0.0410238562312905
5317,Lrmp,0.9098632915567252,-0.0064326986,0.0410238562312905
5318,Gclm,0.9098632915567252,0.0005285801,0.0410238562312905
5319,RP23-161B9.5,0.9098632915567252,-0.22763051,0.0410238562312905
5320,Dclk2,0.9098632915567252,-0.286659,0.0410238562312905
5321,Calhm2,0.9098632915567252,-0.5435356,0.0410238562312905
5322,Dcakd,0.9098632915567252,-0.31526065,0.0410238562312905
5323,Ankrd28,0.9093909270943029,-0.14743173,0.04124938302351569
5324,Tuba1c,0.9093909270943029,-0.05609081,0.04124938302351569
5325,Tma16,0.9089185946625294,-0.14802037,0.04147501168673569
5326,Edc4,0.9089185946625294,0.12191419,0.04147501168673569
5327,Rabepk,0.9089185946625294,-0.3076376,0.04147501168673569
5328,Cntrl,0.9089185946625294,-0.11322902,0.04147501168673569
5329,Irf2bp1,0.9089185946625294,-0.58471286,0.04147501168673569
5330,RP24-252G15.3,0.9089185946625294,-0.43879068,0.04147501168673569
5331,AC113182.4,0.9089185946625294,-0.20465715,0.04147501168673569
5332,Ptpdc1,0.9089185946625294,-0.4238474,0.04147501168673569
5333,Kctd17,0.9089185946625294,-0.24986477,0.04147501168673569
5334,RP24-244I20.2,0.9089185946625294,-0.30763635,0.04147501168673569
5335,Alad,0.9089185946625294,-0.2417855,0.04147501168673569
5336,RP23-144K18.5,0.9079740265529379,-0.40259,0.04192657470146202
5337,Tifab,0.9079740265529379,-0.37282157,0.04192657470146202
5338,Mat2b,0.9079740265529379,-0.031429823,0.04192657470146202
5339,Zcchc2,0.9079740265529379,-0.19657499,0.04192657470146202
5340,Nup37,0.9079740265529379,-0.2817326,0.04192657470146202
5341,Msantd3,0.9079740265529379,-0.4113423,0.04192657470146202
5342,Strbp,0.9079740265529379,-0.042626645,0.04192657470146202
5343,Slc16a2,0.9075017912060386,-0.12961623,0.042152509090603814
5344,Klhl15,0.9070295885516252,-0.40903667,0.04237854542601129
5345,Dhx9,0.9070295885516252,-0.21825203,0.04237854542601129
5346,Zfp574,0.9070295885516252,-0.22544642,0.04237854542601129
5347,Ogfod3,0.9070295885516252,-0.06398923,0.04237854542601129
5348,Cers6,0.9070295885516252,-0.5178302,0.04237854542601129
5349,Dgcr14,0.9070295885516252,-0.41027072,0.04237854542601129
5350,Diablo,0.9065574187550709,-0.24288127,0.04260468372648648
5351,Ivns1abp,0.9065574187550709,-0.03770993,0.04260468372648648
5352,Poldip3,0.9065574187550709,-0.041127574,0.04260468372648648
5353,Shkbp1,0.906085281981714,-0.3973953,0.04283092401082515
5354,Smg5,0.906085281981714,0.079430304,0.04283092401082515
5355,Mrpl49,0.906085281981714,0.058527354,0.04283092401082515
5356,Mfsd4,0.906085281981714,-0.35742393,0.04283092401082515
5357,Rap1b,0.906085281981714,0.0011521005,0.04283092401082515
5358,Med14,0.906085281981714,-0.16790426,0.04283092401082515
5359,Uqcrc2,0.906085281981714,-0.039149396,0.04283092401082515
5360,Mrpl44,0.906085281981714,-0.001851263,0.04283092401082515
5361,Phf13,0.906085281981714,-0.42590335,0.04283092401082515
5362,Ctla2a,0.906085281981714,-0.59034276,0.04283092401082515
5363,Bmf,0.906085281981714,-0.5840475,0.04283092401082515
5364,Mcmbp,0.906085281981714,-0.18248157,0.04283092401082515
5365,Vps35,0.906085281981714,-0.06921631,0.04283092401082515
5366,Nmi,0.9056131783968577,-0.31675714,0.04305726629781687
5367,Stk17b,0.9056131783968577,-0.0637102,0.04305726629781687
5368,Elovl6,0.9051411081657699,-0.677996,0.04328371060624506
5369,Ccl9,0.9051411081657699,0.05685644,0.04328371060624506
5370,Zfp354a,0.9051411081657699,-0.34612182,0.04328371060624506
5371,Tjap1,0.9051411081657699,-0.1530224,0.04328371060624506
5372,Akap10,0.9051411081657699,-0.64444524,0.04328371060624506
5373,Lamtor1,0.9051411081657699,0.09074788,0.04328371060624506
5374,Ankrd16,0.9051411081657699,-0.70999,0.04328371060624506
5375,Rgs19,0.9051411081657699,0.010764925,0.04328371060624506
5376,Nedd1,0.9051411081657699,-0.12989627,0.04328371060624506
5377,Arl15,0.9051411081657699,-0.65839624,0.04328371060624506
5378,Usp40,0.9051411081657699,-0.12826593,0.04328371060624506
5379,Asrgl1,0.9051411081657699,-0.5209682,0.04328371060624506
5380,Mtch2,0.9051411081657699,0.05817867,0.04328371060624506
5381,Zfp607,0.9051411081657699,-0.4566998,0.04328371060624506
5382,Alyref2,0.9051411081657699,-0.5978228,0.04328371060624506
5383,Slf2,0.9046690714536834,-0.074753836,0.043510256954886604
5384,Rabgap1,0.9041970684257952,0.09394661,0.043736905362512395
5385,Mrpl45,0.9041970684257952,-0.61953646,0.043736905362512395
5386,Dtnb,0.9041970684257952,-0.6995469,0.043736905362512395
5387,Golga2,0.9041970684257952,0.098815694,0.043736905362512395
5388,March7,0.9041970684257952,-0.18585911,0.043736905362512395
5389,Nhlrc3,0.9041970684257952,-0.60485226,0.043736905362512395
5390,Mplkip,0.9041970684257952,-0.19154601,0.043736905362512395
5391,Eya3,0.9041970684257952,-0.558316,0.043736905362512395
5392,Rnf214,0.9041970684257952,0.14141215,0.043736905362512395
5393,Hat1,0.9041970684257952,-0.06480457,0.043736905362512395
5394,Tln1,0.9037250992472667,-0.017694753,0.04396365584788696
5395,AC163442.1,0.9032531640832238,-0.7261961,0.044190508429768495
5396,Slc30a1,0.9032531640832238,-0.76033485,0.044190508429768495
5397,Cep135,0.9032531640832238,-0.59346914,0.044190508429768495
5398,Fbl,0.9032531640832238,-0.15957202,0.044190508429768495
5399,Clspn,0.9032531640832238,-0.6421897,0.044190508429768495
5400,Zcchc8,0.9032531640832238,-0.18901862,0.044190508429768495
5401,Ppig,0.9032531640832238,-0.08757803,0.044190508429768495
5402,Mthfr,0.9032531640832238,-0.51036483,0.044190508429768495
5403,Xbp1,0.9032531640832238,-0.05194305,0.044190508429768495
5404,RP23-18K20.2,0.9032531640832238,-0.6279727,0.044190508429768495
5405,RP23-461P14.1,0.9027812630987555,-0.46033975,0.04441746312690914
5406,Usp19,0.9027812630987555,-0.0057991226,0.04441746312690914
5407,Fam210b,0.9023093964589155,-0.18075982,0.04464451995805453
5408,Gabpb1,0.9023093964589155,0.070017755,0.04464451995805453
5409,Nbeal1,0.9023093964589155,-0.089687526,0.04464451995805453
5410,Plpp6,0.9023093964589155,-0.79343605,0.04464451995805453
5411,Clcn4,0.9023093964589155,-0.184449,0.04464451995805453
5412,Snap47,0.9023093964589155,-0.8517159,0.04464451995805453
5413,Ppcs,0.9023093964589155,-0.6264489,0.04464451995805453
5414,Nelfe,0.9023093964589155,-0.030686868,0.04464451995805453
5415,Vps72,0.9023093964589155,-0.21470128,0.04464451995805453
5416,Hck,0.9023093964589155,-0.3462311,0.04464451995805453
5417,Vps13b,0.9018375643287204,-0.08760374,0.044871678941944285
5418,Hsd17b11,0.9013657668731506,0.09906225,0.045098940097311635
5419,Xpo7,0.9013657668731506,-0.4124139,0.045098940097311635
5420,Ctdsp1,0.9013657668731506,-0.17533492,0.045098940097311635
5421,RP23-218K15.3,0.9013657668731506,-0.77491635,0.045098940097311635
5422,RP23-23C4.6,0.9013657668731506,-0.93207467,0.045098940097311635
5423,Zfp626,0.9013657668731506,-0.2242501,0.045098940097311635
5424,Arhgap4,0.9013657668731506,-0.8074568,0.045098940097311635
5425,RP23-408K7.1,0.9013657668731506,-0.85911995,0.045098940097311635
5426,Magohb,0.9008940042571496,-0.3773474,0.045326303442883596
5427,Ccdc77,0.9004222766456242,-0.18176995,0.04555376899738083
5428,Nop9,0.9004222766456242,-0.17644875,0.04555376899738083
5429,Fam214b,0.9004222766456242,-0.26120776,0.04555376899738083
5430,Fam160a2,0.9004222766456242,-0.9195137,0.04555376899738083
5431,Thbs3,0.9004222766456242,-0.8633842,0.04555376899738083
5432,Haus4,0.9004222766456242,-0.23448075,0.04555376899738083
5433,Mzt2,0.9004222766456242,-0.22351055,0.04555376899738083
5434,Cstf2t,0.9004222766456242,-0.3166004,0.04555376899738083
5435,Trappc2,0.9004222766456242,-0.9153507,0.04555376899738083
5436,Rpain,0.9004222766456242,-0.22648905,0.04555376899738083
5437,Uba5,0.9004222766456242,-0.2680948,0.04555376899738083
5438,Agl,0.9004222766456242,-0.57535154,0.04555376899738083
5439,Dbt,0.9004222766456242,-0.27743345,0.04555376899738083
5440,Dubr,0.8994789270954408,-0.07507809,0.04600900680800315
5441,Tmem87a,0.8994789270954408,-0.12123551,0.04600900680800315
5442,Ms4a4d,0.8994789270954408,-0.06169486,0.04600900680800315
5443,Clk3,0.8994789270954408,-0.11033912,0.04600900680800315
5444,Dcaf7,0.8994789270954408,-0.46655223,0.04600900680800315
5445,Zfp954,0.8994789270954408,-0.26006916,0.04600900680800315
5446,Fli1,0.8990073054864098,-0.1288561,0.04623677910153842
5447,Tubb5,0.8990073054864098,-0.06000851,0.04623677910153842
5448,Cdkl5,0.8985357195411083,-1.131235,0.04646465367881953
5449,Slc39a14,0.8985357195411083,-0.29509845,0.04646465367881953
5450,Tmem65,0.8985357195411083,0.062289223,0.04646465367881953
5451,Recql,0.8985357195411083,-0.10671925,0.04646465367881953
5452,Hs2st1,0.8985357195411083,-0.21765678,0.04646465367881953
5453,Nr3c2,0.8975926553005336,-0.3339823,0.04692070975937087
5454,Vps52,0.8975926553005336,-0.45947474,0.04692070975937087
5455,Eif2ak3,0.8975926553005336,-0.38418368,0.04692070975937087
5456,Trak2,0.8975926553005336,-0.4271357,0.04692070975937087
5457,Itm2c,0.8975926553005336,-0.052903164,0.04692070975937087
5458,Ngf,0.8975926553005336,-0.17403959,0.04692070975937087
5459,Pcsk7,0.8966497356910155,-0.40211993,0.047377175199098155
5460,Ebf2,0.8966497356910155,-0.5607437,0.047377175199098155
5461,Ints13,0.8966497356910155,-0.055536743,0.047377175199098155
5462,Pccb,0.8966497356910155,-0.49305296,0.047377175199098155
5463,Npm3,0.8961783305343912,-0.12812287,0.04760556147532575
5464,Net1,0.8957069620292405,0.017399844,0.0478340501473423
5465,Sox12,0.8957069620292405,-0.38782597,0.0478340501473423
5466,Cnot10,0.8957069620292405,-0.21209906,0.0478340501473423
5467,RP23-262I17.3,0.8957069620292405,-0.31277937,0.0478340501473423
5468,Ccnt2,0.8952356303400523,-0.13821764,0.048062641233799885
5469,Snrpa1,0.8947643356312768,-0.05281167,0.04829133475334422
5470,Rae1,0.8947643356312768,-0.2685549,0.04829133475334422
5471,Ctps2,0.8947643356312768,-0.07345723,0.04829133475334422
5472,Dlat,0.8947643356312768,-0.5044155,0.04829133475334422
5473,Atxn7l3,0.8947643356312768,0.0100361165,0.04829133475334422
5474,Rel,0.8947643356312768,-0.3224596,0.04829133475334422
5475,Mvp,0.8947643356312768,-0.25582302,0.04829133475334422
5476,Zmym5,0.8947643356312768,-0.04660946,0.04829133475334422
5477,Clcn7,0.8938218578125686,-0.3882628,0.04874902916624487
5478,Arhgap18,0.8938218578125686,-0.061393563,0.04874902916624487
5479,Heca,0.8938218578125686,-0.3144906,0.04874902916624487
5480,Ppme1,0.8938218578125686,-0.4913383,0.04874902916624487
5481,Cdca4,0.8938218578125686,-0.2089812,0.04874902916624487
5482,Naaladl2,0.8938218578125686,-0.49569884,0.04874902916624487
5483,Zc2hc1a,0.8938218578125686,-0.36216924,0.04874902916624487
5484,Vezt,0.8938218578125686,-0.08235765,0.04874902916624487
5485,Spata6,0.8938218578125686,-0.43591902,0.04874902916624487
5486,Tle2,0.8938218578125686,-0.33704826,0.04874902916624487
5487,Rai14,0.8933506750313398,-0.043776624,0.04897803009686144
5488,Wdr3,0.8928795298879311,-0.54085726,0.04920713353508525
5489,Sugt1,0.8928795298879311,-0.063216075,0.04920713353508525
5490,Dip2a,0.8928795298879311,-0.5164704,0.04920713353508525
5491,Tbc1d8b,0.8928795298879311,-0.3627854,0.04920713353508525
5492,Pigq,0.8928795298879311,-0.45538664,0.04920713353508525
5493,Papolg,0.8928795298879311,-0.49149308,0.04920713353508525
5494,Pde8a,0.8924084225465949,-0.5016988,0.04943633949953086
5495,Chp1,0.8924084225465949,-0.20392525,0.04943633949953086
5496,Nipa2,0.8924084225465949,-0.15422693,0.04943633949953086
5497,Htra3,0.8924084225465949,-0.42014506,0.04943633949953086
5498,Afap1l2,0.8924084225465949,-0.46094126,0.04943633949953086
5499,Ehbp1l1,0.8919373531715441,-0.15010849,0.04966564800880648
5500,Katna1,0.8919373531715441,-0.22887254,0.04966564800880648
5501,Ski,0.8919373531715441,-0.036405765,0.04966564800880648
5502,Nqo2,0.8919373531715441,-0.6816262,0.04966564800880648
5503,Notch1,0.8909953289769477,-0.0406743,0.050124572736249685
5504,Wbp11,0.8909953289769477,-0.07018001,0.050124572736249685
5505,Lrba,0.8909953289769477,-0.23659842,0.050124572736249685
5506,Alg2,0.8909953289769477,-0.56752795,0.050124572736249685
5507,Ubr7,0.8909953289769477,-0.26564533,0.050124572736249685
5508,Cep57,0.8909953289769477,-0.5148189,0.050124572736249685
5509,Wdr33,0.8909953289769477,0.0005893454,0.050124572736249685
5510,Prkdc,0.8909953289769477,-0.16387689,0.050124572736249685
5511,RP24-74O18.2,0.8909953289769477,-0.6056652,0.050124572736249685
5512,Kpna4,0.8905243744856257,-0.005445944,0.05035418899160253
5513,Emc7,0.8900534586170359,-0.14779675,0.05058390786615602
5514,Aifm1,0.8900534586170359,-0.26350886,0.05058390786615602
5515,Fbxo3,0.8900534586170359,-0.120284066,0.05058390786615602
5516,Nfs1,0.8900534586170359,-0.57292753,0.05058390786615602
5517,RP23-40G2.3,0.8900534586170359,0.010272416,0.05058390786615602
5518,Fam13a,0.8900534586170359,-0.4189437,0.05058390786615602
5519,Gopc,0.8900534586170359,-0.14870542,0.05058390786615602
5520,Itga4,0.8891117434040514,0.07277938,0.05104365354716686
5521,Smc2,0.8891117434040514,-0.15525126,0.05104365354716686
5522,Ltb4r1,0.8891117434040514,-0.31667078,0.05104365354716686
5523,Slc43a3,0.8891117434040514,0.03583989,0.05104365354716686
5524,Sod3,0.8891117434040514,-0.28271475,0.05104365354716686
5525,Rad54l2,0.8891117434040514,-0.25661188,0.05104365354716686
5526,Sms,0.8881701846495802,-0.05389413,0.05150380992782366
5527,Tfdp1,0.8881701846495802,-0.11523878,0.05150380992782366
5528,Klf7,0.887228783664546,-0.37491572,0.05196437715656794
5529,Phospho2,0.887228783664546,-0.29747388,0.05196437715656794
5530,Cxxc5,0.887228783664546,-0.30677775,0.05196437715656794
5531,RP24-344N22.3,0.887228783664546,-0.12522699,0.05196437715656794
5532,Xrn2,0.886758142745049,-0.17281859,0.05219481488533358
5533,Otub1,0.8862875417592048,-0.07248998,0.052425355381741486
5534,Pbx2,0.8862875417592048,-0.1369467,0.052425355381741486
5535,Zfp26,0.8862875417592048,-0.6475238,0.052425355381741486
5536,Cebpg,0.8858169808706902,-0.077132955,0.052655998664318644
5537,Fam3a,0.8853464602431393,-0.80043215,0.05288674475158607
5538,Chpt1,0.8848759800401442,-0.15755415,0.05311759366205831
5539,Naga,0.8844055404252538,-0.21753997,0.0533485454142438
5540,Podnl1,0.8844055404252538,-0.15031171,0.0533485454142438
5541,Ptprm,0.8844055404252538,-0.1480431,0.0533485454142438
5542,Maz,0.8834647836137681,0.006798331,0.05381075751775688
5543,Anp32e,0.8829944667440556,-0.05249826,0.0540420179060701
5544,Pdgfd,0.8829944667440556,-0.3855089,0.0540420179060701
5545,Cnrip1,0.8825241911162127,-0.36237425,0.05427338121006779
5546,Wdr76,0.8825241911162127,-0.50623673,0.05427338121006779
5547,Mapk3,0.8820539568935722,-0.087039635,0.05450484744822715
5548,Qk,0.881583764239423,-0.059225567,0.054736416639019195
5549,RP24-360B3.1,0.881583764239423,-0.38456544,0.054736416639019195
5550,Btbd1,0.881583764239423,-0.2876041,0.054736416639019195
5551,Hoxa9,0.8811136133170099,-0.1896801,0.05496808880090862
5552,Cst7,0.8806435042895339,0.7250979,0.055199863952353934
5553,Ndufa2,0.8806435042895339,-0.090296835,0.055199863952353934
5554,Fam91a1,0.8806435042895339,-0.20196442,0.055199863952353934
5555,Kdm5c,0.8797034125719743,-0.53241026,0.05566372329771524
5556,Zfp398,0.8797034125719743,-0.2625544,0.05566372329771524
5557,Rnf2,0.8797034125719743,-0.3748369,0.05566372329771524
5558,Knstrn,0.8797034125719743,0.23387894,0.05566372329771524
5559,Ube2c,0.8797034125719743,-0.15236637,0.05566372329771524
5560,Eef1a1,0.8797034125719743,-0.05258652,0.05566372329771524
5561,Mrpl51,0.8787634903914617,-0.07269589,0.05612799482264659
5562,Bnip1,0.8787634903914617,0.03660028,0.05612799482264659
5563,Pygl,0.8787634903914617,-0.27148372,0.05612799482264659
5564,Lmo2,0.8787634903914617,-0.15844104,0.05612799482264659
5565,Ids,0.8787634903914617,0.014194639,0.05612799482264659
5566,Hnrnpm,0.8782935932851267,-0.101237394,0.056360285198531
5567,Akip1,0.8778237390519974,-0.12514047,0.05659267867459155
5568,Inpp1,0.8778237390519974,-0.48604473,0.05659267867459155
5569,Rpn1,0.8778237390519974,-0.075378865,0.05659267867459155
5570,Kazald1,0.8778237390519974,-0.13120005,0.05659267867459155
5571,Tspan13,0.8778237390519974,0.032659452,0.05659267867459155
5572,Ncapg,0.8768841598568597,-0.06443585,0.05705777500089422
5573,Crtc2,0.8768841598568597,-0.13030812,0.05705777500089422
5574,Snx19,0.8768841598568597,-0.29076713,0.05705777500089422
5575,Zzef1,0.8768841598568597,-0.022160148,0.05705777500089422
5576,Fam117b,0.8768841598568597,-0.3310019,0.05705777500089422
5577,Ppm1f,0.8768841598568597,-0.0763521,0.05705777500089422
5578,Wdfy4,0.8768841598568597,-0.22547846,0.05705777500089422
5579,RP23-395H6.2,0.8768841598568597,-0.10430801,0.05705777500089422
5580,Ddx6,0.8768841598568597,-0.058783915,0.05705777500089422
5581,Pik3c2a,0.8759447541085997,-0.30068663,0.057523283948798985
5582,Ptges2,0.8759447541085997,-0.23116513,0.057523283948798985
5583,Ube4b,0.8759447541085997,-0.2371682,0.057523283948798985
5584,Armcx4,0.8759447541085997,-0.30329576,0.057523283948798985
5585,Ptgr1,0.8754751166838958,0.013599089,0.057756193201838724
5586,Kctd9,0.8750055231090355,-0.24208541,0.05798920566545045
5587,Ntpcr,0.8750055231090355,-0.16953035,0.05798920566545045
5588,Pcif1,0.8750055231090355,-0.21264996,0.05798920566545045
5589,Polb,0.8750055231090355,-0.33377874,0.05798920566545045
5590,Tmem127,0.8745359735466305,-0.3796524,0.05822232135801169
5591,Fbxo33,0.8745359735466305,0.065185666,0.05822232135801169
5592,Haus3,0.8740664681592464,-0.4802049,0.05845554029789366
5593,Srfbp1,0.8740664681592464,-0.28757513,0.05845554029789366
5594,Cox4i1,0.8740664681592464,0.0046785306,0.05845554029789366
5595,Umps,0.8740664681592464,-0.19377643,0.05845554029789366
5596,Tnfrsf13b,0.8740664681592464,-0.28933477,0.05845554029789366
5597,Thyn1,0.8740664681592464,-0.24037512,0.05845554029789366
5598,Apeh,0.8735970071094017,-0.05692977,0.05868886250346149
5599,Sppl2b,0.8731275905595682,-0.47861516,0.05892228799307402
5600,Chml,0.8731275905595682,-0.3153863,0.05892228799307402
5601,Gpn3,0.8731275905595682,-0.3104343,0.05892228799307402
5602,Synrg,0.8731275905595682,-0.18550105,0.05892228799307402
5603,Tubgcp6,0.8731275905595682,-0.2747245,0.05892228799307402
5604,Tmem131,0.8731275905595682,-0.2943194,0.05892228799307402
5605,Gnao1,0.8731275905595682,-0.30344528,0.05892228799307402
5606,Trap1,0.8731275905595682,-0.48094258,0.05892228799307402
5607,Mad2l2,0.8731275905595682,-0.37271503,0.05892228799307402
5608,Pgm1,0.8731275905595682,-0.50122917,0.05892228799307402
5609,Tmx3,0.872658218672171,-0.06359057,0.059155816785083803
5610,Slx4ip,0.872658218672171,-0.09323378,0.059155816785083803
5611,RP24-271F24.2,0.8721888916095875,-0.37366813,0.059389448897837274
5612,Zkscan17,0.8721888916095875,-0.43725812,0.059389448897837274
5613,RP24-188H2.3,0.8721888916095875,-0.5146794,0.059389448897837274
5614,RP23-293K21.1,0.8721888916095875,-0.51458544,0.059389448897837274
5615,Cirbp,0.8721888916095875,-0.09190801,0.059389448897837274
5616,Ddx39,0.8721888916095875,-0.40008152,0.059389448897837274
5617,Atg7,0.8721888916095875,-0.36892074,0.059389448897837274
5618,Znhit3,0.8721888916095875,-0.43464717,0.059389448897837274
5619,Sp3,0.8721888916095875,-0.18037125,0.059389448897837274
5620,Trim41,0.8721888916095875,-0.5858024,0.059389448897837274
5621,Senp1,0.8721888916095875,-0.3022214,0.059389448897837274
5622,Ehd4,0.8721888916095875,-0.41572315,0.059389448897837274
5623,Mbd6,0.8721888916095875,-0.3576644,0.059389448897837274
5624,Spty2d1,0.8717196095341481,-0.40143958,0.05962318434967461
5625,Nvl,0.8717196095341481,0.07205919,0.05962318434967461
5626,AC161207.1,0.8712503726081356,-0.37159735,0.05985702315892972
5627,Satb1,0.8712503726081356,-0.33491108,0.05985702315892972
5628,Ppp2r1b,0.8712503726081356,-0.53313154,0.05985702315892972
5629,RP23-264H19.2,0.8712503726081356,-0.39902094,0.05985702315892972
5630,Ly86,0.8712503726081356,-0.5180102,0.05985702315892972
5631,Ubac1,0.8707811809937854,0.17047043,0.0600909653439303
5632,Epb41,0.8707811809937854,-0.13258928,0.0600909653439303
5633,Zfp568,0.8703120348532847,-0.56852794,0.06032501092299788
5634,Map7d1,0.8703120348532847,-0.3980746,0.06032501092299788
5635,Tra2b,0.8703120348532847,-0.15059255,0.06032501092299788
5636,Rmi1,0.8703120348532847,-0.5637229,0.06032501092299788
5637,Usp6nl,0.8703120348532847,-0.3530904,0.06032501092299788
5638,Ndst2,0.8703120348532847,-0.48403373,0.06032501092299788
5639,Mphosph6,0.8698429343487728,-0.029359603,0.06055915991444769
5640,Myo9a,0.8698429343487728,-0.22772102,0.06055915991444769
5641,Gnpat,0.8698429343487728,-0.10540869,0.06055915991444769
5642,Tor1b,0.8693738796423409,-0.037487168,0.060793412336588776
5643,Sash3,0.8693738796423409,-0.6358421,0.060793412336588776
5644,Mettl14,0.8693738796423409,-0.6575803,0.060793412336588776
5645,AC159257.5,0.8693738796423409,-0.54993385,0.060793412336588776
5646,Ap1ar,0.8693738796423409,-0.33132902,0.060793412336588776
5647,Dnajc18,0.8693738796423409,-0.5684347,0.060793412336588776
5648,Ifit2,0.8693738796423409,-0.70493215,0.060793412336588776
5649,Foxp4,0.8693738796423409,-0.64981794,0.060793412336588776
5650,Tmem185b,0.8693738796423409,-0.7847024,0.060793412336588776
5651,Golga7,0.8689048708960317,0.020561507,0.06102776820772404
5652,Fam168a,0.8689048708960317,-0.17176728,0.06102776820772404
5653,Lrrc47,0.8689048708960317,-0.13457836,0.06102776820772404
5654,Slc38a9,0.8684359082718396,-0.041285206,0.06126222754615008
5655,Ube2l6,0.8684359082718396,-0.60644716,0.06126222754615008
5656,Ripk3,0.8684359082718396,-0.7764019,0.06126222754615008
5657,Syce2,0.8679669919317102,-0.11370289,0.061496790370157185
5658,Gart,0.8679669919317102,-0.152952,0.061496790370157185
5659,Armc10,0.8679669919317102,-0.15389563,0.061496790370157185
5660,Zmym3,0.8674981220375403,-0.5656751,0.06173145669802961
5661,Ints5.1,0.8674981220375403,-0.5478932,0.06173145669802961
5662,Opa3,0.8674981220375403,-0.61177945,0.06173145669802961
5663,Mast4,0.8674981220375403,-0.20417218,0.06173145669802961
5664,Cxx1a,0.8674981220375403,-0.6503031,0.06173145669802961
5665,Otud4,0.8670292987511776,-0.15114148,0.06196622654804526
5666,Bid,0.8670292987511776,-0.2410873,0.06196622654804526
5667,Mast3,0.8670292987511776,-0.18245794,0.06196622654804526
5668,Actr1b,0.8670292987511776,-0.1490462,0.06196622654804526
5669,Snx11,0.8665605222344207,-1.0038623,0.06220109993847593
5670,Dnajc3,0.8665605222344207,-0.004233098,0.06220109993847593
5671,Mmd,0.8665605222344207,-0.22111724,0.06220109993847593
5672,Nolc1,0.8665605222344207,-0.15760022,0.06220109993847593
5673,Mau2,0.8665605222344207,-0.36202347,0.06220109993847593
5674,Casp8,0.8665605222344207,-0.44074768,0.06220109993847593
5675,Crtap,0.8660917926490188,-0.10150871,0.06243607688758709
5676,U2af2,0.8660917926490188,0.06553433,0.06243607688758709
5677,Pfdn1,0.8660917926490188,0.09532563,0.06243607688758709
5678,Ppp5c,0.8656231101566717,-0.8373983,0.06267115741363802
5679,Plce1,0.8656231101566717,-0.8100501,0.06267115741363802
5680,Heatr1,0.8656231101566717,-0.9214831,0.06267115741363802
5681,Rassf8,0.8656231101566717,-0.9188042,0.06267115741363802
5682,Pigs,0.8656231101566717,-0.26743218,0.06267115741363802
5683,Abat,0.8656231101566717,-0.713709,0.06267115741363802
5684,Nacc1,0.8651544749190294,-0.2925948,0.0629063415348818
5685,Fam46a,0.8651544749190294,-0.0811452,0.0629063415348818
5686,Irak1,0.864685887097692,-0.06225165,0.06314162926956536
5687,Mea1,0.864685887097692,-0.86611205,0.06314162926956536
5688,Cct3,0.864685887097692,-0.12785615,0.06314162926956536
5689,Jkamp,0.864685887097692,-0.23767743,0.06314162926956536
5690,Mcemp1,0.8642173468542097,-0.42737812,0.0633770206359293
5691,Stk40,0.8642173468542097,-0.35849133,0.0633770206359293
5692,Cdv3,0.8642173468542097,-0.09557765,0.0633770206359293
5693,Tyrobp,0.8637488543500824,0.0027074488,0.06361251565220812
5694,RP23-422D12.3,0.8637488543500824,-0.98478544,0.06361251565220812
5695,Ddx39b,0.8637488543500824,-0.112577364,0.06361251565220812
5696,Akt1s1,0.8637488543500824,-1.1061921,0.06361251565220812
5697,Rab3gap1,0.8637488543500824,-0.1899138,0.06361251565220812
5698,Slc35e1,0.8637488543500824,-1.321269,0.06361251565220812
5699,Cir1,0.8632804097467599,-0.41284072,0.06384811433662994
5700,Dync1li1,0.8632804097467599,-0.42182967,0.06384811433662994
5701,Ago1,0.8628120132056413,-0.47421405,0.06408381670741681
5702,Acadl,0.8628120132056413,-0.08819973,0.06408381670741681
5703,RP23-434H14.7,0.8628120132056413,-1.1655134,0.06408381670741681
5704,Cyyr1,0.8628120132056413,-1.0086126,0.06408381670741681
5705,Clybl,0.8628120132056413,-1.1822513,0.06408381670741681
5706,Ist1,0.8628120132056413,-0.26703602,0.06408381670741681
5707,Zfp748,0.8628120132056413,-1.0542166,0.06408381670741681
5708,Spin1,0.8623436648880748,-0.4100107,0.06431962278278457
5709,Amot,0.8623436648880748,-0.49691647,0.06431962278278457
5710,Ciao1,0.8623436648880748,-0.044228636,0.06431962278278457
5711,Tmem50b,0.8623436648880748,-0.33810335,0.06431962278278457
5712,Card6,0.8623436648880748,-0.3150433,0.06431962278278457
5713,Pfkfb3,0.8623436648880748,-0.48140416,0.06431962278278457
5714,Zfp410,0.8623436648880748,-0.369625,0.06431962278278457
5715,Zfp445,0.8623436648880748,-0.27622035,0.06431962278278457
5716,Ghitm,0.8618753649553581,-0.28431228,0.06455553258094278
5717,Slc25a51,0.8618753649553581,-0.2938266,0.06455553258094278
5718,Wdr37,0.8618753649553581,-0.36642107,0.06455553258094278
5719,Cog2,0.8618753649553581,-1.403224,0.06455553258094278
5720,RP24-122D14.1,0.8618753649553581,-1.2392217,0.06455553258094278
5721,Klhl5,0.8618753649553581,-0.04331774,0.06455553258094278
5722,Pi4k2b,0.8618753649553581,-0.12698026,0.06455553258094278
5723,Slc15a4,0.8614071135687379,-0.38210362,0.06479154612009472
5724,RP24-511J14.2,0.8614071135687379,-0.17991985,0.06479154612009472
5725,Rab22a,0.8614071135687379,-0.09961128,0.06479154612009472
5726,Rnf219,0.8604707570785164,-0.49048543,0.06526388449416264
5727,Pcyt2,0.8604707570785164,-0.36532566,0.06526388449416264
5728,Pdhx,0.8604707570785164,-0.2948728,0.06526388449416264
5729,Msl1,0.8604707570785164,-0.100186154,0.06526388449416264
5730,Slc4a1ap,0.8604707570785164,-0.46782658,0.06526388449416264
5731,Tlr3,0.8600026522971518,-0.68942076,0.0655002093654542
5732,Ybx1,0.8600026522971518,-0.012587194,0.0655002093654542
5733,Apbb1ip,0.8600026522971518,-0.25466594,0.0655002093654542
5734,Phactr2,0.8600026522971518,-0.13759512,0.0655002093654542
5735,Parp10,0.8595345967063561,-0.4833247,0.06573663805049099
5736,Trp53inp1,0.8595345967063561,-0.43871352,0.06573663805049099
5737,Med17,0.8595345967063561,-0.44303793,0.06573663805049099
5738,Efcab14,0.8590665904671186,-0.27162287,0.06597317056744523
5739,Cog8,0.8590665904671186,-0.2373625,0.06597317056744523
5740,Amfr,0.8590665904671186,-0.3775009,0.06597317056744523
5741,Trmt6,0.8590665904671186,-0.21862133,0.06597317056744523
5742,Tulp4,0.8590665904671186,-0.27347532,0.06597317056744523
5743,Arih2,0.8590665904671186,-0.21052952,0.06597317056744523
5744,Dcaf13,0.8585986337403759,-0.625182,0.0662098069344832
5745,Fam219b,0.8585986337403759,-0.5039127,0.0662098069344832
5746,Ethe1,0.8581307266870131,-0.26205182,0.06644654716976464
5747,Lmna,0.8581307266870131,-0.1689854,0.06644654716976464
5748,Kat5,0.8576628694678623,-0.5333917,0.06668339129144335
5749,Trim26,0.8571950622437035,-0.5998807,0.06692033931766687
5750,Irs2,0.8571950622437035,-0.16692767,0.06692033931766687
5751,Sdha,0.8571950622437035,-0.1342407,0.06692033931766687
5752,RP23-52N2.1,0.8571950622437035,-0.2392071,0.06692033931766687
5753,Dctn5,0.856727305175264,-0.56398314,0.06715739126657637
5754,Zfp651,0.856727305175264,-0.5629114,0.06715739126657637
5755,RP23-406N5.7,0.856727305175264,-0.081686236,0.06715739126657637
5756,RP23-442M18.5,0.8562595984232182,-0.2786406,0.06739454715630695
5757,Arhgef11,0.8562595984232182,-0.26342624,0.06739454715630695
5758,Mrpl41,0.8562595984232182,-0.26298288,0.06739454715630695
5759,Ccr2,0.8562595984232182,-0.42187834,0.06739454715630695
5760,Dapk3,0.8562595984232182,-0.2948083,0.06739454715630695
5761,Neurl3,0.8557919421481873,-0.645404,0.0676318070049876
5762,Plekhm2,0.8557919421481873,-0.59403956,0.0676318070049876
5763,RP23-89C10.1,0.8557919421481873,-0.7475438,0.0676318070049876
5764,Mterf3,0.8557919421481873,-0.683667,0.0676318070049876
5765,Terf2ip,0.8553243365107397,-0.21762303,0.06786917083074089
5766,Kmt2d,0.8553243365107397,-0.19325596,0.06786917083074089
5767,Ing2,0.8548567816713901,-0.49719793,0.06810663865168334
5768,Bzw2,0.8548567816713901,-0.10421785,0.06810663865168334
5769,Gpi1,0.8543892777906001,-0.07339378,0.06834421048592514
5770,Slc25a46,0.8543892777906001,-0.2741427,0.06834421048592514
5771,Athl1,0.853921825028777,-0.8636454,0.06858188635157053
5772,Rxra,0.853921825028777,-0.78567064,0.06858188635157053
5773,Becn1,0.8534544235462751,-0.19611965,0.06881966626671714
5774,RP24-328P2.5,0.8534544235462751,-0.38360414,0.06881966626671714
5775,Pcsk5,0.8529870735033938,-0.5292717,0.06905755024945688
5776,Crtc3,0.852519775060379,-0.17718464,0.06929553831787506
5777,Mdk,0.852519775060379,-0.042643283,0.06929553831787506
5778,Rhbdd2,0.852519775060379,-0.24037136,0.06929553831787506
5779,Memo1,0.852519775060379,-0.39294827,0.06929553831787506
5780,Acat1,0.8520525283774221,-0.07927805,0.069533630490051
5781,RP23-21D6.1,0.8520525283774221,-0.5795196,0.069533630490051
5782,H2afx,0.8515853336146598,-0.7393433,0.06977182678405774
5783,Crk,0.8511181909321743,-0.1533798,0.07001012721796224
5784,Akr1c19,0.8511181909321743,-0.6553822,0.07001012721796224
5785,Plekhg1,0.8511181909321743,-0.6115383,0.07001012721796224
5786,Etv1,0.8506511004899933,-0.3702214,0.07024853180982503
5787,Maf1,0.8501840624480888,-0.20307037,0.07048704057770068
5788,Dnajb1,0.8501840624480888,-0.2134499,0.07048704057770068
5789,Metap1,0.8497170769663781,-0.2817158,0.07072565353963746
5790,Fes,0.8492501442047231,-0.1905046,0.0709643707136775
5791,Xylt2,0.8492501442047231,-0.6592138,0.0709643707136775
5792,N4bp1,0.8487832643229305,-0.12508267,0.07120319211785657
5793,Socs4,0.8487832643229305,-0.31877598,0.07120319211785657
5794,Ikzf1,0.8487832643229305,-0.40169176,0.07120319211785657
5795,Gm26778,0.8483164374807508,-0.86382025,0.07144211777020447
5796,Mrpl4,0.8483164374807508,-0.23602094,0.07144211777020447
5797,Otud1,0.8478496638378792,-0.43346685,0.0716811476887446
5798,Mrpl21,0.8478496638378792,-0.43987256,0.0716811476887446
5799,Atp6v0a1,0.8478496638378792,-0.07192084,0.0716811476887446
5800,Fn1,0.8478496638378792,-0.49653015,0.0716811476887446
5801,Gclc,0.8478496638378792,-0.4214046,0.0716811476887446
5802,Nedd9,0.8478496638378792,-0.32742336,0.0716811476887446
5803,Snrpf,0.8478496638378792,-0.104787126,0.0716811476887446
5804,Sdhaf2,0.8478496638378792,-0.5021233,0.0716811476887446
5805,Spn,0.8469162767885596,-0.19548652,0.07215952039646494
5806,Cdc42ep1,0.8469162767885596,-0.3803703,0.07215952039646494
5807,Etfa,0.8469162767885596,-0.15276988,0.07215952039646494
5808,Ubl4a,0.8464496637012213,-0.30205017,0.07239886322166106
5809,Txndc17,0.8464496637012213,-0.007931294,0.07239886322166106
5810,Ramp1,0.8459831044514095,-0.13226923,0.07263831038508164
5811,Nr1h2,0.8455165991985378,-0.31112114,0.07287786190471904
5812,Ldlrap1,0.8455165991985378,-0.116918236,0.07287786190471904
5813,Rab3gap2,0.8455165991985378,-0.32441807,0.07287786190471904
5814,Tada2b,0.8455165991985378,-0.9370192,0.07287786190471904
5815,Tmcc3,0.8450501481019629,-0.52911866,0.07311751779855977
5816,Ecm2,0.8450501481019629,-0.5173275,0.07311751779855977
5817,Polg,0.8450501481019629,-0.48789757,0.07311751779855977
5818,Tnks,0.8450501481019629,-0.2703601,0.07311751779855977
5819,Csf3r,0.8450501481019629,0.18120568,0.07311751779855977
5820,Sp110,0.8450501481019629,-0.5750642,0.07311751779855977
5821,Gfer,0.8445837513209844,-1.0965078,0.07335727808458396
5822,Rbm43,0.8445837513209844,-0.2788728,0.07335727808458396
5823,Ap4s1,0.8441174090148451,-0.5444881,0.07359714278076555
5824,Pin4,0.8436511213427302,-0.27760422,0.07383711190507239
5825,Fzd2,0.8431848884637678,-0.533757,0.07407718547546603
5826,Exoc1,0.8431848884637678,-0.11835849,0.07407718547546603
5827,N4bp2,0.8431848884637678,-0.2849113,0.07407718547546603
5828,Tcf20,0.8427187105370282,-0.20333594,0.07431736350990188
5829,Smu1,0.8427187105370282,-0.33675998,0.07431736350990188
5830,Casc3,0.8427187105370282,-0.096328996,0.07431736350990188
5831,Tdp2,0.8422525877215237,-0.039138395,0.07455764602632925
5832,Slc9a1,0.8422525877215237,-0.5116638,0.07455764602632925
5833,S1pr2,0.8403886507500786,-0.253437,0.07551982127072136
5834,Map1s,0.8403886507500786,-0.208154,0.07551982127072136
5835,RP23-133N21.3,0.8403886507500786,-0.18780386,0.07551982127072136
5836,Mark2,0.8403886507500786,-0.054431174,0.07551982127072136
5837,Ankra2,0.8403886507500786,-0.5239647,0.07551982127072136
5838,Trim39,0.8394570170618207,-0.3817642,0.07600153625109168
5839,Copz1,0.8394570170618207,-0.24264437,0.07600153625109168
5840,Ulk2,0.8394570170618207,-0.29136577,0.07600153625109168
5841,Slc25a37,0.8394570170618207,-0.54638267,0.07600153625109168
5842,Ascc2,0.8394570170618207,-0.6357254,0.07600153625109168
5843,Vav3,0.8385256082642717,-0.4867404,0.07648366966130764
5844,Rbl1,0.8385256082642717,-0.38934296,0.07648366966130764
5845,Casp2,0.8385256082642717,-0.3633274,0.07648366966130764
5846,H2-Eb1,0.8385256082642717,-0.36356077,0.07648366966130764
5847,Ubp1,0.8385256082642717,-0.09471862,0.07648366966130764
5848,Megf8,0.8385256082642717,-0.5259571,0.07648366966130764
5849,Cdt1,0.8385256082642717,-0.19648853,0.07648366966130764
5850,Cdc27,0.8380599885958374,-0.36564162,0.07672489332235322
5851,Prkaa2,0.837594425625551,-0.62936264,0.07696622164454256
5852,Lrrc42,0.837594425625551,-0.59700876,0.07696622164454256
5853,Chchd5,0.837594425625551,-0.5399576,0.07696622164454256
5854,Fbxo5,0.837594425625551,-0.553921,0.07696622164454256
5855,Gm8186,0.837594425625551,-0.5554047,0.07696622164454256
5856,Cyb5b,0.8371289195117788,-0.07292814,0.07720765464575684
5857,RP24-470E5.9,0.8366634704128276,-0.60816175,0.07744919234387114
5858,Zfp90,0.8366634704128276,-0.55861723,0.07744919234387114
5859,Ercc5,0.8366634704128276,-0.55181754,0.07744919234387114
5860,S100pbp,0.8366634704128276,-0.78612155,0.07744919234387114
5861,Zfp949,0.8366634704128276,-0.5331648,0.07744919234387114
5862,Trp53bp1,0.8357327438923154,-0.5521917,0.07793258190226912
5863,Mtmr14,0.8357327438923154,-0.64376533,0.07793258190226912
5864,Tmem181a,0.8357327438923154,-0.70654297,0.07793258190226912
5865,Armcx5,0.8357327438923154,-0.4640031,0.07793258190226912
5866,Haus8,0.8357327438923154,-0.59228754,0.07793258190226912
5867,Ctns,0.8357327438923154,-0.65220803,0.07793258190226912
5868,Rrp36,0.8357327438923154,-0.5096648,0.07793258190226912
5869,Treml2,0.8357327438923154,-0.62988746,0.07793258190226912
5870,Wdr18,0.8357327438923154,-0.40386727,0.07793258190226912
5871,Slc25a12,0.8357327438923154,-0.49882117,0.07793258190226912
5872,Rsrc1,0.8352674667870679,-0.15668395,0.07817443379827202
5873,RP24-464B16.1,0.8348022473292678,-0.17345563,0.07841639046261341
5874,Rrad,0.8348022473292678,-0.7267367,0.07841639046261341
5875,Mapkapk2,0.8348022473292678,-0.21398327,0.07841639046261341
5876,Dock2,0.8348022473292678,-0.35900825,0.07841639046261341
5877,Zfp101,0.8348022473292678,-0.27861997,0.07841639046261341
5878,Lgals8,0.8343370856769209,-0.18027057,0.07865845191313747
5879,Cpt1a,0.8338719819879723,-0.25025514,0.07890061816768215
5880,Carnmt1,0.8338719819879723,-0.2269731,0.07890061816768215
5881,RP24-409F22.2,0.8338719819879723,-0.72960407,0.07890061816768215
5882,Dgkd,0.8338719819879723,-0.25867093,0.07890061816768215
5883,Tet1,0.8338719819879723,-0.7953583,0.07890061816768215
5884,Mex3a,0.8338719819879723,-0.61944056,0.07890061816768215
5885,Ankib1,0.8338719819879723,-0.3943926,0.07890061816768215
5886,Ogfod1,0.8338719819879723,-0.20817277,0.07890061816768215
5887,Slc9a3r1,0.8338719819879723,-0.26589775,0.07890061816768215
5888,Bmp2,0.833406936420306,-0.42044187,0.07914288924407942
5889,Mrps23,0.8329419491317456,-0.25854,0.07938526516015483
5890,Anp32b,0.8329419491317456,-0.14214627,0.07938526516015483
5891,Calcoco1,0.8329419491317456,-0.719211,0.07938526516015483
5892,Ska2,0.8329419491317456,-0.8826643,0.07938526516015483
5893,Vbp1,0.8329419491317456,0.04589089,0.07938526516015483
5894,Hmgcs1,0.8329419491317456,-0.3004845,0.07938526516015483
5895,Selplg,0.8329419491317456,-0.21708384,0.07938526516015483
5896,Men1,0.8329419491317456,-0.8182258,0.07938526516015483
5897,Cep295,0.8329419491317456,-0.24491037,0.07938526516015483
5898,Cnot11,0.8329419491317456,-0.78646123,0.07938526516015483
5899,Rpl31,0.8329419491317456,-0.108404405,0.07938526516015483
5900,RP23-235E15.1,0.8329419491317456,-0.03901552,0.07938526516015483
5901,Ubald1,0.8329419491317456,-0.14231107,0.07938526516015483
5902,Pak2,0.8320121500229287,-0.10459375,0.07987033158261195
5903,Naa60,0.8320121500229287,-0.23741272,0.07987033158261195
5904,Rpl7l1,0.8320121500229287,-0.24296293,0.07987033158261195
5905,RP23-60P23.4,0.8320121500229287,-0.8433059,0.07987033158261195
5906,Taf4,0.8320121500229287,-0.5953646,0.07987033158261195
5907,Srbd1,0.8320121500229287,-0.17701977,0.07987033158261195
5908,RP24-541A5.1,0.8320121500229287,-0.32655162,0.07987033158261195
5909,Rbm10,0.8320121500229287,-0.9213102,0.07987033158261195
5910,RP23-446P16.2,0.8320121500229287,-0.84361356,0.07987033158261195
5911,Stt3b,0.8320121500229287,-0.15244496,0.07987033158261195
5912,Tcp1,0.8320121500229287,-0.10930322,0.07987033158261195
5913,Xpot,0.8320121500229287,-0.7904278,0.07987033158261195
5914,Amer1,0.8320121500229287,-0.7799228,0.07987033158261195
5915,RP23-207N15.3,0.8320121500229287,-0.79690605,0.07987033158261195
5916,Mpp1,0.8315473385180123,-0.5478034,0.08011302212461414
5917,Gpd2,0.8315473385180123,-0.54973936,0.08011302212461414
5918,Mampt,0.8310825859228813,-0.024684962,0.08035581757753549
5919,Rcbtb1,0.8310825859228813,-1.098429,0.08035581757753549
5920,Vamp2,0.8310825859228813,-0.27449703,0.08035581757753549
5921,Desi1,0.8310825859228813,-0.85337967,0.08035581757753549
5922,Dtx3l,0.8310825859228813,-0.90832424,0.08035581757753549
5923,Lcor,0.8306178923950516,-0.50500786,0.08059871795917077
5924,Adgra3,0.8306178923950516,-0.41748157,0.08059871795917077
5925,Pafah1b1,0.8306178923950516,-0.0492491,0.08059871795917077
5926,Gstm2,0.8306178923950516,-0.44532555,0.08059871795917077
5927,Eif3l,0.830153258091977,-0.40865484,0.08084172328730861
5928,Nup62,0.830153258091977,-0.07112693,0.08084172328730861
5929,Med6,0.830153258091977,-0.9358405,0.08084172328730861
5930,Gnl1,0.830153258091977,-1.0833455,0.08084172328730861
5931,Cacna1c,0.830153258091977,-1.0756888,0.08084172328730861
5932,Rnf25,0.830153258091977,-0.7164391,0.08084172328730861
5933,Aamp,0.830153258091977,-0.23202322,0.08084172328730861
5934,Prmt5,0.830153258091977,-0.23529346,0.08084172328730861
5935,AC116151.2,0.829224167789598,-1.0320001,0.08132804885421592
5936,Zfp790,0.829224167789598,-0.88370216,0.08132804885421592
5937,Pnpla2,0.829224167789598,-1.1933843,0.08132804885421592
5938,Pias3,0.829224167789598,-0.99416184,0.08132804885421592
5939,Eif4g1,0.829224167789598,-0.13839471,0.08132804885421592
5940,Dnajc14,0.829224167789598,-0.30506456,0.08132804885421592
5941,Poc1b,0.829224167789598,-0.4189388,0.08132804885421592
5942,Eed,0.829224167789598,-0.33818185,0.08132804885421592
5943,Aldh6a1,0.829224167789598,-1.0802325,0.08132804885421592
5944,Vprbp,0.8282953162741299,-1.0534192,0.08181479442044326
5945,Wdtc1,0.8282953162741299,-1.1059853,0.08181479442044326
5946,Skiv2l,0.8282953162741299,-0.3620921,0.08181479442044326
5947,Syvn1,0.8282953162741299,-0.4271462,0.08181479442044326
5948,Arhgap9,0.8282953162741299,-0.26441118,0.08181479442044326
5949,Rgag4,0.8282953162741299,-0.77462524,0.08181479442044326
5950,Bcor,0.8282953162741299,-1.0911758,0.08181479442044326
5951,Pdp1,0.8282953162741299,-0.923496,0.08181479442044326
5952,Ppp1r3b,0.8282953162741299,-0.8763176,0.08181479442044326
5953,Atg101,0.8278309804544594,-0.19718729,0.08205832474770804
5954,Rnf145,0.8273667048029572,-0.790205,0.08230196012807782
5955,Smpd4,0.8273667048029572,-0.1189158,0.08230196012807782
5956,Stau2,0.8273667048029572,-1.100175,0.08230196012807782
5957,Crat,0.8273667048029572,-1.0878047,0.08230196012807782
5958,Atr,0.8273667048029572,-1.4374373,0.08230196012807782
5959,Fam45a,0.8273667048029572,-0.1604771,0.08230196012807782
5960,Thoc7,0.8273667048029572,-0.059061904,0.08230196012807782
5961,Abcf2,0.8273667048029572,-0.24207842,0.08230196012807782
5962,Hk3,0.8273667048029572,-0.34071764,0.08230196012807782
5963,Arhgef18,0.8273667048029572,-1.1303964,0.08230196012807782
5964,Wdr59,0.8273667048029572,-1.0123267,0.08230196012807782
5965,Zdhhc4,0.8273667048029572,-0.4594505,0.08230196012807782
5966,Epb41l2,0.8269024894766389,-0.08001407,0.08254570057929814
5967,Man1c1,0.8269024894766389,-0.43953645,0.08254570057929814
5968,Strip1,0.8264383346324571,-0.98396426,0.08278954611910837
5969,Usp38,0.8264383346324571,-0.45519736,0.08278954611910837
5970,Urb1,0.8264383346324571,-1.1485776,0.08278954611910837
5971,Nup155,0.8264383346324571,-0.37193382,0.08278954611910837
5972,Flt3l,0.8264383346324571,-1.3184927,0.08278954611910837
5973,Fam135a,0.8264383346324571,-1.2184243,0.08278954611910837
5974,Ppp1r3c,0.8264383346324571,-1.0551747,0.08278954611910837
5975,Tollip,0.8255102070179957,-0.22783455,0.08327755253542485
5976,Zfp788,0.8255102070179957,-1.3340335,0.08327755253542485
5977,Dcp2,0.8250462345613034,-0.24202423,0.08352171344737902
5978,Sept1,0.8245823232139219,-0.47818315,0.08376597951881884
5979,Vps45,0.8245823232139219,-1.3424103,0.08376597951881884
5980,Pip4k2c,0.8245823232139219,-1.3817338,0.08376597951881884
5981,Ahsa1,0.8245823232139219,-0.20882417,0.08376597951881884
5982,Tsnax,0.8245823232139219,-0.36201215,0.08376597951881884
5983,Hk1,0.8245823232139219,-0.22483988,0.08376597951881884
5984,Atp5j,0.8241184731324851,-0.07627465,0.0840103507674528
5985,Bicd2,0.8241184731324851,-0.2541919,0.0840103507674528
5986,Pkig,0.8241184731324851,-0.4944848,0.0840103507674528
5987,Hsf1,0.8236546844735628,-0.52256835,0.08425482721098324
5988,Rxrb,0.8236546844735628,-0.49931473,0.08425482721098324
5989,Slc9a6,0.8236546844735628,-0.59752625,0.08425482721098324
5990,Rbm27,0.8236546844735628,-0.19872898,0.08425482721098324
5991,Grk5,0.8227272920492185,-0.6741006,0.08474409575351262
5992,Zfp397,0.8227272920492185,-0.55517524,0.08474409575351262
5993,Slc30a9,0.8227272920492185,-0.2162061,0.08474409575351262
5994,Axin1,0.8227272920492185,-0.6861335,0.08474409575351262
5995,Cdk2ap1,0.8227272920492185,-0.3107813,0.08474409575351262
5996,Psmg4,0.8227272920492185,-0.03313037,0.08474409575351262
5997,Ing5,0.8222636885966135,-0.65490323,0.08498888788788551
5998,Ireb2,0.8222636885966135,-0.2485638,0.08498888788788551
5999,Rabl6,0.821800147192157,-0.50130594,0.08523378528790286
6000,Mid1ip1,0.821800147192157,-0.1700974,0.08523378528790286
6001,Vps4a,0.821800147192157,-0.2605496,0.08523378528790286
6002,Foxc2,0.821800147192157,-0.5288089,0.08523378528790286
6003,Sh3d19,0.821800147192157,-0.17882851,0.08523378528790286
6004,Atp5sl,0.821800147192157,-0.5941464,0.08523378528790286
6005,Sh2b3,0.8208732511526095,-0.6800137,0.0857238959555515
6006,Rps27rt,0.8208732511526095,-0.38154554,0.0857238959555515
6007,Ppnr,0.8208732511526095,-0.5650152,0.0857238959555515
6008,Sepn1,0.8204098968298157,-0.13941127,0.08596910925850754
6009,Wnt5a,0.8199466051797647,-0.6771929,0.08621442789775755
6010,Slc30a7,0.8199466051797647,-0.10897818,0.08621442789775755
6011,Tmem50a,0.8199466051797647,-0.08271196,0.08621442789775755
6012,Rnf103,0.8190202105217643,-0.35825425,0.08670538125572173
6013,Larp7,0.8190202105217643,-0.6639261,0.08670538125572173
6014,Tmem57,0.8190202105217643,-0.35594684,0.08670538125572173
6015,Add1,0.8185571078255874,-0.20536162,0.08695101600971147
6016,Klc1,0.8180940684256978,-0.24389131,0.08719675617054637
6017,AC127339.2,0.8180940684256978,-0.85129887,0.08719675617054637
6018,Snhg11,0.8180940684256978,-0.6506215,0.08719675617054637
6019,Camk2d,0.8171681801375974,-0.2261663,0.08768855278323524
6020,Nipsnap3b,0.8171681801375974,-0.7817717,0.08768855278323524
6021,Stam,0.8171681801375974,-0.34002677,0.08768855278323524
6022,Slc17a5,0.8171681801375974,-0.69078314,0.08768855278323524
6023,Ogfrl1,0.8171681801375974,-0.41973308,0.08768855278323524
6024,RP23-326O2.2,0.8171681801375974,-0.8055102,0.08768855278323524
6025,Ucp2,0.8167053315606292,-0.015228681,0.08793460927031566
6026,Rapgef1,0.8162425469024331,-0.80171776,0.08818077123469398
6027,Nmd3,0.8162425469024331,-0.75080335,0.08818077123469398
6028,Btaf1,0.8162425469024331,-0.023908705,0.08818077123469398
6029,L3mbtl3,0.8162425469024331,-0.22138964,0.08818077123469398
6030,Bahcc1,0.8162425469024331,-0.8546664,0.08818077123469398
6031,Phf5a,0.8157798263184634,-0.16325304,0.08842703869396819
6032,Utp23,0.8153171699641075,-0.7224871,0.08867341166572988
6033,Bckdha,0.8153171699641075,-0.266008,0.08867341166572988
6034,Cmas,0.8153171699641075,-0.426922,0.08867341166572988
6035,Inppl1,0.8153171699641075,-0.77949697,0.08867341166572988
6036,Socs7,0.8148545779946859,-0.69949627,0.08891989016756462
6037,Fto,0.8143920505654513,-0.23042285,0.0891664742170518
6038,Ubl7,0.8143920505654513,-0.7550948,0.0891664742170518
6039,RP23-288J11.3,0.8143920505654513,-0.80779326,0.0891664742170518
6040,Daam1,0.8143920505654513,-0.46446472,0.0891664742170518
6041,Dst,0.8139295878315891,-0.17552233,0.08941316383176476
6042,Timm10b,0.8139295878315891,-0.35072258,0.08941316383176476
6043,Fbxo9,0.8134671899482173,-0.43460864,0.08965995902927053
6044,Slc43a1,0.8134671899482173,-0.81247354,0.08965995902927053
6045,Smarcad1,0.8134671899482173,-0.2898571,0.08965995902927053
6046,Coro1b,0.8134671899482173,-0.19311106,0.08965995902927053
6047,Ccdc127,0.8125425893530767,-0.04779265,0.09015386624289849
6048,Eml4,0.8125425893530767,-0.12993406,0.09015386624289849
6049,Ddx23,0.8125425893530767,-0.98329246,0.09015386624289849
6050,Mcrs1,0.8116182500196129,-0.49029323,0.09064819599835
6051,Atf6,0.8116182500196129,-0.23661603,0.09064819599835
6052,Slc9a8,0.8116182500196129,-0.56033057,0.09064819599835
6053,Pxmp4,0.8116182500196129,-0.43035385,0.09064819599835
6054,Zfp65,0.8116182500196129,-1.0542194,0.09064819599835
6055,Pxylp1,0.8116182500196129,-0.31426775,0.09064819599835
6056,Ier5,0.8116182500196129,-0.34582847,0.09064819599835
6057,Scamp3,0.8111561787130812,-0.24539942,0.09089551937311215
6058,Ndel1,0.8111561787130812,-0.34514096,0.09089551937311215
6059,Rasgrp4,0.8111561787130812,-0.6956148,0.09089551937311215
6060,Snrnp25,0.8111561787130812,-0.4597108,0.09089551937311215
6061,Porcn,0.8111561787130812,-0.8334166,0.09089551937311215
6062,Sh3bp5,0.8106941731863175,-0.424993,0.091142948435941
6063,Serpina3f,0.8106941731863175,-0.41112822,0.091142948435941
6064,Etv3,0.8106941731863175,-1.0471824,0.091142948435941
6065,H2afy,0.8106941731863175,-0.1879689,0.091142948435941
6066,Ano10,0.8106941731863175,-0.59100807,0.091142948435941
6067,Pcm1,0.8106941731863175,-0.054466512,0.091142948435941
6068,RP23-23B17.2,0.8106941731863175,-0.2966602,0.091142948435941
6069,Smim15,0.8106941731863175,-0.25592378,0.091142948435941
6070,Smyd2,0.8102322335939617,-0.7675764,0.09139048320436079
6071,Rps6kc1,0.8102322335939617,-0.88630515,0.09139048320436079
6072,Itgb3,0.8102322335939617,-0.8624239,0.09139048320436079
6073,Trim34a,0.8097703600905848,-1.0119653,0.09163812369588953
6074,Pdha1,0.8097703600905848,-0.14344469,0.09163812369588953
6075,Kdm4b,0.8093085528306888,-1.0781531,0.09188586992803911
6076,RP23-296I6.4,0.8093085528306888,-0.8889529,0.09188586992803911
6077,Tchp,0.8093085528306888,-1.027297,0.09188586992803911
6078,Tssc1,0.8093085528306888,-0.9969616,0.09188586992803911
6079,Ccdc122,0.8093085528306888,-1.1202205,0.09188586992803911
6080,Clec14a,0.8093085528306888,-1.0046833,0.09188586992803911
6081,RP24-454N4.2,0.8093085528306888,-0.9623401,0.09188586992803911
6082,Ranbp2,0.8093085528306888,-0.15071271,0.09188586992803911
6083,Tex30,0.8093085528306888,-0.9162658,0.09188586992803911
6084,Zhx2,0.8093085528306888,-1.0052718,0.09188586992803911
6085,Map4,0.8093085528306888,0.069287375,0.09188586992803911
6086,RP24-483G17.1,0.8093085528306888,-1.1563429,0.09188586992803911
6087,Alkbh8,0.8088468119687068,-0.45259658,0.09213372191831527
6088,Plekhf1,0.8088468119687068,-0.09952051,0.09213372191831527
6089,RP23-129H12.1,0.808385137659002,-0.9478602,0.09238167968421773
6090,Fam73a,0.808385137659002,-1.2836736,0.09238167968421773
6091,Prim2,0.808385137659002,-1.116972,0.09238167968421773
6092,Hspbp1,0.808385137659002,-0.9906785,0.09238167968421773
6093,Slc11a2,0.808385137659002,-1.1923363,0.09238167968421773
6094,Lipo1,0.808385137659002,-0.92575103,0.09238167968421773
6095,Nagpa,0.808385137659002,-1.1214023,0.09238167968421773
6096,Rad51,0.808385137659002,-0.8673433,0.09238167968421773
6097,Zfp462,0.808385137659002,-1.1182617,0.09238167968421773
6098,Alg13,0.808385137659002,-0.9956365,0.09238167968421773
6099,Erlin1,0.808385137659002,-1.2369949,0.09238167968421773
6100,Slc25a1,0.808385137659002,-1.2130214,0.09238167968421773
6101,Insr,0.8079235300558686,-0.32929137,0.09262974324323994
6102,Stim2,0.8079235300558686,-0.55329365,0.09262974324323994
6103,RP23-424C4.5,0.8079235300558686,-0.59114426,0.09262974324323994
6104,Cebpd,0.8079235300558686,-0.09226179,0.09262974324323994
6105,Rufy3,0.8079235300558686,-0.614581,0.09262974324323994
6106,Llph,0.8079235300558686,-0.27012214,0.09262974324323994
6107,Zfp825,0.8074619893135309,-1.2978803,0.09287791261286926
6108,Mkl2,0.8074619893135309,-1.1498152,0.09287791261286926
6109,Exosc2,0.8074619893135309,-1.1133441,0.09287791261286926
6110,Zfp472,0.8074619893135309,-1.1932614,0.09287791261286926
6111,Tsr1,0.8074619893135309,-1.0781003,0.09287791261286926
6112,Gvin1,0.8074619893135309,-1.2999094,0.09287791261286926
6113,Rbm45,0.8074619893135309,-1.068776,0.09287791261286926
6114,Pigc,0.8074619893135309,-1.1645815,0.09287791261286926
6115,Rmdn1,0.8074619893135309,-1.1624867,0.09287791261286926
6116,Cep128,0.8070005155861432,-0.31560472,0.09312618781058708
6117,Unkl,0.8070005155861432,-0.6767291,0.09312618781058708
6118,Tmem245,0.8070005155861432,-0.29619077,0.09312618781058708
6119,Numbl,0.8065391090277902,-1.2415017,0.09337456885386841
6120,Nxt2,0.8065391090277902,-1.1730994,0.09337456885386841
6121,Trmt2b,0.8065391090277902,-1.3879814,0.09337456885386841
6122,Amacr,0.8065391090277902,-1.4065349,0.09337456885386841
6123,Pskh1,0.8065391090277902,-1.5721157,0.09337456885386841
6124,RP23-477C13.3,0.8065391090277902,-1.2023085,0.09337456885386841
6125,Map7d3,0.8065391090277902,-1.256962,0.09337456885386841
6126,Cyp4f13,0.8065391090277902,-1.4197834,0.09337456885386841
6127,Dtna,0.8065391090277902,-1.4743145,0.09337456885386841
6128,Tmem39a,0.8060777697924866,-0.6383389,0.09362305576018223
6129,Cep350,0.8060777697924866,-0.26647532,0.09362305576018223
6130,Hgsnat,0.8060777697924866,-0.24682146,0.09362305576018223
6131,Hmgcr,0.8060777697924866,-0.62493265,0.09362305576018223
6132,Znrf3,0.8056164980341762,-1.4243438,0.09387164854699148
6133,Abcb8,0.8056164980341762,-1.534965,0.09387164854699148
6134,Mocs1,0.8056164980341762,-1.3012819,0.09387164854699148
6135,Gpr137b,0.8056164980341762,-1.5667917,0.09387164854699148
6136,Crem,0.8056164980341762,-1.3533089,0.09387164854699148
6137,F10,0.8056164980341762,-1.6465008,0.09387164854699148
6138,Il1rap,0.8056164980341762,-1.619573,0.09387164854699148
6139,Cmbl,0.8056164980341762,-1.2849671,0.09387164854699148
6140,RP24-104I4.3,0.8056164980341762,-1.3955977,0.09387164854699148
6141,Zfp882,0.8056164980341762,-1.5048735,0.09387164854699148
6142,Strap,0.805155293906733,-0.26746723,0.09412034723175285
6143,RP24-487F9.4,0.805155293906733,-0.46183163,0.09412034723175285
6144,Hpcal1,0.805155293906733,-0.14670737,0.09412034723175285
6145,Lsm12,0.805155293906733,-0.26413986,0.09412034723175285
6146,RP23-28L24.8,0.8046941575639599,-1.7303057,0.09436915183191709
6147,Has2,0.8046941575639599,-1.41409,0.09436915183191709
6148,Ap2a1,0.8046941575639599,-1.8542974,0.09436915183191709
6149,Gjc1,0.8046941575639599,-0.3339191,0.09436915183191709
6150,Cnp,0.8046941575639599,-1.7446451,0.09436915183191709
6151,Rgs4,0.8046941575639599,-1.6504611,0.09436915183191709
6152,Adamdec1,0.8046941575639599,-1.6131898,0.09436915183191709
6153,Mad2l1bp,0.8046941575639599,-2.069864,0.09436915183191709
6154,Tfe3,0.8042330891595897,-0.67743176,0.09461806236492848
6155,Arrb2,0.8042330891595897,-0.8396025,0.09461806236492848
6156,Ptrh2,0.8042330891595897,-0.3821375,0.09461806236492848
6157,Lsm11,0.8042330891595897,-0.28820345,0.09461806236492848
6158,RP23-40D21.1,0.8042330891595897,-0.6224413,0.09461806236492848
6159,Ms4a6c,0.8042330891595897,-0.27600038,0.09461806236492848
6160,RP23-454A11.1,0.8037720888472835,-2.1175985,0.09486707884822566
6161,RP23-380F8.1,0.8037720888472835,-2.0976346,0.09486707884822566
6162,Mapkbp1,0.8037720888472835,-2.0099478,0.09486707884822566
6163,Nme1,0.8037720888472835,-0.10555863,0.09486707884822566
6164,Rbm47,0.8037720888472835,-2.1875944,0.09486707884822566
6165,Disp1,0.8037720888472835,-1.92268,0.09486707884822566
6166,RP23-102B12.2,0.8037720888472835,-1.5515542,0.09486707884822566
6167,RP24-326P8.4,0.8037720888472835,-0.27298057,0.09486707884822566
6168,Ttc21b,0.8037720888472835,-1.8675779,0.09486707884822566
6169,Ms4a4b,0.8037720888472835,-2.213377,0.09486707884822566
6170,Idnk,0.8037720888472835,-0.43511873,0.09486707884822566
6171,Lig4,0.8037720888472835,-1.7705004,0.09486707884822566
6172,Bdp1,0.8033111567806321,-0.081210636,0.09511620129924064
6173,Rev1,0.8033111567806321,-0.45191854,0.09511620129924064
6174,Ss18l2,0.8033111567806321,-0.29840118,0.09511620129924064
6175,Kif2a,0.8033111567806321,0.073781244,0.09511620129924064
6176,RP24-122N24.4,0.8033111567806321,-0.5273353,0.09511620129924064
6177,AC152164.3,0.8028502931131548,-0.112875305,0.09536542973539971
6178,Map3k11,0.8028502931131548,-2.3940241,0.09536542973539971
6179,Klhl8,0.8028502931131548,-1.94752,0.09536542973539971
6180,Ube2m,0.8028502931131548,-0.26338467,0.09536542973539971
6181,Zfp619,0.8028502931131548,-2.2287443,0.09536542973539971
6182,Trf,0.8028502931131548,-0.04182461,0.09536542973539971
6183,Nsrp1,0.8028502931131548,-0.49492756,0.09536542973539971
6184,Soga1,0.8028502931131548,-2.068449,0.09536542973539971
6185,Fyn,0.8028502931131548,-2.0724006,0.09536542973539971
6186,Supt20,0.8023894979982995,-0.14715885,0.09561476417412283
6187,Trim56,0.8019287715894426,-0.16271412,0.09586420463282393
6188,Atp5f1,0.8019287715894426,-0.17007753,0.09586420463282393
6189,Terf1,0.801468114039889,-0.5891701,0.09611375112891075
6190,Dock11,0.801468114039889,-0.599035,0.09611375112891075
6191,Hsd17b7,0.801468114039889,-0.68715787,0.09611375112891075
6192,Txn1,0.801468114039889,-0.13444033,0.09611375112891075
6193,Dhx32,0.801468114039889,-0.6468343,0.09611375112891075
6194,Tmem248,0.8000865560790184,-0.35734177,0.09686302701547157
6195,Rab3d,0.8000865560790184,-0.17426887,0.09686302701547157
6196,Enox2,0.7996261754982877,-0.715185,0.09711299783505674
6197,Pak1ip1,0.7996261754982877,0.010001379,0.09711299783505674
6198,Pabpc4,0.7996261754982877,-0.72584474,0.09711299783505674
6199,Trappc12,0.7996261754982877,-0.5100893,0.09711299783505674
6200,Ttc14,0.7996261754982877,-0.09102372,0.09711299783505674
6201,Cspp1,0.7991658645423043,-0.44577992,0.09736307477897481
6202,Ncf4,0.79870562336394,-0.50595,0.09761325786459675
6203,Ddx60,0.79870562336394,-0.81002516,0.09761325786459675
6204,Rfc4,0.79870562336394,-0.78110385,0.09761325786459675
6205,Sema4a,0.79870562336394,-0.7166788,0.09761325786459675
6206,Zfp362,0.79870562336394,-0.7786672,0.09761325786459675
6207,Gcc1,0.79870562336394,-0.7168264,0.09761325786459675
6208,Zbtb33,0.79870562336394,-0.605959,0.09761325786459675
6209,Tbkbp1,0.79870562336394,-0.82062685,0.09761325786459675
6210,Tbc1d15,0.79870562336394,-0.31808057,0.09761325786459675
6211,Wipf1,0.7977853509511914,-0.41394308,0.09811394253040628
6212,Dhx38,0.7977853509511914,-0.9359183,0.09811394253040628
6213,Elp3,0.7977853509511914,-0.66394454,0.09811394253040628
6214,RP24-273P12.4,0.7977853509511914,-0.82050705,0.09811394253040628
6215,Hmbs,0.7977853509511914,-0.66221946,0.09811394253040628
6216,RP23-188K3.6,0.7973253200221863,-0.3187695,0.0983644441453055
6217,Plekho1,0.7973253200221863,-0.24347733,0.0983644441453055
6218,Ltbp3,0.7968653594815582,-0.09536277,0.09861505197133189
6219,Nadk2,0.7968653594815582,-0.75175035,0.09861505197133189
6220,Map2k7,0.7968653594815582,-0.45590144,0.09861505197133189
6221,Gda,0.7968653594815582,-0.39329666,0.09861505197133189
6222,Tgs1,0.7968653594815582,-0.22670393,0.09861505197133189
6223,Nup205,0.7964054694818141,-0.20830786,0.09886576602582588
6224,Akap7,0.7964054694818141,-0.25594193,0.09886576602582588
6225,Fbxo18,0.7964054694818141,-0.22157149,0.09886576602582588
6226,Tbl1xr1,0.7964054694818141,-0.21746765,0.09886576602582588
6227,Abhd12,0.7959456501753867,-0.36455616,0.09911658632612208
6228,Rab1a,0.7959456501753867,-0.18547583,0.09911658632612208
6229,Acad8,0.7959456501753867,-0.9690012,0.09911658632612208
6230,C2cd5,0.7954859017146357,-0.43556258,0.09936751288954865
6231,Ncoa1,0.7954859017146357,-0.4654229,0.09936751288954865
6232,RP23-32A8.1,0.7954859017146357,-0.19227351,0.09936751288954865
6233,Daam2,0.7950262242518469,-0.83485526,0.09961854573342786
6234,Pdik1l,0.7950262242518469,-1.0750631,0.09961854573342786
6235,Usp12,0.7950262242518469,-0.2675313,0.09961854573342786
6236,Timm50,0.7950262242518469,-0.9715574,0.09961854573342786
6237,Snhg5,0.7950262242518469,-0.9472295,0.09961854573342786
6238,Snx29,0.7950262242518469,-0.91918796,0.09961854573342786
6239,Vrk3,0.794566617939232,-0.38914755,0.09986968487507578
6240,Actr3,0.794566617939232,-0.14303043,0.09986968487507578
6241,Taf7,0.794566617939232,-0.09599461,0.09986968487507578
6242,Trim59,0.794566617939232,-0.37607327,0.09986968487507578
6243,RP23-386A17.6,0.794566617939232,-0.47876525,0.09986968487507578
6244,Rmdn3,0.7941070829289287,-1.0108824,0.10012093033180247
6245,RP23-331A21.2,0.7941070829289287,-0.41933283,0.10012093033180247
6246,Mb21d1,0.7941070829289287,-1.19668,0.10012093033180247
6247,Wtap,0.7941070829289287,-0.08933027,0.10012093033180247
6248,Trabd2b,0.7941070829289287,-0.28980154,0.10012093033180247
6249,Stag2,0.7941070829289287,-0.27922556,0.10012093033180247
6250,Wdr86,0.7936476193730007,-0.14107913,0.10037228212091175
6251,Itpripl2,0.793188227423437,-0.26013535,0.1006237402597014
6252,Zbtb10,0.793188227423437,-0.7585366,0.1006237402597014
6253,Sord,0.793188227423437,-1.1746485,0.1006237402597014
6254,Gpn1,0.793188227423437,-1.0658439,0.1006237402597014
6255,Fam126a,0.793188227423437,-1.0674171,0.1006237402597014
6256,9930111J21Rik2,0.793188227423437,-0.64351124,0.1006237402597014
6257,Ddr2,0.7927289072321521,-0.23581576,0.10087530476546319
6258,Ipmk,0.7927289072321521,-0.11276939,0.10087530476546319
6259,Bahd1,0.792269658950986,-1.2940756,0.10112697565548265
6260,Coq10b,0.792269658950986,-1.1270565,0.10112697565548265
6261,Vps16,0.792269658950986,-0.9918392,0.10112697565548265
6262,Stoml2,0.7918104827317038,-0.46525058,0.10137875294703926
6263,Stambp,0.7918104827317038,-0.5321915,0.10137875294703926
6264,Ube2o,0.7918104827317038,-0.54394394,0.10137875294703926
6265,Mrps10,0.7918104827317038,-0.5505837,0.10137875294703926
6266,Tubgcp5,0.7913513787259957,-0.9602398,0.10163063665740642
6267,Sars,0.7913513787259957,-0.31005314,0.10163063665740642
6268,Cyb5r4,0.7913513787259957,-0.2326074,0.10163063665740642
6269,Sptlc2,0.790433387961686,-0.428101,0.10213472340363547
6270,Aoc3,0.790433387961686,-1.1327515,0.10213472340363547
6271,Slfn2,0.790433387961686,-0.17510691,0.10213472340363547
6272,Gltp,0.790433387961686,-0.44119805,0.10213472340363547
6273,Spred2,0.790433387961686,-0.554521,0.10213472340363547
6274,Tlk1,0.790433387961686,-0.3841169,0.10213472340363547
6275,Pik3cd,0.7895156878700728,-1.3599076,0.10263923603223486
6276,Prpf6,0.7895156878700728,-0.15083607,0.10263923603223486
6277,Rpgrip1l,0.7895156878700728,-1.218158,0.10263923603223486
6278,Plcb1,0.7895156878700728,-1.1542094,0.10263923603223486
6279,Cdk16,0.7895156878700728,-0.23927994,0.10263923603223486
6280,Wwc1,0.7895156878700728,-1.0164654,0.10263923603223486
6281,Abcc5,0.7895156878700728,-0.6536712,0.10263923603223486
6282,RP23-306B14.2,0.7890569472049516,-0.45580366,0.10289165209554214
6283,Gprasp1,0.7890569472049516,-0.43723637,0.10289165209554214
6284,Spr,0.7885982796619622,-0.38148582,0.10314417468117222
6285,Trp53rka,0.7885982796619622,-1.442367,0.10314417468117222
6286,Rbm18,0.7881396853922656,-0.5881571,0.10339680380635578
6287,Exoc3,0.7881396853922656,-0.20252104,0.10339680380635578
6288,Adar,0.7876811645469468,-0.29743752,0.10364953948831752
6289,Ppp4r1,0.7876811645469468,-1.4888304,0.10364953948831752
6290,Cep85l,0.7876811645469468,-1.4980388,0.10364953948831752
6291,Kcnn4,0.7872227172770142,-0.77199376,0.10390238174427598
6292,Rap1gds1,0.7872227172770142,-0.65009344,0.10390238174427598
6293,Hps3,0.7872227172770142,-0.7006941,0.10390238174427598
6294,Ttpal,0.7872227172770142,-0.63881505,0.10390238174427598
6295,Lrpap1,0.7867643437334001,-0.16462494,0.10415533059144351
6296,Rab5b,0.7867643437334001,-0.38128245,0.10415533059144351
6297,Pcdh18,0.7863060440669598,-0.26905796,0.10440838604702656
6298,Rrp7a,0.7863060440669598,-0.6870201,0.10440838604702656
6299,Bag3,0.7863060440669598,-0.65357894,0.10440838604702656
6300,Sipa1,0.7863060440669598,-0.7228076,0.10440838604702656
6301,Ahi1,0.7858478184284723,-0.33453396,0.10466154812822524
6302,AC114920.2,0.7858478184284723,-0.26818833,0.10466154812822524
6303,RP23-68O7.2,0.7858478184284723,-0.35887498,0.10466154812822524
6304,Map3k1,0.785389666968639,-0.90840083,0.10491481685223394
6305,Fam69a,0.785389666968639,-0.20955163,0.10491481685223394
6306,Zfp113,0.785389666968639,-0.70713663,0.10491481685223394
6307,Slc35a3,0.785389666968639,-0.8357817,0.10491481685223394
6308,Rpn2,0.785389666968639,-0.085310526,0.10491481685223394
6309,Notch2,0.7849315898380851,-0.2102866,0.10516819223624051
6310,Pcyox1,0.7849315898380851,-0.27809227,0.10516819223624051
6311,Pspc1,0.7844735871873577,-0.51453793,0.10542167429742712
6312,Rhod,0.7844735871873577,-0.8205416,0.10542167429742712
6313,Myo6,0.7844735871873577,-0.8629114,0.10542167429742712
6314,Usp3,0.7844735871873577,-0.5666756,0.10542167429742712
6315,Prkaa1,0.7840156591669273,-0.4016281,0.10567526305296962
6316,Pcbp1,0.7835578059271864,-0.113126755,0.10592895852003782
6317,Insig1,0.78310002761845,-0.48501202,0.10618276071579552
6318,Ei24,0.78310002761845,-0.3374997,0.10618276071579552
6319,Erap1,0.78310002761845,-0.24800368,0.10618276071579552
6320,Babam1,0.78310002761845,-0.44855416,0.10618276071579552
6321,Ola1,0.7826423243909554,-0.2656512,0.10643666965740035
6322,Akr1b3,0.7821846963948618,-0.24994785,0.1066906853620039
6323,Mlh3,0.7821846963948618,-0.4476731,0.1066906853620039
6324,Fam161a,0.7817271437802504,-0.7732599,0.1069448078467516
6325,Hlf,0.7817271437802504,-0.8259697,0.1069448078467516
6326,Zbtb43,0.7817271437802504,-0.8569434,0.1069448078467516
6327,Serpinb1a,0.7817271437802504,-0.12766302,0.1069448078467516
6328,Cul4a,0.7812696666971242,-0.43884364,0.10719903712878297
6329,Larp1b,0.7812696666971242,-0.52951044,0.10719903712878297
6330,Uba52,0.7808122652954075,-0.19534734,0.10745337322523132
6331,Sort1,0.7808122652954075,-0.17543276,0.10745337322523132
6332,Ubtd2,0.7803549397249464,-0.4622178,0.10770781615322395
6333,Tmem2,0.7803549397249464,-0.056164727,0.10770781615322395
6334,Rab18,0.7803549397249464,-0.25678882,0.10770781615322395
6335,Scaper,0.7798976901355084,-0.9132765,0.10796236592988193
6336,Gtf3c3,0.7798976901355084,-0.8951287,0.10796236592988193
6337,Zfp292,0.7794405166767816,-0.18528454,0.10821702257232052
6338,Mtss1,0.7794405166767816,-0.54777354,0.10821702257232052
6339,Ctsh,0.7794405166767816,-0.5879769,0.10821702257232052
6340,Ephx1,0.7794405166767816,-0.30499336,0.10821702257232052
6341,Adrbk2,0.7785263987498213,-0.7128178,0.10872665652296933
6342,Pcmt1,0.7785263987498213,-0.5120324,0.10872665652296933
6343,B3galnt2,0.7785263987498213,-0.47737837,0.10872665652296933
6344,Srrt,0.7780694545805693,-0.43817514,0.1089816338653794
6345,Sf3b4,0.7776125871399914,-0.5198757,0.10923671814196972
6346,Itgam,0.7776125871399914,-0.39545333,0.10923671814196972
6347,Sbno1,0.7776125871399914,-0.22183229,0.10923671814196972
6348,Mtss1l,0.7776125871399914,-0.7229475,0.10923671814196972
6349,Tmem110,0.7771557965773797,-1.097922,0.10949190936982504
6350,RP23-372O9.2,0.7766990830419467,-0.4000254,0.109747207566024
6351,Foxk1,0.776242446682825,-0.93831927,0.11000261274763917
6352,Tiparp,0.776242446682825,-0.66228354,0.11000261274763917
6353,Skp1a,0.776242446682825,-0.16599941,0.11000261274763917
6354,Csnk1e,0.7757858876490671,-0.5505963,0.11025812493173724
6355,Dyrk1b,0.7757858876490671,-0.8077455,0.11025812493173724
6356,Traf3ip2,0.7757858876490671,-1.0816681,0.11025812493173724
6357,Iqcc,0.7757858876490671,-0.7397453,0.11025812493173724
6358,RP23-253F13.1,0.7757858876490671,-1.0684962,0.11025812493173724
6359,Slc8a1,0.7757858876490671,-0.8850498,0.11025812493173724
6360,Nxn,0.7757858876490671,-0.6795757,0.11025812493173724
6361,Iffo2,0.7757858876490671,-0.5677189,0.11025812493173724
6362,Sil1,0.7757858876490671,-0.35377714,0.11025812493173724
6363,RP23-87H19.3,0.7757858876490671,-1.0449748,0.11025812493173724
6364,Sephs2,0.7757858876490671,-0.5459396,0.11025812493173724
6365,Map3k12,0.7757858876490671,-0.83419013,0.11025812493173724
6366,Ctc1,0.7757858876490671,-0.57563764,0.11025812493173724
6367,Slc45a4,0.7748730021534523,-0.68670225,0.11076947037561752
6368,Alkbh1,0.7748730021534523,-0.6773404,0.11076947037561752
6369,Arhgap45,0.7748730021534523,-0.09194794,0.11076947037561752
6370,Amd1,0.7748730021534523,-1.1081706,0.11076947037561752
6371,Ccdc8,0.7748730021534523,-0.9517302,0.11076947037561752
6372,Ccr1,0.7748730021534523,-1.0483987,0.11076947037561752
6373,Cyp51,0.7748730021534523,0.0054238616,0.11076947037561752
6374,Nln,0.7748730021534523,-0.5263808,0.11076947037561752
6375,Gpr107,0.7748730021534523,-0.6631208,0.11076947037561752
6376,Psmc1,0.7744166759892994,-0.40932524,0.11102530366950246
6377,Zdhhc3,0.7744166759892994,-0.3765267,0.11102530366950246
6378,Alg11,0.7744166759892994,-1.2811025,0.11102530366950246
6379,Socs6,0.7744166759892994,-0.39653563,0.11102530366950246
6380,Cnot6,0.7744166759892994,-0.07098662,0.11102530366950246
6381,Jade1,0.7739604277459178,-0.25467578,0.11128124403407572
6382,Ttbk2,0.7739604277459178,-0.58249426,0.11128124403407572
6383,Wdr43,0.7739604277459178,-0.27182934,0.11128124403407572
6384,Il18rap,0.7739604277459178,-1.3004782,0.11128124403407572
6385,Rinl,0.7739604277459178,-0.9506118,0.11128124403407572
6386,Extl3,0.7739604277459178,-0.31127527,0.11128124403407572
6387,Vps11,0.7739604277459178,-0.59012187,0.11128124403407572
6388,Nono,0.773504257571958,-0.06636326,0.11153729148637341
6389,Ppil1,0.7730481656159893,-0.013731358,0.11179344604342581
6390,Hira,0.7730481656159893,-0.9733147,0.11179344604342581
6391,Rft1,0.7730481656159893,-1.2961138,0.11179344604342581
6392,Tmem175,0.7730481656159893,-1.3139046,0.11179344604342581
6393,RP23-57F11.3,0.7730481656159893,-1.3146206,0.11179344604342581
6394,Cct6a,0.7730481656159893,-0.15075065,0.11179344604342581
6395,Hnrnph2,0.7730481656159893,-0.2951955,0.11179344604342581
6396,Trim2,0.7730481656159893,-0.19884063,0.11179344604342581
6397,Sirt2,0.7725921520265007,-0.40258068,0.11204970772225685
6398,Snx8,0.7721362169518993,-1.2302768,0.11230607653988463
6399,RP23-480I16.1,0.7721362169518993,-1.2653441,0.11230607653988463
6400,Invs,0.7721362169518993,-1.2700019,0.11230607653988463
6401,Apex2,0.7721362169518993,-1.2613438,0.11230607653988463
6402,Camk1d,0.7721362169518993,-1.4171828,0.11230607653988463
6403,Pacsin2,0.7721362169518993,-0.77548265,0.11230607653988463
6404,Mis18a,0.7721362169518993,-1.2451866,0.11230607653988463
6405,Cxcr4,0.7721362169518993,-1.4985466,0.11230607653988463
6406,Panx1,0.7721362169518993,-1.4037296,0.11230607653988463
6407,Gdi2,0.7721362169518993,-0.15865934,0.11230607653988463
6408,Inpp5b,0.7721362169518993,-1.5132827,0.11230607653988463
6409,Hmbox1,0.7721362169518993,-0.59472376,0.11230607653988463
6410,L3mbtl2,0.7721362169518993,-1.0927477,0.11230607653988463
6411,Bmp5,0.7716803605405111,-0.31979185,0.11256255251332113
6412,Dgat1,0.771224582940581,-0.90029436,0.11281913565957223
6413,Id2,0.771224582940581,-0.606876,0.11281913565957223
6414,D2hgdh,0.771224582940581,-1.7040665,0.11281913565957223
6415,Wdr53,0.771224582940581,-1.1536866,0.11281913565957223
6416,RP23-98P15.1,0.771224582940581,-0.544365,0.11281913565957223
6417,Zfp777,0.771224582940581,-1.4235859,0.11281913565957223
6418,Zfp513,0.771224582940581,-1.4846442,0.11281913565957223
6419,Tmem132a,0.771224582940581,-1.4197177,0.11281913565957223
6420,Depdc5,0.771224582940581,-1.3611646,0.11281913565957223
6421,Rbm25,0.771224582940581,-0.20659539,0.11281913565957223
6422,Hibch,0.771224582940581,-1.6188097,0.11281913565957223
6423,Fam110a,0.771224582940581,-1.5157553,0.11281913565957223
6424,Wdr83,0.7703132647676656,-1.594691,0.11333262353851145
6425,RP23-396K2.1,0.7703132647676656,-1.4489824,0.11333262353851145
6426,Pigg,0.7703132647676656,-1.518021,0.11333262353851145
6427,RP23-396K2.2,0.7703132647676656,-1.4061409,0.11333262353851145
6428,RP24-236O3.3,0.7703132647676656,-1.482963,0.11333262353851145
6429,Sass6,0.7703132647676656,-1.6038467,0.11333262353851145
6430,Ift74,0.7703132647676656,-1.5661777,0.11333262353851145
6431,Pitrm1,0.7703132647676656,-0.16066462,0.11333262353851145
6432,Csnk1g1,0.7698577244907611,-0.44478428,0.11358952830518107
6433,Pon2,0.7694022636174758,-0.17537573,0.1138465403126284
6434,Pfkm,0.7694022636174758,-1.7584097,0.1138465403126284
6435,Dis3l,0.7694022636174758,-1.5954325,0.1138465403126284
6436,Acyp1,0.7694022636174758,-0.45523256,0.1138465403126284
6437,Aup1,0.7694022636174758,-0.48963878,0.1138465403126284
6438,Cxx1b,0.7694022636174758,-1.8438811,0.1138465403126284
6439,Smpd1,0.7694022636174758,-0.66209567,0.1138465403126284
6440,Lmf1,0.7694022636174758,-1.8067106,0.1138465403126284
6441,Cep104,0.7694022636174758,-1.7436532,0.1138465403126284
6442,Ruvbl1,0.7694022636174758,-0.5892681,0.1138465403126284
6443,RP23-122P5.3,0.7694022636174758,-1.5601963,0.1138465403126284
6444,Pde12,0.7694022636174758,-1.8124204,0.1138465403126284
6445,Sco1,0.7694022636174758,-1.5403389,0.1138465403126284
6446,Ndufv1,0.7694022636174758,-0.061412875,0.1138465403126284
6447,Nrm,0.7694022636174758,-1.7130361,0.1138465403126284
6448,AC161342.2,0.7694022636174758,-2.0074153,0.1138465403126284
6449,Dhx15,0.7694022636174758,-0.22608139,0.1138465403126284
6450,Lactb,0.7694022636174758,-0.34576204,0.1138465403126284
6451,Tspan12,0.7689468822956452,-0.46232688,0.1141036595778289
6452,Cacybp,0.7689468822956452,-0.13746294,0.1141036595778289
6453,AC131992.1,0.7684915806730223,-1.9142467,0.11436088611775225
6454,Gmppa,0.7684915806730223,-1.8165858,0.11436088611775225
6455,Sgol2a,0.7684915806730223,-1.7294908,0.11436088611775225
6456,Nkiras2,0.7684915806730223,-1.7844597,0.11436088611775225
6457,Trim27,0.7680363588972775,-0.25811458,0.1146182199493619
6458,Galnt11,0.7680363588972775,-0.4015678,0.1146182199493619
6459,Pold2,0.7675812171159988,-1.9913296,0.11487566108961537
6460,RP23-392C14.2,0.7675812171159988,-2.2215474,0.11487566108961537
6461,Msto1,0.7675812171159988,-1.8067213,0.11487566108961537
6462,Sdf2,0.7675812171159988,-0.28000623,0.11487566108961537
6463,Ttc13,0.7675812171159988,-0.6340785,0.11487566108961537
6464,Uba7,0.7675812171159988,-0.23255853,0.11487566108961537
6465,Trim32,0.7675812171159988,-1.9220014,0.11487566108961537
6466,Lrp12,0.7675812171159988,-1.7456533,0.11487566108961537
6467,Ap5s1,0.7675812171159988,-2.3085,0.11487566108961537
6468,Pdzd2,0.7675812171159988,-1.9540117,0.11487566108961537
6469,Slc35f5,0.7675812171159988,-0.6190701,0.11487566108961537
6470,Polr2a,0.7675812171159988,-0.23066382,0.11487566108961537
6471,Map4k3,0.7671261554766915,-0.3738671,0.11513320955546404
6472,RP23-4P23.3,0.7671261554766915,-0.102694646,0.11513320955546404
6473,Mrpl16,0.7666711741267779,-0.6906811,0.11539086536385323
6474,Mgat4a,0.7666711741267779,-2.2440927,0.11539086536385323
6475,Kdsr,0.7666711741267779,-0.36568043,0.11539086536385323
6476,Pou5f2,0.7666711741267779,-2.1148336,0.11539086536385323
6477,Pomgnt1,0.7666711741267779,-2.205219,0.11539086536385323
6478,RP23-46L5.1,0.7666711741267779,-2.5234733,0.11539086536385323
6479,Wfs1,0.7666711741267779,-0.7426337,0.11539086536385323
6480,Dclre1b,0.7666711741267779,-0.69811064,0.11539086536385323
6481,Tti2,0.7666711741267779,-2.1705706,0.11539086536385323
6482,Pik3r3,0.7666711741267779,-1.8955061,0.11539086536385323
6483,Fancc,0.7666711741267779,-2.6476707,0.11539086536385323
6484,Polr2b,0.7666711741267779,-0.4338157,0.11539086536385323
6485,Zfr,0.7666711741267779,-0.14678003,0.11539086536385323
6486,Med24,0.7666711741267779,-2.563485,0.11539086536385323
6487,Usp36,0.7657614528844059,-0.7946623,0.11590649907600459
6488,Kctd10,0.7657614528844059,-0.3507988,0.11590649907600459
6489,Clec4a2,0.7657614528844059,-0.40362564,0.11590649907600459
6490,Elovl5,0.7657614528844059,-0.60100186,0.11590649907600459
6491,RP23-382L1.4,0.7657614528844059,-0.8410709,0.11590649907600459
6492,Cers4,0.7657614528844059,-0.7649897,0.11590649907600459
6493,Slc8b1,0.7657614528844059,-0.64138323,0.11590649907600459
6494,Ccnk,0.7657614528844059,-0.3128963,0.11590649907600459
6495,Sh3glb2,0.7657614528844059,-0.9311987,0.11590649907600459
6496,Atp6ap2,0.7653067132863764,-0.291714,0.11616447701362725
6497,Mdn1,0.7648520545665987,-0.46067467,0.11642256236151137
6498,Mettl7a1,0.7648520545665987,-0.30130902,0.11642256236151137
6499,RP23-155A10.1,0.7648520545665987,-0.08645746,0.11642256236151137
6500,Ndufa11,0.7643974768720782,-0.13382658,0.1166807551365722
6501,Setdb1,0.7639429803497372,-0.37268424,0.11693905535571873
6502,Smarcal1,0.7639429803497372,-0.83166265,0.11693905535571873
6503,Thap1,0.7639429803497372,-0.77417874,0.11693905535571873
6504,Cluh,0.7639429803497372,-0.88924086,0.11693905535571873
6505,Pomk,0.7639429803497372,-0.86072433,0.11693905535571873
6506,Lcp1,0.7634885651464138,-0.120129064,0.11719746303585409
6507,Mospd1,0.7630342314088625,-0.8735027,0.11745597819387522
6508,Mob3a,0.7630342314088625,-0.9503929,0.11745597819387522
6509,Clk1,0.7625799792837531,-0.25012127,0.11771460084667315
6510,Alkbh7,0.7621258089176716,-0.93446887,0.11797333101113276
6511,RP23-406J21.3,0.7621258089176716,-1.0325483,0.11797333101113276
6512,Bcat1,0.7621258089176716,-0.9359611,0.11797333101113276
6513,Pik3r2,0.7621258089176716,-0.41782135,0.11797333101113276
6514,Adnp2,0.7621258089176716,-0.8544187,0.11797333101113276
6515,Anapc13,0.7621258089176716,-0.31613544,0.11797333101113276
6516,Pcnx,0.7621258089176716,-0.4016301,0.11797333101113276
6517,Zdhhc17,0.7616717204571193,-0.30754286,0.11823216870413289
6518,Appl1,0.7612177140485129,-0.13133386,0.1184911139425465
6519,Ccdc6,0.7612177140485129,-0.5017431,0.1184911139425465
6520,Pacs2,0.7612177140485129,-0.84943384,0.1184911139425465
6521,Cpsf1,0.7612177140485129,-0.45691532,0.1184911139425465
6522,Spata2,0.7612177140485129,-0.93054605,0.1184911139425465
6523,Coq2,0.7612177140485129,-0.3910412,0.1184911139425465
6524,Cd53,0.7612177140485129,-0.39274257,0.1184911139425465
6525,Hacd3,0.7603099479723817,-0.24451658,0.11900932712307502
6526,Mta1,0.7603099479723817,-0.29589123,0.11900932712307502
6527,Vangl2,0.7603099479723817,-0.8099473,0.11900932712307502
6528,Slc30a4,0.7603099479723817,-1.0297534,0.11900932712307502
6529,Gbas,0.7594025118589154,-0.48862547,0.11952797068758042
6530,Trpc4ap,0.7594025118589154,0.0019291702,0.11952797068758042
6531,Phf10,0.7594025118589154,-0.31417486,0.11952797068758042
6532,RP24-540L1.2,0.7584954068763894,-1.1766008,0.12004704477082817
6533,Twf2,0.7584954068763894,-0.5523455,0.12004704477082817
6534,Oasl2,0.7584954068763894,-0.9419984,0.12004704477082817
6535,Tpt1-ps3,0.7584954068763894,-1.3827512,0.12004704477082817
6536,RP23-465M17.1,0.7584954068763894,-0.15023622,0.12004704477082817
6537,Ythdc2,0.7584954068763894,-1.2084208,0.12004704477082817
6538,Mkl1,0.7575886341917124,-1.3223017,0.12056654950748726
6539,Lyl1,0.7575886341917124,-0.61266714,0.12056654950748726
6540,Emc1,0.7575886341917124,-0.2890814,0.12056654950748726
6541,Tap2,0.7575886341917124,-0.23708022,0.12056654950748726
6542,Ncapd3,0.7575886341917124,-0.5624005,0.12056654950748726
6543,Usp42,0.7575886341917124,-0.4970212,0.12056654950748726
6544,Prpf4,0.7575886341917124,-0.5443065,0.12056654950748726
6545,Acadm,0.7571353728253514,-0.3517391,0.12082646341290379
6546,Vps50,0.756682194970422,-1.2949489,0.1210864850321302
6547,Dnmt1,0.756682194970422,-0.14358714,0.1210864850321302
6548,Yaf2,0.756682194970422,-0.30355912,0.1210864850321302
6549,Ikzf4,0.756682194970422,-1.1433188,0.1210864850321302
6550,Pdcd5,0.756682194970422,-0.1575088,0.1210864850321302
6551,Ddx27,0.756682194970422,-0.21986839,0.1210864850321302
6552,Txlng,0.756682194970422,-1.2244576,0.1210864850321302
6553,Podn,0.7562291007724012,-0.6017709,0.12134661438197318
6554,Fbxo11,0.7562291007724012,-0.3187366,0.12134661438197318
6555,Prkar1a,0.7557760903766803,-0.08635058,0.12160685147923304
6556,Lrrc41,0.7557760903766803,-0.58829767,0.12160685147923304
6557,Pip4k2a,0.7557760903766803,-0.24355528,0.12160685147923304
6558,Ythdf2,0.7557760903766803,-0.34602657,0.12160685147923304
6559,Hcst,0.754870321573269,-0.6622089,0.12212764898317553
6560,Ppp2r5d,0.754870321573269,-1.2980702,0.12212764898317553
6561,Ubxn8,0.754870321573269,-0.44656438,0.12212764898317553
6562,Kif1b,0.754870321573269,-0.17243846,0.12212764898317553
6563,Arhgap21,0.7544175634559284,-0.59369403,0.12238820942342889
6564,Nf2,0.753964889721586,-0.646088,0.12264887767824083
6565,E4f1,0.753964889721586,-0.6764171,0.12264887767824083
6566,Znfx1,0.753964889721586,-0.31256378,0.12264887767824083
6567,Lrp6,0.7535123005151997,-0.22711687,0.12290965376438172
6568,Ppp1r12c,0.7535123005151997,-0.7033034,0.12290965376438172
6569,Pgs1,0.7530597959816399,-0.4752084,0.12317053769861588
6570,Ube4a,0.7530597959816399,-0.49436182,0.12317053769861588
6571,Zfp946,0.7530597959816399,-1.4032415,0.12317053769861588
6572,Lrrcc1,0.7530597959816399,-0.76414543,0.12317053769861588
6573,Zcchc10,0.7530597959816399,-1.6997522,0.12317053769861588
6574,RP23-13A13.6,0.75260737626569,-0.59940547,0.12343152949770161
6575,Naa16,0.7521550415120458,-0.62908936,0.12369262917839129
6576,Wsb2,0.7521550415120458,-0.4321703,0.12369262917839129
6577,Frmd4a,0.7521550415120458,-0.25979674,0.12369262917839129
6578,Mob2,0.7521550415120458,-0.6832427,0.12369262917839129
6579,Spryd7,0.7521550415120458,-0.66441655,0.12369262917839129
6580,Sgk1,0.7521550415120458,-0.7319638,0.12369262917839129
6581,Sp1,0.7512506274700214,-0.4218292,0.12421515225156142
6582,Itgb7,0.7512506274700214,-0.8486135,0.12421515225156142
6583,Hnrnpll,0.7512506274700214,-0.81331587,0.12421515225156142
6584,Nucb2,0.7503465550113819,-0.48630667,0.12473810705202437
6585,Rnf138,0.7503465550113819,-0.81369954,0.12473810705202437
6586,Foxk2,0.7503465550113819,-0.46545497,0.12473810705202437
6587,Taz,0.7503465550113819,-0.8381478,0.12473810705202437
6588,Itpk1,0.7503465550113819,-0.79698855,0.12473810705202437
6589,Tmem183a,0.7503465550113819,-0.6913741,0.12473810705202437
6590,Smek1,0.7498946472366396,-0.2969044,0.12499974639180739
6591,Snapin,0.7498946472366396,-0.6148349,0.12499974639180739
6592,Atxn10,0.7498946472366396,-0.094424486,0.12499974639180739
6593,Dcaf17,0.7494428252905366,-0.30550152,0.12526149371358183
6594,Pi4k2a,0.7494428252905366,-0.8024078,0.12526149371358183
6595,Hltf,0.7494428252905366,-0.3158394,0.12526149371358183
6596,Dek,0.7489910893171536,-0.13866417,0.12552334903405793
6597,Ybx3,0.7489910893171536,-0.2792625,0.12552334903405793
6598,Chtf8,0.7485394394604831,-0.28966197,0.12578531236993967
6599,Gsdmd,0.7485394394604831,-0.7953261,0.12578531236993967
6600,Epn1,0.7485394394604831,-0.10658897,0.12578531236993967
6601,Tnfaip1,0.7480878758644283,-0.34682715,0.12604738373792546
6602,Rbck1,0.7480878758644283,-0.9033505,0.12604738373792546
6603,Atp5l,0.7476363986728041,-0.33346468,0.12630956315470737
6604,Ran,0.7476363986728041,-0.17560622,0.12630956315470737
6605,Zbtb21,0.7476363986728041,-0.8814688,0.12630956315470737
6606,Cul2,0.7476363986728041,-0.41318014,0.12630956315470737
6607,Dtymk,0.7476363986728041,-0.36596993,0.12630956315470737
6608,Rfwd3,0.7467337040776626,-0.59599495,0.1268342462013983
6609,Galnt10,0.7467337040776626,-0.5055967,0.1268342462013983
6610,Zdhhc5,0.7467337040776626,-0.29963523,0.1268342462013983
6611,Zscan21,0.7467337040776626,-0.7750984,0.1268342462013983
6612,Gpbp1l1,0.7462824869613301,-0.25590867,0.1270967498646616
6613,Larp1,0.7458313568237978,-0.3121978,0.12735936164342967
6614,Peak1,0.7458313568237978,-0.2863268,0.12735936164342967
6615,Plekha8,0.7458313568237978,-0.9264557,0.12735936164342967
6616,Mtf2,0.7458313568237978,-0.48105755,0.12735936164342967
6617,Nudt5,0.7458313568237978,-0.97603923,0.12735936164342967
6618,Cox6a1,0.7453803138084343,-0.18037312,0.12762208155436483
6619,Acsl1,0.7449293580585199,-0.52249163,0.1278849096141229
6620,Mdh1,0.7449293580585199,-0.486607,0.1278849096141229
6621,Ndufs1,0.7449293580585199,-0.58826363,0.1278849096141229
6622,Dhdh,0.744027708927707,-0.6261435,0.12841089024670327
6623,Fam160a1,0.744027708927707,-0.5911661,0.12841089024670327
6624,Satb2,0.744027708927707,-0.24170129,0.12841089024670327
6625,Taf15,0.744027708927707,-0.30410185,0.12841089024670327
6626,Rbsn,0.7431264105758,-1.0013847,0.1289373036742999
6627,Glg1,0.7426758932991799,-0.15942843,0.12920067272780597
6628,Trp53bp2,0.7422254641457984,-0.6325581,0.1294641500299461
6629,Snap29,0.7413248707792559,-0.97325623,0.12999142944657938
6630,Cenpw,0.7413248707792559,0.018898033,0.12999142944657938
6631,Ccny,0.7413248707792559,-0.286783,0.12999142944657938
6632,Plekhm1,0.740874706851121,-0.86093223,0.1302552315942829
6633,Mfsd14b,0.740874706851121,-0.26689795,0.1302552315942829
6634,Ippk,0.740874706851121,-0.813687,0.1302552315942829
6635,Rpap2,0.740874706851121,-1.1595477,0.1302552315942829
6636,Cks2,0.7404246316162766,-0.6133739,0.13051914205704115
6637,Xpnpep3,0.7404246316162766,-1.023387,0.13051914205704115
6638,Spi1,0.7404246316162766,-0.47095215,0.13051914205704115
6639,Wdr6,0.739974645217008,-1.0071893,0.13078316085144454
6640,Aph1b,0.739974645217008,-1.1404389,0.13078316085144454
6641,C2cd2l,0.739974645217008,-1.1385466,0.13078316085144454
6642,Tpcn1,0.739974645217008,-1.2481062,0.13078316085144454
6643,Paip2b,0.739974645217008,-1.1447319,0.13078316085144454
6644,RP24-483K3.1,0.739974645217008,-0.92174643,0.13078316085144454
6645,Zfp74,0.73952474779551,-0.9941163,0.1310472879940771
6646,Cyth4,0.73952474779551,-1.1881831,0.1310472879940771
6647,Cygb,0.73952474779551,-0.26706886,0.1310472879940771
6648,Dtx2,0.7390749394938859,-1.1537538,0.1313115235015172
6649,Psph,0.7390749394938859,-1.0623945,0.1313115235015172
6650,Med22,0.7390749394938859,-1.1005296,0.1313115235015172
6651,Wdhd1,0.7390749394938859,-0.86600775,0.1313115235015172
6652,Minos1,0.7390749394938859,-0.11945738,0.1313115235015172
6653,Cdc42se1,0.7390749394938859,-0.4409977,0.1313115235015172
6654,RP23-114F4.4,0.7390749394938859,-1.2804459,0.1313115235015172
6655,Ubl3,0.7386252204541475,-0.38196948,0.13157586739033705
6656,Tmem243,0.7386252204541475,-1.1641905,0.13157586739033705
6657,Gm26853,0.7386252204541475,-0.36712095,0.13157586739033705
6658,Stard4,0.738175590818215,-1.2827265,0.1318403196771029
6659,Ccdc43,0.738175590818215,-1.179419,0.1318403196771029
6660,Itga8,0.738175590818215,-1.3560178,0.1318403196771029
6661,Usp11,0.738175590818215,-1.244258,0.1318403196771029
6662,Kctd6,0.738175590818215,-1.3998636,0.1318403196771029
6663,Rnaseh2a,0.738175590818215,-1.3737324,0.1318403196771029
6664,Rbpms,0.7377260507279173,-0.22975373,0.13210488037837503
6665,Gorab,0.7377260507279173,-0.5978895,0.13210488037837503
6666,Ppih,0.7377260507279173,-0.2661558,0.13210488037837503
6667,RP24-282C4.9,0.7372766003249909,-1.3631502,0.13236954951070778
6668,Zfp346,0.7372766003249909,-1.4505635,0.13236954951070778
6669,Eef2,0.7372766003249909,-0.15247811,0.13236954951070778
6670,Il16,0.7372766003249909,-1.6204375,0.13236954951070778
6671,Npas2,0.7372766003249909,-1.5593362,0.13236954951070778
6672,Nelfcd,0.7372766003249909,-1.3131696,0.13236954951070778
6673,Pik3ca,0.7372766003249909,-0.20541713,0.13236954951070778
6674,Ccne2,0.7372766003249909,-1.5197613,0.13236954951070778
6675,Adcy6,0.7368272397510807,-0.5747773,0.1326343270906494
6676,Rufy1,0.7368272397510807,-0.38476017,0.1326343270906494
6677,Bag4,0.7363779691477395,-1.5817788,0.1328992131347423
6678,Tk2,0.7363779691477395,-1.7428533,0.1328992131347423
6679,RP24-161C20.4,0.7363779691477395,-1.4460293,0.1328992131347423
6680,Efs,0.7359287886564277,-0.72474337,0.13316420765952278
6681,Gdap10,0.7359287886564277,-1.1921947,0.13316420765952278
6682,Otud5,0.7359287886564277,-0.3345672,0.13316420765952278
6683,Vkorc1l1,0.7359287886564277,-0.6477931,0.13316420765952278
6684,Fam222b,0.7359287886564277,-0.34132513,0.13316420765952278
6685,Pi16,0.7354796984185137,-1.6306661,0.1334293106815212
6686,Blm,0.7354796984185137,-1.8090513,0.1334293106815212
6687,RP24-331B5.1,0.7354796984185137,-1.6290776,0.1334293106815212
6688,RP23-83N17.1,0.7354796984185137,-1.5949593,0.1334293106815212
6689,Zfp672,0.7354796984185137,-1.8265551,0.1334293106815212
6690,Car2,0.7354796984185137,-1.5841119,0.1334293106815212
6691,Cant1,0.7354796984185137,-0.36084816,0.1334293106815212
6692,Katnal1,0.7354796984185137,-1.5630537,0.1334293106815212
6693,Uck2,0.7354796984185137,-1.4735428,0.1334293106815212
6694,Tfrc,0.7354796984185137,-1.6617395,0.1334293106815212
6695,Ube2w,0.7354796984185137,-1.0292019,0.1334293106815212
6696,Wdr5,0.735030698575273,-0.7384345,0.13369452221726194
6697,Arhgap29,0.735030698575273,-0.27066422,0.13369452221726194
6698,Rps23-ps1,0.735030698575273,-0.53937256,0.13369452221726194
6699,Stk26,0.735030698575273,-0.57845557,0.13369452221726194
6700,Npat,0.735030698575273,-0.948448,0.13369452221726194
6701,Ano8,0.7345817892678888,-1.4774816,0.13395984228326355
6702,Cstf1,0.7345817892678888,-1.8722042,0.13395984228326355
6703,Smchd1,0.7345817892678888,-0.24778381,0.13395984228326355
6704,Pex6,0.7345817892678888,-1.587099,0.13395984228326355
6705,Arsa,0.7345817892678888,-1.8132646,0.13395984228326355
6706,Mgl2,0.7345817892678888,-1.922563,0.13395984228326355
6707,Cdk2,0.7341329706374513,-0.63693035,0.13422527089603828
6708,Pex3,0.7341329706374513,-0.4056612,0.13422527089603828
6709,Reck,0.7341329706374513,-0.7282425,0.13422527089603828
6710,Zbtb38,0.7336842428249579,-0.26706696,0.13449080807209277
6711,Fignl2,0.7336842428249579,-1.955872,0.13449080807209277
6712,Rnf141,0.7336842428249579,-1.9288391,0.13449080807209277
6713,Ppm1l,0.7336842428249579,-1.8814019,0.13449080807209277
6714,Btk,0.7332356059713134,-0.7482518,0.1347564538279273
6715,Crlf3,0.7332356059713134,-0.06617493,0.1347564538279273
6716,Skiv2l2,0.7332356059713134,-0.36131817,0.1347564538279273
6717,Poldip2,0.7332356059713134,-0.63617724,0.1347564538279273
6718,Mob1b,0.7332356059713134,-0.6142262,0.1347564538279273
6719,Tvp23b,0.7332356059713134,-0.5726231,0.1347564538279273
6720,Zfp282,0.7332356059713134,-0.8015552,0.1347564538279273
6721,Ddx19a,0.7332356059713134,-0.6784342,0.1347564538279273
6722,Xab2,0.7327870602173286,-2.057774,0.13502220818003668
6723,Btrc,0.7327870602173286,-2.3236966,0.13502220818003668
6724,RP24-485J8.3,0.7327870602173286,-1.8585529,0.13502220818003668
6725,Med20,0.7327870602173286,-2.5123854,0.13502220818003668
6726,Csnk1d,0.7327870602173286,-0.46496797,0.13502220818003668
6727,Cc2d1b,0.7327870602173286,-0.41176528,0.13502220818003668
6728,Donson,0.7327870602173286,-1.9793301,0.13502220818003668
6729,Cox10,0.7318902425711176,-2.0956705,0.1355540427390277
6730,Cables2,0.7318902425711176,-2.2674673,0.1355540427390277
6731,Tgfb2,0.7318902425711176,-2.17469,0.1355540427390277
6732,Ino80b,0.7318902425711176,-2.5176008,0.1355540427390277
6733,Exosc1,0.7318902425711176,-0.36341724,0.1355540427390277
6734,Zbtb6,0.7314419709600468,-0.81370974,0.13582012297886867
6735,Tgoln1,0.7314419709600468,-0.33047634,0.13582012297886867
6736,Trim30d,0.7314419709600468,-0.78034914,0.13582012297886867
6737,RP24-439I22.3,0.7314419709600468,-0.71002525,0.13582012297886867
6738,RP24-481E4.1,0.7309937910109473,-2.4143689,0.1360863118809026
6739,Prdm4,0.7309937910109473,-2.796139,0.1360863118809026
6740,RP23-4F16.10,0.7309937910109473,-2.4287155,0.1360863118809026
6741,0610009O20Rik,0.7309937910109473,-2.1105795,0.1360863118809026
6742,Esr1,0.7309937910109473,-0.53568083,0.1360863118809026
6743,Hs1bp3,0.7309937910109473,-2.41517,0.1360863118809026
6744,RP23-411M4.2,0.7305457028641623,-0.89364827,0.13635260946159433
6745,RP23-157G2.1,0.7305457028641623,-0.9114258,0.13635260946159433
6746,Denr,0.7305457028641623,-0.18744689,0.13635260946159433
6747,Coq5,0.7305457028641623,-0.7997732,0.13635260946159433
6748,Klhl6,0.729649802538441,-0.66190445,0.13688553072478002
6749,Pygo1,0.729649802538441,-0.44087824,0.13688553072478002
6750,Vps13d,0.729649802538441,-0.5692335,0.13688553072478002
6751,Kbtbd2,0.729649802538441,-0.84718823,0.13688553072478002
6752,Fmnl1,0.729649802538441,-0.9314557,0.13688553072478002
6753,RP23-349D13.3,0.729649802538441,-0.73221725,0.13688553072478002
6754,Ing1,0.7292019906397218,-0.33057147,0.13715215444017348
6755,Dnajc9,0.7292019906397218,-0.33551073,0.13715215444017348
6756,Mgst2,0.7292019906397218,-0.47702396,0.13715215444017348
6757,Cstf2,0.7287542711037511,-0.31382662,0.13741888690002374
6758,Golga1,0.7287542711037511,-0.9019018,0.13741888690002374
6759,Myb,0.7287542711037511,-0.6240406,0.13741888690002374
6760,Ube3b,0.7287542711037511,-0.780842,0.13741888690002374
6761,Zkscan3,0.7287542711037511,-0.34122735,0.13741888690002374
6762,Ttc9c,0.7287542711037511,-0.6366144,0.13741888690002374
6763,Tmem258,0.7287542711037511,-0.30304757,0.13741888690002374
6764,Glul,0.7283066440704016,-0.3747611,0.13768572812076577
6765,Lrp3,0.7278591096794513,-1.0217997,0.13795267811882841
6766,Klhdc10,0.7278591096794513,-1.0265338,0.13795267811882841
6767,Smarcc2,0.7269643193833879,-0.37642246,0.138486904512601
6768,Prkcb,0.7269643193833879,-1.1677439,0.138486904512601
6769,Phyh,0.7269643193833879,-0.58527565,0.138486904512601
6770,Hist1h2ae,0.7269643193833879,-0.47911206,0.138486904512601
6771,Ndufs5,0.7269643193833879,-0.32199633,0.138486904512601
6772,Ube2s,0.7269643193833879,-0.26184478,0.138486904512601
6773,Fyttd1,0.726069901331889,-0.29620636,0.13902156621265382
6774,RP24-93F24.2,0.726069901331889,-1.0401692,0.13902156621265382
6775,Apool,0.726069901331889,-1.2540333,0.13902156621265382
6776,Sec62,0.7251758566397617,-0.08061576,0.13955666335020345
6777,Rbbp5,0.7251758566397617,-1.1052663,0.13955666335020345
6778,Usf1,0.7251758566397617,-1.0735058,0.13955666335020345
6779,RP23-460F21.1,0.7251758566397617,-0.38907376,0.13955666335020345
6780,Trp53inp2,0.7251758566397617,-1.1900237,0.13955666335020345
6781,Etfrf1,0.7251758566397617,-1.0989,0.13955666335020345
6782,RP24-269A16.1,0.7251758566397617,-1.0877987,0.13955666335020345
6783,Lrpprc,0.7247289746514226,-0.6424878,0.13982437524901872
6784,Galns,0.7242821864202875,-1.2239693,0.14009219605637133
6785,Caap1,0.7242821864202875,-1.008359,0.14009219605637133
6786,Fbxl19,0.7242821864202875,-1.3195636,0.14009219605637133
6787,Fiz1,0.7242821864202875,-1.2734134,0.14009219605637133
6788,S100a1,0.7242821864202875,-0.40653887,0.14009219605637133
6789,Stk24,0.7238354920852774,-0.636674,0.14036012578863663
6790,Fbxo38,0.7233888917852178,-0.46020716,0.14062816446218387
6791,Copa,0.7233888917852178,-0.21564008,0.14062816446218387
6792,Acot9,0.7233888917852178,-1.2551287,0.14062816446218387
6793,Meaf6,0.7233888917852178,-0.38986066,0.14062816446218387
6794,Arfrp1,0.7233888917852178,-1.0195621,0.14062816446218387
6795,Fam173b,0.7224959738447712,-1.2769741,0.14116456869857175
6796,Myadm,0.7224959738447712,-0.48884517,0.14116456869857175
6797,Naaa,0.7224959738447712,-0.71348536,0.14116456869857175
6798,Colgalt1,0.722049656481554,-0.16084604,0.1414329342941215
6799,Ckb,0.722049656481554,-0.3010298,0.1414329342941215
6800,Ccdc102a,0.721603433707627,-1.2559603,0.1417014088963712
6801,Phf23,0.721603433707627,-0.6118896,0.1417014088963712
6802,Patl1,0.721603433707627,-1.3307143,0.1417014088963712
6803,Adcy2,0.721603433707627,-0.27951324,0.1417014088963712
6804,Rnf169,0.721603433707627,-0.46266243,0.1417014088963712
6805,Nol9,0.721603433707627,-1.2975767,0.1417014088963712
6806,Ephb4,0.7211573056613347,-0.7554388,0.14196999252166032
6807,Ralgapb,0.7207112724809239,-0.7544826,0.14223868518632282
6808,Armc1,0.7207112724809239,-0.63266206,0.14223868518632282
6809,Ptpn11,0.720265334304546,-0.36928442,0.1425074869066861
6810,Tgfb1,0.7198194912702542,-0.37155125,0.14277639769907213
6811,Kcnk6,0.7198194912702542,-1.4870907,0.14277639769907213
6812,Nosip,0.7198194912702542,-1.6689814,0.14277639769907213
6813,Rassf2,0.7198194912702542,-1.5054669,0.14277639769907213
6814,Sntb1,0.7198194912702542,-1.4036074,0.14277639769907213
6815,Tm2d3,0.7193737435160055,-0.77032334,0.14304541757979689
6816,Aldh2,0.7189280911796596,-0.25261652,0.14331454656517006
6817,Wdfy1,0.7189280911796596,-1.5994685,0.14331454656517006
6818,Slc35c2,0.7184825343989789,-0.7908842,0.1435837846714958
6819,Ttc17,0.7184825343989789,-0.7796719,0.1435837846714958
6820,Tcf7l1,0.7180370733116285,-0.4026737,0.14385313191507199
6821,Phactr4,0.7180370733116285,-0.47470596,0.14385313191507199
6822,Taf3,0.7180370733116285,-0.40089974,0.14385313191507199
6823,RP23-465M17.2,0.7180370733116285,-0.7527814,0.14385313191507199
6824,Zcchc17,0.7180370733116285,-0.4394926,0.14385313191507199
6825,Wdr11,0.7171464387670907,-1.4972478,0.1443921538791386
6826,Atpif1,0.7171464387670907,-0.22594053,0.1443921538791386
6827,RP24-252G15.5,0.7167012655847453,-0.74071515,0.1446618286321954
6828,Cnot8,0.716256188645414,-0.4244178,0.14493161258763562
6829,Eps15,0.7158112080862727,-0.18669355,0.14520150576172766
6830,Ptprj,0.7158112080862727,-0.34164342,0.14520150576172766
6831,Hk2,0.7153663240443999,-0.47788706,0.14547150817073384
6832,Wbp1,0.7149215366567752,-0.8237617,0.14574161983091088
6833,Ggnbp2,0.7144768460602802,-0.16797332,0.14601184075850918
6834,Acbd5,0.7144768460602802,-0.27314687,0.14601184075850918
6835,Olfml2a,0.7144768460602802,-0.28616607,0.14601184075850918
6836,Sh3bp1,0.7140322523916977,-0.98679817,0.14628217096977353
6837,Zbtb8os,0.7140322523916977,-0.9736605,0.14628217096977353
6838,Specc1,0.7131433563849088,-0.96253735,0.14682315930824946
6839,Pan3,0.7126990543197748,-0.59029603,0.14709381746792066
6840,Usp16,0.7126990543197748,-0.3420653,0.14709381746792066
6841,Smo,0.7126990543197748,-0.6331829,0.14709381746792066
6842,Pla2r1,0.7126990543197748,-0.5544778,0.14709381746792066
6843,Tacc3,0.7122548497286975,-0.8371184,0.1473645849761774
6844,Tep1,0.7118107427479656,-0.6187311,0.14763546184923462
6845,P4hb,0.7113667335137683,-0.13569513,0.1479064481033016
6846,Ocrl,0.7113667335137683,-1.0696,0.1479064481033016
6847,Gpd1l,0.7113667335137683,-1.0030363,0.1479064481033016
6848,Tmem164,0.7113667335137683,-1.0787522,0.1479064481033016
6849,Cd74,0.7113667335137683,-0.28811464,0.1479064481033016
6850,Rfc2,0.7113667335137683,-1.011564,0.1479064481033016
6851,Dnajc13,0.7109228221621956,-0.45221132,0.14817754375458148
6852,Herc2,0.710035293650786,-0.5094993,0.14872006331356324
6853,Fam208b,0.710035293650786,-0.51324123,0.14872006331356324
6854,Manea,0.7095916767626309,-0.46311417,0.14899148725364206
6855,Phf6,0.7095916767626309,-1.0564827,0.14899148725364206
6856,Pbdc1,0.709148158300464,-0.37046552,0.14926302065568747
6857,Sesn3,0.709148158300464,-0.36185762,0.14926302065568747
6858,Gtf3c6,0.7087047383998764,-0.40774834,0.14953466353587314
6859,Ube3a,0.708261417196359,-0.1990152,0.14980641591036692
6860,Pid1,0.708261417196359,-0.5501593,0.14980641591036692
6861,Tbcel,0.7078181948253031,-0.9120049,0.15007827779533056
6862,Nfe2,0.7078181948253031,-1.2103599,0.15007827779533056
6863,Luc7l2,0.7073750714219987,-0.20688096,0.15035024920692003
6864,Sec24c,0.7073750714219987,-0.6469636,0.15035024920692003
6865,St13,0.7064891220593053,-0.17732146,0.15089452067457038
6866,CAAA01180111.1,0.7064891220593053,-1.252145,0.15089452067457038
6867,Pef1,0.7064891220593053,-1.2718728,0.15089452067457038
6868,Tshz1,0.7064891220593053,-0.37231818,0.15089452067457038
6869,AC132303.1,0.7064891220593053,-1.0209242,0.15089452067457038
6870,Cdk1,0.7064891220593053,-0.6937616,0.15089452067457038
6871,RP23-459L15.8,0.7064891220593053,-1.3336293,0.15089452067457038
6872,RP23-406J21.4,0.7064891220593053,-1.1037276,0.15089452067457038
6873,Zfp646,0.7064891220593053,-0.88455,0.15089452067457038
6874,Slc16a6,0.7064891220593053,-0.28395924,0.15089452067457038
6875,Pkn2,0.7064891220593053,-0.16670416,0.15089452067457038
6876,Casp8ap2,0.706046296369994,-0.2678131,0.1511668207629137
6877,S1pr3,0.7056035701885908,-0.1122877,0.15143923044244742
6878,Bmpr1a,0.7056035701885908,-0.3746634,0.15143923044244742
6879,Ndufaf4,0.7056035701885908,-0.71077895,0.15143923044244742
6880,Nup107,0.7047184168885545,-1.1876645,0.1519843786395858
6881,AC155158.1,0.7047184168885545,-0.15896514,0.1519843786395858
6882,Rundc1,0.7047184168885545,-1.2614121,0.1519843786395858
6883,Agfg2,0.7047184168885545,-1.3332682,0.1519843786395858
6884,Gpr65,0.7047184168885545,-1.4229119,0.1519843786395858
6885,Tgfb3,0.7042759900391921,-1.0778594,0.15225711718942556
6886,Bola2,0.7042759900391921,-0.43521994,0.15225711718942556
6887,Impdh2,0.7042759900391921,-1.3688908,0.15225711718942556
6888,Mpnd,0.7038336632362783,-1.4754125,0.1525299653949259
6889,Ptprcap,0.7038336632362783,-1.4803498,0.1525299653949259
6890,Zfp414,0.7038336632362783,-1.5191065,0.1525299653949259
6891,Plk4,0.7038336632362783,-1.2226994,0.1525299653949259
6892,Ndc1,0.7038336632362783,-1.25484,0.1525299653949259
6893,Tbck,0.7038336632362783,-0.73618305,0.1525299653949259
6894,Zfp280b,0.7038336632362783,-1.5456127,0.1525299653949259
6895,Ms4a3,0.7033914366141949,-1.1714051,0.15280292327218967
6896,Efna5,0.7029493103072224,-0.33466512,0.15307599083731374
6897,Psat1,0.7029493103072224,-1.4116523,0.15307599083731374
6898,Timeless,0.7029493103072224,-1.5178062,0.15307599083731374
6899,Arhgap11a,0.7029493103072224,-1.5241474,0.15307599083731374
6900,Igip,0.7029493103072224,-1.4814641,0.15307599083731374
6901,Exoc6,0.7029493103072224,-1.4812232,0.15307599083731374
6902,Cnnm4,0.7020653591752227,-1.5886409,0.15362245509550088
6903,Ddx54,0.7020653591752227,-0.36467987,0.15362245509550088
6904,Agap1,0.7020653591752227,-0.73522305,0.15362245509550088
6905,Cnst,0.7020653591752227,-1.5432435,0.15362245509550088
6906,Osbpl7,0.7020653591752227,-1.5385066,0.15362245509550088
6907,Rogdi,0.7020653591752227,-1.5573099,0.15362245509550088
6908,Eif2s3x,0.7011818109124858,-0.8065692,0.1541693582981447
6909,Zfyve27,0.7011818109124858,-0.67563623,0.1541693582981447
6910,Oxsm,0.7011818109124858,-1.699603,0.1541693582981447
6911,Abcb10,0.7011818109124858,-1.7584178,0.1541693582981447
6912,Wdr41,0.7011818109124858,-1.6709151,0.1541693582981447
6913,Exoc5,0.7011818109124858,-0.1832558,0.1541693582981447
6914,Ulk1,0.7011818109124858,-1.7366978,0.1541693582981447
6915,Akr1b8,0.7011818109124858,-1.7125466,0.1541693582981447
6916,Topors,0.7007401881917092,-0.40610686,0.15444297454381742
6917,Tnfrsf21,0.7002986665895858,-0.5398178,0.15471670057380815
6918,RP23-444K20.4,0.7002986665895858,-1.7721231,0.15471670057380815
6919,Ttc33,0.7002986665895858,-0.7974119,0.15471670057380815
6920,Pla2g15,0.6998572462396817,-0.4941173,0.15499053640417243
6921,RP23-307M2.1,0.6994159272754603,-2.010012,0.15526448205096008
6922,Trim37,0.6994159272754603,-2.1334615,0.15526448205096008
6923,Ddhd1,0.6994159272754603,-0.8313409,0.15526448205096008
6924,Il17d,0.6994159272754603,-1.8288004,0.15526448205096008
6925,Adgrg3,0.6994159272754603,-1.7001168,0.15526448205096008
6926,Snrnp48,0.6994159272754603,-0.4950157,0.15526448205096008
6927,Fbxl3,0.6994159272754603,-0.58849263,0.15526448205096008
6928,Cpeb3,0.6994159272754603,-0.766653,0.15526448205096008
6929,Ranbp3,0.6994159272754603,-2.2640345,0.15526448205096008
6930,Natd1,0.6994159272754603,-1.928462,0.15526448205096008
6931,Dbf4,0.6994159272754603,-1.926337,0.15526448205096008
6932,Srp54a,0.6994159272754603,-2.0004172,0.15526448205096008
6933,RP23-147K15.4,0.6994159272754603,-1.662602,0.15526448205096008
6934,Fut11,0.6994159272754603,-0.37862897,0.15526448205096008
6935,Bmper,0.6994159272754603,-1.6915002,0.15526448205096008
6936,Cep78,0.6994159272754603,-1.8957216,0.15526448205096008
6937,Tmem259,0.6994159272754603,-0.38837707,0.15526448205096008
6938,Hax1,0.6985335940374067,-2.0403917,0.15581270285797505
6939,Tenm4,0.6985335940374067,-1.8233347,0.15581270285797505
6940,Dedd,0.6985335940374067,-1.939523,0.15581270285797505
6941,Kcnd1,0.6985335940374067,-2.2236187,0.15581270285797505
6942,Zfp933,0.6985335940374067,-1.945777,0.15581270285797505
6943,Pi4kb,0.6985335940374067,-1.9177985,0.15581270285797505
6944,Fam53a,0.6985335940374067,-2.138076,0.15581270285797505
6945,Tnk2,0.6985335940374067,-1.8723089,0.15581270285797505
6946,Hcls1,0.6980925800299876,-0.63602847,0.15608697805027255
6947,Glrx,0.6980925800299876,-0.30543396,0.15608697805027255
6948,Zc3h10,0.6976516679410779,-2.5719228,0.1563613631231336
6949,Nbea,0.6976516679410779,-2.15351,0.1563613631231336
6950,Stard8,0.6976516679410779,-0.9186627,0.1563613631231336
6951,Smg9,0.6976516679410779,-2.3055077,0.1563613631231336
6952,Nceh1,0.6976516679410779,-2.3474383,0.1563613631231336
6953,Pias4,0.6976516679410779,-2.4437625,0.1563613631231336
6954,March1,0.6976516679410779,-2.2092495,0.1563613631231336
6955,Sgsh,0.6976516679410779,-0.8608009,0.1563613631231336
6956,Gpaa1,0.6976516679410779,-2.0930567,0.1563613631231336
6957,Qsox1,0.6972108579036266,-0.49884415,0.15663585809257857
6958,Tpst1,0.6967701500504797,-2.2203932,0.15691046297462183
6959,Slc29a3,0.6967701500504797,-0.44981068,0.15691046297462183
6960,RP23-47M24.3,0.6963295445143796,-0.6228473,0.1571851777852722
6961,Srsf3,0.6963295445143796,-0.13733137,0.1571851777852722
6962,Zfp62,0.6958890414279656,-0.32511494,0.1574600025405321
6963,RP24-270A10.4,0.6958890414279656,-2.6820865,0.1574600025405321
6964,Osbpl5,0.6958890414279656,-2.5691712,0.1574600025405321
6965,Palm2,0.6958890414279656,-0.5586022,0.1574600025405321
6966,Asb7,0.6958890414279656,-1.031567,0.1574600025405321
6967,Srf,0.695008343134234,-0.58291787,0.1580099819488626
6968,Cped1,0.695008343134234,-0.30246875,0.1580099819488626
6969,Csgalnact2,0.6945681481916763,-0.52860254,0.1582851366339091
6970,Lbh,0.6945681481916763,-0.24235772,0.1582851366339091
6971,Sorl1,0.6941280562283242,-0.74332297,0.15856040132751736
6972,Ppp1r7,0.6941280562283242,-0.42716736,0.15856040132751736
6973,Cdca8,0.6941280562283242,-0.6040713,0.15856040132751736
6974,Tlcd2,0.6932481817676125,-0.61051327,0.15911126080430663
6975,Arfip1,0.6932481817676125,-0.86336124,0.15911126080430663
6976,Rpl38,0.6928083995341804,-0.043587063,0.15938685561941676
6977,Ctif,0.6923687208078086,-1.084476,0.1596625605069467
6978,Mtx1,0.6923687208078086,-1.0326039,0.1596625605069467
6979,Gga2,0.6923687208078086,-1.0884056,0.1596625605069467
6980,E2f2,0.6923687208078086,-1.2971474,0.1596625605069467
6981,Sec61g,0.6923687208078086,-0.66453,0.1596625605069467
6982,Ndrg3,0.6919291457201998,-0.5909075,0.1599383754828464
6983,Kif1c,0.6914896744029521,-1.168312,0.16021430056305985
6984,Hsd11b1,0.6906110436054083,-0.6654162,0.16076648110017455
6985,Ube2j2,0.6906110436054083,-0.6102144,0.16076648110017455
6986,Cryzl1,0.6906110436054083,-1.2862557,0.16076648110017455
6987,Hyou1,0.6906110436054083,-0.5879539,0.16076648110017455
6988,Wdr44,0.6906110436054083,-1.2371125,0.16076648110017455
6989,Esyt2,0.6906110436054083,-0.30587578,0.16076648110017455
6990,Wwp2,0.6906110436054083,-0.9880798,0.16076648110017455
6991,Cpsf3,0.6906110436054083,-0.6795792,0.16076648110017455
6992,Vps26b,0.6906110436054083,-0.68739593,0.16076648110017455
6993,RP23-32L21.4,0.6906110436054083,-1.2224922,0.16076648110017455
6994,Capza2,0.6901718843877841,-0.20630254,0.1610427365889346
6995,Plxna1,0.6901718843877841,-0.66045696,0.1610427365889346
6996,Napg,0.6897328294658649,-0.63200134,0.16131910224572554
6997,Kit,0.6888550330333282,-1.4144263,0.1618721641270538
6998,Rab44,0.6888550330333282,-1.4043571,0.1618721641270538
6999,Slc25a3,0.6884162917845411,-0.25083822,0.1621488603834028
7000,Brip1os,0.6879776553551196,-0.6031501,0.16242566687140628
7001,Reep3,0.6879776553551196,-0.16708688,0.16242566687140628
7002,Mtmr2,0.6879776553551196,-1.3324395,0.16242566687140628
7003,Meis2,0.6875391238757145,-0.7275149,0.1627025836069558
7004,Pdzd8,0.6875391238757145,-0.12416493,0.1627025836069558
7005,Gyg,0.6871006974768716,-1.5398551,0.1629796106059365
7006,Rbbp8,0.6871006974768716,-0.77017665,0.1629796106059365
7007,Tril,0.6871006974768716,-1.3306652,0.1629796106059365
7008,Nmt2,0.6871006974768716,-1.3686411,0.1629796106059365
7009,Dennd4a,0.6871006974768716,-0.36698776,0.1629796106059365
7010,Fam160b1,0.6871006974768716,-0.38651323,0.1629796106059365
7011,Baz2a,0.6871006974768716,-0.62281126,0.1629796106059365
7012,Wdr45,0.6871006974768716,-1.3413259,0.1629796106059365
7013,Rab27a,0.6871006974768716,-1.5473086,0.1629796106059365
7014,Ncl,0.6871006974768716,-0.17336619,0.1629796106059365
7015,Thoc3,0.6862241604425243,-0.51606035,0.16353399545770433
7016,Rnaseh2c,0.6862241604425243,-0.31813353,0.16353399545770433
7017,Tcf3,0.6862241604425243,-0.8019941,0.16353399545770433
7018,Eno1,0.6862241604425243,-0.5692897,0.16353399545770433
7019,Gmcl1,0.6862241604425243,-1.4665335,0.16353399545770433
7020,Tcea1,0.6857860500675811,-0.15354386,0.16381135334223293
7021,Qser1,0.6853480452943219,-0.8270982,0.16408882155367588
7022,H2-Aa,0.6853480452943219,-0.8383599,0.16408882155367588
7023,Ept1,0.6849101462527618,-0.7786588,0.16436640010788936
7024,Efr3a,0.6849101462527618,-0.45123646,0.16436640010788936
7025,Gadd45g,0.6844723530728091,-0.276443,0.1646440890207237
7026,Nfatc1,0.6844723530728091,-1.613468,0.1646440890207237
7027,Hibadh,0.6844723530728091,-0.44714713,0.1646440890207237
7028,Kpnb1,0.6844723530728091,-0.35453853,0.1646440890207237
7029,Extl2,0.6844723530728091,-1.1113094,0.1646440890207237
7030,Ankrd12,0.683597084816827,-0.17839763,0.1651997979856268
7031,Efemp2,0.683597084816827,-0.2532662,0.1651997979856268
7032,Zeb1,0.683597084816827,-1.563182,0.1651997979856268
7033,Wapl,0.683597084816827,-0.35164604,0.1651997979856268
7034,Psmd1,0.683597084816827,-0.24278581,0.1651997979856268
7035,Spopl,0.6831596100000814,-0.5051202,0.16547781806936693
7036,Prr3,0.6818478243482828,-1.6714057,0.1663125409156475
7037,Tln2,0.6818478243482828,-0.25478312,0.1663125409156475
7038,Fam13c,0.6818478243482828,-0.9667545,0.1663125409156475
7039,Vtn,0.6818478243482828,-1.7600893,0.1663125409156475
7040,Mapre1,0.6818478243482828,-0.3868507,0.1663125409156475
7041,Gapvd1,0.6814107758280541,-0.21376199,0.1665910027821452
7042,Atp6v1b2,0.6809738342048549,-0.46912983,0.16686957513385572
7043,Piezo1,0.6809738342048549,-1.0728054,0.16686957513385572
7044,Ppp6r1,0.6809738342048549,-0.58872926,0.16686957513385572
7045,Snx18,0.6805369996076305,-0.18127115,0.16714825798657695
7046,Scd2,0.6805369996076305,-0.52906156,0.16714825798657695
7047,Rab1b,0.6801002721652187,-0.6396541,0.1674270513561007
7048,Zfp655,0.6796636520063499,-0.7114386,0.1677059552582129
7049,Tmem19,0.6792271392596458,-0.64049774,0.1679849697086942
7050,Nfyb,0.6792271392596458,-0.604211,0.1679849697086942
7051,Ptpra,0.6792271392596458,-0.31478348,0.1679849697086942
7052,Acadsb,0.6783544365166829,-0.4394238,0.16854333031785476
7053,Stox2,0.6783544365166829,-0.3525116,0.16854333031785476
7054,Vrk1,0.6779182467771283,-1.0047367,0.16882267650806568
7055,Map3k5,0.6774821649631482,-1.091422,0.16910213330970786
7056,Phf1,0.6770461912028238,-0.711499,0.16938170073853268
7057,Ap2a2,0.6770461912028238,-0.33470812,0.16938170073853268
7058,Msi2,0.6766103256241285,-0.6183372,0.16966137881028545
7059,Gtf2h1,0.6766103256241285,-0.6411098,0.16966137881028545
7060,Tbc1d20,0.6766103256241285,-0.62818116,0.16966137881028545
7061,Paqr8,0.6766103256241285,-1.0345477,0.16966137881028545
7062,Zbtb18,0.6757389195229755,-0.48235232,0.17022106694552627
7063,Tbc1d2b,0.6757389195229755,-0.7681848,0.17022106694552627
7064,Klhl24,0.6744326249265473,-0.21716908,0.1710614293636434
7065,Rictor,0.6739974111189777,-0.3932607,0.17134177162328793
7066,Cox20,0.6739974111189777,-0.3113914,0.17134177162328793
7067,Cd52,0.6731273108541287,-0.36073077,0.1719027884172206
7068,Zfx,0.6731273108541287,-0.68576145,0.1719027884172206
7069,RP23-65G17.3,0.6731273108541287,-1.1865708,0.1719027884172206
7070,Ubr5,0.6726924246509429,-0.2539789,0.1721834629829006
7071,Dars2,0.6726924246509429,-1.0879183,0.1721834629829006
7072,Ston1,0.6722576479031299,-0.75085306,0.17246424834864102
7073,Mfsd5,0.6722576479031299,-0.7813954,0.17246424834864102
7074,Rnaseh2b,0.6718229807374627,-1.0033816,0.1727451445301232
7075,Samd5,0.6718229807374627,-1.4458487,0.1727451445301232
7076,Slc9a3r2,0.6713884232806047,-1.0812682,0.17302615154302262
7077,Champ1,0.6713884232806047,-1.0474578,0.17302615154302262
7078,Tmem18,0.6709539756591092,-1.5113065,0.1733072694030089
7079,Zfp277,0.6709539756591092,-1.3925339,0.1733072694030089
7080,Msrb1,0.6709539756591092,-0.2550876,0.1733072694030089
7081,Fmo1,0.6709539756591092,-0.45327267,0.1733072694030089
7082,Snf8,0.6700854104278703,-0.187183,0.1738698377268916
7083,Rgs2,0.6700854104278703,-0.3336487,0.1738698377268916
7084,Sumf1,0.6700854104278703,-1.3871552,0.1738698377268916
7085,Sh2d4a,0.6700854104278703,-1.5545509,0.1738698377268916
7086,Kti12,0.6700854104278703,-1.4751991,0.1738698377268916
7087,Tpx2,0.6696512930706833,-0.68346953,0.1741512882220985
7088,Acaca,0.6696512930706833,-0.8392718,0.1741512882220985
7089,Ccdc71l,0.6696512930706833,-0.41273817,0.1741512882220985
7090,Cabin1,0.6696512930706833,-0.8428206,0.1741512882220985
7091,E2f8,0.6692172860539722,-1.7366806,0.1744328496270127
7092,C1rl,0.6692172860539722,-1.5556816,0.1744328496270127
7093,Txnrd1,0.6692172860539722,-0.44030818,0.1744328496270127
7094,Elmsan1,0.6687833895037395,-1.1655173,0.17471452195727508
7095,Ap3b1,0.6687833895037395,-0.6275601,0.17471452195727508
7096,Fam105a,0.6687833895037395,-0.78431493,0.17471452195727508
7097,Prune,0.668349603545877,-1.5357454,0.1749963052285205
7098,Ptgs1,0.668349603545877,-1.7199224,0.1749963052285205
7099,Slc2a10,0.668349603545877,-1.4418336,0.1749963052285205
7100,Zmiz1,0.6679159283061668,-0.31304651,0.17527819945637776
7101,Dpp8,0.6679159283061668,-0.78121644,0.17527819945637776
7102,Tubgcp3,0.6679159283061668,-0.9185737,0.17527819945637776
7103,Mfsd14a,0.6679159283061668,-0.5704597,0.17527819945637776
7104,Fbxo7,0.6674823639102789,-1.9304242,0.17556020465647032
7105,Cyp4f16,0.6674823639102789,-1.6557506,0.17556020465647032
7106,Vipas39,0.6674823639102789,-1.7576406,0.17556020465647032
7107,Chaf1a,0.6674823639102789,-1.7999368,0.17556020465647032
7108,Clec5a,0.6674823639102789,-1.8473604,0.17556020465647032
7109,Tmem160,0.6674823639102789,-0.26002845,0.17556020465647032
7110,Cpne2,0.6674823639102789,-1.7647083,0.17556020465647032
7111,Hsdl1,0.6674823639102789,-1.7593898,0.17556020465647032
7112,Dgcr2,0.6670489104837736,-1.3599464,0.1758423208444157
7113,Vps39,0.6666155681521,-1.9933628,0.17612454803582525
7114,Ino80c,0.6666155681521,-1.7985617,0.17612454803582525
7115,Zfp866,0.6661823370405959,-0.7815577,0.17640688624630504
7116,Cdk5rap2,0.6657492172744883,-1.8423948,0.1766893354914551
7117,RP23-85H24.1,0.6657492172744883,-1.8139015,0.1766893354914551
7118,Cdca3,0.6657492172744883,-1.962482,0.1766893354914551
7119,Hoxa5,0.665316208978893,-0.5852546,0.17697189578686953
7120,Romo1,0.665316208978893,-0.18073307,0.17697189578686953
7121,March6,0.665316208978893,-0.66502243,0.17697189578686953
7122,Heatr3,0.665316208978893,-0.9665205,0.17697189578686953
7123,Timp4,0.6648833122788138,-1.9645249,0.17725456714813706
7124,Atp8a1,0.6648833122788138,-1.9737462,0.17725456714813706
7125,Clip2,0.6648833122788138,-0.5183274,0.17725456714813706
7126,Cep120,0.6648833122788138,-1.9663745,0.17725456714813706
7127,Ptpn1,0.6648833122788138,-0.28061676,0.17725456714813706
7128,Thap4,0.6648833122788138,-2.1779783,0.17725456714813706
7129,Mak16,0.6644505272991438,-0.87293565,0.1775373495908403
7130,Slc2a8,0.6640178541646642,-2.028032,0.17782024313055614
7131,Taf13,0.6640178541646642,-2.401876,0.17782024313055614
7132,Heg1,0.6640178541646642,-1.1538378,0.17782024313055614
7133,Myg1,0.6640178541646642,-2.2365148,0.17782024313055614
7134,Cdkal1,0.6640178541646642,-2.0113297,0.17782024313055614
7135,Xpo6,0.6635852930000448,-0.9770193,0.17810324778285563
7136,Zfp318,0.6635852930000448,-0.6102345,0.17810324778285563
7137,Slc4a7,0.6635852930000448,-0.5468426,0.17810324778285563
7138,Dync2h1,0.6631528439298433,-0.4759659,0.17838636356330415
7139,Prrc2c,0.6631528439298433,-0.08942859,0.17838636356330415
7140,Tesk1,0.6631528439298433,-2.274798,0.17838636356330415
7141,Smarce1,0.6631528439298433,-0.33605435,0.17838636356330415
7142,Vdac1,0.6627205070785057,-0.29836488,0.17866959048746126
7143,Foxn2,0.6627205070785057,-0.6153362,0.17866959048746126
7144,Ube2q1,0.6627205070785057,-0.45039216,0.17866959048746126
7145,Ccdc88c,0.6622882825703662,-2.5636272,0.17895292857088066
7146,Etfdh,0.6622882825703662,-2.1964726,0.17895292857088066
7147,Ptch1,0.6622882825703662,-0.43922678,0.17895292857088066
7148,Tmem234,0.6618561705296466,-0.20625351,0.1792363778291104
7149,Srsf10,0.6618561705296466,-0.50411266,0.1792363778291104
7150,Khsrp,0.6614241710804567,-0.30040503,0.17951993827769272
7151,RP23-307F3.6,0.6614241710804567,-2.4675152,0.17951993827769272
7152,Xdh,0.6614241710804567,-0.6835447,0.17951993827769272
7153,Dapp1,0.6614241710804567,-2.7241423,0.17951993827769272
7154,Lamb2,0.6609922843467941,-0.41648164,0.17980360993216393
7155,B4galt3,0.6609922843467941,-1.0412081,0.17980360993216393
7156,Oser1,0.6605605104525438,-0.5929187,0.1800873928080548
7157,Usp47,0.6605605104525438,-0.40315685,0.1800873928080548
7158,Rpl10a-ps1,0.6601288495214787,-1.1472955,0.18037128692089013
7159,Id4,0.6601288495214787,-0.21594997,0.18037128692089013
7160,Clcn3,0.6601288495214787,-1.1615559,0.18037128692089013
7161,Cpsf6,0.6592658670434313,-0.19233887,0.18093940891946458
7162,Hsd17b12,0.6584033379005796,-0.625006,0.1815079760519709
7163,Mboat7,0.6584033379005796,-1.2125305,0.1815079760519709
7164,Haus2,0.6579722436380858,-1.1608803,0.18179242658219927
7165,Cuedc1,0.6579722436380858,-0.8485648,0.18179242658219927
7166,Zfp131,0.6575412630790453,-0.29865277,0.18207698844240006
7167,Sem1,0.6575412630790453,-0.13876468,0.18207698844240006
7168,Plekha1,0.6575412630790453,-1.1551759,0.18207698844240006
7169,Mrps30,0.6575412630790453,-1.1446954,0.18207698844240006
7170,Dynll2,0.6575412630790453,-0.5194632,0.18207698844240006
7171,Wipf2,0.6575412630790453,-0.8061396,0.18207698844240006
7172,Trappc10,0.6566796435631401,-0.44839495,0.18264644621465112
7173,Pink1,0.6566796435631401,-1.28678,0.18264644621465112
7174,Fgfr3,0.6566796435631401,-1.3326764,0.18264644621465112
7175,Hoxb3,0.6566796435631401,-1.4280524,0.18264644621465112
7176,Prkcsh,0.6562490048519006,-0.31969735,0.1829313421576529
7177,Nid2,0.6549577743763998,-0.81346893,0.18378669839975223
7178,Lsp1,0.6549577743763998,-0.29815513,0.18378669839975223
7179,Mospd3,0.6540975266651121,-1.422473,0.1843574930599389
7180,Napa,0.6540975266651121,-0.48316643,0.1843574930599389
7181,Mrpl10,0.6540975266651121,-1.3339508,0.1843574930599389
7182,Prrc1,0.6536675749577439,-0.35406128,0.1846430575860007
7183,Triobp,0.6532377381785428,-1.6878554,0.1849287335966203
7184,Cfp,0.6532377381785428,-1.5479387,0.1849287335966203
7185,Pcmtd2,0.6532377381785428,-0.43182322,0.1849287335966203
7186,G2e3,0.6532377381785428,-0.7493214,0.1849287335966203
7187,Fzd5,0.6532377381785428,-0.2002505,0.1849287335966203
7188,Map2k5,0.6523784098919083,-1.3735046,0.18550042013323434
7189,Afg3l2,0.6523784098919083,-1.517129,0.18550042013323434
7190,Sap18,0.6523784098919083,-0.8018541,0.18550042013323434
7191,Crot,0.6515195427785963,-0.60428894,0.18607255279312696
7192,Tubb2a,0.6515195427785963,-1.512862,0.18607255279312696
7193,Ripk1,0.6515195427785963,-0.6111825,0.18607255279312696
7194,Mbd5,0.6515195427785963,-1.6133941,0.18607255279312696
7195,Nedd4l,0.6506611378101623,-1.6416105,0.18664513169955194
7196,Mapkapk3,0.6506611378101623,-1.6845474,0.18664513169955194
7197,Wwtr1,0.6506611378101623,-0.75123173,0.18664513169955194
7198,Nfatc4,0.6502321089333841,-0.91788,0.18693158853370578
7199,Fem1a,0.6502321089333841,-0.9373456,0.18693158853370578
7200,Kcnip3,0.6498031959563273,-1.5672256,0.1872181569756712
7201,Gpat4,0.6498031959563273,-0.67091393,0.1872181569756712
7202,Samd8,0.6493743989999194,-0.45234093,0.1875048370408292
7203,Eea1,0.6493743989999194,-0.14682075,0.1875048370408292
7204,Sp3os,0.6493743989999194,-1.0072621,0.1875048370408292
7205,Ogfr,0.6493743989999194,-0.9666611,0.1875048370408292
7206,Txndc16,0.6493743989999194,-0.95228964,0.1875048370408292
7207,Psmd2,0.6489457181849737,-0.63686675,0.18779162874455468
7208,Slirp,0.6476603737953067,-0.47238615,0.18865267384080228
7209,Pds5b,0.6472321587520311,-0.30882144,0.18893991225243473
7210,Ndrg1,0.6472321587520311,-0.68995064,0.18893991225243473
7211,Pck2,0.6468040604525513,-1.0259353,0.1892272623794245
7212,Gbe1,0.6468040604525513,-1.0094767,0.1892272623794245
7213,Mcc,0.6468040604525513,-0.9800241,0.1892272623794245
7214,Fzd7,0.6468040604525513,-1.0073321,0.1892272623794245
7215,Mocs2,0.6463760790169881,-0.25886214,0.18951472423711196
7216,Abi2,0.6459482145653457,-0.4942969,0.18980229784083227
7217,Stxbp5,0.6459482145653457,-1.0685099,0.18980229784083227
7218,Zdhhc20,0.6459482145653457,-0.32115477,0.18980229784083227
7219,Arl14ep,0.6459482145653457,-1.0434695,0.18980229784083227
7220,Plekhf2,0.6459482145653457,-1.1661638,0.18980229784083227
7221,Uso1,0.6455204672175126,-0.42223948,0.1900899832059147
7222,Brd2,0.6455204672175126,-0.25430945,0.1900899832059147
7223,RP24-482A24.5,0.6446653243122492,-0.3114826,0.19066568928145394
7224,Atrnl1,0.6442379289940159,-0.56637543,0.1909537100225407
7225,Nus1,0.643810651257986,-0.33616957,0.19124184258624907
7226,Tet2,0.6429564490096517,-0.9848654,0.19181844324272743
7227,Ythdf1,0.6429564490096517,-0.51807857,0.19181844324272743
7228,Brwd3,0.6425295247356133,-1.1982594,0.19210691136608163
7229,Ncoa6,0.6421027185203112,-0.87890416,0.19239549137322534
7230,Nudt3,0.6408230094146523,-0.50692385,0.19326190285014344
7231,Clic4,0.6403966766215414,-0.18806168,0.19355093054516595
7232,Ndufb7,0.6403966766215414,-0.24416734,0.19355093054516595
7233,Xpr1,0.6395443671089014,-0.7402257,0.1941293218308231
7234,Cdc6,0.6395443671089014,-1.0161042,0.1941293218308231
7235,Zbtb11,0.6395443671089014,-0.7344835,0.1941293218308231
7236,Parp12,0.639118390625768,-1.2994288,0.19441868545195035
7237,Gng2,0.6386925331488277,-1.4984232,0.1947081610789288
7238,Fgd4,0.6386925331488277,-0.7245911,0.1947081610789288
7239,Aftph,0.6386925331488277,-0.49837548,0.1947081610789288
7240,Nckap1l,0.6386925331488277,-1.3625927,0.1947081610789288
7241,Ago3,0.6378411756850262,-0.38044372,0.19528744841136178
7242,Rfesd,0.6378411756850262,-1.561766,0.19528744841136178
7243,Mapre2,0.6378411756850262,-0.9504739,0.19528744841136178
7244,Otulin,0.6378411756850262,-0.8220366,0.19528744841136178
7245,Mex3d,0.6374156759336215,-1.7090753,0.19557726014726298
7246,Anapc15,0.6374156759336215,-1.3403785,0.19557726014726298
7247,Neat1,0.6374156759336215,-0.20728153,0.19557726014726298
7248,Nit1,0.6369902956593219,-1.6544341,0.19586718394990932
7249,Rnf114,0.6369902956593219,-0.78077424,0.19586718394990932
7250,Ncapg2,0.6369902956593219,-1.6732157,0.19586718394990932
7251,Hdac4,0.6365650349795613,-1.27659,0.19615721983450968
7252,Dnah8,0.6361398940116556,-1.5797104,0.1964473678162676
7253,Zfp81,0.6361398940116556,-0.83294624,0.1964473678162676
7254,Slain2,0.6361398940116556,-0.44753632,0.1964473678162676
7255,Rtca,0.6352899716800817,-1.6672133,0.19702800013204144
7256,Dmap1,0.6352899716800817,-1.687366,0.19702800013204144
7257,Ipo5,0.6352899716800817,-0.90346104,0.19702800013204144
7258,Ugp2,0.6352899716800817,-0.56878686,0.19702800013204144
7259,Stom,0.6344405296007649,-2.0981638,0.1976090810187444
7260,Hoxb8,0.6344405296007649,-1.77493,0.1976090810187444
7261,Mon1b,0.6335915687079768,-1.8874831,0.19819061059779902
7262,Lrig3,0.6335915687079768,-0.88213664,0.19819061059779902
7263,Atg13,0.6335915687079768,-1.85257,0.19819061059779902
7264,AC166332.1,0.6335915687079768,-0.8081524,0.19819061059779902
7265,Hist1h1a,0.6335915687079768,-1.919919,0.19819061059779902
7266,Ar,0.6331672689979729,-0.16004269,0.19848154368487775
7267,Itfg1,0.632743089934094,-0.65261394,0.19877258899053657
7268,Slmap,0.632743089934094,-1.0605506,0.19877258899053657
7269,Zfp740,0.632743089934094,-0.5536175,0.19877258899053657
7270,Prkci,0.632743089934094,-0.8967768,0.19877258899053657
7271,Blzf1,0.632743089934094,-1.920662,0.19877258899053657
7272,Atad5,0.632743089934094,-2.1443062,0.19877258899053657
7273,Tor1aip2,0.632743089934094,-0.6619845,0.19877258899053657
7274,Btg3,0.6318950942095942,-2.3161228,0.19935501631819738
7275,Hmg20a,0.6318950942095942,-0.8487926,0.19935501631819738
7276,Tra2a,0.6318950942095942,-0.55657077,0.19935501631819738
7277,Ppp1r18,0.6318950942095942,-0.5949427,0.19935501631819738
7278,Git2,0.6318950942095942,-1.0182683,0.19935501631819738
7279,Naa40,0.6318950942095942,-2.1725893,0.19935501631819738
7280,Stk39,0.6318950942095942,-1.083183,0.19935501631819738
7281,Uqcc2,0.631047582463054,-0.38255608,0.19993789270193066
7282,Foxp1,0.631047582463054,-0.17811021,0.19993789270193066
7283,Zbtb22,0.631047582463054,-1.9706744,0.19993789270193066
7284,RP23-3J8.1,0.631047582463054,-1.0578172,0.19993789270193066
7285,Hsph1,0.631047582463054,-2.2060673,0.19993789270193066
7286,Acbd3,0.6306240083711783,-0.2745962,0.20022949932765882
7287,Me1,0.6302005556211459,-2.3441765,0.20052121826279462
7288,Fkrp,0.6302005556211459,-2.3634608,0.20052121826279462
7289,Smpd2,0.6302005556211459,-2.5427353,0.20052121826279462
7290,Iqce,0.6302005556211459,-2.224827,0.20052121826279462
7291,Usp46,0.6302005556211459,-2.2721336,0.20052121826279462
7292,Deptor,0.6302005556211459,-0.4398592,0.20052121826279462
7293,Svip,0.6293540146086348,-1.1534345,0.20110499312175661
7294,RP23-23C9.4,0.6293540146086348,-2.3024094,0.20110499312175661
7295,RP23-187N1.1,0.6285079603483765,-2.5822327,0.20168921739969292
7296,Ccdc71,0.6285079603483765,-2.6697478,0.20168921739969292
7297,Plcl2,0.6285079603483765,-2.9649065,0.20168921739969292
7298,Ubr3,0.6285079603483765,-0.62879187,0.20168921739969292
7299,Pgd,0.6285079603483765,-0.30067,0.20168921739969292
7300,RP24-271M20.3,0.6276623937613136,-2.9857755,0.202273891217389
7301,Psmg3,0.6276623937613136,-1.1068445,0.202273891217389
7302,Pcna,0.6276623937613136,-0.73982424,0.202273891217389
7303,Aars,0.6276623937613136,-0.76047397,0.202273891217389
7304,Samm50,0.6272397936325012,-0.8042167,0.2025663967413677
7305,Rnf20,0.6272397936325012,-0.7632203,0.2025663967413677
7306,Lig1,0.6268173157664729,-0.82317156,0.20285901469553974
7307,Arhgef40,0.6268173157664729,-1.1681135,0.20285901469553974
7308,Ifi27l2a,0.6263949602778075,-0.7703598,0.2031517450949778
7309,Serpina12,0.6263949602778075,-0.46489528,0.2031517450949778
7310,Ddx5,0.6263949602778075,-0.052691266,0.2031517450949778
7311,Mepce,0.6255506168902791,-0.7542802,0.2037375432899142
7312,Itpkb,0.6251286292199725,-1.248282,0.20403061111552967
7313,RP24-95O4.1,0.6251286292199725,-0.8488799,0.20403061111552967
7314,Pknox1,0.6251286292199725,-1.3458889,0.20403061111552967
7315,Hmgn5,0.6251286292199725,-1.3685554,0.20403061111552967
7316,Rabgef1,0.6251286292199725,-1.3293499,0.20403061111552967
7317,Pofut1,0.6251286292199725,-1.2755194,0.20403061111552967
7318,Toporsos,0.6251286292199725,-1.317975,0.20403061111552967
7319,Impact,0.6242850224967638,-0.40926108,0.2046170842983046
7320,Ttyh3,0.6238634036716959,-0.82559633,0.20491048968554706
7321,Nfix,0.6234419080226741,-0.2533371,0.20520400762340554
7322,Dnajb12,0.6234419080226741,-1.3486811,0.20520400762340554
7323,Atl3,0.6234419080226741,-0.8489716,0.20520400762340554
7324,Irak2,0.6234419080226741,-1.3865126,0.20520400762340554
7325,Prrc2b,0.6230205356633143,-0.20374116,0.20549763812690708
7326,Afg3l1,0.6225992867071111,-0.4944171,0.20579138121107354
7327,Gtf3c1,0.6225992867071111,-0.9246156,0.20579138121107354
7328,Ppcdc,0.6217571594575493,-1.3726873,0.20637920518145972
7329,Arl5b,0.6213362813905762,-0.8472063,0.20667328609769423
7330,RP23-22A15.2,0.6213362813905762,-0.28933853,0.20667328609769423
7331,Amotl2,0.6213362813905762,-0.28250706,0.20667328609769423
7332,Lrif1,0.6209155271795295,-0.65068525,0.20696747965462386
7333,Pitpnb,0.6209155271795295,-0.6102212,0.20696747965462386
7334,Uchl5,0.6200743907766539,-0.96778953,0.2075562047505358
7335,Arpp19,0.6200743907766539,-0.32743642,0.2075562047505358
7336,Aff4,0.6200743907766539,-0.28246874,0.2075562047505358
7337,Tead1,0.6200743907766539,-0.25839776,0.2075562047505358
7338,Slc25a28,0.6200743907766539,-1.1148437,0.2075562047505358
7339,Arl8a,0.6192337511505849,-0.6857659,0.20814538058907472
7340,Pde1a,0.6192337511505849,-0.5729284,0.20814538058907472
7341,Lpin2,0.6183936092010412,-1.358477,0.2087350072900296
7342,Nr2f2,0.6183936092010412,-1.6086271,0.2087350072900296
7343,Parp9,0.6183936092010412,-1.6122975,0.2087350072900296
7344,Ptp4a2,0.6179737251355966,-0.18484908,0.20902998975132248
7345,Eva1c,0.6175539658257962,-1.731526,0.20932508497309907
7346,2810403A07Rik,0.6167148219206748,-1.0692997,0.2099156137578912
7347,Sufu,0.6167148219206748,-0.9299585,0.2099156137578912
7348,Col5a1,0.6167148219206748,-0.22365165,0.2099156137578912
7349,Rab6a,0.6167148219206748,-0.42761847,0.2099156137578912
7350,Cnot6l,0.6162954375488222,-0.4467082,0.21021104735078625
7351,Samd9l,0.6154570445242888,-0.398477,0.2108022530122306
7352,RP23-402K24.2,0.6150380360943436,-0.39812976,0.21109802511062561
7353,Acox1,0.6150380360943436,-0.57528645,0.21109802511062561
7354,Pmpcb,0.6150380360943436,-1.6575216,0.21109802511062561
7355,Cyfip1,0.6150380360943436,-0.44547313,0.21109802511062561
7356,Rangap1,0.6150380360943436,-1.0729462,0.21109802511062561
7357,Chsy1,0.6150380360943436,-0.40056124,0.21109802511062561
7358,Pgap2,0.6142003959550175,-1.1458517,0.21168990791733322
7359,Slc44a1,0.6125266256640645,-0.6370078,0.21287502838766711
7360,Ndufb8,0.6125266256640645,-0.337715,0.21287502838766711
7361,Fbxo22,0.6121084983176328,-0.98592085,0.2131715908539697
7362,Cbx1,0.6116904972825594,-0.5258076,0.21346826628951818
7363,Senp6,0.6116904972825594,-0.3342253,0.21346826628951818
7364,Scyl3,0.6116904972825594,-1.1591036,0.21346826628951818
7365,Pdpr,0.6116904972825594,-2.4198477,0.21346826628951818
7366,Oard1,0.6116904972825594,-1.1074123,0.21346826628951818
7367,Socs5,0.6108548745871736,-1.1142368,0.21406195612782528
7368,RP23-253N17.1,0.6108548745871736,-0.7971142,0.21406195612782528
7369,Epas1,0.6108548745871736,-0.08571363,0.21406195612782528
7370,Map3k7,0.6100197584580498,-0.7355899,0.21465609802147576
7371,Rbp1,0.6100197584580498,-0.42408302,0.21465609802147576
7372,Elk3,0.6100197584580498,-1.0598056,0.21465609802147576
7373,Zfp729a,0.6100197584580498,-1.1960231,0.21465609802147576
7374,Atp6v1c1,0.6091851497733587,-0.8395592,0.21525069208926736
7375,RP24-353D23.1,0.6091851497733587,-0.79612356,0.21525069208926736
7376,Spry2,0.6083510494092966,-1.0911139,0.21584573844990773
7377,Klf10,0.6075174582400831,-0.6695101,0.21644123722201483
7378,St8sia4,0.6075174582400831,-0.89595693,0.21644123722201483
7379,Zc3h12a,0.6066843771379579,-0.8735261,0.21703718852411674
7380,Rad18,0.6062680281340864,-1.5731062,0.2173353339109313
7381,Rngtt,0.6062680281340864,-1.4660323,0.2173353339109313
7382,Cacfd1,0.6062680281340864,-1.5270655,0.2173353339109313
7383,Herc4,0.6058518069731786,-0.8472223,0.2176335924746521
7384,Pparg,0.6058518069731786,-0.5010939,0.2176335924746521
7385,Tmem87b,0.605019748614019,-0.6463867,0.21823044919196954
7386,Ammecr1l,0.605019748614019,-0.5221115,0.21823044919196954
7387,RP24-88B13.7,0.6046039116323387,-1.7425766,0.21852904737513104
7388,Zbed3,0.6046039116323387,-1.7243507,0.21852904737513104
7389,Mid2,0.6046039116323387,-1.7268091,0.21852904737513104
7390,G3bp2,0.6046039116323387,-0.3300841,0.21852904737513104
7391,Copg2,0.6046039116323387,-1.7322167,0.21852904737513104
7392,Tug1,0.6046039116323387,-0.3877652,0.21852904737513104
7393,Lockd,0.6046039116323387,-1.6840119,0.21852904737513104
7394,Flot2,0.6041882029267653,-0.5536772,0.21882775879432823
7395,Mcm4,0.6041882029267653,-0.73863757,0.21882775879432823
7396,Rapgef2,0.6041882029267653,-0.91475296,0.21882775879432823
7397,Dennd6a,0.6037726226052738,-0.5326422,0.2191265834643295
7398,Rac3,0.6029418475458133,-1.9233158,0.21972457261579012
7399,Pgm2l1,0.6029418475458133,-1.9723008,0.21972457261579012
7400,Fzd3,0.6029418475458133,-1.854145,0.21972457261579012
7401,Tecpr1,0.6025266530231714,-1.5077193,0.2200237371267582
7402,Hcfc1r1,0.6025266530231714,-0.521164,0.2200237371267582
7403,Glb1,0.6021115873152656,-1.8702356,0.2203230149475479
7404,Iws1,0.6021115873152656,-0.68339473,0.2203230149475479
7405,Atp6v1a,0.6016966505294472,-0.7817078,0.22062240609289993
7406,Kif11,0.6016966505294472,-1.0108532,0.22062240609289993
7407,Suz12,0.6016966505294472,-0.4225085,0.22062240609289993
7408,Mafg,0.6016966505294472,-0.35936475,0.22062240609289993
7409,Mycbp,0.6012818427729433,-2.126818,0.22092191057754887
7410,Bcat2,0.6012818427729433,-2.018292,0.22092191057754887
7411,Pank3,0.6012818427729433,-0.63595194,0.22092191057754887
7412,Coq9,0.6004526147761609,-2.138259,0.22152125962364944
7413,Golga3,0.6004526147761609,-0.6167704,0.22152125962364944
7414,Hivep3,0.6004526147761609,-0.6573514,0.22152125962364944
7415,Taldo1,0.6000381947497113,-0.41081265,0.22182110421454254
7416,Phldb2,0.6000381947497113,-0.2509977,0.22182110421454254
7417,Rnf14,0.6000381947497113,-0.7701827,0.22182110421454254
7418,Dcun1d3,0.5996239041802331,-2.0852091,0.22212106220361622
7419,Hmgn3,0.5996239041802331,-0.37925783,0.22212106220361622
7420,Wbp2,0.5996239041802331,-0.7235836,0.22212106220361622
7421,Arhgap32,0.5996239041802331,-2.1085591,0.22212106220361622
7422,Atp8b4,0.5996239041802331,-0.6866475,0.22212106220361622
7423,Gse1,0.5992097431743277,-0.9994817,0.22242113360557736
7424,Kbtbd11,0.5992097431743277,-0.5504011,0.22242113360557736
7425,Xpo4,0.598795711838471,-2.4627979,0.22272131843512732
7426,Trp53,0.598795711838471,-0.66502094,0.22272131843512732
7427,Prss57,0.598795711838471,-2.3814538,0.22272131843512732
7428,Pxdc1,0.5983818102790139,-1.4831265,0.2230216167069617
7429,Madd,0.5979680386021813,-2.327953,0.22332202843577081
7430,Tsc1,0.5979680386021813,-2.3218079,0.22332202843577081
7431,Rqcd1,0.5979680386021813,-2.4523108,0.22332202843577081
7432,Pcdhb17,0.5979680386021813,-2.2618527,0.22332202843577081
7433,Pax9,0.5975543969140729,-0.5914645,0.22362255363623926
7434,Xrcc1,0.5971408853206626,-2.5785425,0.22392319232304603
7435,Stxbp2,0.5971408853206626,-2.7472692,0.22392319232304603
7436,Bcl2l13,0.5971408853206626,-2.5580568,0.22392319232304603
7437,Ssrp1,0.5963142528412039,-0.41490197,0.22452481021436277
7438,Homer3,0.5963142528412039,-3.1126518,0.22452481021436277
7439,Slx1b,0.5963142528412039,-2.7696743,0.22452481021436277
7440,RP23-293K21.3,0.5963142528412039,-2.563854,0.22452481021436277
7441,RP24-100B13.1,0.5959011321664747,-1.2527648,0.2248257894482029
7442,Arpc4,0.5959011321664747,-0.465086,0.2248257894482029
7443,Tia1,0.5954881420090818,-0.3998675,0.22512688222704183
7444,Sos2,0.5950752824743704,-0.9184726,0.22542808856553057
7445,Zfp358,0.5950752824743704,-1.2976985,0.22542808856553057
7446,Osbpl8,0.5950752824743704,-0.48658827,0.22542808856553057
7447,RP23-74O4.1,0.5950752824743704,-0.67400837,0.22542808856553057
7448,Taf2,0.5942499556937397,-1.4768751,0.22603084198003462
7449,AC165086.3,0.5942499556937397,-1.2583888,0.22603084198003462
7450,Mmgt1,0.593425152664819,-1.3286575,0.2266340498088131
7451,Bckdk,0.593425152664819,-1.2103746,0.2266340498088131
7452,Mrfap1,0.593012947819271,-0.2779916,0.22693582416512412
7453,Rassf1,0.5926008742258234,-0.8358897,0.22723771216887526
7454,Sh3pxd2b,0.5921889319889371,-0.58447033,0.2275397138346786
7455,Tpm3-rs7,0.5917771212129461,-0.5587857,0.2278418291771411
7456,Glrx2,0.5917771212129461,-0.54564303,0.2278418291771411
7457,Frmd4b,0.5917771212129461,-1.3925003,0.2278418291771411
7458,Rbm14,0.5913654420020586,-0.9704129,0.22814405821086362
7459,Stk25,0.5909538944603554,-1.5283161,0.22844640095044183
7460,Smim1,0.5909538944603554,-1.1268791,0.22844640095044183
7461,Slc16a7,0.5905424786917908,-1.0706893,0.22874885741046572
7462,Rpe,0.5905424786917908,-0.6983853,0.22874885741046572
7463,Scaf4,0.5901311948001919,-1.1913999,0.22905142760551994
7464,Wfdc17,0.5901311948001919,-1.6564462,0.22905142760551994
7465,Tax1bp1,0.5897200428892597,-0.1753542,0.22935411155018312
7466,Cask,0.5893090230625674,-0.83466136,0.22965690925902885
7467,Gys1,0.5893090230625674,-1.5076728,0.22965690925902885
7468,Mmp23,0.5893090230625674,-0.45992693,0.22965690925902885
7469,AC129188.1,0.5888981354235616,-1.0742301,0.22995982074662485
7470,Frs2,0.5884873800755617,-0.6651262,0.2302628460275334
7471,Atf7,0.5884873800755617,-0.40775675,0.2302628460275334
7472,Ptpn18,0.5884873800755617,-0.552281,0.2302628460275334
7473,Mpp6,0.5884873800755617,-1.6376865,0.2302628460275334
7474,Pirb,0.5884873800755617,-1.512641,0.2302628460275334
7475,Gpx1,0.5880767571217598,-0.2201298,0.2305659851163113
7476,Lmbrd1,0.5876662666652207,-0.42185214,0.23086923802750978
7477,Gxylt1,0.5876662666652207,-0.65460086,0.23086923802750978
7478,Ppt1,0.5876662666652207,-0.5516323,0.23086923802750978
7479,Xpc,0.5868456836555547,-0.8296765,0.23147608537534511
7480,Eif3d,0.5868456836555547,-0.452051,0.23147608537534511
7481,Get4,0.5868456836555547,-1.6014216,0.23147608537534511
7482,Arl6ip4,0.5868456836555547,-0.61064744,0.23147608537534511
7483,Cmc1,0.5864355913079204,-1.1031414,0.23177967984105685
7484,Ociad1,0.5864355913079204,-0.5570379,0.23177967984105685
7485,Atad2,0.586025631868535,-0.45718125,0.23208338818733848
7486,Hexa,0.5856158054398258,-0.37689653,0.23238721042871352
7487,Lasp1,0.585206112124093,-0.32958975,0.2326911465796999
7488,RP24-546N2.2,0.585206112124093,-1.5205703,0.2326911465796999
7489,Cox7c,0.585206112124093,-0.21128115,0.2326911465796999
7490,Cenpc1,0.5847965520235088,-1.106048,0.23299519665481003
7491,Taok1,0.5847965520235088,-0.20595255,0.23299519665481003
7492,Ndufs2,0.5843871252401175,-0.4422125,0.23329936066855095
7493,Ankle2,0.5843871252401175,-0.45228207,0.23329936066855095
7494,Ptpn6,0.5839778318758357,-0.62778586,0.23360363863542397
7495,Elmod2,0.5839778318758357,-1.1265262,0.23360363863542397
7496,Slc7a2,0.5839778318758357,-1.0798368,0.23360363863542397
7497,Cdk19,0.5835686720324521,-0.9239778,0.23390803056992496
7498,Tnrc18,0.5835686720324521,-0.65527356,0.23390803056992496
7499,Tomm34,0.5831596458116274,-1.1501969,0.2342125364865441
7500,Eri1,0.5827507533148939,-0.6553954,0.23451715639976647
7501,Tgfbi,0.5827507533148939,-1.3919182,0.23451715639976647
7502,Dync1i2,0.5827507533148939,-0.34794345,0.23451715639976647
7503,Sec31a,0.5823419946436563,-0.60184395,0.23482189032407108
7504,Ssbp3,0.5823419946436563,-0.53069407,0.23482189032407108
7505,Cnot7,0.5823419946436563,-1.108656,0.23482189032407108
7506,Cyfip2,0.5811165225950394,-0.8053983,0.235736776308189
7507,Cflar,0.5811165225950394,-0.5524142,0.235736776308189
7508,Atp5a1,0.5807083002372646,-0.20555611,0.23604196642150527
7509,Ncaph2,0.5803002122100833,-0.8601089,0.23634727061821761
7510,Cux1,0.5803002122100833,-0.5008526,0.23634727061821761
7511,Esyt1,0.5794844395499105,-0.5406601,0.23695822131960909
7512,Lrp10,0.5794844395499105,-0.38657823,0.23695822131960909
7513,Fam120a,0.5790767551178015,-0.43123332,0.23726386785316406
7514,Tle1,0.5790767551178015,-1.092175,0.23726386785316406
7515,Ddhd2,0.5786692054180516,-0.8883006,0.2375696285278666
7516,Stat1,0.5786692054180516,-0.49451536,0.2375696285278666
7517,Vsir,0.5786692054180516,-1.3809885,0.2375696285278666
7518,Stxbp6,0.5782617905507801,-1.2651995,0.23787550335814064
7519,Pkn1,0.5778545106159778,-1.0563798,0.238181492358405
7520,Nhsl2,0.5778545106159778,-0.7331567,0.238181492358405
7521,Dut,0.5778545106159778,-0.3197797,0.238181492358405
7522,Sgpl1,0.5774473657135062,-0.8069715,0.23848759554307283
7523,Prpf19,0.5770403559430985,-0.8271556,0.23879381292655139
7524,Fnbp1,0.5770403559430985,-1.0904605,0.23879381292655139
7525,Cbx6,0.5770403559430985,-0.73772806,0.23879381292655139
7526,Ktn1,0.5766334814043583,-0.18015607,0.23910014452324307
7527,Slc35b2,0.5766334814043583,-1.2356517,0.23910014452324307
7528,Zbtb44,0.57622674219676,-1.08032,0.2394065903475445
7529,Rpl13a,0.57622674219676,-0.52878535,0.2394065903475445
7530,Phf20l1,0.5758201384196493,-0.34896633,0.23971315041384655
7531,Ppp2r5a,0.5758201384196493,-0.38937908,0.23971315041384655
7532,Hipk1,0.5758201384196493,-0.34634638,0.23971315041384655
7533,Krit1,0.5754136701722425,-1.1167762,0.24001982473653488
7534,Mfap1a,0.5754136701722425,-0.91250706,0.24001982473653488
7535,Cat,0.5746011406627587,-0.8725331,0.24063351620858556
7536,Rnf213,0.5741950795984674,-0.557878,0.24094053338669172
7537,Cpxm1,0.5737891544594514,-0.33042678,0.2412476648786715
7538,Fam117a,0.5737891544594514,-1.6905581,0.2412476648786715
7539,Lmbr1,0.5737891544594514,-1.8654355,0.2412476648786715
7540,Nlgn2,0.57338336534428,-1.3795015,0.24155491069888319
7541,Tmem260,0.57338336534428,-1.3566383,0.24155491069888319
7542,Larp4,0.57338336534428,-0.5978529,0.24155491069888319
7543,Brwd1,0.57338336534428,-0.5161277,0.24155491069888319
7544,Avl9,0.5729777123513926,-1.5936563,0.24186227086167938
7545,Lars2,0.5721668151255799,-0.16516946,0.2424773342724083
7546,Capg,0.5721668151255799,-1.0272636,0.2424773342724083
7547,Tgfbrap1,0.5721668151255799,-1.7704004,0.2424773342724083
7548,Hnmt,0.571761571088885,-1.389055,0.24278503754901903
7549,Brd7,0.5713564635669355,-0.5141099,0.2430928552255698
7550,Prpf18,0.5713564635669355,-0.9230406,0.2430928552255698
7551,Fbxl14,0.5713564635669355,-1.8334336,0.2430928552255698
7552,Atp2a3,0.5713564635669355,-1.8981601,0.2430928552255698
7553,Gpalpp1,0.5713564635669355,-0.76591974,0.2430928552255698
7554,Ifih1,0.5709514926575215,-0.7438922,0.24340078731638606
7555,Sike1,0.5705466584583041,-1.0294241,0.24370883383578743
7556,Prr12,0.5701419610668139,-1.4261471,0.24401699479808805
7557,Ap1b1,0.5697374005804512,-2.123071,0.244325270217597
7558,Zfp180,0.5697374005804512,-1.9691225,0.244325270217597
7559,Heatr5b,0.5697374005804512,-2.0578763,0.244325270217597
7560,Wdr82,0.5693329770964868,-0.7546149,0.24463366010861723
7561,RP23-325E4.5,0.568928690712061,-1.1997831,0.24494216448544653
7562,Msantd4,0.568928690712061,-2.1738155,0.24494216448544653
7563,Tatdn2,0.568928690712061,-2.156847,0.24494216448544653
7564,C2cd3,0.568928690712061,-2.1620765,0.24494216448544653
7565,Plcl1,0.5681205296297336,-2.098758,0.24555951675369705
7566,Setd2,0.5677166551254613,-0.34603903,0.24586836467368617
7567,Scyl2,0.567312918107985,-2.3530695,0.2461773271366212
7568,Sfxn1,0.5669093186737932,-0.58790624,0.24648640415677237
7569,Fkbp1a,0.5669093186737932,-0.3594169,0.24648640415677237
7570,Zfp687,0.5656993468338488,-2.7399628,0.24741432270314567
7571,Nfe2l1,0.5656993468338488,-0.35263163,0.24741432270314567
7572,Tstd2,0.5656993468338488,-1.3526531,0.24741432270314567
7573,Capn2,0.5656993468338488,-0.5311024,0.24741432270314567
7574,Alox5ap,0.565296298695066,-0.40527833,0.24772385809475678
7575,Zfp423,0.5648933886200496,-2.3011148,0.24803350811485456
7576,Mynn,0.564087983044002,-1.2617873,0.24865315209745473
7577,Nfx1,0.564087983044002,-0.672071,0.24865315209745473
7578,Maob,0.564087983044002,-1.0903636,0.24865315209745473
7579,Eng,0.564087983044002,-0.66347474,0.24865315209745473
7580,Elavl1,0.5636854877339864,-0.6495909,0.24896314608841605
7581,Olfm1,0.5632831308697679,-1.077534,0.24927325476478202
7582,B3gnt5,0.5632831308697679,-2.900201,0.24927325476478202
7583,Slc25a32,0.5632831308697679,-0.82542247,0.24927325476478202
7584,Anapc5,0.5632831308697679,-0.3874337,0.24927325476478202
7585,Vapa,0.5624788328593127,-0.33853433,0.24989381623058518
7586,Zdhhc21,0.5624788328593127,-0.925925,0.24989381623058518
7587,Nras,0.5616750897725036,-0.46179,0.25051483660852564
7588,Capn1,0.5616750897725036,-0.8742328,0.25051483660852564
7589,Hbp1,0.5616750897725036,-0.36039343,0.25051483660852564
7590,Ltn1,0.5616750897725036,-0.844063,0.25051483660852564
7591,Matr3,0.5612734265623507,-0.32404038,0.2508255189250428
7592,Tnc,0.5612734265623507,-0.19802669,0.2508255189250428
7593,Nrros,0.560871902367108,-1.6258187,0.25113631601217773
7594,Rarg,0.5604705172811684,-0.8216324,0.2514472278841136
7595,Ubqln1,0.5600692713987925,-0.68506783,0.25175825455502826
7596,Tnrc6a,0.5600692713987925,-0.5868864,0.25175825455502826
7597,Plxnd1,0.5600692713987925,-0.3295618,0.25175825455502826
7598,Cap1,0.55966816481411,-0.8904082,0.2520693960390939
7599,Nup153,0.559267197621119,-0.53522176,0.2523806523504774
7600,Tomm70a,0.559267197621119,-0.47952515,0.2523806523504774
7601,Nemf,0.5588663699136855,-0.7093175,0.2526920235033403
7602,Dzip3,0.5584656817855449,-1.200195,0.25300350951183814
7603,Pxn,0.5584656817855449,-1.0257485,0.25300350951183814
7604,Slc31a1,0.5584656817855449,-1.5664039,0.25300350951183814
7605,Gsto1,0.5584656817855449,-1.606753,0.25300350951183814
7606,Brap,0.5580651333302995,-1.4814639,0.25331511039012194
7607,Psmc5,0.5580651333302995,-0.9546555,0.25331511039012194
7608,Tiprl,0.5576647246414208,-0.53582746,0.25362682615233645
7609,Ptprc,0.5576647246414208,-0.5068084,0.25362682615233645
7610,Prrx1,0.5572644558122479,-0.21363312,0.25393865681262157
7611,Hnrnpul2,0.5568643269359885,-0.3576634,0.25425060238511127
7612,Mllt3,0.5568643269359885,-1.0349681,0.25425060238511127
7613,Rpia,0.5568643269359885,-1.6556722,0.25425060238511127
7614,Rps6ka3,0.5564643381057179,-0.5102709,0.2545626628839345
7615,Creb3l2,0.555664780954785,-0.5078919,0.2551871287170697
7616,Ptdss1,0.5552652128196134,-1.7344576,0.2554995340796121
7617,B4gat1,0.5552652128196134,-0.63662744,0.2554995340796121
7618,Ddx47,0.5544664978925959,-1.0386947,0.25612468976718183
7619,Abi1,0.5536683453721176,-0.4855293,0.2567503054987155
7620,Kpna3,0.5528707559948517,-0.86193985,0.2573763813869183
7621,Sult1a1,0.5528707559948517,-0.66032773,0.2573763813869183
7622,Yipf6,0.5528707559948517,-1.1962491,0.2573763813869183
7623,Crebbp,0.5520737304953528,-0.33808455,0.2580029175444085
7624,Ss18,0.5520737304953528,-0.8841694,0.2580029175444085
7625,Dgkh,0.5520737304953528,-1.0254284,0.2580029175444085
7626,Cep170,0.5520737304953528,-0.47515702,0.2580029175444085
7627,Sh2d3c,0.5512772696060557,-1.9369504,0.25862991408371755
7628,Abce1,0.5512772696060557,-0.5576041,0.25862991408371755
7629,Stxbp1,0.5504813740572725,-1.9720473,0.25925737111729086
7630,Mtpn,0.5504813740572725,-0.37614614,0.25925737111729086
7631,Coro1a,0.5500836385132157,-0.31537917,0.259571272354542
7632,Purg,0.5496860445771924,-1.9079258,0.25988528875748684
7633,Csnk1g2,0.5496860445771924,-0.86614263,0.25988528875748684
7634,Rnf139,0.548891281891879,-0.89225864,0.26051366711657775
7635,Ipo8,0.548891281891879,-0.90174055,0.26051366711657775
7636,Ssh1,0.5480970867252695,-1.3056866,0.26114250630674923
7637,Dleu2,0.5465104018332673,-0.60033673,0.2624015676286452
7638,Abl1,0.5465104018332673,-0.5881765,0.2624015676286452
7639,Apobec3,0.5465104018332673,-1.4758868,0.2624015676286452
7640,Mob1a,0.5465104018332673,-0.43169308,0.2624015676286452
7641,Syne1,0.5457179135451014,-0.44784984,0.26303178998430915
7642,Rassf5,0.5457179135451014,-1.3162943,0.26303178998430915
7643,Atxn1,0.5453218832538211,-0.42015392,0.26334707413476455
7644,Gnas,0.5449259956500894,-0.116184846,0.26366247361893336
7645,C1qtnf6,0.5441346488615117,-1.338029,0.264293618644272
7646,Tmem63a,0.543343873890513,-1.0491599,0.2649252251719931
7647,Phf8,0.543343873890513,-1.424291,0.2649252251719931
7648,Fam179b,0.543343873890513,-0.8932751,0.2649252251719931
7649,Ctdsp2,0.543343873890513,-0.2480823,0.2649252251719931
7650,Racgap1,0.5421587851423431,-1.8189003,0.26587350052460434
7651,Slc9a9,0.5421587851423431,-1.937285,0.26587350052460434
7652,Mtmr4,0.5421587851423431,-1.9598283,0.26587350052460434
7653,Foxp2,0.5417640422351411,-0.96951604,0.26618982318082524
7654,Zrsr1,0.5417640422351411,-0.789928,0.26618982318082524
7655,Arhgap26,0.5417640422351411,-1.1947403,0.26618982318082524
7656,Sar1b,0.5417640422351411,-0.9942703,0.26618982318082524
7657,Lypla2,0.5413694428125178,-1.9354037,0.26650626129626526
7658,Cdh2,0.5413694428125178,-0.23435645,0.26650626129626526
7659,Rbpj,0.5409749869623637,-0.35590792,0.2668228148848424
7660,Yipf5,0.5405806747724351,-0.429616,0.26713948396046955
7661,Cdc73,0.5401865063303544,-0.95388895,0.26745626853705423
7662,Ddx52,0.5401865063303544,-1.45681,0.26745626853705423
7663,Fhod1,0.5393986010395555,-1.0708134,0.2680901842486992
7664,Polr2l,0.5390048643654122,-0.7585108,0.2684073154115474
7665,Guk1,0.5386112717882656,-1.6238383,0.2687245621309294
7666,Ptk2b,0.538217823395068,-2.356305,0.26904192442072555
7667,Adipor1,0.5378245192726369,-0.6356042,0.26935940229481137
7668,Pgm2,0.5378245192726369,-1.1184684,0.26935940229481137
7669,Actr1a,0.5378245192726369,-0.9296509,0.26935940229481137
7670,Bak1,0.5378245192726369,-1.7607013,0.26935940229481137
7671,Pou2f1,0.5370383441866737,-0.81368226,0.26999470485132615
7672,Nid1,0.536645473396106,-0.29680473,0.27031252956147866
7673,Cdkn1c,0.5350754372615673,-0.6635499,0.2715849849379185
7674,Prkacb,0.5350754372615673,-0.55065256,0.2715849849379185
7675,Cd177,0.5350754372615673,-2.3664496,0.2715849849379185
7676,Unc93b1,0.5346832904145868,-0.4830773,0.2719033879851884
7677,Srgap2,0.5346832904145868,-0.84733117,0.2719033879851884
7678,Mdm2,0.5346832904145868,-0.859374,0.2719033879851884
7679,Senp2,0.5346832904145868,-1.2949423,0.2719033879851884
7680,RP23-39I7.3,0.5342912886136861,-2.4398844,0.27222190674138425
7681,Copb1,0.5342912886136861,-0.42172897,0.27222190674138425
7682,RP23-175J8.3,0.5338994319443382,-1.107487,0.27254054122032784
7683,RP24-372E2.1,0.5335077204918812,-0.48283887,0.27285929143583604
7684,Zfp618,0.5331161543415194,-0.4142136,0.2731781574017195
7685,Gtf2i,0.5331161543415194,-0.49501103,0.2731781574017195
7686,Maml2,0.5319423285530214,-3.3123958,0.274135449939653
7687,Ankrd13a,0.5319423285530214,-0.5745503,0.274135449939653
7688,Akap17b,0.5315513444603825,-0.841069,0.27445477904504206
7689,Kcnk2,0.5299888661940195,-0.7360289,0.2757332537978697
7690,Myo5a,0.5292085031015707,-0.5199972,0.27637318636582253
7691,Abhd17b,0.5292085031015707,-1.4237447,0.27637318636582253
7692,Maea,0.5284287249307238,-1.2465769,0.27701358254155095
7693,Rela,0.5280390553997769,-0.71312135,0.2773339545166952
7694,Tor3a,0.5276495323496108,-1.6371087,0.2776544424350101
7695,Mitd1,0.5276495323496108,-0.8128108,0.2776544424350101
7696,Ibtk,0.5276495323496108,-0.75462425,0.2776544424350101
7697,Atp5k,0.5276495323496108,-0.35505015,0.2776544424350101
7698,Herpud2,0.5276495323496108,-1.3818667,0.2776544424350101
7699,Ssfa2,0.5268709260241986,-1.6392497,0.27829576615607055
7700,Mfsd10,0.5268709260241986,-1.033309,0.27829576615607055
7701,Sell,0.5268709260241986,-1.743731,0.27829576615607055
7702,Nudcd3,0.5264818429149032,-0.44991335,0.2786166019862624
7703,Yme1l1,0.5260929066182892,-0.45002088,0.2789375538145176
7704,Med13,0.5253154747935174,-0.34223783,0.2795798055200517
7705,Nkg7,0.5253154747935174,-0.7337652,0.2795798055200517
7706,Pds5a,0.5249269794302263,-0.61188644,0.2799011054247344
7707,Gusb,0.5245386312093503,-1.0223227,0.28022252138228787
7708,Runx2,0.5241504302129838,-0.23195723,0.28054405340640093
7709,Bnip2,0.5237623765230857,-0.33382562,0.28086570151075685
7710,Tm6sf1,0.5229867113898512,-1.8886138,0.281509346014904
7711,Slc36a4,0.5229867113898512,-1.7234547,0.281509346014904
7712,Zbtb4,0.5225991001097539,-0.6204378,0.2818313424420355
7713,Psen2,0.522211636462603,-1.8792709,0.2821534550040901
7714,Clip1,0.522211636462603,-1.0071206,0.2821534550040901
7715,Taok3,0.5218243205296789,-0.8332622,0.28247568371472453
7716,Hdgf,0.5218243205296789,-0.57462645,0.28247568371472453
7717,Ilf3,0.5218243205296789,-0.7057002,0.28247568371472453
7718,Cpd,0.5214371523921251,-0.42952624,0.2827980285875908
7719,Wwp1,0.5214371523921251,-0.75121975,0.2827980285875908
7720,Tmbim6,0.5214371523921251,-0.24104,0.2827980285875908
7721,Thra,0.5202765355610917,-0.2604283,0.28376576031601475
7722,Tomm7,0.5195035314654499,-0.32596576,0.28441149586282866
7723,Rprd1b,0.5191172517965366,-0.9027603,0.2847345379954702
7724,St5,0.5183451376174859,-0.42261246,0.2853809710472952
7725,Zswim6,0.5183451376174859,-0.7676904,0.2853809710472952
7726,Zfp503,0.5183451376174859,-0.65455794,0.2853809710472952
7727,Ccnd3,0.5183451376174859,-0.75104415,0.2853809710472952
7728,Fam49b,0.5179593032673246,-0.6080331,0.2857043619936919
7729,Cdkn2aipnl,0.5175736175164967,-2.0940056,0.28602786923854473
7730,Macf1,0.5175736175164967,-0.18016954,0.28602786923854473
7731,Kng2,0.5175736175164967,-0.22554815,0.28602786923854473
7732,Tmem263,0.5175736175164967,-0.54732037,0.28602786923854473
7733,Cdc37l1,0.5171880804446497,-0.2964757,0.28635149279544686
7734,Ppip5k2,0.5171880804446497,-1.3519667,0.28635149279544686
7735,Ctss,0.5168026921312947,-0.37288487,0.28667523267798667
7736,Gmfb,0.5168026921312947,-0.79114366,0.28667523267798667
7737,Syap1,0.516032362097425,-1.031705,0.2873230614743051
7738,Trim28,0.5152626280482522,-0.971384,0.2879713557360991
7739,Nf1,0.5152626280482522,-0.70592713,0.2879713557360991
7740,Dab2ip,0.5144934906149579,-1.1304992,0.2886201155718843
7741,Mcm7,0.5144934906149579,-1.0258878,0.2886201155718843
7742,Mpeg1,0.5144934906149579,-1.1014497,0.2886201155718843
7743,Slk,0.5137249504265413,-0.23210236,0.2892693410900911
7744,Tnpo3,0.5129570081098175,-0.84375316,0.2899190323990662
7745,Ezr,0.5129570081098175,-1.1439558,0.2899190323990662
7746,Adgra2,0.512189664289416,-1.9595915,0.29056918960707184
7747,Stk4,0.512189664289416,-0.57870394,0.29056918960707184
7748,RP23-211P15.1,0.5118062170099352,-0.45637497,0.2908944429570202
7749,Prdx5,0.5118062170099352,-0.24968603,0.2908944429570202
7750,Dennd5a,0.5110397721004163,-0.67348033,0.2915452992163796
7751,Clpx,0.5106567746251687,-1.0484203,0.2918709021528038
7752,Eif4h,0.5106567746251687,-0.40177518,0.2918709021528038
7753,AC126938.1,0.5106567746251687,-1.9029316,0.2918709021528038
7754,Cd84,0.5106567746251687,-2.174615,0.2918709021528038
7755,Mettl21a,0.5106567746251687,-2.2024188,0.2918709021528038
7756,Smtn,0.5098912300196483,-1.0461689,0.29252245770663443
7757,RP23-13C17.6,0.5098912300196483,-0.74636966,0.29252245770663443
7758,Wdr89,0.5095086830433457,-1.6184325,0.29284841035102227
7759,Vangl1,0.5091262863871,-2.1434164,0.2931744795917041
7760,Gnb1,0.5087440401275541,-0.39605263,0.2935006654421576
7761,Nop10,0.508361944341214,-0.33167732,0.2938269679158551
7762,Pura,0.5075982044934899,-0.39751056,0.2944799227868456
7763,RP24-69E5.2,0.506835067453236,-2.280804,0.29513334431235005
7764,Abca7,0.506835067453236,-2.4750266,0.29513334431235005
7765,Rapgef3,0.506835067453236,-2.3819745,0.29513334431235005
7766,AC121113.1,0.5064537251757197,-0.60895807,0.29546023010417033
7767,Sfmbt1,0.5060725338275681,-2.326627,0.295787232599959
7768,RP23-79J21.3,0.5060725338275681,-0.77551895,0.295787232599959
7769,Mrpl28,0.5053106042214086,-1.0054502,0.2964415877571795
7770,C5ar2,0.5053106042214086,-2.601542,0.2964415877571795
7771,Cenpq,0.5053106042214086,-2.75109,0.2964415877571795
7772,Spen,0.5049298661140831,-0.5574967,0.29676894044546687
7773,Fam65a,0.5049298661140831,-1.7377851,0.29676894044546687
7774,Iqsec1,0.5037885594763345,-2.7483575,0.2977516991100634
7775,Wrn,0.5030284455362914,-1.1855216,0.29840745552032216
7776,RP23-24K16.2,0.5030284455362914,-2.7551787,0.29840745552032216
7777,Nrcam,0.5030284455362914,-2.8406832,0.29840745552032216
7778,Rrm2,0.5022689380134981,-1.5688741,0.2990636792293835
7779,Nasp,0.5018894118442634,-0.972461,0.2993919663544337
7780,Mcm6,0.5015100375018987,-1.2952718,0.299720370344336
7781,Ppp1r21,0.5015100375018987,-3.0988147,0.299720370344336
7782,Pigm,0.5007517445932393,-1.6992692,0.3003775289721851
7783,Coasy,0.5007517445932393,-1.5971214,0.3003775289721851
7784,Cish,0.5007517445932393,-3.0278356,0.3003775289721851
7785,Vasp,0.5007517445932393,-0.62786597,0.3003775289721851
7786,AC131065.2,0.5003728261743315,-0.6451373,0.30070628363686225
7787,Pafah1b2,0.5003728261743315,-0.6982142,0.30070628363686225
7788,Srgap3,0.49999405987706713,-1.6410084,0.3010351552198528
7789,Numa1,0.49961544577479566,-0.34162155,0.30136414373450904
7790,Pros1,0.49961544577479566,-0.3653883,0.30136414373450904
7791,Yeats2,0.4992369839407296,-0.7127284,0.3016932491941778
7792,Ammecr1,0.49848051736937404,-1.4805574,0.3023518110019154
7793,Smarcd1,0.49772466074594657,-1.755873,0.3030108407497378
7794,Pla2g4a,0.49772466074594657,-1.6788044,0.3030108407497378
7795,Tmco3,0.49772466074594657,-1.6587822,0.3030108407497378
7796,Mgat4b,0.4969694146511918,-1.1224984,0.30367033854423375
7797,Foxj3,0.4969694146511918,-1.7281878,0.30367033854423375
7798,Lpar4,0.4969694146511918,-1.962682,0.30367033854423375
7799,Gmnn,0.4962147796636517,-1.1737324,0.30433030449190906
7800,Osbpl9,0.4962147796636517,-0.7968552,0.30433030449190906
7801,Grk6,0.4958376915152791,-0.96988,0.3046604630564493
7802,Tlk2,0.4958376915152791,-1.0320632,0.3046604630564493
7803,Cebpe,0.495460756359665,-1.2052704,0.30499073869918647
7804,Jarid2,0.4947073453133669,-0.8699533,0.3056516412724055
7805,Clasp2,0.4947073453133669,-1.7771093,0.3056516412724055
7806,Mis12,0.4947073453133669,-0.9061001,0.3056516412724055
7807,RP23-314A12.1,0.4947073453133669,-0.72201645,0.3056516412724055
7808,Ncstn,0.49395454709668796,-0.8213877,0.3063130123178228
7809,Zfp760,0.49320236227935355,-1.7568604,0.30697485194161206
7810,Itch,0.49320236227935355,-0.6023209,0.30697485194161206
7811,Kdm7a,0.49320236227935355,-0.47243583,0.30697485194161206
7812,Uba6,0.49169983511059157,-1.4046617,0.30829993734858613
7813,Sdpr,0.4909494938875837,-1.9756368,0.30896318334370404
7814,Me2,0.4909494938875837,-1.1646885,0.30896318334370404
7815,Gxylt2,0.49057455411217854,-1.0766678,0.3092949822104903
7816,Ptk7,0.49019976832075896,-1.9789494,0.3096268983410599
7817,Frk,0.48945065896880824,-0.7306185,0.3102910824464132
7818,Shoc2,0.48832815156047105,-0.68650866,0.31128823841308445
7819,Cdca7,0.4879542911332474,-0.9378473,0.3116208584037379
7820,Diaph1,0.4875805851754812,-0.73322695,0.3119535957505878
7821,Arid5b,0.4872070337559732,-0.3931263,0.31228645046681536
7822,Spg7,0.4864603948062436,-1.4386152,0.3129525120601028
7823,Ndufs6,0.4857143748317003,-0.41498563,0.3136190432889473
7824,Spc24,0.48534159713065705,-1.3561506,0.3139524850496017
7825,Gulp1,0.4849689743777742,-1.4079467,0.31428604425861295
7826,Pcnp,0.4849689743777742,-0.4270441,0.31428604425861295
7827,Rnf125,0.4849689743777742,-0.7943621,0.31428604425861295
7828,Preb,0.4849689743777742,-1.4597211,0.31428604425861295
7829,Ddr1,0.4845965066408847,-1.0754652,0.31461972092912643
7830,Pcnt,0.48422419398768357,-0.66133344,0.3149535150742822
7831,Pdpk1,0.48422419398768357,-0.90117174,0.3149535150742822
7832,Atp11c,0.48422419398768357,-1.5431885,0.3149535150742822
7833,Mcm2,0.4838520364857277,-1.8058971,0.31528742670721494
7834,Xiap,0.4838520364857277,-0.45021963,0.31528742670721494
7835,Nckap1,0.48348003420243535,-0.57570213,0.3156214558410545
7836,Hectd1,0.48348003420243535,-0.36525765,0.3156214558410545
7837,Gls,0.48273649556082276,-0.60706633,0.3162898666639478
7838,Washc1,0.4823649593366478,-2.0282874,0.3166242483792352
7839,Smarcc1,0.4819935785994265,-0.610932,0.3169587476478972
7840,Aqr,0.4819935785994265,-1.1277865,0.3169587476478972
7841,Wipi2,0.4819935785994265,-1.6095971,0.3169587476478972
7842,Ctnnd1,0.4819935785994265,-0.593851,0.3169587476478972
7843,Eya1,0.48162235341588555,-2.1704772,0.31729336448303785
7844,Sdk2,0.48162235341588555,-0.62364364,0.31729336448303785
7845,Nrep,0.48162235341588555,-2.1631517,0.31729336448303785
7846,Pmf1,0.48162235341588555,-2.2526908,0.31729336448303785
7847,Psme3,0.4812512838526134,-1.609793,0.31762809889775595
7848,Aida,0.4812512838526134,-0.8127417,0.31762809889775595
7849,Cab39,0.48088036997605976,-0.49432504,0.3179629509051455
7850,Sos1,0.48050961185253627,-0.86072487,0.3182979205182951
7851,Tmx4,0.48050961185253627,-0.98992395,0.3182979205182951
7852,Zfp703,0.48050961185253627,-0.52500004,0.3182979205182951
7853,Gatm,0.48013900954821587,-2.2065754,0.31863300775028836
7854,Hdac1,0.47939827266118473,-0.7910678,0.31930353512311455
7855,RP23-459L15.7,0.4790281382101279,-1.6127657,0.31963897529008894
7856,Seh1l,0.47865815984158233,-2.3756247,0.3199745331281899
7857,Mfsd11,0.47865815984158233,-2.4261317,0.3199745331281899
7858,Fus,0.4782883376210284,-0.46003672,0.3203102086504757
7859,Lamp2,0.4782883376210284,-0.1768467,0.3203102086504757
7860,Incenp,0.47791867161380874,-2.4483457,0.320646001869999
7861,Lcorl,0.47717980850004904,-2.6544428,0.32131794145294346
7862,Adamts15,0.47717980850004904,-2.5271406,0.32131794145294346
7863,Midn,0.4764415710202714,-0.60265505,0.3219903519813441
7864,Clock,0.47570395969222756,-0.8602557,0.3226632335594397
7865,Ptchd1,0.4749669750314529,-2.529565,0.3233365862913869
7866,Mospd2,0.47459871786179,-1.5110317,0.3236734393725816
7867,Sertad1,0.4742306175512653,-2.855992,0.3240104102812611
7868,Cdip1,0.47349488776276527,-2.65986,0.32468470563305585
7869,Armcx3,0.4723924711145041,-0.86999303,0.32569703269163436
7870,Myo10,0.472025313294141,-0.33103016,0.3260347108379739
7871,Pde7a,0.472025313294141,-3.3916888,0.3260347108379739
7872,Nipa1,0.472025313294141,-2.8298266,0.3260347108379739
7873,Kalrn,0.472025313294141,-0.8692193,0.3260347108379739
7874,Sun1,0.47092478390203507,-1.2959083,0.3270484528389572
7875,Htatsf1,0.47055825567002474,-1.1591266,0.32738660273645964
7876,Prps1,0.47019188499152875,-1.6956651,0.3277248706041299
7877,Tcf12,0.47019188499152875,-0.6897402,0.3277248706041299
7878,Zfp518b,0.47019188499152875,-1.6910664,0.3277248706041299
7879,Ip6k1,0.46945961654411406,-0.7366971,0.3284017603017312
7880,Wdr45b,0.46945961654411406,-1.0892494,0.3284017603017312
7881,Zmynd8,0.46945961654411406,-0.73783296,0.3284017603017312
7882,Ppp6r3,0.46945961654411406,-0.7394485,0.3284017603017312
7883,Csnk2a2,0.46909371889936513,-0.5421891,0.32874038215752865
7884,Myo9b,0.4687279790564711,-1.3643005,0.3290791220352259
7885,Scyl1,0.4687279790564711,-1.7624378,0.3290791220352259
7886,Zfp395,0.4687279790564711,-1.3568511,0.3290791220352259
7887,Sirpa,0.4687279790564711,-1.0503207,0.3290791220352259
7888,Adrbk1,0.46799697302306165,-0.7375448,0.3297569559079968
7889,Ptbp1,0.46799697302306165,-0.51475775,0.3297569559079968
7890,Zfp148,0.46763170695560685,-0.466163,0.33009604992889574
7891,Asxl1,0.46726659893612776,-1.0475826,0.33043526202334556
7892,Arhgdia,0.46726659893612776,-0.4658702,0.33043526202334556
7893,Eif4e,0.4665368572856916,-0.90278125,0.3311140404844931
7894,Tspan14,0.4665368572856916,-0.8871964,0.3311140404844931
7895,Camsap1,0.46580774855955553,-1.472624,0.331793291394579
7896,Ankfy1,0.465079273243302,-1.455704,0.33247301485666203
7897,Wdfy2,0.4647152732650187,-1.3032103,0.332813053826886
7898,Tmem256,0.46435143182029337,-0.4978995,0.33315321097371964
7899,RP23-288J11.1,0.463624224771672,-1.9175284,0.3338338798486482
7900,Ilvbl,0.4628976525763592,-1.9378285,0.33451502158426394
7901,Msl2,0.4628976525763592,-0.5928859,0.33451502158426394
7902,Slc12a6,0.46180898567552087,-0.89378816,0.335537621026186
7903,Fkbp15,0.4607217498661832,-2.2124052,0.3365612849821781
7904,Atxn7l3b,0.4607217498661832,-0.18841748,0.3365612849821781
7905,Vhl,0.4599977218289122,-2.2913258,0.3372443191870831
7906,Zc3h13,0.4599977218289122,-0.48845738,0.3372443191870831
7907,Psmd11,0.459635946736603,-0.43292406,0.33758601379822084
7908,Hist1h2ap,0.4578294628649222,-1.1441542,0.33929626245236866
7909,Ahcyl2,0.4578294628649222,-2.3156369,0.33929626245236866
7910,Hcfc1,0.45710798647079,-1.5864528,0.3399811907651571
7911,Arfgef2,0.45638714914033285,-1.1597624,0.3406665928603426
7912,Marcksl1,0.45566695133026547,-0.97058433,0.3413524688399348
7913,Cpeb4,0.4553070923874939,-0.6586149,0.34169558456823945
7914,Gltscr2,0.4549473934950815,-0.8480505,0.3420388188058629
7915,Rragc,0.45422847608705386,-1.1691139,0.3427256428599761
7916,Glrx5,0.4538692576839518,-0.6027106,0.34306923270190787
7917,Tsc22d2,0.4538692576839518,-1.0262808,0.34306923270190787
7918,Ncf2,0.45351019955623495,-1.3644097,0.3434129411040429
7919,Foxo3,0.4531513017598128,-1.6080508,0.3437567680790899
7920,Tbc1d12,0.4527925643504561,-2.2690163,0.3441007136397523
7921,Dnajc10,0.4520755709153287,-0.4494918,0.34478896056871244
7922,Ric1,0.4520755709153287,-2.3115573,0.34478896056871244
7923,Rbbp7,0.45171731500040546,-0.40629497,0.3451332619623923
7924,Ap1m1,0.4513592196942431,-2.306593,0.34547768199245177
7925,Lmnb1,0.4513592196942431,-0.9805167,0.34547768199245177
7926,Cpsf2,0.4513592196942431,-1.2700324,0.34547768199245177
7927,Magi2,0.4510012850519183,-1.7267612,0.3458222206715695
7928,Ndufa6,0.4506435111283694,-0.33320022,0.34616687801241874
7929,Rlim,0.4506435111283694,-1.2572844,0.34616687801241874
7930,Pcyt1a,0.4502858979783956,-0.95388573,0.34651165402766837
7931,Tle3,0.44992844565665757,-1.0356095,0.34685654872998173
7932,Csnk1a1,0.44992844565665757,-0.1967898,0.34685654872998173
7933,Ankrd27,0.44992844565665757,-2.4894996,0.34685654872998173
7934,Sdhc,0.4495711542176771,-1.6458027,0.3472015621320174
7935,Ago2,0.4492140237158372,-0.6513478,0.34754669424642926
7936,Mkrn1,0.4492140237158372,-0.86971825,0.34754669424642926
7937,Hbb-bt,0.4492140237158372,-2.6273012,0.34754669424642926
7938,Cops8,0.44885705420538247,-1.7042323,0.34789194508586535
7939,Zcchc24,0.44850024574041825,-0.5055336,0.34823731466296964
7940,Rap2c,0.447430787157444,-1.7550131,0.34927413594665224
7941,Rint1,0.4470746234127235,-2.659036,0.349619980600765
7942,Oxct1,0.4467186209819405,-0.516329,0.34996594405568926
7943,Prc1,0.4463627799183685,-3.0638878,0.35031202632403824
7944,Lman2l,0.4463627799183685,-1.714378,0.35031202632403824
7945,Trip4,0.4460071002751419,-1.864522,0.3506582274184209
7946,Topbp1,0.44565158210525657,-1.2865877,0.35100454735144104
7947,Nusap1,0.44494103039679966,-3.1601877,0.35169754378378354
7948,Ywhah,0.44494103039679966,-0.72130394,0.35169754378378354
7949,Yipf3,0.44423112521419117,-0.63583523,0.352391015721796
7950,Caprin1,0.4435218669764053,-0.38543501,0.3530849632661294
7951,Hnrnpa0,0.4435218669764053,-0.33145905,0.3530849632661294
7952,Sox4,0.4435218669764053,-0.3530347,0.3530849632661294
7953,Cenpa,0.4435218669764053,-3.2335596,0.3530849632661294
7954,Pak3,0.4435218669764053,-1.2214386,0.3530849632661294
7955,Dag1,0.44316748059214384,-0.31937075,0.35343211542209807
7956,S100a10,0.44316748059214384,-0.36509153,0.35343211542209807
7957,Rmnd5a,0.44281325610019817,-1.3456763,0.35377938651735513
7958,Osbpl1a,0.44281325610019817,-1.2482823,0.35377938651735513
7959,Dot1l,0.4421052930001075,-1.8172845,0.35447428557596516
7960,Fam43a,0.4421052930001075,-1.3908286,0.35447428557596516
7961,Dlg5,0.44175155449504233,-0.6102681,0.3548219135644214
7962,Zyg11b,0.4413979780884528,-0.9147027,0.35516966054237237
7963,Psen1,0.43998529446864343,-1.9207497,0.35656183859983126
7964,Rps27l,0.4396325293195631,-0.318971,0.356910180713244
7965,Dtx3,0.43787114063269317,-2.1381996,0.3586536775002552
7966,Senp5,0.4364649571523047,-1.3885102,0.36005061914355496
7967,Adamts4,0.4364649571523047,-1.881499,0.36005061914355496
7968,Adcy9,0.4364649571523047,-1.4289144,0.36005061914355496
7969,Stat5a,0.4364649571523047,-2.0292976,0.36005061914355496
7970,Gramd4,0.4364649571523047,-2.0616055,0.36005061914355496
7971,Fryl,0.4357628423255915,-1.2006307,0.3607498049776856
7972,Zmat2,0.435061379298433,-0.74191153,0.36144946761976393
7973,RP23-122F3.1,0.43366041020119495,-2.2183754,0.36285022372617176
7974,Nacc2,0.43366041020119495,-2.0594923,0.36285022372617176
7975,M6pr,0.4329609049047871,-0.6043234,0.36355131738950863
7976,Arrb1,0.43226205295527875,-2.4341261,0.36425288825880764
7977,Ncf1,0.4312150008899467,-1.1663883,0.36530613954114766
7978,Celf1,0.4312150008899467,-0.3749219,0.36530613954114766
7979,Dazap2,0.4301694209901127,-0.47204548,0.3663604650951538
7980,Mical3,0.4301694209901127,-0.66691023,0.3663604650951538
7981,Bms1,0.4294731862191036,-0.9222708,0.36706394578058477
7982,Zfp704,0.4291253145221411,-1.0166854,0.3674158652552578
7983,Hdgfrp2,0.4291253145221411,-1.864208,0.3674158652552578
7984,Arpc5,0.4291253145221411,-0.39787397,0.3674158652552578
7985,RP23-381B19.2,0.42877760667938547,-1.5672874,0.36776790416772664
7986,Dnajb6,0.4284300627370481,-0.43785796,0.36812006253035323
7987,Ampd3,0.4280826827412024,-1.5212028,0.36847234035549425
7988,Sun2,0.4277354667377836,-1.2267146,0.36882473765550194
7989,Ttf1,0.426694803139369,-1.2269475,0.3698826465281718
7990,Cdc42ep4,0.42565561711320754,-2.3543475,0.37094163111884587
7991,Elf2,0.425309550331364,-0.6271384,0.3712948650883667
7992,RP23-243E17.1,0.4246179098771843,-0.50367874,0.37200169176023756
7993,Ralgapa2,0.4242723362940958,-2.4874606,0.3723552844871991
7994,Wdfy3,0.42392692719961045,-1.5010002,0.3727089968245772
7995,Arhgap28,0.42392692719961045,-1.5716923,0.3727089968245772
7996,Emilin2,0.4228916872898739,-1.1373844,0.37377085162212154
7997,RP23-273D6.2,0.4215136729211686,-2.7181246,0.37518833330992607
7998,Atf7ip,0.4215136729211686,-0.6215262,0.37518833330992607
7999,Basp1,0.42082565459693133,-0.56716913,0.3758977923565411
8000,Cdc25a,0.4204818928010797,-1.9300852,0.3762527014734219
8001,Ncbp1,0.41979486415641587,-1.2085798,0.37696287895555364
8002,Phactr1,0.4184227878478003,-0.7776577,0.37838467125584574
8003,Smc4,0.4180801817218045,-0.5897955,0.3787404188472323
8004,Plscr4,0.4177377408603533,-1.7766392,0.37909628626957326
8005,Hist1h1d,0.41739546530524707,-3.1627269,0.37945227353507427
8006,Sh3pxd2a,0.41739546530524707,-1.1049682,0.37945227353507427
8007,Ano6,0.4170533550981478,-0.7611278,0.37980838065593703
8008,Ptpn7,0.41636963089393386,-1.7418114,0.3805209545125263
8009,Pabpc1,0.41602801697945635,-0.34259018,0.38087742127263136
8010,Kdm6b,0.41602801697945635,-1.297448,0.38087742127263136
8011,Hist1h1b,0.4156865685782616,-0.8188854,0.3812340079368534
8012,Usf3,0.41500416847948185,-1.705422,0.3819475410263533
8013,Arl6ip6,0.41330106756640916,-1.5040379,0.38373347292394927
8014,RP24-344N22.5,0.41330106756640916,-0.936388,0.38373347292394927
8015,Prtn3,0.4129609447350415,-0.5239614,0.38409101925907385
8016,RP23-32L15.2,0.41228119674339003,-1.9264206,0.3848064719820637
8017,Nsf,0.41194157166244805,-1.294373,0.38516437839419093
8018,Pim3,0.41160211257742785,-1.462497,0.3855224048562398
8019,Kpna1,0.41160211257742785,-2.044057,0.3855224048562398
8020,Ank3,0.41126281952765753,-1.4300001,0.3858805513803292
8021,Foxo1,0.41126281952765753,-0.9823199,0.3858805513803292
8022,Zeb2,0.4105847316904927,-0.20099796,0.38659720466308173
8023,RP24-408B13.1,0.41024593698106904,-0.94246167,0.3869557114459587
8024,RP23-292C5.8,0.40855445707261817,-1.4059345,0.3887500472591967
8025,RP23-461P7.1,0.40855445707261817,-1.429288,0.3887500472591967
8026,Fam208a,0.4082166600872438,-0.3975891,0.3891092748862119
8027,Enpp5,0.4082166600872438,-1.2362612,0.3891092748862119
8028,Tsc22d1,0.4075415654172969,-0.43180752,0.3898280907012065
8029,Cited2,0.4072042678082306,-0.35634813,0.39018767891331296
8030,Sec23ip,0.4068671367332114,-2.1321623,0.3905473873445693
8031,Asxl2,0.4068671367332114,-0.84273905,0.3905473873445693
8032,Kdm5a,0.40552027851977435,-0.7724159,0.3919874235020556
8033,Abcd2,0.4048478495835304,-1.0154569,0.3927081632088145
8034,Zfp518a,0.40384045721786,-1.5950657,0.3937901750745706
8035,Hist1h3c,0.40350499351836344,-2.1329994,0.3941510863593791
8036,Gatad2a,0.4021648084593009,-2.521413,0.39559593513313274
8037,Ero1l,0.4021648084593009,-1.2900311,0.39559593513313274
8038,Tbl1x,0.4021648084593009,-0.56390405,0.39559593513313274
8039,Cd24a,0.40149571827250063,-2.0288265,0.3963190818685913
8040,Spsb1,0.40116142388867304,-0.6880656,0.3966808358654002
8041,Apbb2,0.40116142388867304,-0.3986546,0.3966808358654002
8042,Epm2aip1,0.4001595439961566,-1.018546,0.39776682051577616
8043,Atg12,0.4001595439961566,-1.2743746,0.39776682051577616
8044,Dse,0.3991591697218386,-0.44645345,0.3988538894072048
8045,AC158971.1,0.3991591697218386,-1.704204,0.3988538894072048
8046,RP24-424D1.5,0.3988260463731167,-1.2366045,0.399216486702566
8047,Chd8,0.39816030199477803,-0.91055083,0.3999420428622452
8048,Was,0.39816030199477803,-2.4079921,0.3999420428622452
8049,Pdk3,0.39749522760124234,-2.7685714,0.4006680811933927
8050,Ddi2,0.39716294173301436,-0.66251844,0.4010312812030712
8051,Dnajc8,0.3968308234618019,-0.7540975,0.40139460179137226
8052,Mtdh,0.396498872820927,-0.236589,0.40175804297020423
8053,Atrx,0.3961670898435755,-0.25398242,0.4021216047514712
8054,Nfam1,0.39583547456279766,-1.7998499,0.4024852871470723
8055,Zfp516,0.3955040270115081,-0.94053286,0.4028490901689018
8056,Mtmr3,0.3948416352283728,-0.96727085,0.4035770581388001
8057,RP23-458B6.6,0.3941799147547722,-2.796463,0.40430550875622595
8058,Fndc3b,0.3938493063398921,-0.2676663,0.4046699150874475
8059,Cand1,0.3938493063398921,-1.1354492,0.4046699150874475
8060,Dido1,0.3938493063398921,-0.8215392,0.4046699150874475
8061,Pdlim1,0.3931885933144764,-1.020263,0.405399089854237
8062,Itgb1,0.3925285522406101,-0.11958054,0.40612874750587363
8063,Coro7,0.3921987837646591,-3.179398,0.40649375744313593
8064,Cwc25,0.3921987837646591,-1.3355098,0.40649375744313593
8065,RP23-296I6.8,0.3921987837646591,-1.3235346,0.40649375744313593
8066,Eva1a,0.3921987837646591,-1.3538592,0.40649375744313593
8067,Casp3,0.3902237037338604,-3.4383054,0.408686353372694
8068,Mbtps1,0.3902237037338604,-0.92510706,0.408686353372694
8069,Cers5,0.3902237037338604,-1.3923428,0.408686353372694
8070,Psme1,0.38956668954173834,-0.44512996,0.40941818517814116
8071,Top2a,0.38956668954173834,-1.4707505,0.40941818517814116
8072,Slco3a1,0.38825468134760543,-0.5939677,0.4108832990992725
8073,Rnf216,0.387927100347234,-0.82261705,0.4112498797963196
8074,Mef2d,0.38759968782566334,-1.5072265,0.4116165814036417
8075,Srsf5,0.38727244381242576,-0.32368517,0.41198340393301514
8076,Mapk1,0.3862917231160107,-0.6075788,0.41308459717113505
8077,Slbp,0.3856387523954229,-0.64284796,0.41381933082249234
8078,Dlg1,0.3856387523954229,-0.8084514,0.41381933082249234
8079,As3mt,0.3856387523954229,-2.1294544,0.41381933082249234
8080,Knop1,0.384660561505896,-1.283743,0.41492233877345486
8081,Nsa2,0.384660561505896,-0.5116411,0.41492233877345486
8082,Stard7,0.3843348353743681,-1.553064,0.41529025013044923
8083,Rtn4rl1,0.3843348353743681,-0.7555586,0.41529025013044923
8084,Pip5k1a,0.38368388952809973,-1.1150907,0.4160264359748314
8085,Prkab2,0.38368388952809973,-0.6807689,0.4160264359748314
8086,Pam,0.38238402428344187,-0.3652945,0.4175002605132997
8087,Shprh,0.38238402428344187,-1.4564574,0.4175002605132997
8088,Pnisr,0.38205948031000425,-0.24927163,0.4178690193932436
8089,Fat4,0.38205948031000425,-1.195031,0.4178690193932436
8090,Tcerg1,0.38108686243669954,-1.2666913,0.4189760228090258
8091,Lmo7,0.3807629945845249,-1.2101481,0.41934526624522744
8092,Osbpl11,0.38043929582977376,-1.5284221,0.41971463084970023
8093,Ccnt1,0.38043929582977376,-0.8692458,0.41971463084970023
8094,Ddx17,0.38043929582977376,-0.17400713,0.41971463084970023
8095,Uqcr11,0.38043929582977376,-0.44428465,0.41971463084970023
8096,Akap12,0.378500655825996,-0.4771226,0.4219333636636062
8097,Srek1ip1,0.37721161442081863,-0.91091526,0.4234149437151516
8098,Atp6v0a2,0.37721161442081863,-1.7335373,0.4234149437151516
8099,Pet100,0.3768897774622383,-1.3836432,0.4237856419400179
8100,Dda1,0.3765681099111521,-1.2550033,0.42415646147292724
8101,Nr2c2,0.37528313427915816,-0.875809,0.4256409529172749
8102,Ly6e,0.37400087114071023,-0.43035287,0.42712738621887064
8103,Klhl13,0.37368072936474506,-0.8920561,0.4274992980463951
8104,Tm7sf3,0.3724018590086122,-1.1597139,0.428988159712266
8105,Tor1aip1,0.37080709049378346,-0.51734596,0.43085196996205377
8106,Kdm6a,0.37017037194302793,-1.1969006,0.43159834467706815
8107,Rps6ka1,0.3692165684513762,-1.3227228,0.4327188184111463
8108,Sorbs2,0.3692165684513762,-0.7418782,0.4327188184111463
8109,Kcne4,0.3673135512416116,-1.4612156,0.4349630490004942
8110,Hars,0.3666805727347624,-3.4236317,0.4357120989774761
8111,Ankrd44,0.3666805727347624,-1.4068823,0.4357120989774761
8112,Rad51b,0.36604827479016355,-3.2148979,0.43646163566447177
8113,Scai,0.36604827479016355,-3.07588,0.43646163566447177
8114,Orai1,0.36573238108043404,-1.9431126,0.4368365865528959
8115,Ddx18,0.36447050846783546,-1.1516916,0.43833760734012195
8116,Nfkb1,0.3632113603788504,-0.8118004,0.4398405762503789
8117,Far1,0.36289699921118534,-1.0467677,0.44021662295792163
8118,Gnaq,0.3625828084240995,-0.6499784,0.44059279148030095
8119,Ndufa3,0.3625828084240995,-0.5637028,0.44059279148030095
8120,Rtn4,0.3619549380681073,-0.41620433,0.4413454940152229
8121,Nhs,0.3619549380681073,-1.1685368,0.4413454940152229
8122,Lats1,0.3619549380681073,-1.1391331,0.4413454940152229
8123,Eif4g3,0.36164125853709395,-0.61855006,0.44172202805058064
8124,Islr,0.36132774946244506,-0.3307585,0.44209868394640606
8125,Frrs1,0.3610144108627793,-1.4856757,0.44247546171409485
8126,Slc25a36,0.3607012427565839,-1.9847238,0.4428523613650387
8127,Abcd3,0.3607012427565839,-2.1127145,0.4428523613650387
8128,Usp9x,0.3588258155010553,-0.6273687,0.44511631945642116
8129,Tma7,0.3588258155010553,-0.40255067,0.44511631945642116
8130,RP23-60P18.9,0.35851384135578657,-1.5431573,0.4454940726087355
8131,Cotl1,0.35851384135578657,-0.77747697,0.4454940726087355
8132,Nipbl,0.35820203784717053,-0.34922233,0.4458719477352742
8133,Chtop,0.35820203784717053,-0.7750832,0.4458719477352742
8134,Srpx,0.35820203784717053,-1.2320808,0.4458719477352742
8135,Csnk2b,0.35789040499251645,-1.1158384,0.44624994484738784
8136,Zwint,0.3575789428090025,-1.5919772,0.44662806395642307
8137,Afap1,0.3569565305234581,-1.6695963,0.44738466821061806
8138,Mir22hg,0.3569565305234581,-1.251401,0.44738466821061806
8139,Ino80d,0.35664558045513217,-0.6810594,0.4477631533784474
8140,Ank2,0.356334801125356,-1.1410283,0.448141760588537
8141,Ash1l,0.356024192550656,-0.41294986,0.44852048985220994
8142,Flrt2,0.3550933915203224,-0.9183892,0.4496574100778944
8143,Eif3a,0.35478346612858536,-0.39399067,0.4500366276690437
8144,Ccdc34,0.354473711572603,-0.89273864,0.45041596737032485
8145,Amy1,0.35385471503075316,-2.0915473,0.4511750131484636
8146,mt-Atp8,0.35354547307598705,-0.4141819,0.4515547192478993
8147,Nsd2,0.3526187726602008,-1.3095443,0.4526945705230506
8148,Rbm6,0.3523102143880966,-1.7117414,0.4530747653112939
8149,Msl3,0.35138556537897314,-1.302275,0.45421608292330384
8150,Fam20b,0.3504624553854059,-1.7738408,0.45535850064254946
8151,Hnrnpl,0.3504624553854059,-0.7543748,0.45535850064254946
8152,Rcc2,0.3501550941241929,-2.4778957,0.45573955106971187
8153,RP24-262G23.6,0.34984790392129417,-0.4645448,0.4561207237759727
8154,Ptrf,0.34984790392129417,-1.0585706,0.4561207237759727
8155,Fam111a,0.34954088479051115,-1.0388516,0.4565020187725604
8156,Tmtc3,0.3486208539669372,-1.1120723,0.4576466376165008
8157,Prep,0.34831451926005297,-2.5697849,0.4580284218865889
8158,Dennd5b,0.3473965420265146,-1.7400941,0.45917450882005884
8159,Megf9,0.3473965420265146,-1.8905716,0.45917450882005884
8160,Rpl39,0.34526058695371087,-0.17345011,0.46185299548623904
8161,RP24-360B3.3,0.34495613547320414,-1.9901301,0.46223612618206367
8162,Hist1h4d,0.34465185526811926,-1.3976415,0.4626193793472556
8163,Camsap2,0.34465185526811926,-2.8751805,0.4626193793472556
8164,Ythdf3,0.34404380873054463,-1.0292493,0.4633862531303452
8165,RP23-173N16.6,0.3437400424208997,-2.032327,0.4637698737705329
8166,Ksr1,0.3437400424208997,-1.369581,0.4637698737705329
8167,Kat6a,0.3437400424208997,-0.7897925,0.4637698737705329
8168,Tsc22d4,0.34222378090947325,-0.5666874,0.4656898149033043
8169,Dync1h1,0.34101385638954385,-0.5787027,0.46722797399501875
8170,Cd93,0.34101385638954385,-3.6688516,0.46722797399501875
8171,Ankrd11,0.3401082128357509,-0.37332907,0.46838288072184375
8172,Ppwd1,0.33980667453000335,-2.0101993,0.46876809491052496
8173,Fem1c,0.33980667453000335,-1.9939345,0.46876809491052496
8174,Heyl,0.3392041122944047,-1.559014,0.4695388912739852
8175,Atrn,0.33800104558679367,-2.1892903,0.47108195625526694
8176,Abcg2,0.3374005412587827,-1.5134621,0.4718542250500528
8177,Mia3,0.3374005412587827,-0.43984252,0.4718542250500528
8178,Rplp2,0.33710054638172704,-0.18687977,0.4722405435621584
8179,Fam101b,0.3368007230405863,-1.5264381,0.4726269848321275
8180,Iqgap2,0.3362015909991356,-2.2428641,0.4734002356897947
8181,Ubr2,0.3353041796597862,-0.72461414,0.47456103293602386
8182,Ywhag,0.33500538570407257,-0.9154317,0.4749482109847712
8183,Vapb,0.3341100334147672,-0.8880706,0.4761104821851564
8184,Enpep,0.3338119258685863,-2.2417703,0.4764981516400001
8185,Arhgap30,0.33202688485541065,-1.7044417,0.4788267492127498
8186,Fuca2,0.33202688485541065,-2.367323,0.4788267492127498
8187,Uba1,0.33143324439492683,-1.1867839,0.4796039318456125
8188,Selt,0.33143324439492683,-0.7259752,0.4796039318456125
8189,Hdac7,0.3308402906227125,-1.2969841,0.48038160634561944
8190,Arl5a,0.3302480235855477,-2.479896,0.48115977280036637
8191,Zfp260,0.3296564433282083,-0.7592121,0.4819384312973798
8192,Fam98b,0.3296564433282083,-1.7177584,0.4819384312973798
8193,Sdc3,0.3290655498934689,-1.3380282,0.4827175819241153
8194,Dpy19l1,0.32847534332210493,-0.9169178,0.48349722476795776
8195,Dhrs3,0.328180497622385,-0.58104867,0.48388723079858265
8196,Acer3,0.32788582365289487,-1.8379201,0.48427735991622173
8197,Lsm5,0.32759132141817005,-1.0583763,0.4846676121317785
8198,Cox17,0.32729699092262143,-1.0807283,0.48505798745615214
8199,Dusp1,0.3267088451660757,-1.7816935,0.4858391074749223
8200,RP24-458F14.3,0.3261213864160567,-0.8332791,0.4866207200596372
8201,Capzb,0.3261213864160567,-0.48543704,0.4866207200596372
8202,Tbc1d9b,0.32524148649512363,-2.74391,0.4877940626882212
8203,Arhgap17,0.32494853005685975,-1.3833014,0.4881854232749632
8204,Flna,0.32436313250334736,-0.3051652,0.4889685140794323
8205,Sde2,0.3226110626395332,-1.1635766,0.49132074432173445
8206,Actr2,0.3220284136868452,-0.5742073,0.49210580730107933
8207,Abcb7,0.321737346908591,-2.8659408,0.49249852375794034
8208,Ccdc50,0.3214464519316834,-0.6637136,0.49289136354067764
8209,Rbbp6,0.3202845900719039,-0.45388362,0.49446395614646144
8210,Csde1,0.3197046899913496,-0.50155485,0.4952509926853865
8211,Brd3,0.31912547715645356,-0.72945774,0.4960385228300439
8212,Mxd4,0.31912547715645356,-0.2662693,0.4960385228300439
8213,Uhrf1,0.3188361284584299,-3.2090466,0.4964324730314611
8214,Nup98,0.31825794650476535,-3.4655159,0.49722074374631164
8215,Tmod3,0.3176804518108943,-0.45498797,0.49800950828225343
8216,Ehd3,0.31595209130057356,-2.053232,0.5003787656764981
8217,Pdia4,0.31509023054239715,-0.517006,0.5015650620348303
8218,Rsrc2,0.31451651576492023,-0.4908299,0.5023565441225569
8219,Rhob,0.31451651576492023,-0.64626956,0.5023565441225569
8220,Tet3,0.314229916091574,-1.1089445,0.5027524705531934
8221,Rfx7,0.31394348822687257,-2.1267612,0.5031485205892785
8222,Hnrnpr,0.31394348822687257,-0.5177823,0.5031485205892785
8223,Smurf2,0.3133711479178276,-0.82323456,0.503940991520567
8224,Tardbp,0.31279949482542035,-0.45616356,0.5047339570019258
8225,Per1,0.31279949482542035,-2.32431,0.5047339570019258
8226,Mrpl48,0.3119433036861947,-1.7166362,0.5059243326922125
8227,Lpgat1,0.31108865869535596,-0.63722867,0.5071158216004152
8228,Snrpd1,0.31051975430717205,-0.6012561,0.5079107661357032
8229,Idh3g,0.30938400688433276,-2.5538054,0.5095021402210199
8230,Gcc2,0.30768553874593074,-1.1153407,0.5118929151611608
8231,Ppp4r3b,0.3074030618592225,-0.6497066,0.512291811065479
8232,Akap9,0.3034664163245433,-0.50375456,0.5178893639361783
8233,Irgm2,0.30318651507675287,-2.8996904,0.5182901188644969
8234,Ogdh,0.3029067854953379,-1.1912979,0.5186909978121598
8235,Rarres2,0.30234784130738823,-0.41762665,0.5194931278076218
8236,Insig2,0.30234784130738823,-0.45597523,0.5194931278076218
8237,Zadh2,0.30206862668843437,-1.462205,0.519894378876463
8238,Ldb1,0.30178958371101894,-1.8514141,0.5202957540067312
8239,Lbr,0.30151071236863725,-0.6869892,0.5206972532089371
8240,Stx7,0.3009534845623685,-0.6053249,0.5215006238711817
8241,RP23-346J12.1,0.3003969432152386,-2.9817493,0.5223044909471923
8242,Baz1b,0.29928591967142937,-0.46499047,0.52391371467616
8243,Arhgdib,0.2987314373565725,-0.5622237,0.5247190714967711
8244,Socs2,0.2987314373565725,-0.6987773,0.5247190714967711
8245,Klf3,0.2987314373565725,-0.62160224,0.5247190714967711
8246,G6pdx,0.29762453133145317,-1.576534,0.5263312754688747
8247,Idh1,0.2973482336541188,-0.63158864,0.5267346370084831
8248,Hist1h4h,0.2959693178206647,-3.588126,0.5287533085080858
8249,Polr2m,0.2959693178206647,-1.1171155,0.5287533085080858
8250,Dnajc5,0.295144026046814,-0.77966183,0.5299660028244926
8251,Mylk,0.2945946887650547,-0.38364163,0.5307750872993006
8252,Hspa9,0.29349807122101246,-0.9476038,0.5323947484566512
8253,Phrf1,0.29267740764443695,-2.2178838,0.5336108003336772
8254,Zfp994,0.29213115538427803,-2.206554,0.5344221236497391
8255,Kat2b,0.29213115538427803,-1.1233755,0.5344221236497391
8256,Zbtb1,0.2915855884588868,-1.1699923,0.5352339447143157
8257,Cald1,0.2902246689159734,-0.22138143,0.5372656755690434
8258,Pigt,0.2899529988219096,-0.9759866,0.5376723952272929
8259,Gnb2,0.2896814999727906,-0.5189543,0.5380792394054214
8260,Setx,0.28859721679180395,-1.3004992,0.5397078615231551
8261,Mier1,0.28778580189759895,-0.5900813,0.54093063607568
8262,Birc5,0.2869759273423893,-2.126499,0.5421545320494223
8263,Sec24b,0.2864368665480188,-1.7283226,0.542971085847548
8264,Galnt1,0.28616759278497206,-0.67680854,0.5433795497221373
8265,Stim1,0.2850922083202775,-1.7528601,0.5450146519635994
8266,Phip,0.28482378978411094,-0.60150445,0.5454237392610428
8267,Sod1,0.28482378978411094,-0.9036616,0.5454237392610428
8268,Rab12,0.284555542252806,-1.1986787,0.5458329512738228
8269,Sfrp4,0.28375182554981704,-0.39161628,0.5470613357066214
8270,Sypl,0.28348426189915243,-0.65781486,0.5474710466831649
8271,Rest,0.2829496473881825,-0.8155564,0.5482908429460485
8272,Hexim1,0.2829496473881825,-1.4987282,0.5482908429460485
8273,Npepps,0.2824157165015967,-1.1990006,0.5491111383568065
8274,Eya4,0.2794913110981251,-0.9975717,0.5536316890326345
8275,Slc25a39,0.27869733173484956,-1.9672887,0.5548671892284911
8276,Sfrp2,0.27843301328841574,-3.0358808,0.555279272513451
8277,Cebpa,0.27816886548551045,-0.70749485,0.5556914807585023
8278,Mrps9,0.2779048883096873,-3.0780644,0.5561038139737919
8279,Mllt10,0.27711398037859114,-0.73266333,0.5573415635424936
8280,Rpl4,0.2765875612534544,-0.39884079,0.5581673549586545
8281,Cdk6,0.2757992114680835,-1.095835,0.5594069798409148
8282,Rreb1,0.27553676917771486,-1.2888442,0.5598204382442653
8283,Antxr1,0.2742271142194448,-0.378566,0.5618896065351551
8284,Sc5d,0.27396569440137586,-2.1732671,0.5623038155188129
8285,Dock8,0.27370444493228197,-0.86363804,0.5627181496344961
8286,RP23-463F22.3,0.27344336579385087,-0.68204963,0.5631326088922809
8287,Trpm7,0.2729217184351812,-0.7382202,0.5639619028744443
8288,Patz1,0.27240075217668946,-2.253263,0.564791697545836
8289,Pabpn1,0.2721405244130727,-1.1353946,0.5652067826651416
8290,Zic1,0.2716205795222729,-1.5613251,0.5660373285212338
8291,Rbmx,0.27032369511013377,-2.3412151,0.5681158847320757
8292,Hnrnpab,0.2698061320615954,-0.5867953,0.5689481840553299
8293,Ndufc1,0.26954760561171964,-0.5496041,0.5693645216510981
8294,H1f0,0.26851519983920014,-1.6292757,0.5710311251620059
8295,Col6a2,0.2682575233012481,-0.49324438,0.5714480893716998
8296,Slc39a1,0.26569010013161487,-1.3805543,0.5756246275178791
8297,Setd1b,0.26569010013161487,-0.90920204,0.5756246275178791
8298,Tmem30a,0.2646678839230545,-0.46772152,0.5772987548875915
8299,Edem1,0.2641577936370596,-1.5190985,0.5781365714860809
8300,Bmp2k,0.2623778181368418,-0.9466522,0.5810728837322423
8301,Maged1,0.26161751322563886,-0.5391093,0.5823331867901547
8302,Supt16,0.2603537250315874,-0.8198121,0.5844362042410634
8303,Adrb2,0.26010147517910887,-2.9932668,0.5848571846732928
8304,Ep300,0.2595974830694241,-0.61964136,0.5856995225587234
8305,Ndufa1,0.2593457407639843,-0.8359793,0.5861208800316378
8306,Ighm,0.2590941675924844,-3.1434958,0.5865423632044867
8307,Lcn2,0.2588427635305476,-1.2405776,0.5869639720871177
8308,Vcp,0.2575882790038988,-0.5103457,0.5890739024913418
8309,Elmo2,0.2575882790038988,-2.0199566,0.5890739024913418
8310,Id1,0.2560884730052688,-3.4036217,0.5916099694537489
8311,Tacc1,0.2560884730052688,-0.5054546,0.5916099694537489
8312,Ppp3cb,0.2553408492708117,-0.927569,0.5928797014755716
8313,Rac2,0.2536022982714039,-1.1278456,0.5958468149777424
8314,Efemp1,0.2536022982714039,-0.9374169,0.5958468149777424
8315,Dnm1l,0.25335460824390466,-1.137054,0.5962711919586746
8316,Klf6,0.2526125491769369,-0.49688244,0.5975450785513866
8317,Pdcd6ip,0.25211868537559334,-0.9246575,0.598394966085587
8318,Tuba1b,0.2511329781770295,-0.76317686,0.6000962530382327
8319,Ly6c2,0.24770419387718734,-1.4345402,0.606066640316459
8320,Ssh2,0.2472170554323535,-0.6115583,0.6069215707003514
8321,Uba2,0.24697373795364275,-1.1298181,0.6073492251540873
8322,Rps6kb1,0.2467305882649803,-0.7269965,0.6077770057952224
8323,Etnk1,0.2460021456443916,-0.7352495,0.6090611049394843
8324,Fgfr2,0.24575966682053685,-0.5341423,0.6094893904266598
8325,Slc25a44,0.24551735563854393,-2.780016,0.6099178021494381
8326,Strn,0.24430831330542135,-1.5098403,0.6120617546342482
8327,Mta2,0.243825868809999,-1.9702594,0.6129202196141064
8328,Fam126b,0.24286298836858067,-2.8359797,0.6146386654008862
8329,Bptf,0.24238255192878821,-0.6397593,0.6154986463612793
8330,Itpr2,0.24166315129482785,-0.7158755,0.6167895656012021
8331,Atp6ap1,0.24166315129482785,-1.0593967,0.6167895656012021
8332,Nup50,0.24046749220891583,-1.3137097,0.6189436257704705
8333,Pcgf3,0.24046749220891583,-1.8806067,0.6189436257704705
8334,Nrip1,0.23808869204926364,-0.8497213,0.6232612307909511
8335,Nktr,0.23761493269398803,-0.80476326,0.6241262699921198
8336,Gpc6,0.23714183961708624,-1.0657946,0.6249918154365083
8337,Tuba4a,0.2369055428499225,-1.6856961,0.6254247780236498
8338,Dab2,0.236669412552439,-1.0428156,0.6258578672000763
8339,Utp3,0.23596202014258028,-1.2330413,0.627157894359901
8340,Chd3,0.23525612474811597,-0.8966207,0.6284590611645333
8341,Chst11,0.2338488213286568,-2.2159548,0.6310648147302488
8342,Cltc,0.23268063452794652,-0.56302524,0.6332397605363393
8343,Epdr1,0.2310521378060434,-0.7008693,0.6362900088242511
8344,Appbp2,0.2310521378060434,-1.0786687,0.6362900088242511
8345,Kcnq1ot1,0.22897027804136327,-0.56238884,0.6402208884914271
8346,Rnf166,0.22827930110377725,-1.5795765,0.6415334657500184
8347,Sertad2,0.22781947571311367,-1.7456638,0.6424091519285988
8348,Laptm5,0.2269018057623884,-0.90181726,0.6441620478368785
8349,Usp7,0.22644396060636862,-0.9163324,0.6450392577158646
8350,Mlec,0.22575842930286816,-0.7375252,0.6463560251501016
8351,mt-Rnr1,0.22553024843229375,-0.07211237,0.6467952016962917
8352,RP23-242O9.1,0.2232574929609633,-2.0394406,0.6511939564170598
8353,Rpl35a,0.22303112189217933,-0.17003839,0.6516345310192109
8354,Oaz2,0.2219017302041446,-1.9545971,0.653839311489564
8355,Srp72,0.2214511225034942,-1.1287283,0.6547221139981526
8356,RP23-216P14.8,0.22100117088683846,-0.5004543,0.655605425372148
8357,Vcpip1,0.22077644101093952,-1.0507665,0.6560472719067474
8358,Mdfic,0.21965524936189063,-0.94826406,0.65825841342456
8359,Lyn,0.21965524936189063,-1.7031624,0.65825841342456
8360,Ndst1,0.21965524936189063,-1.697368,0.65825841342456
8361,Fem1b,0.21965524936189063,-2.190015,0.65825841342456
8362,Nisch,0.21809245538706845,-0.46171483,0.6613593579904795
8363,Baz2b,0.21764741419347178,-1.2385241,0.6622464882041592
8364,Mcm3,0.2174251386210062,-2.2850518,0.6626902443655532
8365,Sobp,0.21698107731934324,-3.6756108,0.6635781388432846
8366,Arhgap6,0.21653766886717585,-1.1732378,0.6644665429220084
8367,Maf,0.21653766886717585,-0.42442292,0.6644665429220084
8368,Usf2,0.21653766886717585,-1.1240797,0.6644665429220084
8369,Rpl36a,0.21631620935625906,-0.39960632,0.6649109360846288
8370,Bclaf1,0.21543200177754884,-0.5519548,0.6666897831035812
8371,Epb41l4b,0.2143304077149738,-1.3824109,0.6689162098914655
8372,Runx1t1,0.21411057720352544,-1.1282603,0.6693618777421836
8373,Pdcd10,0.2127950086828042,-1.070153,0.6720385630637289
8374,Abhd5,0.21257631595596482,-2.5473003,0.6724851237384407
8375,Hnrnpul1,0.21083261582107704,-0.90695494,0.6760622028740703
8376,RP23-354A20.1,0.21018140284557285,-2.6294365,0.6774057136115479
8377,Crip1,0.2099646556956566,-0.7152072,0.6778538058766732
8378,Ptbp3,0.20909928513346399,-0.5157123,0.6796474519414032
8379,Akap13,0.2080212091984901,-0.9071379,0.6818923834589239
8380,F13a1,0.20759110927763946,-2.8690777,0.6827912504109775
8381,Angptl4,0.20651868247304583,-0.7874069,0.685040654283885
8382,Cp,0.20630468069413832,-0.24666354,0.6854909185291498
8383,Adgrf5,0.2052370872173641,-0.5790668,0.6877441576027099
8384,Angptl1,0.20438590820038227,-2.2376184,0.6895490508161252
8385,Zc3hav1,0.20438590820038227,-1.4959825,0.6895490508161252
8386,Uhmk1,0.20079704231407525,-3.7656066,0.6972426885197299
8387,Ndrg2,0.20037786503594657,-1.682446,0.6981502549788762
8388,Spry4,0.20037786503594657,-2.1404586,0.6981502549788762
8389,Tmed5,0.19912416657493626,-0.7177462,0.7008760289066375
8390,B4galt1,0.19870754360467846,-1.1720937,0.7017856453023742
8391,Pcmtd1,0.19829155825253642,-0.7769823,0.7026957743593948
8392,Aph1a,0.19829155825253642,-1.8383046,0.7026957743593948
8393,Nudt21,0.19746149885743036,-1.3296785,0.704517570740191
8394,Fcnb,0.19725438191539724,-2.6001666,0.7049733403591534
8395,Camkk2,0.1970474240388428,-1.3095334,0.7054292382052727
8396,Psme4,0.19519195302924341,-1.6083603,0.7095380904963347
8397,Marc1,0.19519195302924341,-1.1494697,0.7095380904963347
8398,Dnmt3a,0.19519195302924341,-1.5732176,0.7095380904963347
8399,Chl1,0.19416668821041694,-2.0199063,0.7118252768344917
8400,Chmp4b,0.19396211042504574,-0.8846217,0.7122830991442348
8401,Rpl37,0.1925344948715263,-0.26852992,0.7154914501021271
8402,Gpatch8,0.19233118189688458,-1.053287,0.7159502995996524
8403,Irx5,0.19050846342649008,-2.0947804,0.7200857258268087
8404,F830016B08Rik,0.1901051477813619,-1.0129092,0.7210061228885281
8405,Zfp36l2,0.18829800854715606,-0.4242952,0.7251542730877143
8406,Creb1,0.1878981487396677,-0.9918817,0.726077498750499
8407,Rab11fip2,0.18749891592006218,-0.9981005,0.727001238929841
8408,Ckap5,0.18749891592006218,-1.4226372,0.727001238929841
8409,Prdx6,0.18710030967128588,-1.2414694,0.7279254936949694
8410,Mafb,0.18670232957516109,-0.720082,0.7288502631150581
8411,Rad21,0.18630497521239076,-1.0131869,0.7297755472592224
8412,Sash1,0.18630497521239076,-1.0020521,0.7297755472592224
8413,Rora,0.1847218066698918,-1.0616279,0.7334818324570148
8414,Kirrel,0.1835409797523233,-1.2043964,0.736266954336527
8415,Odc1,0.18314861602842536,-1.4965769,0.7371963587547675
8416,Slfn5,0.1825612363891279,-0.7181725,0.7385914316728069
8417,Actn4,0.18236575387988918,-1.0413554,0.7390567136906087
8418,Tmem178,0.18119611743447828,-2.0052533,0.7418511123702808
8419,Sfrp1,0.1800320587106976,-1.0098145,0.7446501522220468
8420,Tram1,0.17810432370878693,-0.76922995,0.7493255373583466
8421,Heph,0.17772062717522297,-2.21707,0.7502621628053625
8422,Adamts5,0.17752900985692832,-0.5347688,0.7507306691365059
8423,Snrnp70,0.176573230524103,-0.59370583,0.7530751372074388
8424,Eif5b,0.176573230524103,-0.76034915,0.7530751372074388
8425,Foxj2,0.17638253571866347,-3.030725,0.7535444181639157
8426,Lta4h,0.17581137241730094,-2.0346925,0.7549530358701164
8427,Ewsr1,0.17486250059382413,-1.1008576,0.7573033153429471
8428,Sept11,0.16943430061662335,-0.46233356,0.7709986656665978
8429,Setd7,0.1690646528094203,-0.96660763,0.771947183025985
8430,Rcbtb2,0.16869561029842595,-1.630589,0.772896218228744
8431,Eepd1,0.1675921098585782,-1.4872047,0.7757464315621976
8432,Impad1,0.1675921098585782,-0.7191926,0.7757464315621976
8433,Ndufb3,0.16649404018208536,-0.8970264,0.7786013078775327
8434,Kdm5b,0.16631155566526457,-0.80536216,0.7790775740678821
8435,Fst,0.1632322877432365,-0.47461665,0.7871939325809445
8436,Rpl23a,0.16269337865633826,-0.59969294,0.7886301217498687
8437,Svep1,0.1619769223294768,-0.55570227,0.7905468571790231
8438,Mpzl1,0.16055115782977247,-1.4137421,0.7943865581306894
8439,Col4a2,0.16037360622017005,-0.54907167,0.7948671049803476
8440,P3h2,0.15825454867770783,-1.470634,0.8006437982948853
8441,Agt,0.15825454867770783,-0.76259154,0.8006437982948853
8442,Tkt,0.1568536673927687,-0.9589468,0.8045053226160768
8443,Purb,0.15667922036872864,-0.5937702,0.8049885981555828
8444,Iqgap1,0.15477000169911895,-0.7254498,0.8103132126391932
8445,Arfgef1,0.15459731642932595,-0.9158424,0.8107980490338049
8446,Secisbp2l,0.15322109957450092,-1.0346522,0.8146814253182031
8447,Zfp207,0.15151395573621532,-0.7141266,0.8195473630686715
8448,Slc26a7,0.1513440413616214,-1.2372323,0.8200346731858333
8449,Lgals9,0.15032760210698234,-2.1144183,0.8229612699642654
8450,Zcchc6,0.14948455246134862,-0.8517881,0.8254036844460511
8451,Ddb1,0.14914834452727962,-1.268332,0.8263815627287201
8452,Lims1,0.14914834452727962,-0.677997,0.8263815627287201
8453,Ckap4,0.14831034999383194,-0.6745694,0.8288285402166412
8454,Mrps6,0.14730950931031397,-0.70023453,0.831769217124132
8455,Pdcd4,0.14417423157093112,-0.9094311,0.8411123546414881
8456,Sned1,0.14417423157093112,-0.8776417,0.8411123546414881
8457,Spag9,0.14286952119366605,-0.59461457,0.8450604107417604
8458,Tpm1,0.1412513988814786,-0.19634794,0.8500072424572058
8459,Plxna2,0.14012711987308155,-0.62504953,0.8534778042473345
8460,Fam168b,0.13932828739431327,-1.9638953,0.8559607011490851
8461,Ghr,0.13821581764374904,-0.5173786,0.8594422527483425
8462,RP23-123N23.5,0.13726773100599632,-0.98150146,0.8624315450148303
8463,Eif4a2,0.13507503964610854,-0.7651374,0.8694248963182233
8464,Efnb1,0.13414364124995098,-1.7540306,0.8724299091680376
8465,Snx27,0.133834281316334,-1.8929536,0.873432628873371
8466,Flnb,0.13367980845410524,-1.2075499,0.8739341854021032
8467,Pja2,0.13198969845904004,-1.2260333,0.8794599633167197
8468,Tsix,0.12956097188028937,-4.179391,0.8875258028611224
8469,Arid1a,0.12806073087941075,-1.0421112,0.8925840238613028
8470,Adpgk,0.12761330244611513,-2.9241922,0.8941040522776638
8471,Dock10,0.12687029167566327,-1.9852191,0.8966400616863224
8472,Nptn,0.12642610410663394,-0.4661375,0.8981632448907928
8473,Gsk3b,0.12568848357355936,-0.5858172,0.9007045134801833
8474,Cbx3,0.12480777005396301,-0.9255569,0.9037583763000966
8475,Syncrip,0.12480777005396301,-0.8815737,0.9037583763000966
8476,Clmp,0.1246614534498097,-0.52911645,0.9042678138987589
8477,Eda,0.1245152706527852,-2.7543547,0.9047773830778948
8478,Lbp,0.1245152706527852,-0.8724032,0.9047773830778948
8479,Rrm1,0.1245152706527852,-2.9233334,0.9047773830778948
8480,Rin2,0.12393187612522483,-2.2728324,0.9068169757482348
8481,Negr1,0.12335061686509521,-3.0039313,0.9088586743020356
8482,Usp25,0.12335061686509521,-0.8109361,0.9088586743020356
8483,Nav1,0.12219448603769235,-1.2031522,0.9129483909627955
8484,Igkc,0.12176312689924941,-3.479431,0.9144842076689972
8485,RP23-214L4.1,0.11905877605090008,-0.8298456,0.9242385863993542
8486,Palld,0.11529700480911259,-0.5689419,0.9381819746807611
8487,Mat2a,0.11515949599612538,-0.63649654,0.93870024451105
8488,Ednra,0.11392771390845359,-2.077511,0.9433706171547535
8489,Serp1,0.11243631766449298,-0.99320585,0.949093386154053
8490,Hnrnpu,0.1118978239278308,-0.54793775,0.95117835909564
8491,C1galt1,0.11176351887106772,-1.2483684,0.9516999329297647
8492,Ncoa7,0.11082694113776818,-1.22843,0.955354653278901
8493,Pum2,0.1070126878331333,-1.1106315,0.9705647276489427
8494,Adipor2,0.10688304066935116,-1.4796621,0.9710911996370877
8495,Tob2,0.10675351800062051,-1.8672509,0.9716178041429211
8496,Ltf,0.1061077695058852,-2.1353836,0.974252814684956
8497,Adamts9,0.10559340410846269,-1.3856243,0.9763632091579202
8498,Ahnak,0.10520892977953711,-0.37991846,0.9779473971652588
8499,Tnfaip2,0.1043161433539679,-1.2843853,0.9816484775079711
8500,Ebf1,0.10217299343151384,-0.48779082,0.9906638826124847
8501,Fgf7,0.10055787663226474,-0.79848105,0.9975839057340575
8502,Nin,0.09896317415752821,-1.1877402,1.0045263835386815
8503,Zbtb7a,0.09835522821289831,-0.8761742,1.0072025495864054
8504,Gatad2b,0.09714828607658456,-1.296849,1.0125648569689616
8505,Smarcd2,0.09595321473364993,-3.1856558,1.0179404704574608
8506,Dstn,0.0958343576162286,-0.65635145,1.0184787639058523
8507,Vit,0.09500565440623727,-1.3448902,1.0222505462443192
8508,Rps26,0.09453469332380275,-0.3028803,1.0244087803372535
8509,Tnrc6b,0.09348187173294718,-0.715367,1.0292726005678663
8510,Uqcrh,0.09278523150183766,-0.60194117,1.032521144337979
8511,Lamb1,0.09197775860367348,-0.77488625,1.0363171779095885
8512,Pdzrn4,0.09186286758355286,-0.93585074,1.0368600018064533
8513,Canx,0.09151888624834484,-0.5541476,1.0384892737252343
8514,Uqcrq,0.09129014104497944,-0.97152287,1.0395761219285353
8515,Rp9,0.09060666212223988,-1.1202419,1.0428398683656386
8516,Wdr26,0.08858089486856874,-0.9125118,1.0526599366667673
8517,Elane,0.08835808080108298,-1.0892507,1.0537537258761045
8518,Ptx3,0.0869207807010101,-0.83156705,1.0608763816080933
8519,Gprin3,0.08670134218699548,-0.71259063,1.061974179341622
8520,Rc3h1,0.08474646144160178,-1.336015,1.0718784265581496
8521,Plagl1,0.08240574878163384,-3.7431695,1.0840424900376755
8522,Rpl37a,0.08146341687471775,-0.18707095,1.089037377963327
8523,Igfbp3,0.07960498792504705,-2.9056582,1.0990597191912705
8524,S1pr1,0.07868878110182717,-0.9384971,1.104087181908822
8525,Tnfsf11,0.07798212332046593,-1.318622,1.108004943887616
8526,Mki67,0.07718085066362189,-2.6258724,1.1124904390779027
8527,Rdx,0.0749145000675996,-0.78552383,1.1254341143449944
8528,Larp4b,0.07472002173029574,-1.6971256,1.1265630104751505
8529,Six1,0.07327454428908355,-1.3267597,1.1350468738564568
8530,Ism1,0.07289297101024902,-1.7604226,1.1373143482065713
8531,Myh9,0.07260785942224685,-0.7289142,1.1390163666419184
8532,Spry1,0.0694399519477255,-0.74309474,1.1583905883621648
8533,Irf2bp2,0.06871129575099534,-0.5810986,1.1629718614983706
8534,Rybp,0.06862065714034864,-1.8433677,1.1635451272728399
8535,Cbx5,0.0662983347485581,-1.2779629,1.1784973798696574
8536,Eif4g2,0.06621032380982264,-0.53347325,1.1790742881423153
8537,Fhl2,0.06603459070240017,-0.7556162,1.180228509672051
8538,Fzd4,0.0657717118543233,-2.6019998,1.1819608545188585
8539,Col4a1,0.06559693896634056,-0.38040555,1.1831164261890386
8540,Aebp2,0.06352937297246274,-2.3070662,1.197025431079712
8541,Ptprd,0.05875428174170295,-0.45108664,1.2309604785194492
8542,Lifr,0.05819867581458549,-0.44630057,1.235086896672464
8543,Ermp1,0.05764744219040136,-1.7345093,1.2392199575321279
8544,Ppp1ca,0.057022782814710044,-1.1940181,1.243951592154895
8545,Fam102b,0.0568675008497346,-2.2063317,1.245135857223806
8546,Sp100,0.05640376460399454,-1.9277707,1.248691908566678
8547,RP23-81C12.1,0.055485733544038934,-1.1467204,1.2558186680407029
8548,Adgrl2,0.05302514992966792,-1.1798464,1.2755180948333638
8549,mt-Nd5,0.05251510179886076,-0.5532754,1.2797157883123789
8550,Aco2,0.05200916176926216,-1.7798429,1.2839201456852254
8551,Mpo,0.049886800928605333,-1.0704634,1.3020143450004809
8552,Tcf4,0.04981732509074661,-0.75366986,1.3026195953365678
8553,Cops9,0.04940217184112867,-1.0909301,1.3062539580017714
8554,Bmp6,0.047971924241097086,-1.5483515,1.3190128608434708
8555,Fzd1,0.044896606515908315,-1.682421,1.3477864836539402
8556,Prelp,0.044896606515908315,-0.83759445,1.3477864836539402
8557,Emb,0.044390070792118166,-1.1757711,1.3527141623726562
8558,Txnip,0.044327094219129025,-0.56405336,1.3533307371409962
8559,Tsc22d3,0.0428381251566585,-2.271834,1.3681695446547286
8560,Spon1,0.042109637986423455,-0.8202535,1.3756184921626007
8561,Pgrmc1,0.04062557844431953,-1.1627207,1.391200442298913
8562,Nedd4,0.04045050720150316,-0.3949619,1.3930760284785806
8563,RP23-173F3.4,0.03924283131162103,-3.9914734,1.406239666463986
8564,Abi3bp,0.039129428120489765,-0.8363076,1.40749649929918
8565,Ywhaz,0.039129428120489765,-0.7999607,1.40749649929918
8566,Rock2,0.03867859444060753,-0.80695343,1.412529316331003
8567,Vezf1,0.037189479160785875,-1.3565857,1.4295799038991772
8568,Hes1,0.03574945348530212,-1.0358723,1.4467305930274257
8569,Smoc1,0.0353320212149303,-2.1131113,1.4518315174651668
8570,Stat5b,0.03522831545347925,-1.7003758,1.4531081234026277
8571,Hook3,0.03262172703474653,-0.8515256,1.486493050597826
8572,Klf9,0.032573264291459146,-0.9729134,1.4871387169423145
8573,Zbtb20,0.03252486322652075,-0.49195662,1.4877845210566822
8574,Thbs1,0.032428245886382656,-1.0651499,1.4890765426149712
8575,Irs1,0.032331874524059376,-1.5167196,1.4903691153125058
8576,Hmgb2,0.032139867774519236,-0.99845266,1.4929559142843976
8577,Plod2,0.031287884408601814,-1.1921482,1.5046238015304565
8578,Slc38a2,0.031287884408601814,-1.0392609,1.5046238015304565
8579,Adamtsl3,0.030961830001380572,-1.8543671,1.5091733782212564
8580,Sema6d,0.03063869660555569,-1.290861,1.5137297138780432
8581,Gdpd2,0.029419311470446012,-0.59643555,1.531367495717431
8582,Lrrc58,0.02915407913425337,-0.7426408,1.5353006717263307
8583,Dpep1,0.028327709449692734,-1.0692906,1.5477885406781535
8584,Lpp,0.028241908696209135,-0.77740896,1.54910595534618
8585,Atp13a3,0.027396146511254226,-1.0363898,1.5623105199019447
8586,Angpt1,0.02698152240902502,-1.1776896,1.5689335492828937
8587,AC102225.2,0.026776249565464778,-0.84831107,1.5722502528313695
8588,Pdgfrb,0.02385523293007754,-0.6245715,1.622416338494975
8589,Ggt5,0.022766632852158877,-1.1143657,1.6427011960805185
8590,Snai2,0.022660184690025422,-0.7168546,1.6447365547757093
8591,Plxdc2,0.021721456709081616,-0.67014784,1.6631110529551072
8592,Shroom3,0.021181296374963573,-1.1644588,1.674047462960182
8593,Cyr61,0.021014913525538668,-1.068755,1.6774723927372333
8594,App,0.02010405725210956,-0.55586916,1.6967162876347475
8595,Csf1,0.019976788668834105,-0.72827315,1.6994743246934776
8596,Nuak1,0.019661689522434307,-1.6616439,1.7063791661201644
8597,Agpat5,0.019412744163496594,-1.7584672,1.711913068896745
8598,RP23-92G13.4,0.018473909320803405,-1.1953387,1.7334411924426893
8599,Ahcyl1,0.018208895676258635,-1.6053823,1.739716392274829
8600,Ackr4,0.016687642590103823,-0.8855121,1.7776050103801468
8601,Dlc1,0.015659489656375973,-1.0423423,1.8052223957283546
8602,Adamts1,0.015506361152734767,-1.5729119,1.8094901052618233
8603,Hnrnph1,0.014687484568348107,-1.0080673,1.833052576682727
8604,mt-Cytb,0.013496856211409268,-0.38302088,1.8697673788410174
8605,Atp2b1,0.012623547794066277,-1.1468185,1.8988185713319972
8606,Rps21,0.012455014438292613,-0.5214848,1.9046557646776814
8607,Il7,0.012205950068223479,-1.9875726,1.9134284109761297
8608,Lamp1,0.011082177177814087,-0.7562227,1.9553749107785452
8609,Slc40a1,0.01047445251450502,-2.755592,1.9798686677548165
8610,Acvr2a,0.009250341781382147,-2.217172,2.0338422206635527
8611,Fbn1,0.009234279143197101,-0.722255,2.0345970012904218
8612,Wfdc21,0.008506855377676108,-2.2141266,2.070230950433739
8613,Mbnl1,0.008271173780545532,-0.9539796,2.0824328543844377
8614,Serinc3,0.007598786532644797,-0.99678195,2.1192557556472584
8615,Gja1,0.007333396201560934,-0.766937,2.1346948507328243
8616,Loxl1,0.007320347672317419,-1.3905677,2.135468292085966
8617,Tgfbr3,0.007101687146390751,-0.7789426,2.148638463770376
8618,Vegfc,0.006913640565609885,-1.259133,2.160293202813561
8619,Irx3,0.006586397002063834,-1.854504,2.1813520952746956
8620,Rbms3,0.006539119561906735,-1.4017984,2.1844807218815183
8621,Soat1,0.005844337071933368,-1.0880448,2.2332647440965516
8622,Pi15,0.0043401272118602395,-3.5475473,2.3624975408563236
8623,Rspo3,0.0036824046457862203,-1.4808524,2.433868490200209
8624,Grn,0.003537872243190666,-1.3359162,2.4512578540376877
8625,mt-Nd2,0.003232918119098938,-0.4692768,2.490405294730796
8626,Zfp36l1,0.003232918119098938,-0.81528264,2.490405294730796
8627,Pbrm1,0.0031165885991103143,-1.3138845,2.506320522371285
8628,Iigp1,0.002465857790585241,-1.7304566,2.608031973378967
8629,Phex,0.0021548397406961368,-5.284503,2.666585023563299
8630,Rps29,0.002112264197397013,-0.5642551,2.6752517621345913
8631,Rps15,0.0010419503164589958,-1.0117857,2.9821529890999576
8632,Ebf3,0.0007862249695592081,-0.9521614,3.1044531676266147
8633,Marcks,0.0006396847386051958,-0.6689418,3.194034010418302
8634,Cxcl12,0.0006203745082363518,-0.70737034,3.207346056054662
8635,Ddx3x,0.0006109240960616117,-1.4370024,3.2140127450918983
8636,Kng1,0.0005744462155012586,-1.180742,3.240750627383846
8637,Zfhx4,0.0005706605471594409,-1.4467639,3.2436221515323886
8638,Kitl,0.0005108891324850967,-0.6687949,3.291673335430777
8639,Igfbp4,0.0004843207426098401,-0.7140612,3.3148669304825047
8640,Arrdc4,0.00039306712619414745,-1.0619323,3.4055332764787725
8641,Lmo4,0.0003756679526595586,-1.5036112,3.4251958519867927
8642,Col8a1,0.00034222659896905415,-1.1641906,3.4656862386974563
8643,Clec2d,0.00033146042974387303,-1.2884114,3.4795683109081885
8644,Pappa,0.00031808364575584646,-1.1377383,3.497458659533244
8645,Mpdz,0.00030034145723743523,-1.9467201,3.5223847163965174
8646,Rspo2,0.00026390654569303585,-4.508101,3.5785498378090868
8647,mt-Co1,0.0002343697908407476,-0.8517395,3.630098367554381
8648,Lox,0.00021541987623289332,-1.0056272,3.666714227964584
8649,Kctd12,0.0002114088697074188,-1.6624483,3.67487679572216
8650,Nrp1,0.00019605567212573454,-1.109457,3.707620588521782
8651,Ngp,0.0001955932019798513,-1.4400141,3.7086462435869834
8652,Thsd4,0.0001753943409372285,-2.5990708,3.7559844231671424
8653,Crim1,0.00011454558083154961,-1.9256651,3.941021661232278
8654,Rps12,0.00010136230873774073,-0.7827251,3.9941235060504052
8655,Slc6a6,7.439044818162274e-05,-1.2550386,4.1284828247810745
8656,Aldh1a2,7.273689721184696e-05,-2.5215425,4.138245228886395
8657,Samhd1,6.384350855524982e-05,-1.2657566,4.19488325410854
8658,Fmo2,4.6607143382312116e-05,-2.120697,4.3315475147742895
8659,Esm1,4.1417045282449726e-05,-1.1667079,4.382820887173598
8660,Gpr88,3.913334074217459e-05,-3.3547392,4.407453075586127
8661,Rpl41,3.611743718619454e-05,-0.7244051,4.442283073845284
8662,Lepr,1.5994281507747315e-05,-1.2447447,4.796035264440716
8663,mt-Nd1,1.0202113427170512e-05,-0.7033637,4.991309852288815
8664,Fstl1,9.161060607224266e-06,-0.83575207,5.03805424366835
8665,Grem1,9.035175650258004e-06,-1.7937056,5.044063400026538
8666,Mme,8.571721335437728e-06,-1.5372448,5.066931956208006
8667,Errfi1,7.82027273513855e-06,-1.7591187,5.106778100482323
8668,Igf1,3.4763707353860832e-06,-2.222144,5.458873914689769
8669,Aplp2,3.367763268463051e-06,-1.1247792,5.47265844413604
8670,Cdh11,2.7571793844355873e-06,-0.93790835,5.559534977406684
8671,Slc5a3,2.6392785204269587e-06,-1.6648773,5.578514776698513
8672,Psap,2.3003750672355936e-06,-1.4062477,5.638201348177721
8673,Itga1,7.925609156079218e-07,-1.5467099,6.100967348295462
8674,Fbln5,6.947989403701804e-07,-1.4959816,6.15814085256192
8675,Vcam1,3.377771980790767e-07,-1.224268,6.471369671173159
8676,Camp,3.0825625650120354e-07,-1.6456242,6.511088100015688
8677,Rbms1,2.250997668729229e-07,-1.4148803,6.647624954781158
8678,Runx1,1.0879673063572098e-07,-1.4437003,6.9633841550808455
8679,Igfbp5,8.148144765766828e-08,-1.6968802,7.08894126361699
8680,mt-Nd4,4.7203257535927356e-08,-1.1062951,7.326028029309538
8681,Ogn,4.181682141030087e-09,-2.609556,8.378648981954276
8682,Plpp3,1.2151040406819454e-09,-1.5211865,8.915386534938424
8683,Adipoq,1.206108372893265e-09,-2.1014547,8.91861366762293
8684,S100a9,1.0667230577236418e-09,-1.3621926,8.971948317327067
8685,Foxc1,8.397447950685599e-10,-1.9630725,9.075852679335073
8686,Bmp4,6.35680305745598e-10,-3.0755033,9.196761243404378
8687,Gas6,2.7052989550181573e-10,-1.579832,9.5677847352374
8688,Chrdl1,4.1558352096536697e-11,-2.0717225,10.381341681749362
8689,Mir6236,5.138496766736431e-15,-2.128079,14.28916391240452
8690,S100a8,5.624324041740865e-17,-1.8231385,16.24992966567567
8691,RP23-81C12.3,1.5870719892413846e-17,-1.0675926,16.799403373294805
8692,Lpl,7.064025827658982e-23,-3.084272,22.150947721549787
