"","source","confidence","target","weight"
"1","Myc","A","Tert",1
"3","Smad3","A","Jun",1
"5","Smad4","A","Jun",1
"7","Sp1","A","Aldoa",1
"8","Tp53","A","Igf1r",-1
"9","Zbtb16","A","Ccna2",-1
"10","Stat3","A","Cdkn1a",1
"14","Rela","A","Abcb1a",1
"15","Tp53","A","Cdkn1a",1
"16","Tp53","A","Rb1",-1
"17","E2f1","A","Cdkn1a",1
"18","E2f3","A","Cdkn1a",1
"20","Yy1","A","Nr3c1",1
"23","Tp53","A","Bcl2",-1
"25","Stat4","A","Irf1",1
"26","Wt1","A","Odc1",1
"27","Hnf1a","A","Igf1",1
"28","Stat5a","A","Igf1",1
"29","Ets1","A","Timp1",-1
"31","Arnt","A","Cyp1b1",1
"32","Ahr","A","Cyp1b1",1
"33","Tp53","A","Ccnb1",-1
"35","Stat5a","A","Ccnd1",1
"36","Tp53","A","Mdm2",1
"39","Rbpj","A","Hes1",1
"40","Atf2","A","Ccnd1",1
"41","Jun","A","Ccnd1",1
"44","Nfatc2","A","Il4",1
"45","Hnf4a","A","Gucy2c",1
"46","Rara","A","Sftpb",1
"47","Jun","A","Cdkn1a",-1
"48","Jun","A","Tp53",-1
"49","Stat3","A","Prf1",1
"50","Pparg","A","Serpine1",1
"52","Sp1","A","Faslg",1
"53","Ar","A","Klk1b26",1
"54","Ar","A","Klk1b8",1
"55","Ar","A","Klk1b9",1
"56","Ar","A","Klk1b1",1
"57","Ar","A","Klk1b11",1
"58","Ar","A","Klk1b27",1
"59","Ar","A","Klk1b22",1
"60","Ar","A","Klk1b21",1
"61","Ar","A","Klk1b5",1
"62","Ar","A","Klk1b16",1
"63","Ar","A","Klk1b3",1
"64","Ar","A","Klk1b24",1
"65","Ar","A","Klk1b4",1
"66","Ar","A","Klk1",1
"67","Atf1","A","Cftr",1
"68","Sp1","A","Gast",1
"69","Gata4","A","Nppa",1
"70","Rarg","A","Rarb",1
"71","Rarb","A","Rarg",1
"72","Jun","A","Ccl5",1
"73","Rela","A","Cd40",1
"74","Rela","A","Ifng",1
"76","Esr2","A","Rara",1
"78","Esr1","A","Rara",1
"80","Pax6","A","Krt12",1
"83","Fos","A","Tp53",1
"84","Tp53","A","Fos",1
"86","Sp1","A","Fos",1
"90","Sp1","A","Egr1",1
"93","Myc","A","Eno1",1
"94","Tp53","A","Ccnd1",-1
"95","Creb1","A","Pck1",1
"96","Rela","A","Nos2",1
"97","Nfkb1","A","Nos2",1
"99","Atf4","A","Ddit3",1
"100","Atf4","A","Atf3",1
"101","Atf3","A","Ddit3",1
"107","Smad4","A","Serpine1",1
"108","Smad3","A","Serpine1",1
"110","Tp53","A","Bax",1
"111","Tp53","A","Ccng1",1
"112","Tp53","A","Gadd45a",-1
"113","Stat4","A","Ifng",1
"114","Pparg","A","Lpl",1
"115","Nr5a1","A","Cyp17a1",1
"116","Fos","B","Runx1",0.5
"118","Foxo3","A","Faslg",1
"119","Usf1","A","Fasn",1
"122","Elk1","A","Sod1",1
"123","Fli1","A","Gp9",1
"124","Fli1","A","Itga2b",1
"125","Egr1","A","Elk1",1
"126","Elk1","A","Egr1",1
"133","Cebpa","A","Alb",1
"134","Creb1","A","Ccnd1",1
"135","Jun","A","Il6",1
"137","Hif1a","A","Epo",1
"138","Myc","A","Cdc25a",1
"142","Arnt","A","Epo",1
"143","Tp73","A","Mdm2",1
"144","Tp53","A","Tp73",1
"146","Tp73","A","Cdkn1a",1
"147","E2f4","A","E2f1",-1
"148","Sp1","A","Cdkn1a",1
"149","Ets2","A","Il5",1
"150","Gata3","A","Il5",1
"151","Ets1","A","Il5",1
"152","Sp1","A","Tgfb1",1
"156","Jun","A","Oxtr",1
"158","Rel","A","Il2ra",1
"159","Sp1","A","Ldlr",1
"160","Yy1","A","Ldlr",-1
"161","Cebpa","A","Pck1",1
"162","Wt1","A","Cdkn1a",1
"163","Fos","A","Ercc1",1
"164","Yy1","A","Cxcr4",-1
"165","Myc","A","Cxcr4",1
"166","Usf1","A","Cxcr4",1
"167","Atf2","A","Tnf",1
"168","Jun","A","Tnf",1
"169","Lef1","A","Ccnd1",1
"170","Cebpb","A","Star",1
"171","Nr5a1","A","Star",1
"174","Srf","A","Fos",1
"175","Myc","A","Cdkn1a",-1
"176","Jun","A","Il2",-1
"177","Sox9","A","Mia",1
"178","Irf1","A","Irf2",1
"180","Tp53","A","Litaf",1
"181","Tp53","A","Btg2",1
"182","Sp3","A","Cdkn1a",1
"183","Tp53","A","Pcna",1
"184","Atf2","A","Jun",1
"190","Egr1","A","F3",1
"192","Srf","A","Egr1",1
"194","Hnf4a","A","Serpina1e",1
"195","Hnf4a","A","Serpina1a",1
"196","Hnf4a","A","Serpina1b",1
"197","Hnf4a","A","Serpina1d",1
"198","Hnf4a","A","Serpina1c",1
"199","Jun","A","Csf2",1
"200","Nfatc2","A","Csf2",1
"201","Mef2a","A","Jun",1
"202","Runx2","A","Mmp13",1
"203","Ybx1","A","Mmp13",-1
"204","Pdx1","A","Ins2",1
"205","Hnf1a","A","Hnf4a",1
"206","Hnf4a","A","Hnf1a",1
"207","Hnf1a","A","Ins2",1
"209","Rfx1","A","Pcna",-1
"210","E2f1","A","Dhfr",1
"212","Wt1","A","Thbs1",1
"213","Sp1","A","Igfbp4",1
"216","Myc","A","Tp53",1
"217","Tp53","A","Myc",-1
"219","Nfkb1","A","Tp53",1
"220","Tp53","A","Rela",1
"221","Rela","A","Tp53",1
"222","Foxo1","A","Igfbp1",1
"223","Stat5a","A","Csn2",1
"224","Spi1","B","Utrn",0.5
"225","Ahr","A","Cyp1a1",1
"227","Stat3","A","Socs3",1
"228","Pou2f1","A","Il5",1
"229","Yy1","A","Il5",1
"231","Rara","A","Plau",1
"232","Sp1","A","Plau",1
"233","Lef1","A","Mmp7",1
"234","Spi1","A","Btk",1
"235","Sp1","A","Btk",1
"236","Sp3","A","Btk",1
"237","Sp1","A","Sp3",1
"239","Stat6","A","Il4",1
"243","Egr1","A","Pdgfa",1
"246","Jun","A","Abcb1a",1
"247","Rela","A","Cd40lg",1
"248","Cebpa","A","Sp1",1
"250","Sp1","A","Odc1",1
"252","Myc","A","Brca1",1
"253","Nr5a1","A","Cyp19a1",1
"256","Myc","A","Odc1",1
"259","Mycn","A","Ndrg1",1
"260","Myc","A","Ndrg1",-1
"261","Tp63","A","Cdkn1a",1
"262","Sp1","A","Cyp11a1",1
"266","Creb1","A","Egr1",1
"267","Egr1","A","Abcb1a",1
"268","Wt1","A","Abcb1a",1
"272","Hnf1a","A","Cyp7a1",1
"273","Wt1","A","Bcl2",1
"274","Fos","A","Clu",-1
"275","Fosl1","A","Clu",1
"276","Junb","A","Clu",1
"277","Creb1","A","Th",1
"281","Esr2","A","Oxt",1
"282","Sp1","A","Abcb1a",1
"284","Jun","A","Spi1",1
"285","Hif1a","A","Vegfa",1
"286","Smad4","A","Cdkn1a",1
"287","Esr1","A","C3",1
"288","Egr1","A","Tnf",1
"289","Sp1","A","Fn1",1
"292","Pparg","A","Fabp4",1
"293","Stat5a","A","Bcl2l1",1
"294","Sp1","A","Lep",1
"295","Stat5a","A","Osm",1
"296","Egr1","A","Mmp14",1
"297","Pparg","A","Cd36",1
"298","Cebpb","A","Il6",1
"299","Pax5","A","Cd79a",1
"303","Ets1","A","Parp1",1
"305","Pou2f1","A","H2-Ea",1
"306","Pou2f1","A","P04224",1
"307","Ets1","A","Mgat5",1
"311","Hsf1","A","Hspa4",1
"313","Cebpb","A","Hp",1
"315","Hif1a","A","Tfrc",1
"316","Myc","A","Hspa4",1
"317","Sp1","A","Psen1",1
"318","Nr5a1","A","Nr0b1",1
"319","Nr0b1","A","Nr5a1",-1
"321","Sp1","A","Slc25a5",1
"322","Esr1","A","E2f1",1
"324","Sp1","A","E2f1",1
"327","Tfap2a","A","Cyp11a1",1
"328","Sp1","A","Spi1",1
"332","Sp1","A","Plat",1
"333","Sp3","A","Plat",1
"337","Spi1","A","Il1b",1
"340","Pax5","A","Blk",-1
"341","Srebf2","A","Ldlr",1
"344","Pgr","A","Igfbp1",1
"345","Nr5a1","A","Cyp11a1",1
"346","Hnf1a","A","Ugt1a1",1
"347","Nfkb1","A","Ccnd1",1
"348","Rela","A","Ccnd1",1
"350","Cebpb","A","Il1b",1
"352","Rela","A","Plau",1
"353","Rel","A","Ccl12",1
"354","Rela","A","Ccl12",1
"355","Tp53","A","Mdm4",1
"357","Wt1","A","Mycn",-1
"359","Creb1","A","Jun",-1
"366","Pax3","A","Mitf",1
"368","Rela","A","Tnf",1
"369","Nfkb1","A","Tnf",1
"370","Nfic","A","Cyp1a1",-1
"371","E2f1","A","Rb1",1
"372","Sp1","A","Lhcgr",1
"376","Usf1","A","Pklr",1
"378","Stat3","A","Junb",1
"379","Sp1","A","Ccnd1",1
"381","Tfap2a","B","Esr1",0.5
"382","Esr1","A","Tfap2c",1
"383","Tfap2c","A","Esr1",1
"385","Pax8","A","Tg",-1
"386","Wt1","A","Igf1r",-1
"387","Esr1","A","Ccnd1",1
"390","Sp1","A","Itgav",-1
"391","Sp3","A","Itgav",1
"392","E2f1","A","Ccne1",1
"393","E2f1","A","Ccnd1",1
"394","Yy1","A","Tp53",1
"395","Irf1","A","Ciita",1
"397","Sp1","A","Mmp2",1
"398","Sp3","A","Mmp2",1
"399","Tfap2a","A","Mmp2",1
"400","Etv4","A","Mmp2",1
"401","Atf2","A","Cdkn1a",1
"404","Myc","A","Ccnd2",1
"406","Egr1","A","Fas",-1
"407","Fli1","A","Tgfbr2",1
"408","Sp1","A","Bax",1
"411","Ets1","A","Tp53",1
"413","Ets2","A","Tp53",1
"415","Egr1","A","Nab2",1
"416","Tp53","A","Cdk1",-1
"418","Nr1h4","A","Fabp6",1
"419","Tp53","A","Cdkn1b",1
"422","Tp53","A","Map4",-1
"424","Mef2c","A","Jun",1
"425","Tfap2a","A","Cdh1",1
"427","Stat6","A","Irf1",1
"429","Ppara","A","Ucp1",-1
"430","Pparg","A","Ucp1",1
"431","Epas1","A","Vegfa",1
"433","Cebpb","A","Fos",1
"437","Atf1","A","Il10",1
"438","Creb1","A","Il10",1
"441","Rela","A","Il6",1
"443","Spi1","A","Itgb2",1
"444","Hnf1a","A","Alb",1
"448","Usf1","A","Ccnb1",1
"450","Ar","A","Myc",1
"453","Sp1","A","F3",1
"456","Nfkb1","A","Icam1",1
"457","Nfkb1","A","Vcam1",1
"458","Rela","A","Icam1",1
"459","Rela","A","Vcam1",1
"460","Tp53","A","Ing1",1
"462","Ets1","A","Flt1",1
"463","Cebpe","A","Ltf",1
"464","Irf2","A","Ciita",1
"465","Usf1","A","Brca2",1
"466","Elf1","A","Brca2",1
"467","Usf2","A","Brca2",1
"468","Sp1","A","Tnf",1
"469","Smad3","A","Smad7",1
"470","Smad4","A","Smad7",1
"471","Fosl1","A","Eln",1
"472","Jun","A","Eln",1
"474","Hif1a","A","Cdkn1a",1
"475","Tfap2a","A","Mpg",1
"476","Atf6","A","Hspa5",1
"478","Atf1","A","Tgfb2",1
"480","Myc","A","Cad",1
"484","Irf8","A","Ncf2",1
"486","Egr1","A","Tp73",1
"489","Erg","A","Icam2",1
"491","Sp1","A","Nos3",1
"492","Ctcf","A","App",1
"493","Nfkb1","A","Bcl2l1",1
"494","Rela","A","Bcl2l1",1
"496","Srebf1","A","Fasn",1
"497","Crem","A","Il2",-1
"500","Mitf","A","Tyr",1
"502","Hif1a","A","Serpine1",1
"503","Myb","A","Ccna1",1
"504","E2f1","A","Cdkn2a",1
"505","E2f1","A","Ccna2",1
"507","Runx1","B","Etv6",0.5
"508","Tp53","A","Brca1",-1
"509","Myc","A","Hmox1",1
"510","Smad3","A","Cdkn1a",1
"511","Wt1","A","Tert",-1
"512","Fos","A","Il2",1
"514","Ar","A","Cdkn1a",1
"515","Tp53","A","Tp63",-1
"517","Egr1","A","Igf2",1
"518","Wt1","A","Igf2",-1
"519","Myc","A","Ncl",1
"521","Ets1","A","Pthlh",1
"523","Tp53","A","Tgfb1",1
"524","Tp53","A","Gdf15",1
"528","Sp1","A","Src",1
"529","Smad1","A","Spp1",1
"544","Ctcf","A","Myc",-1
"545","Hnf4a","A","Cyp7a1",-1
"548","Rara","A","Rarb",1
"549","Cebpb","A","Ptgs2",1
"550","Ppara","A","Lpl",1
"553","Neurod1","A","Ins2",1
"554","Rest","A","Grin1",-1
"555","Sp1","A","Ccl12",1
"558","Tfap2a","A","Erbb2",1
"560","Rela","A","Fn1",-1
"561","Nfkb1","A","Fn1",-1
"565","Pgr","A","Myc",1
"567","Foxa2","A","Pdx1",1
"569","Snai1","A","Cdh1",-1
"571","Sp1","A","Il10",1
"572","Stat6","A","Alox15",1
"573","Fos","B","Cd44",0.5
"574","Jun","A","Cd44",1
"577","Jun","A","Ptgs2",1
"579","Egr1","A","Flt1",1
"580","Sp1","A","Sod2",-1
"590","Cdx2","A","Lct",1
"591","Spi1","A","Prtn3",1
"593","Nr5a1","A","Amh",1
"594","Vdr","A","Bglap",1
"595","Vdr","A","Bglap3",1
"596","Vdr","A","Bglap2",1
"597","Hif1a","A","Nos2",1
"598","Tp53","A","Cav1",1
"600","Fos","A","Mmp1a",1
"601","Sp1","A","Plaur",1
"604","E2f1","A","Serpine1",-1
"607","Tp53","A","Serpinb5",1
"610","Myb","A","Bcl2",1
"611","Nr5a1","A","Pou5f1",1
"613","Egr1","A","Chrna7",1
"617","Pax8","A","Tpo",1
"618","Ets1","A","Ctsb",1
"620","Sp3","A","Ctsb",1
"621","Irf1","A","Ifnb1",1
"622","Arnt","A","Vegfa",1
"623","Stat4","A","Myc",1
"624","Myc","A","Il2",1
"625","Klf12","A","Tfap2a",-1
"627","Sp1","A","Hspa1a",1
"628","Rel","A","Icam1",1
"630","Smad3","A","Tgfb1",-1
"631","Gata2","A","Nos3",1
"632","Prdm1","A","Myc",-1
"634","Yy1","A","Myc",1
"635","Irf1","A","Ccl5",1
"637","Sp1","A","Rela",1
"638","Sp1","A","Igf1r",1
"641","Sp3","A","Itgad",1
"642","Sp1","A","Itgad",1
"647","Tp53","A","Perp",-1
"650","Myc","A","Faslg",1
"651","Spi1","A","Tlr4",1
"653","Stat3","A","Gfap",1
"654","Esr1","A","Ltf",1
"656","Wt1","A","Amh",1
"657","Stat3","A","Vegfa",1
"658","Ppara","A","Cyp7a1",1
"660","Tp53","A","Abcb1a",-1
"661","Lef1","A","Mitf",1
"668","Hnf1a","A","Slc2a2",1
"669","Tp53","A","Bdkrb2",1
"670","Cebpa","A","Il6",1
"671","Cebpd","B","Il6",0.5
"675","Klf4","A","Cdkn1a",1
"676","Esr1","A","Igf1",1
"677","Creb1","A","Bcl2",1
"680","Wt1","A","Cdh1",-1
"682","Cebpb","A","Tnf",1
"683","Egr2","A","Faslg",-1
"685","Tfdp1","A","Ccne1",1
"686","Neurog3","A","Neurod1",1
"687","Tbx21","A","Ifng",1
"689","Irf1","A","Psmb9",1
"692","Hnf1a","A","G6pc1",1
"693","Sp1","A","Tgfbr2",1
"694","Foxa2","A","Hhex",1
"696","Nr5a1","A","Mc2r",1
"698","Sp1","A","Col1a2",1
"700","Sp1","A","Ar",1
"701","Gabpa","A","Brca1",1
"703","Tp53","A","Dkk1",1
"704","Hif1a","A","Cp",1
"705","Ppara","A","Acsl1",-1
"706","Sp1","A","Vim",1
"708","Tp53","A","Tert",-1
"709","Sp1","A","Tert",1
"712","Jun","A","Mmp13",1
"713","Jund","A","Mmp13",1
"714","Egr1","A","Fn1",1
"715","Egr1","A","Serpine1",1
"716","Egr1","A","Tgfb1",1
"717","Foxo4","A","Cdkn1b",1
"718","Hnf4a","A","Pklr",1
"719","Tp53","A","Abcc1",1
"720","Sp1","A","Tnfrsf8",1
"721","Cebpd","A","Tnf",1
"726","Srebf1","A","Acly",1
"727","Srebf2","A","Acly",1
"728","Sp1","B","Scarb1",0.5
"729","Jun","A","Egfr",1
"730","Fos","B","Egfr",0.5
"731","Junb","A","Egfr",1
"733","Esr2","A","Tert",1
"735","Stat3","A","Socs1",1
"738","Sp1","A","Vegfa",1
"739","Sp3","A","Vegfa",1
"741","Irf1","A","Socs1",1
"742","Spi1","A","Cd40",1
"743","Spib","A","Cd40",1
"744","Sp1","A","Ptgs2",1
"746","Ets1","B","Cdh5",0.5
"747","Tp53","A","Cd82",1
"748","Stat3","B","Icam1",0.5
"749","Sp1","A","Egfr",-1
"752","Rela","A","Serpine1",1
"753","Cebpd","A","Ptgs2",1
"754","Egr1","A","Th",1
"756","Smad4","A","Tgfb1",1
"757","Sp1","B","Smad7",0.5
"758","Sp1","A","Vdr",1
"760","Sp1","A","Ltf",1
"766","Hif1a","A","Adm",1
"767","Bmal1","A","Per1",1
"768","Clock","A","Per1",1
"769","Bmal1","A","Dbp",1
"770","Atf2","A","Ifnb1",1
"771","Irf3","A","Ifnb1",1
"772","Jun","A","Ifnb1",1
"774","Ets1","A","Csnk2a1",1
"775","Sp1","A","Csnk2a1",1
"777","Tp53","A","Mapk8",1
"778","Junb","A","Cdkn2a",1
"780","Nr1h3","A","Abca1",1
"783","Tfap2a","A","Hgf",-1
"785","Spi1","A","Serpinb1a",1
"787","Cebpa","A","Pparg",1
"788","Cebpb","B","Pparg",0.5
"792","Egr1","B","Klf5",0.5
"793","Esr1","A","Vegfa",1
"795","Spi1","A","Mmp2",1
"797","Myc","A","Thbs1",-1
"800","Sp1","A","Utrn",1
"801","Pax3","A","Bcl2l1",1
"802","Hoxa5","A","Pgr",1
"804","Stat3","A","Crp",1
"805","Cebpb","A","Crp",1
"806","Sp1","A","Serpine1",1
"807","Cdx2","A","Gucy2c",1
"809","Fos","A","Cdkn1a",1
"811","Pax4","A","Ins2",-1
"812","Tp53","A","Casp3",1
"813","Sp1","A","Pgr",1
"814","Esr1","A","Pgr",1
"815","Pgr","A","Esr1",1
"816","Esr1","A","Egf",1
"819","Stat3","A","Il10",1
"822","Atf2","A","Ins2",1
"823","Creb1","A","Ins2",1
"824","Tp53","A","Vegfa",-1
"825","Myc","A","Gadd45a",-1
"826","Elk1","A","Tnf",1
"828","Fosl1","A","Mmp1a",1
"829","Jun","A","Mmp1a",1
"830","E2f1","A","Tyms",1
"831","E2f1","A","Mdm2",-1
"835","Hnf4a","B","Src",0.5
"836","Jun","A","Ccl12",1
"839","Sp1","A","Star",1
"840","Nfkb1","A","Csf1",1
"841","Hif1a","A","Bnip3",1
"842","Sox10","A","Mpz",1
"843","Fos","A","Mmp9",1
"844","Gata1","B","Sptb",0.5
"846","Sox10","A","Mitf",1
"849","Jun","A","Il24",1
"851","Ets1","A","Psen1",1
"853","Zeb1","A","Cdh1",-1
"854","Sp1","A","Mybl1",1
"859","Foxo1","A","G6pc1",1
"860","Sp1","A","Ptn",1
"861","Atf3","A","Sele",-1
"863","Rela","A","Edn1",1
"867","Sp1","A","Alox12",1
"869","Wt1","A","Ccn2",1
"871","Nfkb1","A","Il6",1
"872","Creb1","A","Tg",1
"874","Sp1","A","Cd44",1
"875","Jun","A","Atf3",1
"876","Atf2","A","Atf3",1
"877","Tp53","A","Rrm2b",1
"878","Cebpb","A","Cdkn1a",1
"880","Esr1","B","Igf1r",0.5
"881","Sp1","A","Esr1",1
"882","Esr1","A","Sp1",1
"883","Egr1","A","Tgfbr2",1
"888","Zic2","A","Drd1",1
"891","Pou2f1","A","Hpgds",1
"896","Jun","A","Gclc",1
"897","Hif1a","A","Tp53",1
"898","Tfap2a","A","Vegfa",1
"899","Cebpb","A","Il4",1
"907","Esr1","A","Apoa1",1
"908","Nr5a1","A","Cyp11b2",1
"909","Atf1","A","Cga",1
"910","Creb1","A","Cga",1
"912","Esr2","A","Pgr",1
"913","Bmal2","A","Serpine1",1
"914","Spi1","A","Gata1",1
"917","Esr1","A","Krt19",1
"919","Hnf4a","B","Rxra",0.5
"923","Esr1","A","Akt1",1
"924","Esr1","A","Nos3",1
"925","Sp1","A","Polb",-1
"926","E2f4","A","Cdk1",1
"930","Nfkb1","A","Crp",1
"931","Nfkb1","A","Il1b",1
"932","Jun","A","Nqo1",-1
"935","Nfe2l2","A","Nqo1",1
"937","Zic1","A","Apoe",1
"938","Zic2","A","Apoe",1
"939","Atf2","A","Pck1",1
"942","Wt1","A","Vdr",1
"944","Sp1","A","Il1a",1
"945","Foxa1","A","Sftpb",1
"947","Hes1","A","Ascl1",-1
"948","Rel","A","F3",1
"950","Nfkb1","A","Mmp9",1
"951","Nfkb1","A","Nfkbia",1
"952","Rela","A","Mmp9",1
"953","Rela","A","Nfkbia",1
"954","Sp1","A","Mmp9",1
"955","Tp53","B","Fhl2",0.5
"956","Tbx2","A","Cdkn2a",-1
"959","Wt1","A","Egfr",-1
"961","Sp3","A","Alpl",1
"964","Mitf","A","Kit",1
"965","Myf6","A","Acacb",1
"968","Nfkb1","A","Ptgs2",1
"969","Rela","A","Ptgs2",1
"970","Usf1","A","Hoxb4",1
"971","Usf2","A","Hoxb4",1
"972","Esr1","A","Avp",1
"975","Creb1","A","Ptgs2",1
"976","Gata3","A","Il4",1
"977","Myb","A","Rag2",1
"978","Tfap2c","A","Csta",1
"981","Tp53","A","Ppm1d",1
"982","Prdm1","A","Ciita",-1
"983","Myc","A","Bax",1
"985","Tp53","A","Fas",1
"987","Atf1","A","Th",1
"988","Srebf2","A","Fdft1",1
"989","Nfkb1","A","Cftr",1
"990","Rela","A","Cftr",1
"991","Rela","A","Il1b",1
"992","Spi1","A","Ptprc",1
"996","Ahr","A","Myc",1
"997","Rela","A","Myc",1
"998","Myb","A","Mat2a",1
"1002","Creb1","A","Ren1",1
"1003","Creb1","A","Psen1",1
"1004","Sp1","A","Tp53",1
"1005","Nfe2l2","A","Gclc",1
"1006","Usf1","A","S100a6",1
"1007","Hif1a","A","Slc2a1",1
"1009","Stat3","A","Bcl6",1
"1010","Tp53","A","Hras",-1
"1011","Tp53","A","Nos2",-1
"1013","Creb1","A","Trh",1
"1015","Jun","A","Il1b",1
"1017","Esr1","A","Tgfa",1
"1018","Tfap2a","A","Dbh",1
"1019","Tfap2a","A","Th",1
"1020","Nr1h3","A","Apoe",1
"1021","Nr1h3","A","Abcg1",1
"1023","Tp53","A","Chek1",-1
"1024","Nkx2-1","A","Sftpb",1
"1028","E2f4","A","Dhfr",1
"1030","Tfdp1","A","Dhfr",1
"1031","Etv4","A","Mmp7",1
"1032","Stat3","A","Mcl1",1
"1033","Sp1","A","Ccnd2",1
"1034","Stat5a","A","Ccnd2",-1
"1035","Rel","A","Il6",-1
"1036","Rel","A","Crp",1
"1038","Nfyb","B","Cd74",0.5
"1039","Ar","B","Mme",0.5
"1040","Cebpb","A","Igf2",1
"1041","Sp1","A","Igf2",1
"1042","Esr1","A","Ctsd",1
"1043","Sp1","A","Ctsd",1
"1045","Gata2","A","Epo",-1
"1046","Ppara","A","Cpt1a",-1
"1047","Esr1","A","Hspb1",1
"1048","Creb1","A","Nf1",1
"1050","Etv4","A","Erbb2",-1
"1051","Creb1","A","Plat",-1
"1052","Atf2","A","Plat",1
"1054","Jun","A","Vegfa",-1
"1055","Pou2f1","A","Gadd45a",1
"1057","Sp1","A","Pdgfb",1
"1058","Egr1","A","Pdgfb",1
"1064","Hnf4a","A","Apob",1
"1068","Sp1","A","Cdkn1b",1
"1069","Ets1","A","Cdkn2a",1
"1070","Ets2","A","Cdkn2a",1
"1071","Fosl1","A","Plaur",1
"1072","Jun","A","Plaur",1
"1073","Tp53","A","Ndrg1",1
"1074","Mitf","A","Tyrp1",1
"1076","Sp3","A","Utrn",1
"1077","Irf1","A","Tap2",1
"1078","Creb1","A","Il2",1
"1082","Etv4","A","Plaur",1
"1083","Spi1","A","Cybb",1
"1084","Usf1","A","Apc",1
"1085","Usf2","A","Apc",1
"1086","Tal1","B","Tcf12",0.5
"1088","Jun","A","Nos2",1
"1089","Spi1","A","Il12b",1
"1090","Rel","A","Il2",1
"1091","Sp1","A","Gja1",1
"1093","Sox9","A","Amh",1
"1094","Srf","A","Dmd",1
"1097","Sp3","A","Maob",1
"1098","Sp1","A","Maob",1
"1099","Fos","A","Cd69",1
"1103","Nr3c1","A","Scnn1a",1
"1104","Usf1","A","Cyp1a1",-1
"1106","Etv4","A","Ptgs2",1
"1107","Nfe2l2","A","Hmox1",1
"1108","Esr1","A","Cdkn1a",1
"1109","Tp53","A","Casp1",1
"1110","Pparg","A","Ptgs2",-1
"1114","Pou2f1","A","Cdx2",1
"1115","Hnf1a","A","Pdx1",1
"1121","Sp1","A","Apoa1",1
"1124","Hif1a","A","Edn1",1
"1126","Cebpb","A","Il12b",1
"1127","Jun","A","Il12b",1
"1128","Srf","A","Tagln",1
"1133","Cdx2","A","Pdgfb",1
"1134","E4f1","A","Ccna2",-1
"1135","Zbtb17","A","Cdkn2b",1
"1136","Myc","A","Cdkn2b",-1
"1137","Cebpa","B","Runx1",0.5
"1138","Ppara","A","Fabp1",1
"1139","Hnf1a","A","Akr1c6",1
"1140","Sp1","A","Slc9a2",1
"1141","Sp3","A","Slc9a2",1
"1142","Nr1h2","A","Srebf1",1
"1143","Nr1h3","A","Srebf1",1
"1144","Nr1h3","B","Fasn",0.5
"1145","Pparg","A","Ccnd1",-1
"1146","Fos","A","Ccnd1",-1
"1147","Myb","A","Cd4",-1
"1151","Sp1","A","Cdk6",-1
"1153","Wt1","A","Ar",-1
"1155","Tp53","A","Dnmt1",-1
"1158","Mitf","A","Dct",1
"1159","Tfap2a","A","F2r",1
"1160","Tfap2a","A","Fas",1
"1161","Tfap2a","A","Kit",1
"1166","Myb","B","Pdcd4",0.5
"1171","Egr1","B","Bcr",0.5
"1172","Stat3","A","A2m",1
"1175","Jun","A","Nr3c1",1
"1177","Jun","A","Cyp11a1",1
"1178","Jun","A","Mmp9",1
"1180","Usf1","A","Top3a",1
"1181","Yy1","A","Top3a",1
"1182","Nrl","A","Rho",-1
"1185","Smad3","A","Bglap",1
"1186","Smad3","A","Bglap3",1
"1187","Smad3","A","Bglap2",1
"1189","Mitf","A","Ctsk",1
"1192","Jund","A","Il6",1
"1196","Sp1","A","Ces1d",1
"1197","Tfap2a","A","Taf7",1
"1198","Cebpa","A","Lep",1
"1199","Myc","A","Cebpa",-1
"1200","Cebpa","A","Myc",-1
"1203","Sp1","A","Cd28",1
"1204","Egr1","A","Cd28",1
"1205","Sp1","A","Col1a1",-1
"1206","Sp1","A","Timp1",1
"1207","Tp53","A","Msh2",1
"1208","Fos","A","Vegfa",1
"1209","Fos","A","Il6",1
"1210","Usf1","A","Ptgs2",-1
"1211","Hif1a","A","Hmox1",1
"1214","Pax5","A","Cd19",1
"1216","Rela","A","Nfkb1",1
"1218","Ahr","A","Ugt1a6",1
"1221","Stat6","A","Bcl2l1",1
"1226","Tp53","A","Pold1",1
"1228","Hnf4a","A","Ghr",1
"1229","Creb1","A","Bdnf",1
"1230","Pparg","A","Pten",1
"1233","Nr1h4","A","Abcb11",1
"1234","Rela","A","Bcl3",1
"1235","E2f1","A","Apaf1",1
"1236","Tp53","A","Apaf1",1
"1237","Ets1","A","Csnk2a2",1
"1238","Sp3","A","Tnf",1
"1240","Rela","A","Csf2",1
"1242","Tp53","A","Cdc25c",1
"1243","Pparg","A","Pck1",1
"1249","Sp1","A","Agtr1a",1
"1250","Tfap2a","A","Cdkn1a",1
"1252","Hsf1","A","Hspa1a",1
"1253","Spi1","A","Acp5",1
"1254","Sp1","A","Mat2a",1
"1257","Sp1","A","Ca9",1
"1258","Stat3","A","Bcl2",1
"1260","E2f1","A","Tert",-1
"1261","Bmal1","A","Cry1",1
"1262","Bmal1","A","Per2",1
"1263","Npas2","A","Cry1",1
"1264","Npas2","A","Per1",1
"1265","Npas2","A","Per2",1
"1268","Sp1","A","Col2a1",1
"1269","Sp3","A","Col2a1",1
"1271","Pax8","A","Bcl2",1
"1272","Esr1","A","F12",1
"1273","Tp53","A","Bbc3",1
"1277","Foxo1","A","Pck1",1
"1278","Sp1","A","Myc",1
"1279","Sp1","A","Cyp7b1",1
"1280","Tp53","A","Serpine1",1
"1281","Nfkb1","A","Fas",1
"1282","Smad3","A","Pthlh",1
"1285","Sp1","A","Ifngr1",1
"1290","Egr1","A","Cat",1
"1293","Sp1","A","Gstp1",1
"1294","Sp1","A","Gstp2",1
"1295","Ets1","A","Abcb1a",1
"1297","Tfap2c","A","Erbb2",1
"1298","Sp3","A","Cyp3a11",1
"1299","Sp3","A","Cyp3a41a",1
"1300","Sp3","A","Cyp3a16",1
"1301","Nfya","A","Sp3",1
"1302","Nfat5","A","Tnf",1
"1306","Sp3","A","Cyp3a13",1
"1307","Sp1","A","Cyp3a13",1
"1311","Egr1","A","Ccnd1",1
"1312","Egr1","A","Cdkn1a",1
"1314","Egr1","B","Pik3r1",0.5
"1318","Ar","A","Jun",1
"1319","Myc","A","Ccne1",1
"1322","Sox9","A","Cdkn1a",1
"1323","Sp3","A","Igfbp3",1
"1324","Sp1","A","Igfbp3",1
"1325","Stat5b","A","Igf1",1
"1330","Cdx2","A","Klf4",1
"1334","Tp53","A","Hipk2",1
"1336","Pparg","A","Adipoq",1
"1339","Hnf4a","A","Cyp8b1",1
"1341","Sox10","A","Dct",-1
"1342","Tp53","A","Pten",-1
"1343","Tp53","A","Egfr",1
"1347","Klf4","A","Lama3",1
"1350","Tbx5","A","Nppa",1
"1351","Usf2","A","Top3a",1
"1352","Elk1","A","Fos",1
"1353","Fos","A","Fgf2",1
"1354","Tp53","A","Chuk",-1
"1355","Hnf4a","A","Pck1",1
"1356","E2f1","A","Bcl2",1
"1357","Sp1","A","Hras",1
"1360","Nfkb1","A","Bcl2",1
"1365","Sp1","B","Grin1",0.5
"1366","Smad4","A","Fstl3",1
"1367","Tp53","A","Afp",-1
"1368","Foxm1","A","Ccnb1",1
"1369","Foxm1","A","Ccnd1",1
"1370","Pax8","A","Slc5a5",1
"1371","Sp1","A","Pax6",1
"1382","Twist1","A","Cdkn1a",1
"1384","Ets1","B","Serpine1",0.5
"1386","Gata3","A","Il13",1
"1388","Tp73","A","Cdk1",1
"1390","Atf6","A","Atp2a2",1
"1392","Cebpg","A","Sftpd",1
"1393","Cebpa","A","Sftpd",1
"1394","Cebpb","A","Sftpd",1
"1400","Tp53","A","Epha2",1
"1403","Tp53","A","Tgfa",1
"1406","Sp1","A","Oprm1",1
"1407","Sp3","A","Oprm1",1
"1409","Jun","A","App",1
"1411","Esr1","A","Stat5a",1
"1412","Stat5a","A","Esr1",1
"1414","Stat5a","A","Esr2",1
"1415","Stat5b","A","Esr1",1
"1417","Fos","B","Stat3",0.5
"1418","Stat3","A","Fos",1
"1420","E2f4","A","Myc",1
"1421","Myc","B","Smad3",0.5
"1422","Smad3","A","Myc",1
"1426","Tp53","A","Ptpn13",1
"1427","Creb1","A","Il6",1
"1428","Creb1","B","Brca1",0.5
"1429","Nr1h4","A","Nr0b2",1
"1432","Egr1","A","Ace",1
"1435","Tp53","A","Bcl2l1",1
"1437","Tp53","A","Mki67",1
"1438","Tp53","A","Birc5",-1
"1439","Mef2a","A","Slc2a4",1
"1440","Ets1","A","Ece1",1
"1442","Esr1","A","Fos",1
"1443","Ppara","A","Pck1",1
"1447","Jun","A","Ngf",1
"1448","Jun","A","Fas",1
"1449","Sox10","A","Mbp",1
"1450","Sox10","A","Gjb1",-1
"1454","Jun","A","Fos",1
"1459","Rbpj","A","Hey2",1
"1460","Sp1","A","Chrnb4",1
"1464","Egr1","A","Faslg",1
"1465","Cebpb","A","Il5",1
"1468","Rela","A","Ccl20",1
"1470","Cebpa","A","Csf3r",1
"1478","Esr1","A","Ncoa3",1
"1480","Foxo4","A","Bcl6",1
"1481","Rest","A","Bdnf",-1
"1482","Sp3","A","Agtr1a",1
"1485","Egr1","A","Pten",1
"1486","Pou2f1","A","Il2",1
"1488","Pou2f1","A","Il4",-1
"1493","Tp53","A","Klk1b26",-1
"1494","Tp53","A","Klk1b8",-1
"1495","Tp53","A","Klk1b9",-1
"1496","Tp53","A","Klk1b1",-1
"1497","Tp53","A","Klk1b11",-1
"1498","Tp53","A","Klk1b27",-1
"1499","Tp53","A","Klk1b22",-1
"1500","Tp53","A","Klk1b21",-1
"1501","Tp53","A","Klk1b5",-1
"1502","Tp53","A","Klk1b16",-1
"1503","Tp53","A","Klk1b3",-1
"1504","Tp53","A","Klk1b24",-1
"1505","Tp53","A","Klk1b4",-1
"1506","Tp53","A","Klk1",-1
"1507","Mitf","A","Acp5",1
"1509","Tp53","A","Mmp2",1
"1510","Ppara","A","Fads2",1
"1512","Bmal1","A","Cry2",1
"1513","Clock","A","Cry1",1
"1514","Clock","A","Cry2",1
"1515","Clock","A","Per2",1
"1519","Sp1","A","Cdkn2b",1
"1520","Hnf4a","B","Aldh2",0.5
"1521","Sp1","A","Bsg",1
"1525","Mitf","B","Cdh1",0.5
"1526","Tp53","A","Hnf4a",-1
"1530","Spi1","A","Dab2",1
"1531","Pdx1","A","Gck",1
"1532","Ets1","A","Mmp1a",1
"1536","Creb1","A","Nr4a3",1
"1537","Egr1","A","Egfr",1
"1539","Spi1","A","Vav1",1
"1544","Sp1","A","Ier3",1
"1545","Tp53","A","Ier3",1
"1546","Sp1","A","Abcc3",1
"1547","Irf7","A","Ifnb1",1
"1548","Creb1","A","Cyp19a1",1
"1549","Nr2f1","A","Cyp19a1",-1
"1551","Stat3","A","Bcl2l1",1
"1552","Esr1","A","Fbln1",1
"1553","Tp53","A","Siah1a",1
"1554","Sp1","A","Tyms",1
"1560","Usf1","A","Abca1",1
"1561","Usf2","A","Abca1",1
"1562","Creb1","A","Cyp11a1",1
"1563","Hnf4a","A","G6pc1",1
"1564","Tp53","A","Ctsd",1
"1566","Sp1","A","Cyp27a1",1
"1567","Hnf4a","A","Cyp27a1",1
"1568","Sp3","A","Cyp27a1",1
"1569","Ppara","A","Cd36",1
"1571","Pparg","A","Mmp1a",1
"1573","Egr1","A","Dmrt1",1
"1577","Sp1","A","Ubc",1
"1582","E2f3","A","Cdkn2a",1
"1583","Creb1","A","Nr4a2",1
"1592","Atf2","A","Ptgs2",1
"1594","Srebf1","A","Acaca",1
"1595","Creb1","A","Ifng",1
"1596","Sp1","A","Met",1
"1597","Fos","A","Star",1
"1598","Snai2","A","Cdh1",-1
"1609","Sp1","A","Itgax",1
"1611","Hnf4a","B","Axin2",0.5
"1616","Nfe2","B","Tbxas1",0.5
"1618","Egr1","A","Jun",1
"1620","Maf","A","Il4",1
"1622","Atf4","A","Asns",1
"1625","Vdr","A","Egfr",-1
"1626","Usf2","A","Ptgs2",1
"1632","Ets1","A","Faslg",1
"1633","Gata3","A","Ifng",1
"1635","Tp53","A","Ddb2",1
"1637","Pparg","A","Myc",-1
"1638","Esr1","A","Cyp19a1",1
"1640","Tp53","A","Irf5",1
"1643","Nr2f2","A","Hnf4a",-1
"1644","Hnf4a","B","Nr2f2",0.5
"1645","Hnf4a","A","Ppara",1
"1646","Ppara","A","Nfkbia",1
"1649","E2f1","A","Tp73",1
"1652","Ets1","A","Fli1",1
"1657","Cebpb","A","Cyp19a1",-1
"1659","Cebpd","A","Cyp19a1",-1
"1667","Nfkb1","A","Ifnb1",1
"1668","Rela","A","Ifnb1",1
"1671","Egr1","A","Pparg",1
"1672","Myc","A","Prdx3",1
"1674","Pparg","A","Dbi",1
"1680","Rela","A","Il2",1
"1681","Lef1","A","Dct",1
"1682","Creb1","B","Per1",0.5
"1684","Cebpa","A","Spi1",1
"1685","Cebpe","A","Spi1",-1
"1686","Rara","A","Cebpe",1
"1687","Spi1","B","Rara",0.5
"1688","Sp1","A","Bcl2",1
"1689","Ets1","A","Mmp3",1
"1690","Lef1","A","Eda",1
"1691","Ets1","A","Mmp2",1
"1692","Usf1","A","Tert",1
"1693","Esr1","A","Oxt",-1
"1694","Foxo3","A","Gadd45a",1
"1695","Foxo4","A","Gadd45a",1
"1697","Pax5","A","Prdm1",-1
"1699","Mef2d","A","Jun",1
"1704","Sp1","A","Pnoc",1
"1707","Ar","A","Akt1",1
"1708","E2f3","A","E2f1",1
"1709","E2f1","A","E2f3",1
"1710","Jun","A","Gja1",1
"1711","Sp1","A","Kdr",-1
"1715","Jun","A","Ddit3",1
"1718","Cebpa","A","Hp",1
"1719","E2f1","A","Cdkn2c",1
"1720","Sp1","A","Cdkn2c",1
"1726","Srebf2","A","Sqle",1
"1728","Mitf","A","Bcl2",1
"1729","Usf2","A","Pklr",1
"1730","Tp53","A","Casp6",1
"1733","Sp1","A","Mmp14",1
"1738","Egr1","A","Apoa1",1
"1739","Foxa2","A","Apoa1",1
"1740","Creb1","A","Cpt1a",1
"1742","E2f1","A","Pparg",1
"1743","E2f4","A","Pparg",-1
"1745","Atf2","A","Nr4a2",1
"1746","Nr1i3","A","Ugt1a1",1
"1747","Ets1","A","Atp2a3",1
"1748","Esr1","A","Tert",1
"1749","Spi1","A","Fcgr1",1
"1751","Sp1","A","Cdkn2a",1
"1759","Creb1","A","Fos",1
"1760","Esr1","A","Cav1",1
"1763","Pou2f1","A","Vcam1",-1
"1768","Pitx1","A","Fshb",1
"1769","Stat3","A","Ccnd1",1
"1770","Mafg","A","Nqo1",1
"1771","Mafk","A","Nqo1",1
"1772","Hif1a","A","Ca9",1
"1773","Tp53","A","Atf3",1
"1775","Esr1","A","Crh",-1
"1777","Rela","B","Gadd45b",0.5
"1778","Tp53","A","Slc6a6",-1
"1779","Bcl6","A","Prdm1",1
"1784","Tfap2a","A","Sp1",1
"1789","Cebpa","A","Hamp",1
"1792","Gata1","A","Hbb-b1",1
"1794","Nfkb1","A","Nod2",1
"1799","Sp1","A","Cd14",1
"1801","Hif1a","A","Lep",1
"1804","Nfkb1","A","Irf4",1
"1807","Tfap2a","A","Slc19a1",1
"1808","Egr1","A","Ldlr",1
"1811","Usf1","A","Serpine1",1
"1813","Tp53","A","Xpc",1
"1814","Lef1","A","Rag2",1
"1820","Foxo3","A","Tnfsf10",1
"1821","Foxo1","A","Tnfsf10",1
"1823","Hif1a","A","Bhlhe41",1
"1824","Bach1","A","Hmox1",-1
"1825","Fli1","A","Gp6",1
"1826","Gata1","A","Gp6",1
"1827","Rel","A","Ier3",1
"1828","Myc","A","Ier3",1
"1829","Nfkb1","A","Ier3",1
"1830","Rela","A","Ier3",1
"1831","Sp1","A","Taf7",1
"1834","E2f4","A","Tert",1
"1835","Mafa","A","Ins2",1
"1838","Hif1a","A","Nt5e",1
"1840","Tp53","A","Fdxr",1
"1843","Esr1","A","Grin2d",1
"1845","Stat4","A","Prf1",1
"1850","Sp1","A","Adipoq",1
"1852","Myc","A","Bbc3",1
"1855","Jun","A","Serpine1",1
"1856","Pou2f1","A","Ccnd1",1
"1857","Atf1","A","Ciita",1
"1861","Stat3","A","Birc5",1
"1862","Bmal1","A","Bhlhe40",1
"1863","Clock","A","Bhlhe40",1
"1865","Clock","A","Bhlhe41",1
"1866","Sox9","A","Col9a1",1
"1867","Tp53","A","Bid",1
"1868","Tp53","A","Pttg1",1
"1869","Sp1","A","Pttg1",1
"1870","Cdx2","A","Cdh17",1
"1871","Egr1","A","Ret",1
"1874","Rel","A","Sele",1
"1876","E2f2","A","Cdc6",1
"1877","E2f3","A","Cdc6",1
"1879","E2f1","A","Cdc6",1
"1883","Rel","A","Birc3",1
"1884","Irf1","A","Il12b",1
"1887","Hes1","A","Dbf4",1
"1892","Nfkb1","A","Il1rn",1
"1899","Esr1","A","Sp3",1
"1900","Smad4","A","Cdkn2b",1
"1901","Fos","A","Csf2",1
"1905","E2f1","A","Mycn",1
"1906","E2f2","A","Mycn",1
"1907","E2f3","A","Mycn",1
"1908","Tp53","A","Vcan",1
"1909","Ets1","A","Tfrc",1
"1912","Mitf","A","Snai2",1
"1913","Ets2","A","Psen1",1
"1915","Fos","A","Pgr",1
"1916","Jun","A","Pgr",-1
"1918","Lef1","A","Cdx1",1
"1920","E2f4","A","Stmn1",1
"1922","Myc","A","Id2",1
"1923","Tp53","A","Sfn",1
"1924","Nfatc2","A","Cdk4",1
"1929","Egr1","A","Chga",1
"1932","Sp1","A","Rps3a",1
"1936","Sp3","A","Slc9a3",1
"1937","Sp1","A","Tbxa2r",1
"1939","E2f1","A","Pcna",1
"1940","Nfkb1","A","Egfr",1
"1944","Ets1","A","Csf2",1
"1949","Irf1","A","Il4",1
"1951","Epas1","B","Hif1a",0.5
"1953","Yy1","A","Dek",1
"1957","Hes1","A","Ptgds",-1
"1959","Hoxa10","A","Igfbp1",1
"1963","Cebpa","A","Cdkn1a",1
"1964","Tp53","A","Mgmt",-1
"1965","Pparg","A","Retn",1
"1968","Zeb2","A","Cdh1",-1
"1973","Irf1","A","Il12a",1
"1975","Cebpa","A","Ltf",1
"1976","Pparg","B","Smad3",0.5
"1981","E2f1","A","Atm",1
"1982","Creb1","A","Star",1
"1983","Sp1","A","Cat",1
"1985","Hif1a","B","Crebbp",0.5
"1989","Pitx2","A","Fshb",1
"1990","Smad4","A","Fshb",1
"1997","Egr1","A","Il2",1
"1998","Nfatc1","A","Il2",1
"1999","Egr1","A","Abca2",1
"2001","Max","A","Odc1",1
"2002","Mxd1","A","Odc1",1
"2005","Fos","A","Myc",-1
"2010","Rela","A","Cd86",1
"2013","Yy1","A","Ifnb1",-1
"2014","Tlx1","A","Aldh1a1",1
"2016","Klf6","A","Nos2",1
"2017","Hnf4a","A","Myc",1
"2018","Tp53","A","Brca2",-1
"2020","Rela","A","Ccl5",1
"2022","Tp53","A","Thbs1",1
"2024","Ets1","A","Pf4",1
"2025","Gata1","A","Pf4",1
"2026","E2f1","A","Ccnd3",1
"2028","Ets1","A","Nrp1",1
"2029","Nr2c2","B","Nr2c1",0.5
"2030","Sp3","A","Ca9",1
"2031","Jun","A","Faslg",1
"2036","Jun","A","Ifng",1
"2038","Ets2","A","Pthlh",1
"2039","E2f1","A","Cdk1",1
"2040","Esr1","A","Ncoa1",1
"2044","Ets2","A","Brca1",1
"2045","Egr1","A","Col2a1",-1
"2048","Tp63","A","Sfn",1
"2050","Myod1","A","Acacb",1
"2052","Ets2","A","Csf2",1
"2053","Ar","A","Gtf2f1",1
"2054","Pou2f1","A","Spp1",1
"2056","Esr1","A","Ccn5",1
"2058","Nr0b1","A","Nr1h4",-1
"2059","Nfe2l2","A","Txn",1
"2062","Cebpb","A","Insr",1
"2063","Sp1","A","Insr",1
"2067","Fos","A","Ccl12",1
"2068","Tp53","A","Nme1",1
"2069","Egr1","A","Cd44",1
"2073","Tp53","A","E2f1",-1
"2074","E2f1","A","Tp53",1
"2075","Irf4","A","Cd68",-1
"2077","Spi1","A","Cd68",-1
"2078","Irf8","A","Cd68",-1
"2080","Sp1","A","Ugdh",1
"2081","Sp1","A","Wt1",1
"2084","Rela","A","Cxcr4",1
"2085","Tp53","A","Arid3a",1
"2087","Sp3","A","Dnase2",1
"2095","Sp1","B","Ets1",0.5
"2098","Ppara","A","Apoa5",1
"2100","Rara","A","Cyp26a1",1
"2102","Nr5a1","A","Amhr2",1
"2105","Esr1","A","Cdh1",1
"2110","Irf1","A","Cdk2",-1
"2113","Sp1","B","Sqstm1",0.5
"2114","Ets1","A","Cdkn1a",1
"2116","Esr1","A","Cad",1
"2118","Rela","A","Elf3",1
"2119","Nfkb1","A","Elf3",1
"2121","Elk1","A","Psen1",1
"2122","Esr1","A","Mdm2",1
"2123","Ets2","A","Mdm2",1
"2124","Tp53","A","Esr1",1
"2125","Esr1","A","Tp53",-1
"2127","Runx2","A","Ibsp",1
"2130","Sp1","A","Fgl2",1
"2131","Tp53","A","Egr1",1
"2132","Egr1","A","Tp53",1
"2133","Pax6","B","Mitf",0.5
"2134","Nfkb1","A","Ifng",1
"2137","Pparg","A","Scarb1",1
"2139","Srebf1","A","Acacb",1
"2140","Tp53","A","Prkab1",1
"2142","Spi1","B","Mbp",0.5
"2143","Hnf4a","A","Nr1i2",1
"2144","Pparg","A","Slc2a4",-1
"2148","Nfkb1","A","Myc",1
"2150","Tp53","B","Traf4",0.5
"2151","Dnmt1","A","Esr1",1
"2156","Fos","B","Prkce",0.5
"2158","Sp1","A","Cyp1b1",1
"2160","Sp1","A","Stard3",1
"2164","Sp1","A","Pth",1
"2167","Irf1","B","Nod1",0.5
"2168","Hsf2","A","Hspa4",1
"2170","Tfap2a","A","Plaur",1
"2172","Sp1","A","Atp2a2",1
"2174","Mitf","A","Mlana",1
"2175","Foxo1","A","Pdk4",1
"2181","Spi1","B","Cdk6",0.5
"2182","Gata3","B","Runx1",0.5
"2183","Irf1","A","Ogn",1
"2184","Nfkb2","A","Bcl2",1
"2187","Atf2","A","Ifng",1
"2189","Pparg","A","Rarb",1
"2193","Ets1","A","Tfap2a",1
"2194","Tfap2a","A","Ets1",1
"2197","Cebpb","A","Il10",1
"2200","Myc","A","Jun",1
"2201","Jun","A","Myc",-1
"2202","Klf4","A","Gpa33",1
"2205","Usf1","B","Igf2r",0.5
"2206","Usf2","A","Igf2r",1
"2208","Rela","A","S100a6",1
"2214","Tp53","A","Mad1l1",-1
"2216","Atf3","A","Asns",1
"2217","Ppara","A","Apoa1",1
"2222","Egr1","A","Ar",-1
"2223","Tp53","A","Dusp1",1
"2224","Insm1","A","Neurod1",1
"2225","Pgr","A","Hltf",1
"2226","Esr1","A","Egfr",1
"2228","Egr1","B","Ubc",0.5
"2232","E2f6","A","Brca1",-1
"2234","E2f6","A","Rbbp4",-1
"2236","Hnf4a","A","F2",1
"2238","Sp3","A","F2",1
"2239","Foxo3","A","Bcl2l11",1
"2240","Cebpa","A","Ptgs2",1
"2243","Usf1","A","Cyp19a1",-1
"2244","Usf2","A","Cyp19a1",-1
"2245","Usf1","A","Cd2",1
"2247","Tp53","A","Mndal",1
"2248","Tp53","A","Ifi203",1
"2249","Tp53","A","Pyhin1",1
"2250","Tp53","A","Ifi205a",1
"2251","Tp53","A","Ifi208",1
"2252","Tp53","A","Q504N7",1
"2253","Tp53","A","Mnda",1
"2254","Tp53","A","Ifi204",1
"2258","Smad4","B","Gadd45b",0.5
"2260","Runx1","A","Itgax",1
"2261","Myc","A","Ccna2",1
"2263","Cebpa","A","Tf",1
"2265","Usf2","A","Tert",1
"2267","Tp53","A","Dusp5",1
"2268","Rest","A","Glra1",1
"2269","Hnf1a","A","Ugt1a6",1
"2271","Nr4a1","A","E2f1",1
"2273","Cebpa","A","Elane",1
"2274","Atf6","A","Xbp1",1
"2276","Stat2","B","Eif2ak2",0.5
"2277","Jun","A","Krt16",1
"2278","Sp1","A","Krt16",1
"2279","Jun","A","Plat",1
"2280","Creb1","A","Npy",1
"2281","Rfx5","A","Col1a2",-1
"2283","Cebpa","A","Bcl2",1
"2285","Nr2f1","A","Lhcgr",-1
"2286","Sp1","A","F2r",1
"2289","Fos","A","Nr3c1",1
"2293","Wt1","A","Pdgfa",-1
"2294","Creb1","A","Vip",1
"2298","Jun","A","Fosl1",1
"2299","Jund","A","Fosl1",1
"2300","Cebpa","A","Afp",1
"2303","Gata1","B","Tal1",0.5
"2304","Gata2","B","Tal1",0.5
"2314","Stat5a","A","Bcl2",1
"2318","Tbp","A","Myc",1
"2319","Hif1a","A","Ptgs2",1
"2320","Ets2","A","Anpep",1
"2325","Sp1","A","Dck",1
"2333","Tfap2a","A","Egfr",1
"2336","Creb1","A","Hmox1",-1
"2338","Ppara","A","Pank1",1
"2339","Sox10","A","Ret",1
"2341","Jun","A","Mat2a",1
"2344","Gata4","A","Nos3",1
"2345","Sp3","A","Nos3",1
"2346","Gli1","A","Bcl2",1
"2349","Runx1","A","Prkcb",1
"2351","Fos","A","Nos2",1
"2353","Nfkb1","A","Nos3",1
"2354","Rela","A","Nos3",1
"2356","Nfkb1","A","Ar",-1
"2359","Egr1","A","Psen2",1
"2361","Lef1","A","Elane",1
"2365","Hoxd3","A","Itga5",1
"2366","Fli1","A","Tert",1
"2367","Hif1a","A","Gck",1
"2372","Tp53","A","Kat2b",1
"2375","Esr2","A","Tgfa",1
"2381","Nfic","A","Smug1",1
"2382","Usf1","A","Pigr",1
"2384","Sp3","A","Mycn",1
"2387","Tp53","A","Ada",1
"2390","Stat4","A","Il2ra",1
"2394","Ar","A","Ncoa2",-1
"2396","Egr1","A","Gdf15",1
"2397","Pgr","A","Vegfa",1
"2399","Usf1","A","Ctsb",1
"2400","Usf2","A","Ctsb",1
"2401","Rel","A","Il1b",1
"2406","Pparg","A","Plin2",1
"2415","Nr3c1","A","Nr1i3",1
"2417","E2f1","A","Bbc3",1
"2419","Nfic","A","Cyp17a1",1
"2421","Esr1","A","Jun",1
"2422","Fos","A","Il1b",1
"2423","Jund","A","Nos2",1
"2425","Stat3","A","Ptgs2",1
"2426","Nfkb1","A","Il4",1
"2427","Rela","A","Il4",1
"2430","Stat5a","A","Pim1",1
"2431","Gata2","A","Gata1",1
"2438","Egr2","A","Igf2",1
"2439","Tfap2a","A","Bace1",1
"2440","Sp1","A","App",1
"2445","Pparg","A","Nr1h3",1
"2450","Sp1","A","Alox8",1
"2452","Cebpa","A","Spp1",1
"2453","Tp53","A","Pml",1
"2458","Egr1","A","Ptges",1
"2459","Esr1","A","Myc",1
"2461","Cebpd","A","C3",1
"2462","Usf1","B","Bhlhe40",0.5
"2463","Sp1","A","Klk1b26",1
"2464","Sp1","A","Klk1b8",1
"2465","Sp1","A","Klk1b9",1
"2466","Sp1","A","Klk1b1",1
"2467","Sp1","A","Klk1b11",1
"2468","Sp1","A","Klk1b27",1
"2469","Sp1","A","Klk1b22",1
"2470","Sp1","A","Klk1b21",1
"2471","Sp1","A","Klk1b5",1
"2472","Sp1","A","Klk1b16",1
"2473","Sp1","A","Klk1b3",1
"2474","Sp1","A","Klk1b24",1
"2475","Sp1","A","Klk1b4",1
"2476","Sp1","A","Klk1",1
"2478","Hif1a","A","Nr4a1",1
"2480","Myb","A","Elane",1
"2483","Ets1","A","Tnc",1
"2485","Irf1","A","Tap1",1
"2488","Mitf","A","Fos",1
"2493","Rbpj","A","Hey1",1
"2494","Hnf4a","A","Epo",1
"2495","Smad3","A","Epo",1
"2496","Sp1","A","Epo",1
"2499","Mitf","A","Trpm1",1
"2502","Sp1","A","Pck1",1
"2503","Atf4","A","Vegfa",1
"2504","Runx1","B","Ccnd3",0.5
"2507","Pparg","A","Sat1",1
"2508","Lef1","A","Cldn2",1
"2510","Creb1","A","Etv3",1
"2513","Usf1","A","Tgfb1",1
"2514","Usf2","A","Tgfb1",1
"2517","Stat3","A","Trh",1
"2519","Myc","A","Mybl2",1
"2520","Mybl2","A","Myc",1
"2522","Cebpb","A","Alb",1
"2523","Sp1","A","Nr3c1",1
"2527","Esr1","A","Abcg2",1
"2530","Spi1","A","Tgfbr2",1
"2531","Etv4","A","Tgfbr2",1
"2532","Mitf","A","Best1",1
"2533","Hnf1a","A","Apoh",1
"2535","Etv4","A","Wt1",1
"2537","Gata4","A","Cyp17a1",1
"2538","Gata6","A","Cyp17a1",1
"2539","Sp1","A","Cyp17a1",1
"2541","Jun","A","Spp1",1
"2543","Tfap4","A","Mdm2",-1
"2546","Rara","A","Cxcr5",1
"2549","Srebf1","A","Ldlr",1
"2550","Smad3","A","Tnc",1
"2551","Smad4","A","Tnc",1
"2552","Znf148","A","Mmp3",1
"2556","Rela","A","Gstp1",1
"2557","Rela","A","Gstp2",1
"2558","Tp53","A","Plk1",-1
"2559","Sp1","A","Tgfa",1
"2563","Nr4a1","A","Cyp17a1",1
"2564","Crem","A","Ccna2",-1
"2567","Epas1","A","Serpine1",1
"2568","Jund","A","Plaur",1
"2569","Esr1","A","Bmp6",1
"2570","Pparg","A","Cdkn1a",1
"2571","Tp53","A","Chek2",-1
"2572","Myb","A","Nr3c1",1
"2573","Cebpb","A","Abcb1a",1
"2575","Esr1","A","Hoxa10",1
"2577","Pax6","A","Gck",1
"2580","Hif1a","A","Timp1",1
"2582","Runx1","B","Timp1",0.5
"2585","Tp53","A","Hsp90ab1",-1
"2586","Tp53","A","Slc2a1",-1
"2592","Vdr","A","Cdkn1b",1
"2595","Pparg","A","Bcl2",1
"2596","Sp1","A","Cyp19a1",1
"2597","Stat3","A","Cyp19a1",1
"2600","Fos","A","Acp5",1
"2601","Fos","A","Nfatc1",1
"2602","Nfkb1","A","Il2",1
"2605","Gli1","A","Ptch1",1
"2606","Gli2","A","Ptch1",1
"2608","Esr1","A","Pelp1",1
"2612","Myc","A","Eif4e",1
"2615","Lef1","A","Cd1d1",-1
"2616","Tp53","A","Cop1",1
"2618","Tp53","A","Siva1",1
"2619","Myb","A","Dhrs2",1
"2620","Mybl1","A","Dhrs2",1
"2621","E2f4","A","Plk1",-1
"2623","Sp3","A","Cnmd",1
"2625","Foxo3","A","Fbxo32",1
"2628","Sp3","A","Kdr",1
"2631","Mycn","A","Nes",1
"2632","Sp3","A","Sct",1
"2633","Sp1","A","Sct",1
"2634","Cebpa","A","Cps1",1
"2637","Esr1","A","Tac3",1
"2639","Srebf1","A","Nr0b2",1
"2644","Klf6","B","Igf1r",0.5
"2646","Gfi1","A","Gfi1b",1
"2647","Ar","A","Scap",1
"2652","Ctcf","A","Igf2",1
"2658","Cebpa","A","Nfya",1
"2659","Rela","A","Sirt1",1
"2661","Epas1","A","Egln3",1
"2662","Hif1a","A","Egln3",1
"2665","Esr1","A","Mta3",1
"2669","Egr3","A","Nab2",1
"2673","Gli2","A","Gli1",1
"2674","Hif1a","A","Cygb",1
"2675","Tp53","A","S100b",-1
"2676","Stat3","A","Il21",1
"2677","Sp1","B","Ddit4",0.5
"2678","Nfatc2","A","Il2",1
"2679","Ets1","A","Nos3",1
"2682","Usf2","A","Thbs1",1
"2686","Usf1","A","Pf4",1
"2687","Usf2","A","Pf4",1
"2688","Hhex","B","Tle1",0.5
"2689","Fos","A","Il12b",1
"2692","Ppara","A","Angptl4",1
"2693","Ppard","A","Angptl4",-1
"2694","Pparg","A","Angptl4",1
"2695","Epas1","A","Flt1",1
"2697","Hif1a","A","Flt1",1
"2699","Ets1","A","Socs1",1
"2700","Stat6","A","Socs1",1
"2702","Jun","A","F3",1
"2703","Prox1","A","Cyp7a1",-1
"2704","Sp1","B","Dpysl2",0.5
"2705","Nr4a1","A","Hsd3b1",1
"2706","Myc","A","Cdk4",1
"2707","Usf1","A","Cdk4",1
"2708","Tp53","A","Ezh2",-1
"2709","E2f3","A","Tp73",1
"2710","Jun","A","Mmp2",1
"2715","Esr2","A","Serpine1",-1
"2716","Esr1","A","Serpine1",1
"2730","Jun","A","Gnrhr",1
"2731","Stat3","A","Etv6",1
"2733","Hif1a","A","Itgb2",1
"2734","Jun","A","Ren1",1
"2736","Smad3","A","Bambi",1
"2737","Smad4","A","Bambi",1
"2740","Irf1","A","Tnfsf10",1
"2741","Usf1","A","Hmox1",1
"2742","Usf2","A","Hmox1",1
"2743","Egr1","A","Fgf2",1
"2744","Sp1","A","Pdgfc",1
"2745","Egr1","A","Pdgfc",1
"2749","Ets1","A","Plau",1
"2751","Hif1a","A","Id2",1
"2752","Sp1","A","Brca1",1
"2755","Sp1","A","Nkx2-1",1
"2757","Hif1a","A","Rora",1
"2758","Jun","A","Myb",1
"2759","Jund","A","Myb",1
"2760","Lhx3","A","Fshb",1
"2761","E2f1","A","Birc5",1
"2763","Tp53","A","Aifm2",1
"2766","Tbp","A","Cdkn1a",1
"2769","Gata1","A","Gfi1b",1
"2770","Pgr","A","Ccnd1",1
"2771","Fli1","A","Igfbp3",-1
"2773","Myc","A","Wt1",1
"2774","Wt1","A","Myc",-1
"2775","Tp53","A","Tnfrsf10b",1
"2777","Yy1","A","Hsd3b1",1
"2781","Nr1h2","A","Abca1",1
"2782","Nr1h2","A","Abcg1",1
"2787","Elk1","A","Tlr9",1
"2791","Ets1","A","Grpr",1
"2792","Spi1","A","Ctsk",1
"2793","Foxo3","A","Sod2",1
"2794","Fos","A","Nppa",1
"2795","Hif1a","A","Npm1",1
"2796","Nr1d1","A","Bmal1",-1
"2797","Bmal1","A","Nr1d1",1
"2799","Hif1a","A","Fech",1
"2803","Fosl1","A","Mmp9",1
"2804","Rest","A","Oprm1",-1
"2806","Fos","A","Crem",1
"2807","Crem","A","Fos",-1
"2810","Ar","A","Zbtb16",1
"2811","Esr1","A","Tsc22d3",1
"2815","Sp1","A","Gclc",1
"2818","Esr1","A","Crhbp",1
"2821","Srebf2","A","Abca1",-1
"2831","Gli2","A","Foxe1",1
"2832","Myc","A","Cflar",-1
"2833","Irf8","A","Nf1",1
"2839","Tp53","A","Sh2d1a",1
"2842","Egr1","A","Syn1",1
"2843","Cebpb","A","Asns",1
"2844","Nr4a1","A","Mdm2",-1
"2847","Creb1","A","G6pc1",1
"2849","E2f4","A","Ccna2",1
"2855","Sp1","A","Nqo2",1
"2857","Tp53","A","Ccna1",1
"2864","Sp1","A","Srebf1",1
"2865","E2f1","A","Isyna1",1
"2867","Nfkb1","A","Il10",1
"2868","Tp63","B","Serpinb5",0.5
"2871","Foxp3","A","Il2ra",1
"2872","Fli1","A","Mpl",1
"2873","Ets1","A","Gp9",1
"2874","Ets1","A","Mpl",1
"2875","Hes1","A","E2f1",-1
"2876","E2f1","B","Hes1",0.5
"2878","Ets1","A","Chuk",1
"2879","Hnf4a","A","Ugt1a9",1
"2882","Hif1a","A","Pfkfb4",1
"2883","Jun","A","Stmn1",1
"2884","Tal1","B","Flt1",0.5
"2887","Gata3","A","Zeb1",1
"2889","Irf8","A","Il12a",1
"2890","Tp53","A","Bak1",1
"2902","Wt1","A","Nphs1",1
"2903","Bcl6","A","Ccnd2",-1
"2904","Foxo3","A","Ccnd2",-1
"2905","Bcl6","B","Foxo3",0.5
"2906","Foxo3","A","Bcl6",1
"2907","Irf1","A","Tp53",1
"2909","Jun","A","Sprr1a",1
"2910","Fos","A","Fosl1",1
"2911","Foxl2","A","Cyp19a1",-1
"2912","Gli2","A","Bcl2",1
"2914","Stat5a","A","Ifng",1
"2915","Myc","A","Nme2",1
"2916","Nme2","A","Myc",1
"2917","Elk1","A","Srf",1
"2918","Sp1","A","Cav1",1
"2919","Rela","A","Ccl11",1
"2921","Esr1","A","Tff1",1
"2923","Sp3","A","Tff1",1
"2935","Pou5f1","A","Sox2",1
"2940","Fos","A","Smad7",1
"2941","Jun","A","Smad7",1
"2942","Ets1","A","Ccnd1",1
"2944","Tp53","A","Nlrc4",1
"2946","Myc","A","Npm1",1
"2947","Ets1","A","Hmox1",1
"2949","E2f1","A","Tp53bp2",1
"2951","Jun","A","Relb",1
"2955","Vdr","A","Cyp24a1",1
"2956","Foxo3","A","Sirt1",1
"2958","Hif1a","A","Furin",1
"2964","Foxo1","A","Ccnd2",-1
"2965","Rara","B","Vegfa",0.5
"2969","Nr5a1","A","Hsd3b1",1
"2970","Egr1","A","Rela",-1
"2971","Rela","A","Egr1",-1
"2973","Egr1","B","Gadd45b",0.5
"2976","Hif1a","A","Hsp90b1",1
"2978","Mitf","A","Cdkn2a",-1
"2979","Srebf1","A","Hk2",1
"2981","Ppara","A","Serpine1",1
"2986","Ets2","A","Cga",1
"2990","Mycn","A","Mdm2",1
"2993","Tp73","A","Bbc3",1
"2994","Sp1","A","Hnf4a",1
"2996","Cebpb","A","Slc19a1",1
"2998","Rest","A","Tubb3",-1
"3004","Egr1","A","Hsd11b2",-1
"3005","Nfkb1","A","Hsd11b2",1
"3008","Tp53","A","Igfbp3",1
"3012","Ctcf","A","Irak2",1
"3014","Atf3","A","Gdf15",1
"3015","Sp1","A","Apoe",1
"3019","Usf1","A","Apoa5",1
"3022","Elk3","A","Fos",1
"3024","Fosl1","A","Cdkn2a",1
"3025","Jun","A","Cyp19a1",-1
"3026","Foxo1","A","Cnr1",-1
"3028","Sp1","A","Timp2",1
"3029","Mbd1","A","Setdb1",-1
"3031","Esr1","A","Macrod1",1
"3032","Sp1","A","Macrod1",1
"3033","Hnf4a","B","Slc22a7",0.5
"3036","Ets1","A","Bmp4",1
"3043","Sp3","A","Klk1b26",1
"3044","Sp3","A","Klk1b8",1
"3045","Sp3","A","Klk1b9",1
"3046","Sp3","A","Klk1b1",1
"3047","Sp3","A","Klk1b11",1
"3048","Sp3","A","Klk1b27",1
"3049","Sp3","A","Klk1b22",1
"3050","Sp3","A","Klk1b21",1
"3051","Sp3","A","Klk1b5",1
"3052","Sp3","A","Klk1b16",1
"3053","Sp3","A","Klk1b3",1
"3054","Sp3","A","Klk1b24",1
"3055","Sp3","A","Klk1b4",1
"3056","Sp3","A","Klk1",1
"3058","Stat5a","A","Bcl6",1
"3061","Nfic","B","Afp",0.5
"3064","Klf2","A","Nos3",1
"3065","Klf2","A","Thbd",1
"3068","Rela","A","Cxcl1",1
"3071","Nfkb1","A","Ebi3",1
"3072","Rela","A","Ebi3",1
"3074","E2f1","A","Ppp1r13b",1
"3078","E2f3","A","Tp53bp2",1
"3081","Pparg","A","Nr1d1",1
"3084","Tp73","A","Tert",-1
"3085","Tp53","A","Triap1",1
"3087","Egr1","A","Vegfa",1
"3089","Tfap2b","A","Ptgds",1
"3092","Elk1","A","Ddit4",1
"3093","Cebpa","A","Ces1d",1
"3094","Myb","A","Wt1",1
"3095","Wt1","A","Myb",-1
"3097","Rela","A","Nfkb2",1
"3102","Hoxa5","A","Ptn",1
"3108","E2f1","A","Ccne2",1
"3109","Fos","A","Ptgs2",1
"3110","Klf11","A","Ins2",1
"3111","Atf4","A","Trib3",1
"3112","Ddit3","A","Trib3",1
"3113","Irf2","A","Tap1",1
"3114","Myc","A","Hif1a",1
"3118","Yy1","A","Dnajb4",1
"3119","Egr1","A","Apex1",1
"3125","Hif1a","A","Ldha",1
"3126","Hif1a","A","Pgk1",1
"3130","Esr1","B","Ncor2",0.5
"3133","Foxm1","A","Lama4",1
"3134","Ar","A","Fkbp5",1
"3135","Foxo4","A","Bcl2l11",1
"3138","Sp1","A","Itga5",1
"3139","Sp1","A","Rara",1
"3140","Ppara","A","Fabp3",1
"3144","Sp1","A","Atm",1
"3145","Srf","A","Actb",1
"3147","Smad3","A","Edn1",1
"3150","Nkx2-5","A","Gata4",1
"3154","E2f4","A","Ccnb1",1
"3158","Pou5f1","A","Nanog",1
"3159","Nanog","A","Pou5f1",1
"3160","Sox2","A","Nanog",1
"3162","Sp1","A","Cyp2f2",1
"3163","Sp3","A","Cyp2f2",1
"3165","Usf2","A","Pigr",1
"3166","Yy1","A","Erbb2",1
"3168","Stat3","A","Ptpn13",1
"3176","Srebf1","A","Irs2",-1
"3177","Gata2","B","Mecom",0.5
"3178","Sp1","A","Pthlh",1
"3179","Sp1","A","Rb1",1
"3180","Myb","A","Myc",1
"3184","Spi1","A","Bcl6",-1
"3188","Yy1","A","Hspa5",1
"3189","Tp53","A","Mcm7",-1
"3192","Creb1","A","Fn1",1
"3193","Egr1","A","Ltb",1
"3196","Hif1a","A","Abca1",1
"3197","Sp3","A","Abca1",-1
"3199","Sp1","A","Ccna1",1
"3200","Sp1","A","Mybl2",1
"3204","Hnf4a","A","Apoa4",1
"3205","Pax8","A","Tshr",-1
"3207","Hif1a","A","Vhl",1
"3208","Hnf4a","A","Cyp2c38",1
"3209","Hnf4a","A","Cyp2c39",1
"3210","Hnf4a","A","Cyp2c29",1
"3218","Ets1","A","Mmp9",1
"3221","Tfap2a","A","Igfbp5",1
"3222","Tp53","A","Col18a1",1
"3223","Tp53","B","Map4k4",0.5
"3230","Stat5a","A","Prf1",1
"3235","Lef1","A","Mycbp",1
"3236","Mitf","A","Hif1a",1
"3237","Vdr","A","Camp",1
"3241","Fosl1","A","Gclc",1
"3244","Hif1a","A","Ccnd1",-1
"3246","Stat3","A","Myc",1
"3250","Stat3","A","Hif1a",1
"3252","Jun","A","Cyp2j6",1
"3254","Esr1","A","Cyp1b1",1
"3255","Esr1","A","Cyp1a1",-1
"3257","Myb","A","Ctsg",1
"3258","Spi1","A","Ctsg",1
"3262","Myb","A","Sp3",1
"3266","Atf4","A","Cebpb",1
"3267","Ar","A","Krt8",1
"3272","Esr1","A","Socs3",1
"3273","Smad3","A","Ccnd2",1
"3275","Vdr","A","Cdh1",1
"3279","Sox2","B","Pou2f1",0.5
"3281","Egr1","A","Atf3",1
"3286","Foxa1","A","Tff1",1
"3288","Esr1","A","Nr5a2",1
"3292","Hif1a","A","Met",1
"3294","Foxo3","A","Foxo1",1
"3295","Foxo1","A","Angpt2",1
"3296","Foxo1","A","Nos3",1
"3297","Foxo3","A","Nos3",1
"3304","Tp53","A","Stat3",-1
"3305","Stat3","A","Tp53",1
"3306","Rxra","A","Srebf1",1
"3308","Pax6","A","Olfm3",1
"3320","Foxo1","A","Bcl2l11",1
"3324","Yy1","A","Fas",-1
"3327","Stat5b","A","Ccnd1",1
"3328","Hif1a","A","Egln1",1
"3329","Ddit3","A","Asns",-1
"3330","Rara","A","Casp9",1
"3332","Kmt2a","A","Cdkn1b",1
"3334","Lef1","A","Snai2",1
"3336","E2f1","A","Pnrc2",-1
"3341","Jun","A","Ptn",1
"3360","Smad3","A","Tert",-1
"3362","Ar","A","Pmepa1",1
"3363","Nfya","A","Abcb1a",1
"3364","Usf1","A","Slc19a1",1
"3366","Jun","A","Brca1",1
"3370","Stat3","A","Saa2",1
"3371","Stat3","A","Saa1",1
"3373","Nfatc2","A","Ifng",1
"3374","Crem","A","Cd247",-1
"3377","Runx1","A","Klk1b26",1
"3378","Runx1","A","Klk1b8",1
"3379","Runx1","A","Klk1b9",1
"3380","Runx1","A","Klk1b1",1
"3381","Runx1","A","Klk1b11",1
"3382","Runx1","A","Klk1b27",1
"3383","Runx1","A","Klk1b22",1
"3384","Runx1","A","Klk1b21",1
"3385","Runx1","A","Klk1b5",1
"3386","Runx1","A","Klk1b16",1
"3387","Runx1","A","Klk1b3",1
"3388","Runx1","A","Klk1b24",1
"3389","Runx1","A","Klk1b4",1
"3390","Runx1","A","Klk1",1
"3409","Spi1","A","Elane",1
"3413","Sp1","A","Oxtr",1
"3419","Elk1","A","Tagln",1
"3420","Elk1","A","Mylk",1
"3421","Sp3","A","Plaur",1
"3425","Hic1","A","Sirt1",-1
"3426","Pparg","A","Lipe",1
"3432","Tp53","A","Htt",1
"3435","Epas1","A","Epo",1
"3439","Sp1","A","Fosl1",1
"3440","Rel","A","Nfkbia",1
"3441","Rela","A","Birc3",1
"3442","Tp53","A","Ogg1",1
"3448","Elk1","A","Prkca",1
"3450","E2f1","A","Mybl2",1
"3452","Tp53","A","Prodh",1
"3455","Ar","A","Serpinb5",-1
"3457","Erg","A","Hmox1",1
"3458","Fli1","A","Hmox1",1
"3462","Foxm1","A","Cdkn1a",1
"3464","Myc","A","Bcl2",1
"3465","Ar","A","Ptgs2",-1
"3466","Myc","A","Ldha",1
"3469","Tp53","A","Rad51",1
"3470","E2f1","A","Mcm8",1
"3471","Nfkb1","A","Ccl12",1
"3473","Ctcf","A","Tert",-1
"3474","Jun","A","Tgfb1",1
"3475","Gli1","A","Sfrp1",1
"3477","E2f1","A","Skp2",1
"3478","Spi1","A","Cdkn2a",1
"3479","Foxa1","A","Brca1",1
"3483","Srebf2","A","Acot7",1
"3490","Pou2f1","A","Spi1",1
"3493","Tp53","A","Ddb1",1
"3495","Egr1","A","Alox5",1
"3496","Sp1","A","Alox5",1
"3497","Spi1","A","Ctss",1
"3498","Srebf1","A","Scd1",1
"3499","Jun","A","Il5",1
"3500","Ar","B","Ncor2",0.5
"3504","Hnf4a","A","Apoa2",1
"3505","Nr2f2","A","Apoa2",-1
"3506","Nr2f2","A","Apob",1
"3508","Nr2f6","B","Apob",0.5
"3509","E2f1","A","Rad51",1
"3511","Ets1","A","Rad51",1
"3514","Hif1a","A","Fgf2",1
"3517","Myc","A","Pole3",1
"3523","Sp1","A","Ahr",-1
"3525","Sox10","A","Ednrb",1
"3526","Tp63","B","Tp73",0.5
"3527","Irf1","B","Cd274",0.5
"3532","Tp53","A","Flt1",1
"3534","Vdr","A","Cdkn1a",1
"3536","Myc","A","Nme1",1
"3537","Skil","A","Smad7",-1
"3546","Tp53","A","Vdr",1
"3547","Tp63","A","Vdr",1
"3548","Egr1","A","Slc9a3",1
"3552","Lef1","A","Ar",1
"3556","Erg","A","Eng",1
"3564","Atf2","A","Nos3",-1
"3565","Hif1a","A","Il1b",1
"3566","Rara","A","Rarg",1
"3567","Epas1","A","Pou5f1",1
"3571","Nfatc2","A","Foxp3",1
"3573","Ets2","A","Il12b",1
"3574","Sp1","A","Il12b",1
"3575","Tbx21","A","Gata3",1
"3581","Tfap2a","A","Bcl2",-1
"3583","Usf1","A","Cebpa",1
"3588","Nfe2l2","B","Nqo2",0.5
"3589","Maff","A","Oxtr",1
"3591","Ets1","A","Tert",-1
"3594","Nfic","A","Gfap",1
"3595","Zeb2","A","Vim",1
"3597","Tp53","A","Ccna2",1
"3602","Vdr","A","Trpv6",1
"3603","Esr1","A","Kdr",1
"3604","E2f1","A","Cdca7",1
"3605","E2f2","A","Cdca7",1
"3606","E2f4","A","Cdca7",1
"3608","E2f1","A","Bmi1",1
"3614","Klf5","A","Birc5",1
"3616","Jun","A","Il12a",1
"3618","Hnf4a","A","Lipc",1
"3620","Foxo1","A","Agrp",1
"3623","Hif1a","A","Tgfb3",1
"3624","Rara","B","Ncor2",0.5
"3625","Lhx3","A","Gnrhr",1
"3626","Cdx2","A","Slc15a1",1
"3627","Esr1","B","Bcas3",0.5
"3629","Smad3","A","Mmp9",1
"3631","Sp1","A","Ednrb",1
"3642","Esr1","B","Prlr",0.5
"3644","Ybx1","A","Egfr",1
"3647","Foxo1","A","Pparg",1
"3649","Stat5a","A","Il2ra",1
"3651","Sp1","A","Padi3",1
"3652","Sp3","A","Padi3",1
"3657","Rela","A","Fgf8",1
"3658","Hnf4a","A","Vegfd",1
"3660","Hic1","A","Fgfbp1",1
"3661","Foxo1","A","Timp3",-1
"3662","Srebf2","A","Lrp1",-1
"3664","Nr2e1","A","Pten",-1
"3665","Klf6","B","Cdh1",0.5
"3666","Rel","A","Ccl5",1
"3667","Spi1","A","Ccl5",1
"3672","Tp53","A","Pycard",1
"3675","Creb1","A","H2-Ea",1
"3676","Creb1","A","P04224",1
"3684","E2f4","A","Rb1",1
"3687","Stat5b","B","Bcl2",0.5
"3689","E2f1","B","Pura",0.5
"3698","Usf1","A","Hoxb7",1
"3699","Tal1","A","Nfkb1",-1
"3700","Hey1","A","Kdr",-1
"3701","Pparg","A","Abcg2",1
"3702","Srebf1","A","Slc2a4",1
"3705","Sp1","A","Brd7",1
"3709","Sp1","A","Hsd17b2",1
"3710","Sp3","A","Hsd17b2",1
"3711","Foxm1","A","Esr1",1
"3714","Creb1","A","Ciita",1
"3715","Sox10","A","Gjc2",1
"3716","Hif1a","A","Nampt",1
"3717","Ppara","A","Acox1",1
"3718","Jun","A","Vim",1
"3719","Onecut2","A","Sytl4",-1
"3720","E2f1","A","Vegfa",-1
"3721","Stat3","A","Hamp",1
"3722","Ets1","A","Cxcr4",1
"3723","Hif1a","A","Cxcr4",1
"3725","Hif1a","A","Birc5",1
"3727","Rela","A","Sod2",1
"3731","Hoxb7","A","Fgf2",1
"3733","Tfap2c","A","Cdkn1a",-1
"3735","Myc","A","Itgb1",1
"3738","Pparg","A","Tp53",1
"3747","Stat3","A","Osm",1
"3748","Esr1","B","Erbb4",0.5
"3750","E2f1","A","Ncoa3",1
"3751","Ppara","A","Ccnd1",1
"3753","Esr1","A","Mmp13",1
"3755","Stat3","A","Timp1",1
"3761","Pou5f1","A","Lefty1",1
"3765","Hif1a","A","Tert",1
"3768","Runx3","A","Runx1",-1
"3769","Pax6","A","Ctnnd2",1
"3774","Gata2","B","Runx1",0.5
"3776","Hnf4a","A","Abcc6",1
"3780","E2f4","A","Brca1",-1
"3781","E2f4","A","Rad51",-1
"3783","Rela","A","Timp1",-1
"3785","Foxo1","A","Cdkn1b",1
"3788","Tp53","A","Alox5",1
"3789","Foxm1","A","Birc5",1
"3790","Hif1a","A","Cited2",1
"3791","Sp1","B","Slc3a2",0.5
"3793","Foxp3","A","Il2",-1
"3794","Irf2","B","Casp8",0.5
"3799","Pax6","A","Mmp2",1
"3804","Vdr","A","Cyp7a1",-1
"3807","Cebpa","B","Ebf1",0.5
"3809","Hnf4a","A","Pros1",1
"3811","Stat2","A","Pml",1
"3820","Klf6","A","Mmp9",-1
"3821","Sp2","A","Mmp9",-1
"3823","Elk1","A","Tbp",1
"3826","Tp53","A","Hic1",1
"3827","Atf2","A","Mmp2",1
"3829","Rela","A","Bnip3",-1
"3832","Elk1","A","Fosl1",1
"3833","Creb1","A","Mitf",1
"3835","Jund","A","Gadd45a",1
"3836","Nfkb1","A","Sod2",1
"3839","Vdr","A","Pth",-1
"3840","Rela","A","Bcl2",1
"3842","Foxm1","A","Brca2",1
"3843","Foxm1","A","Xrcc1",1
"3850","Mitf","A","Clcn7",1
"3851","E2f1","A","Brca1",1
"3855","Spi1","A","Csf1r",1
"3856","Jun","A","Vdr",1
"3857","Sp1","A","Xiap",1
"3858","Sp1","A","Birc5",1
"3862","Smad4","A","Myc",1
"3863","Lef1","A","Myc",1
"3872","Esr1","A","Cdkn1b",-1
"3878","E2f1","A","Cdkn1c",1
"3880","E2f1","B","Nrp1",0.5
"3882","E2f1","A","Ar",-1
"3884","Mitf","A","Diaph1",1
"3888","Sp1","A","Jun",1
"3889","Tbx21","A","Il4",-1
"3892","Sp1","A","Mcl1",1
"3893","Pbx1","A","Vcp",1
"3895","Ar","A","Nkx3-1",1
"3899","Ets1","A","Bax",-1
"3900","Gfi1","A","Bax",-1
"3901","Atf2","B","Bcl2",0.5
"3903","Nfatc2","A","Cd40lg",1
"3909","Rbpj","A","Pten",-1
"3910","Nfkb1","A","Nos1",1
"3917","Tp53","A","Prdm1",1
"3918","Hnf1a","A","Ugt1a9",1
"3919","Sox9","A","Hes1",1
"3924","Sp1","A","Prss50",1
"3925","Ets1","A","Angpt2",1
"3927","Creb1","B","Sox9",0.5
"3932","Insm1","A","Neurog3",1
"3935","Egr1","A","Stim1",1
"3942","Usf1","A","Slc22a2",1
"3944","Jun","A","Tff1",1
"3948","Sox10","A","Mag",1
"3951","E2f1","A","Asf1b",1
"3952","Twist1","A","Akt2",1
"3954","Foxm1","A","Myc",1
"3955","Myc","A","Foxm1",1
"3962","Esr1","A","Runx2",1
"3963","Runx2","A","Esr1",-1
"3970","Elf2","A","Vcp",1
"3972","Sp3","A","Cdkn2a",1
"3973","Mitf","A","Met",1
"3974","Rela","A","Sele",1
"3976","Ets1","A","Il10",1
"3979","Runx1","A","Il2",1
"3982","Zeb1","A","Pkp3",-1
"3983","Snai1","A","Vdr",-1
"3987","Hnf4a","A","Abcg8",-1
"3988","Foxm1","A","Mmp2",1
"3989","Ppara","A","Cyp4a10",1
"3991","Ar","A","Ubc",1
"3998","Hif1a","A","Klk1b26",1
"3999","Hif1a","A","Klk1b8",1
"4000","Hif1a","A","Klk1b9",1
"4001","Hif1a","A","Klk1b1",1
"4002","Hif1a","A","Klk1b11",1
"4003","Hif1a","A","Klk1b27",1
"4004","Hif1a","A","Klk1b22",1
"4005","Hif1a","A","Klk1b21",1
"4006","Hif1a","A","Klk1b5",1
"4007","Hif1a","A","Klk1b16",1
"4008","Hif1a","A","Klk1b3",1
"4009","Hif1a","A","Klk1b24",1
"4010","Hif1a","A","Klk1b4",1
"4011","Hif1a","A","Klk1",1
"4012","Runx1","B","Cdk6",0.5
"4014","Hif1a","A","Abcb1a",1
"4021","E2f1","A","Dusp4",1
"4023","Srebf1","A","Hmox1",1
"4026","Creb1","A","Vegfa",1
"4034","Hif1a","A","Ccl12",1
"4037","Sox10","A","Egr2",1
"4039","E2f1","B","Foxo3",0.5
"4040","Esr1","A","Foxo1",1
"4042","Ar","A","Med1",1
"4043","Ar","A","Spdef",1
"4044","Sox9","A","Comp",1
"4058","Ets1","A","Ptgs2",1
"4063","Nfkb1","A","Cd40",1
"4064","Nfkb1","A","Il1a",-1
"4066","Irf1","A","Rigi",1
"4067","Sox10","A","Tyr",1
"4069","Foxo3","A","Ar",1
"4070","Creb1","A","Ppp2ca",1
"4080","Rreb1","A","Klk1b26",-1
"4081","Rreb1","A","Klk1b8",-1
"4082","Rreb1","A","Klk1b9",-1
"4083","Rreb1","A","Klk1b1",-1
"4084","Rreb1","A","Klk1b11",-1
"4085","Rreb1","A","Klk1b27",-1
"4086","Rreb1","A","Klk1b22",-1
"4087","Rreb1","A","Klk1b21",-1
"4088","Rreb1","A","Klk1b5",-1
"4089","Rreb1","A","Klk1b16",-1
"4090","Rreb1","A","Klk1b3",-1
"4091","Rreb1","A","Klk1b24",-1
"4092","Rreb1","A","Klk1b4",-1
"4093","Rreb1","A","Klk1",-1
"4096","Nfkb1","A","Pthlh",1
"4100","Ar","A","Akr1b1",1
"4104","Usf1","A","Ptgds",1
"4106","Stat4","A","Tbx21",1
"4109","Foxo3","A","Esr1",1
"4112","Tp53","B","Zmiz1",0.5
"4113","Runx1","A","Csf1r",1
"4115","Hnf4a","A","Sult2a1",1
"4116","Creb1","A","Spry2",1
"4117","Sp1","A","Spry2",1
"4118","E2f6","A","Apaf1",-1
"4131","Gata3","A","Esr1",1
"4134","Elk1","A","Nr1h2",1
"4138","Egr1","B","Id2",0.5
"4139","Gata3","B","Tp63",0.5
"4142","Rela","A","Il12b",1
"4144","E2f1","A","Dusp1",1
"4148","Tfap2a","A","App",1
"4150","Sp1","A","B4galt1",1
"4153","Runx1","B","Cd44",0.5
"4158","Lhx4","A","Cga",1
"4163","Hoxa11","A","Hoxa10",-1
"4166","Sp1","A","Spp1",1
"4167","Tp53","A","Btg3",1
"4169","Mef2a","A","Sost",-1
"4170","Sp3","A","Col1a1",1
"4172","Epas1","A","Tert",1
"4176","Stat3","A","Ccl12",1
"4180","Tfap2a","A","Adm",1
"4183","Tp53","B","Ptk2",0.5
"4185","Hnf4a","A","Slc26a3",1
"4187","Nfkb1","A","Il2ra",1
"4188","Pgr","A","Bcl2",1
"4189","Myc","A","Vegfa",1
"4193","Smad3","A","Cyp17a1",-1
"4195","Epas1","B","Cited2",0.5
"4198","E2f1","A","Pcsk6",1
"4201","Atoh1","A","Hes6",1
"4202","Spi1","A","Tyrobp",1
"4203","Tp53","A","Gpnmb",1
"4204","Sp1","A","Padi1",1
"4205","Sp3","A","Padi1",1
"4211","Hif1a","A","Apln",1
"4212","Myc","A","Ccnd1",-1
"4214","Hnf4a","A","Cdkn1a",1
"4220","Nfkb1","A","Hif1a",1
"4221","Rela","A","Hif1a",1
"4223","Stat3","A","Twist1",1
"4230","Srebf2","A","Pcsk9",1
"4231","Stat3","A","Nnmt",1
"4233","Tbx21","A","Cxcr3",1
"4234","Yy1","A","Lss",1
"4236","Hnf4a","B","Cited2",0.5
"4239","Wt1","A","Wtap",1
"4244","Nfe2l2","A","Txnrd1",1
"4251","Hnf4a","A","Proz",1
"4255","Foxo3","A","Galt",1
"4256","Yy1","A","Tp73",1
"4259","Foxm1","A","Cdkn1b",1
"4260","Foxo1","A","Selenop",1
"4262","Ets2","A","Tert",1
"4263","Foxo1","A","Cdkn1c",1
"4265","Yy1","A","Oprm1",1
"4266","Hnf4a","A","Shbg",1
"4274","Foxo3","A","Cdkn1a",1
"4279","Jun","A","Pla2g4a",1
"4281","Rela","A","Bax",-1
"4282","Sp1","A","Mif",1
"4284","Nfe2l2","B","Abcc1",0.5
"4287","Esr1","A","Nrf1",1
"4290","Epas1","A","Sphk1",1
"4291","Hif1a","A","Sphk1",1
"4292","Fos","B","Pparg",0.5
"4294","Twist1","A","Cdh1",-1
"4299","Jund","A","Ccr4",1
"4302","Hnf4a","A","Npc1l1",1
"4303","Srebf2","A","Npc1l1",1
"4306","Kmt2a","A","Hoxa7",1
"4307","Esr1","A","Kat2b",1
"4308","Pbx1","A","Il10",1
"4309","E2f1","A","Bnip3",1
"4311","Smad3","A","Foxp3",1
"4312","Foxo3","A","Cited2",1
"4314","Egr1","B","Ccnd3",0.5
"4326","Hif1a","A","Tubb3",1
"4328","Tal1","B","Runx1",0.5
"4334","Stat6","A","Cish",1
"4335","Foxo3","A","Prdx3",1
"4337","Erg","A","Cdh5",1
"4342","Cebpb","B","Mad1l1",0.5
"4345","Ctcf","B","Epas1",0.5
"4347","Sp1","A","Apex1",-1
"4348","Vdr","A","Igfbp3",-1
"4349","Wt1","A","Ets1",1
"4350","Ets1","A","Wt1",1
"4351","E2f1","A","Dtl",1
"4352","E2f4","B","Dtl",0.5
"4354","Tp53","A","Ints7",-1
"4355","Myc","A","Meis1",1
"4356","Nfatc2","A","Il5",1
"4362","Spi1","A","Cd14",1
"4364","Nrf1","A","Capns1",1
"4365","Foxo3","A","Plau",-1
"4367","Tp53","A","Ctnnb1",-1
"4368","Sp1","A","Prkce",-1
"4374","Cebpa","B","Cd36",0.5
"4376","Rela","A","Cdkn1a",1
"4379","Srebf1","A","Npc1",1
"4382","Egr1","A","Wnt4",-1
"4383","Mitf","A","Rab27a",1
"4385","Egr1","A","Il6",-1
"4388","Hif1a","A","Twist1",1
"4389","Foxo1","A","Txnip",-1
"4391","E2f1","A","Ctnnd2",1
"4400","Sp3","A","Adgre5",1
"4401","Sp1","A","Adgre5",1
"4405","Sp1","A","Dbh",1
"4406","Hif1a","A","Kitlg",1
"4410","E2f1","A","Sp3",-1
"4415","Hic1","A","Atoh1",1
"4419","Foxo3","A","Abcb1a",1
"4421","E2f1","A","Bin1",1
"4422","E2f1","A","Xrcc1",1
"4423","Sp1","A","Klf8",1
"4427","Spi1","A","Tnf",1
"4428","Myc","A","Pcna",1
"4433","Cebpa","B","Mpo",0.5
"4437","Stat3","A","Egfr",1
"4439","Smad4","B","Id3",0.5
"4443","Nfkb1","A","Bcl3",1
"4444","Nfkb1","A","Il23a",1
"4445","Rela","A","Il23a",1
"4448","E2f1","A","Tnfsf11",1
"4451","Foxo1","A","Abcb1a",1
"4456","Yy1","A","Egfr",1
"4457","Hif1a","A","Stc2",1
"4458","Hnf4a","A","Prpf3",1
"4464","Foxm1","A","Bmi1",1
"4465","Hif1a","A","Ednrb",1
"4466","Srebf1","A","Hmgcr",1
"4469","Pura","A","Ar",-1
"4472","Insm1","A","Ins2",1
"4478","Runx1","B","Angpt1",0.5
"4479","E2f1","A","Plk4",1
"4481","E2f4","A","Fbxo5",1
"4482","E2f1","A","Kif2c",1
"4483","Sp1","A","Kif2c",1
"4486","Foxo1","A","Cav1",1
"4489","Egr1","B","Yy1",0.5
"4491","Mitf","A","Birc7",1
"4492","Tp53","A","Bcl6",1
"4496","Sox2","A","Ccnd1",1
"4497","Runx1","B","Tcf12",0.5
"4507","Sp1","A","Ccn2",1
"4508","Rest","A","Cartpt",-1
"4509","Snai2","A","Vdr",-1
"4512","Yy1","A","Prdm2",1
"4514","Creb1","A","Aqp3",1
"4523","Myc","A","Dffa",1
"4524","E2f1","A","Dbf4",1
"4526","E2f4","A","Birc5",1
"4528","Tp53","A","Gstp1",1
"4529","Tp53","A","Gstp2",1
"4530","Egr1","A","Hif1a",1
"4535","Sox9","A","Cldn7",1
"4536","Klf6","A","Dapk2",1
"4537","E2f1","A","Dapk2",1
"4539","Gata2","A","Pparg",-1
"4540","Gata3","A","Pparg",1
"4542","Sp1","A","Crmp1",-1
"4543","Cebpa","A","Crmp1",1
"4544","Hif1a","A","Kdm3a",1
"4545","Ar","A","Cdc6",1
"4546","Spib","A","Xbp1",1
"4547","Spib","A","Prdm1",1
"4552","Tp53","B","Bhlhe40",0.5
"4554","E2f6","A","E2f1",-1
"4555","E2f1","A","E2f6",1
"4556","Hif1a","A","Aurka",1
"4560","Sp1","A","Sod1",1
"4562","Myc","A","Ets2",1
"4563","Ets2","A","Myc",1
"4566","Egr1","A","Eapp",1
"4567","Sp1","A","Eapp",1
"4568","Sp3","A","Eapp",-1
"4572","Nr4a1","A","Star",1
"4575","Gata1","A","Hemgn",-1
"4578","Jun","A","Mmp7",1
"4579","Usf1","A","Ciita",1
"4582","Foxo1","A","Trim63",1
"4584","Ar","A","Vegfa",1
"4585","Egr1","A","Atp2a2",1
"4588","Jun","A","Ppard",1
"4607","Pax8","A","Tert",1
"4608","Ets1","A","Mmp13",1
"4610","Irf1","A","Foxp3",-1
"4612","Foxo3","A","Pik3ca",1
"4614","Ppara","A","Ptgs2",1
"4618","Tp53","A","Akt1",-1
"4621","E2f1","A","Pdk4",1
"4627","Ar","A","Egfr",1
"4628","Irf1","A","Cd40",1
"4629","Rela","A","Irf1",1
"4630","Tp53","A","Pdgfrb",1
"4632","Hnf1a","A","Mttp",1
"4633","Egr1","A","Tbxa2r",1
"4634","Ets1","A","Tbxa2r",1
"4635","Gata1","A","Tbxa2r",1
"4636","Nfe2","A","Tbxa2r",1
"4638","Sp1","A","Tnfsf10",-1
"4640","Sp1","B","Cic",0.5
"4641","Rela","B","Nfatc1",0.5
"4642","Foxo1","A","Sell",1
"4649","Sp1","A","Fes",1
"4650","Klf6","A","Atf3",1
"4652","Egr1","A","Thbs1",1
"4656","Rela","A","Il10",1
"4662","Bach2","A","Il2",1
"4666","Nfatc1","A","Il5",1
"4667","Foxo3","A","Cat",1
"4669","Klf5","A","Fasn",1
"4673","E2f3","A","Aurka",1
"4679","Jun","A","Ccl4",1
"4683","Sox9","A","Ceacam2",1
"4684","Sox9","A","Ceacam1",1
"4685","Srebf1","B","Cic",0.5
"4687","Egr1","A","Ctnnb1",1
"4694","Sp1","A","Ada",1
"4695","Cdx2","A","Dsc2",1
"4696","Cdx1","A","Dsc2",1
"4701","E2f1","A","Hspa5",-1
"4704","Hif1a","A","Hspa1a",1
"4717","Sox2","A","Gli2",1
"4729","Esr1","A","Krt13",1
"4730","Smad3","A","Vegfa",1
"4731","Hnf4a","A","Selenop",1
"4732","Foxm1","A","Vegfa",1
"4734","Nfkb1","A","Cflar",1
"4737","Nfkb1","A","Lta",1
"4740","Nfkb1","A","Traf2",1
"4741","Cebpb","B","Aldh1a1",0.5
"4744","Tp53","B","Ptp4a1",0.5
"4746","Rela","B","Cd44",0.5
"4749","Hsf1","A","Bag3",-1
"4750","Hnf4a","A","Abcc2",1
"4751","Foxl2","A","Sod2",1
"4754","E2f1","A","Kif23",1
"4755","E2f1","A","Racgap1",1
"4758","Myc","A","Hes1",1
"4759","Myc","A","Hspd1",1
"4763","Nr1h3","A","Bhlhe40",1
"4771","Vdr","A","Amh",1
"4772","Cdx1","A","Pparg",1
"4776","Wt1","A","Tbxa2r",-1
"4780","Cebpa","A","Foxa2",1
"4784","Spi1","A","Parg",-1
"4785","Spi1","A","Bphl",-1
"4786","Myc","A","Mnt",1
"4789","Stat3","A","Cd274",1
"4796","Hif1a","A","Foxm1",1
"4797","Mef2a","A","Klf2",1
"4798","Rxra","A","Cyp7a1",1
"4799","Hif1a","A","Grin1",1
"4800","Spi1","A","Clec4g",1
"4801","Myc","A","Brd7",-1
"4803","Hnf4a","A","Rnase2b",1
"4808","Esr1","A","Btg2",-1
"4809","Pou2f1","A","Ptgir",1
"4810","Spi1","A","Ptgir",1
"4811","Tp53","A","Dusp11",1
"4815","Foxa1","A","Bcl2",-1
"4816","Nr1i2","A","Cyp4f14",1
"4819","Etv4","B","Vegfa",0.5
"4820","Egr1","B","Fyn",0.5
"4823","Egr1","A","Bax",1
"4825","Tp53","A","Frmd5",1
"4826","Nanog","A","Cdc25a",-1
"4827","Nanog","A","Cdk6",-1
"4828","Foxa1","A","Pdx1",1
"4829","Tp53","A","Epcam",1
"4831","Ar","A","Klk4",1
"4837","Myc","B","Axin2",0.5
"4843","Ctcf","A","Csf2",1
"4844","Esr1","A","Bcl2",1
"4846","Sp1","A","Ezr",1
"4847","Jun","A","Ezr",1
"4848","Fos","A","Ezr",1
"4852","Tal1","B","Lmo2",0.5
"4854","Ar","A","Tmprss2",1
"4855","Hif1a","A","Plaur",1
"4858","Jun","A","Edn1",1
"4861","Tp53","B","Sulf2",0.5
"4863","Spi1","A","Runx1",1
"4864","Runx1","A","Spi1",1
"4867","Hif1a","A","Agt",1
"4868","Jund","A","Tgfb1",1
"4873","Runx1","B","Bcr",0.5
"4880","Ar","A","Igf1r",1
"4884","Hnf4a","A","Aldob",1
"4892","Foxm1","A","Plk1",1
"4893","Gata4","A","Erbb2",-1
"4899","Hnf1a","A","Crp",1
"4901","Crem","B","Cd86",0.5
"4903","E2f1","A","Fgfr1",1
"4906","Sox9","A","Nkx3-2",1
"4908","Mitf","B","Atp6v1b2",0.5
"4914","Cebpa","A","Socs3",1
"4915","E2f1","A","Cdan1",1
"4921","Rest","B","Cacna1h",0.5
"4922","Irf1","A","Cxcl10",1
"4924","Nfatc1","A","Icam1",1
"4925","Lef1","A","Ctnnb1",1
"4926","Klf4","A","Birc5",-1
"4927","Tp53","B","Fbxw7",0.5
"4928","Ctcf","A","Rad21",1
"4931","Rela","A","Traf1",1
"4933","Wt1","A","Pax2",-1
"4934","Pax2","A","Wt1",1
"4935","Rara","A","Maob",1
"4940","Ets2","A","Mmp9",1
"4942","Foxo3","A","Cdkn2b",1
"4947","Tp53","A","Ccng2",1
"4948","Irf1","A","H2-Q10",1
"4949","Irf1","A","H2-Q7",1
"4950","Irf1","A","H2-K1",1
"4951","Irf1","A","H2-D1",1
"4952","Ppara","A","Apoa4",1
"4958","Atf4","A","Ddit4",1
"4961","Ets1","A","Cd6",1
"4963","Fos","B","Ets1",0.5
"4964","Ets1","A","Fos",1
"4965","Jun","A","Ets1",1
"4966","Ets1","B","Jun",0.5
"4969","Spi1","A","Jchain",1
"4974","Hnf4a","A","Acat2",1
"4975","Foxa1","A","Hspa1a",1
"4976","Cebpb","A","Xbp1",1
"4978","Hif1a","A","Angpt2",1
"4980","E2f1","A","Hic1",1
"4981","Hic1","A","E2f1",-1
"4983","Runx1","B","Foxo3",0.5
"4990","Esr1","B","Itpr1",0.5
"4993","Klf4","A","Nanog",1
"4994","Pbx1","A","Nanog",1
"4996","Cebpa","A","Tnfrsf1a",1
"4998","Hic1","A","Ackr3",-1
"5007","Gata1","A","Aggf1",1
"5009","Egr1","A","Spp1",1
"5011","Cebpa","A","Agt",1
"5030","Myc","A","E2f1",1
"5031","E2f1","A","Myc",1
"5040","Egr1","B","Per1",0.5
"5041","Rel","A","Ephb2",-1
"5045","Spi1","A","Ly96",1
"5052","Hif1a","A","Cd36",1
"5053","Myc","A","Mdm2",1
"5056","Pax6","A","Met",1
"5057","Foxo1","A","Il1b",1
"5064","Klf5","A","Fgfbp1",1
"5066","Gata3","A","Tek",1
"5070","Fosl1","A","Il6",1
"5071","Relb","B","Il6",0.5
"5072","Hif1a","A","Hk2",1
"5079","Pparg","A","Vldlr",1
"5080","Ppara","A","Hmgcs2",1
"5084","Egr1","A","Gdnf",1
"5089","Sp3","A","Ubc",1
"5091","Stat5a","A","Ccnd3",1
"5093","Gli1","A","Igfbp6",1
"5095","Egr1","A","Tmpo",1
"5096","Sp1","A","Tmpo",1
"5101","Stat3","A","Il6",1
"5102","Nfkb1","A","Hmox1",1
"5105","Cebpb","A","Saa2",1
"5106","Cebpb","A","Saa1",1
"5108","Hnf4a","B","Cdx2",0.5
"5111","Sp1","A","Adam17",1
"5113","Hoxa10","A","Phgdh",-1
"5118","Egr1","A","Stmn1",1
"5119","Smad3","A","Gli2",1
"5120","Egr1","B","Gclc",0.5
"5126","Pparg","B","Txnip",0.5
"5132","E2f1","A","Irf3",-1
"5133","Fos","A","Ccl5",1
"5134","Jund","A","Ccl5",1
"5136","Ets2","A","Fli1",1
"5140","Egr1","A","Syn2",1
"5141","Etv4","A","Syn2",1
"5143","Nfatc2","A","Tert",1
"5144","Irf1","B","Bbc3",0.5
"5147","Myc","A","Rara",1
"5148","Rara","A","Myc",1
"5151","Sp1","A","Irs2",1
"5152","Znf148","A","Irs2",1
"5153","Sp1","A","Cdh3",1
"5161","Tp53","A","Lif",1
"5169","Foxa1","A","Rprm",-1
"5171","Ets1","A","Cd4",1
"5174","Zeb1","A","Ar",1
"5175","Gata3","B","Mbnl2",0.5
"5176","Vdr","B","Nfkbia",0.5
"5179","Esr1","A","Akt2",1
"5183","Hnf4a","B","Abcb1a",0.5
"5184","Esr1","A","Adora1",1
"5188","Atf4","A","Nupr1",1
"5195","Hif1a","A","Tlr4",1
"5198","Stat6","A","Rhoa",1
"5200","Hif1a","A","Hey1",1
"5201","Sp1","A","Htt",1
"5203","Spi1","A","Ncf2",1
"5206","Tal1","A","Ube2h",1
"5211","Sp1","A","Ets2",1
"5212","Foxa1","A","Agr2",1
"5213","Sox4","A","Ncam1",1
"5217","Rela","A","Ppara",1
"5220","Maf","A","Mmp13",1
"5221","Pax3","A","Met",1
"5224","Esr1","A","Greb1",1
"5225","Foxa1","A","Greb1",1
"5231","Sp1","A","Itga2",1
"5233","Ets1","A","Dusp6",1
"5236","Egr1","A","Areg",1
"5237","Myc","A","Srm",1
"5239","Fli1","A","Gata1",1
"5250","Gata3","B","Satb1",0.5
"5260","Irf9","A","Ifit3",1
"5261","Stat2","A","Ifit3",1
"5262","Irf1","A","Ifit3",1
"5267","Klf15","A","Lrp5",1
"5268","Sp1","A","Lrp5",1
"5269","Mycn","A","Tp53",1
"5270","Rel","A","Il12b",1
"5271","Sp1","A","Cd151",1
"5276","Foxa2","A","Cdh1",1
"5277","Esr1","A","Src",1
"5278","Nfkb1","A","Cxcl10",1
"5279","Rela","A","Cxcl10",1
"5281","Hsf1","A","Nat2",1
"5282","Sp1","A","Cenpw",1
"5290","Rela","A","Akt1",-1
"5291","E2f1","A","Siah1a",1
"5305","Foxl2","A","Cyp17a1",1
"5306","Bmal1","A","Per3",1
"5315","Rela","A","Crhr1",1
"5316","Foxl2","A","Fshb",1
"5329","Thra","A","Cga",1
"5330","Klf4","A","Cdh1",1
"5331","Nfkb2","B","Cd44",0.5
"5332","Rela","A","Mmp3",1
"5334","Spi1","A","Ciita",1
"5342","Hbp1","A","Mif",-1
"5343","Nr3c1","A","Bglap",-1
"5344","Nr3c1","A","Bglap3",-1
"5345","Nr3c1","A","Bglap2",-1
"5355","Sp1","A","Nfkb1",1
"5357","Yy1","A","Nos2",1
"5358","Nfic","A","Vwf",1
"5359","Sp3","A","Ccnd1",1
"5360","Irf1","A","Il27",1
"5361","Cebpd","B","Ccnd1",0.5
"5363","Hif1a","A","Ccn2",1
"5364","Srebf2","B","Fdps",0.5
"5365","Nfe2l2","A","Sqstm1",1
"5381","Pou5f1","A","Cdx2",-1
"5382","Jun","A","Ccnd2",1
"5383","Gata1","A","Alas2",1
"5394","Hif1a","A","Lgals1",1
"5405","Tp53","B","Dhrs3",0.5
"5409","Gcm2","A","Pth",1
"5411","Atf4","A","Ddr2",1
"5412","Hnf1a","A","Cdh17",1
"5414","Nfkb1","A","Mmp13",1
"5416","Stat5b","A","Bcl2l1",1
"5418","Ar","A","Erbb3",1
"5425","Elf1","A","Meis1",1
"5428","Hnf4a","A","C1qtnf5",1
"5429","Hnf4a","A","Mfrp",1
"5431","Esr1","A","Nqo1",-1
"5432","Tfap2c","A","Greb1",1
"5433","Myc","A","Tfrc",1
"5437","Elk4","A","Fos",1
"5439","Sp1","A","Socs1",1
"5443","Foxo3","A","Txnip",1
"5457","Myc","A","Cdk6",1
"5460","Hnf4a","B","Agt",0.5
"5461","Myb","A","Lmo2",1
"5462","Stat3","A","Ror1",1
"5467","Cdx2","A","Abcb1a",1
"5468","Atf2","A","Dusp1",1
"5471","Srebf2","A","Pon1",1
"5472","Ctcf","A","Bcl6",-1
"5475","Foxa2","A","Ttr",1
"5478","Sp1","B","Smad3",0.5
"5479","Tfcp2","A","Tf",1
"5486","Tp53","A","Elf4",-1
"5492","Rela","B","Stat3",0.5
"5500","Wt1","A","Smad3",1
"5504","Clock","A","Per3",1
"5507","Jun","B","Met",0.5
"5508","Spi1","A","Csf3r",1
"5516","Rest","A","Kcnq2",-1
"5523","Myc","A","Rad51",1
"5526","Sox2","B","Rbpj",0.5
"5528","Spi1","A","Mme",1
"5532","Prdm14","A","Pou5f1",1
"5535","Nfya","A","Ddit3",1
"5536","Erg","A","Icam1",-1
"5541","Tp63","A","Klf4",-1
"5542","E2f1","A","Thbs1",1
"5543","Fos","A","Ercc4",1
"5547","Srebf1","A","Lrp1",-1
"5548","Erg","A","Vwf",1
"5549","Sp1","A","Epor",-1
"5551","Gata1","A","Ccr3",1
"5559","Usf1","A","Ceacam2",1
"5560","Usf1","A","Ceacam1",1
"5561","Irf1","A","Ceacam2",1
"5562","Irf1","A","Ceacam1",1
"5563","Usf1","A","Ifng",1
"5565","Nrf1","A","Prdx5",1
"5569","Mitf","B","Kcnma1",0.5
"5572","Sp1","A","Sigirr",1
"5579","Sp1","A","Crem",1
"5582","Fos","A","Ngf",1
"5583","Ctcf","A","Nf1",1
"5586","Nanog","A","Kdr",1
"5587","Spi1","A","Cd86",1
"5589","Fos","A","Gstp1",1
"5590","Fos","A","Gstp2",1
"5593","Vdr","A","Ddit4",1
"5606","Gata2","B","Prkn",0.5
"5615","Spi1","A","Ifit3",1
"5616","Esr1","B","Pkib",0.5
"5621","Sp1","A","Blmh",1
"5624","Foxm1","A","Foxf1",1
"5625","Klf4","A","Atf3",1
"5626","Hif1a","A","Alas2",1
"5632","Irf8","A","Tlr3",-1
"5634","Egr1","A","Ggps1",1
"5637","Myc","A","Junb",-1
"5638","Sp3","A","Nox4",1
"5639","Hif1a","A","Lox",1
"5640","Fos","A","Il2ra",1
"5643","Atf4","A","Ptgs2",1
"5648","E2f7","A","Sp1",-1
"5649","Runx1","A","Prkcq",1
"5650","Cebpa","A","Gpx4",1
"5658","Elk1","A","Mcl1",1
"5662","Creb1","A","Nolc1",1
"5670","Mecp2","A","Esr1",-1
"5673","Foxo3","A","Ccnd1",-1
"5674","Atf3","A","Ldlr",-1
"5675","Nr1h4","A","Abcc4",-1
"5676","Sp1","A","Drg2",1
"5680","Hnf4a","B","Rcan1",0.5
"5682","Ppara","A","Cyp1a1",1
"5683","Vdr","A","Il12b",-1
"5685","Tp63","B","Bhlhe40",0.5
"5686","Tp53","B","Stk11",0.5
"5687","Tp53","A","Pax5",1
"5688","Pax5","A","Tp53",1
"5689","Spi1","B","Cd44",0.5
"5690","Ctcf","A","Rbl2",1
"5691","Smad4","B","Id2",0.5
"5693","Hif1a","A","Gapdh",1
"5698","Tp53","B","Lrp1",0.5
"5700","Tp53","B","Anxa4",0.5
"5703","Snai1","A","Fn1",1
"5705","Tp53","A","Rassf1",-1
"5707","Tp53","A","Uhrf1",-1
"5708","Rara","A","Cdkn1a",1
"5709","Egr1","A","Slc5a5",1
"5712","Smad4","A","Por",1
"5715","Tp53","A","Ddr1",1
"5717","Spi1","B","Limd1",0.5
"5718","Gtf2i","A","Sirt1",1
"5722","Ets1","A","Mcl1",1
"5724","Yy1","A","Aph1a",1
"5731","Sp1","A","Atf2",1
"5732","Cebpa","A","Il4",1
"5737","Hif1a","B","Esr1",0.5
"5744","Atf2","A","Fn1",1
"5745","Ctcf","B","Plcb1",0.5
"5756","Rara","A","Pck1",1
"5760","Sox2","A","Abcc6",1
"5762","Foxo3","A","Ccng2",1
"5765","Foxo4","A","Sod2",1
"5766","Fli1","A","Erg",1
"5767","Gata3","A","Erg",1
"5768","Lyl1","A","Erg",1
"5769","Esr1","B","Tle1",0.5
"5773","Smad4","A","Runx1t1",1
"5777","Stat3","A","Esr2",1
"5779","Cebpa","A","Hsd17b11",1
"5789","Rela","A","Traf2",1
"5790","Klf4","A","Pfkp",1
"5791","Pax8","A","E2f1",1
"5793","Sp3","A","Cd2ap",1
"5803","Pgr","A","Cyp19a1",-1
"5804","Nfkb1","A","Il17c",1
"5805","Rela","A","Il17c",1
"5812","Gata2","B","Emcn",0.5
"5815","En1","A","Utrn",-1
"5819","Stat3","A","Cops5",1
"5820","Gata1","A","Cops5",1
"5821","Ctcf","A","Atxn7",1
"5823","Esr1","B","Stk11",0.5
"5832","Creb1","A","Dio2",1
"5834","Stat3","A","Irf1",1
"5835","Mbd2","B","Adgrb1",0.5
"5844","Esr1","A","Ret",1
"5846","Atf4","A","Chac1",1
"5849","Hoxa10","A","Emx2",-1
"5853","Nfic","A","Fabp7",1
"5856","Creb1","A","Aqp2",1
"5864","Smad3","B","Cdh1",0.5
"5866","Tp53","B","Gsn",0.5
"5872","Stat6","A","Slc26a4",1
"5873","Esr1","B","Scarb1",0.5
"5874","Egr1","A","Spry1",1
"5875","Tp53","A","Met",-1
"5879","Ets1","B","Ccnd3",0.5
"5892","E2f1","A","Ect2",1
"5894","Rela","A","Csf1",1
"5896","Gata1","B","Runx1",0.5
"5899","Nfkb1","A","Ctcf",-1
"5907","Srebf2","A","Hmgcr",1
"5910","Stat3","A","Chi3l1",1
"5919","Spi1","A","Hck",1
"5927","Tcf7l2","A","Ccnd1",1
"5933","Rora","A","Nr1d1",1
"5934","Ctcf","A","Cdkn2a",1
"5942","Myc","A","H2az1",1
"5944","Twist1","A","Esr1",-1
"5948","Rela","A","Il12a",1
"5950","Fos","A","Mmp7",1
"5951","Sp1","A","Fas",1
"5952","Pcgf2","A","Hoxa7",1
"5969","Gata3","A","Foxc1",-1
"5970","Esr1","A","Pbx1",1
"5971","Atf4","A","Mcl1",1
"5974","E2f1","A","Mcph1",1
"5981","Hnf4a","A","Soat2",1
"5983","Sp1","A","Cers2",1
"5990","Hic1","A","Epha2",-1
"5992","Hnf4a","B","Scarb1",0.5
"6003","Pparg","A","Mmp9",-1
"6012","Sp1","A","Mmp11",1
"6013","Atf4","A","Fgf21",1
"6014","Mitf","A","Oca2",1
"6015","Pparg","A","Atp2a2",1
"6021","Hmga1","A","Cdc25a",1
"6027","Cebpa","A","Per2",1
"6029","Sox2","A","Ntrk3",1
"6031","Foxo1","A","Ccnd1",-1
"6035","Stat3","A","Pim1",1
"6041","Hnf4a","A","Apoa1",1
"6044","Myc","A","Vhl",1
"6046","Twist1","A","Cdkn2a",1
"6047","Esr1","B","Prss23",0.5
"6051","Stat2","A","Oas1a",1
"6053","Egr1","B","Hes1",0.5
"6057","Cdx2","A","Mep1a",1
"6062","Klf4","A","Rara",-1
"6076","Tp63","B","Znf750",0.5
"6079","E2f1","A","Hmga1",1
"6083","Sp1","A","Stk11",1
"6086","Ctcf","A","Cftr",1
"6089","Egr1","A","Bcar1",1
"6090","Egr1","A","Rbl2",1
"6100","Esr1","B","Foxn1",0.5
"6105","Spi1","B","Syk",0.5
"6111","Nr2f2","A","Bglap",1
"6112","Nr2f2","A","Bglap3",1
"6113","Nr2f2","A","Bglap2",1
"6116","Rela","A","Mcl1",1
"6120","Esr1","A","Fosl1",1
"6127","Rest","A","Lin28a",-1
"6130","Pgr","B","Egfr",0.5
"6132","Myc","A","Srsf1",1
"6141","Myc","A","Id3",1
"6146","Tfap2a","A","Foxa1",1
"6160","Foxa1","A","Ccng2",1
"6161","Tp53","A","Sesn2",1
"6165","Ctcf","A","Rarres1",1
"6166","Usf1","A","Gata5",1
"6169","Cebpa","B","Gpam",0.5
"6174","Cdx2","A","Cftr",1
"6175","Smad4","B","Skil",0.5
"6176","Klf4","A","Vdr",-1
"6183","Sp1","A","Hbz",1
"6186","Runx1","B","Runx2",0.5
"6187","Runx2","B","Runx1",0.5
"6191","Fli1","A","Eya3",1
"6198","Stat4","A","S100a4",1
"6199","Ets1","A","Ltb",1
"6201","Stat3","A","Usp7",-1
"6205","Foxm1","A","Aurkb",1
"6207","E2f1","A","Atad2",1
"6212","Esr1","B","Rab31",0.5
"6214","Gata2","A","Angpt2",1
"6218","E2f1","A","Rbm38",1
"6219","E2f1","A","Foxm1",1
"6220","Hnf4a","A","Slc22a6",1
"6230","Atf4","B","F7",0.5
"6231","Foxo3","A","Stk11",1
"6238","Gata2","A","Il1rl1",1
"6243","Tfap2c","A","Ret",1
"6244","E2f1","A","Cd2ap",1
"6252","Tal1","A","Myb",1
"6255","Esr1","B","Fhl2",0.5
"6261","Myc","A","Apc",1
"6264","Ets1","A","Atxn2",1
"6277","Rela","B","Bhlhe40",0.5
"6280","Atf4","B","Ppargc1a",0.5
"6292","Foxo1","A","Klf2",1
"6300","Tp53","B","Casz1",0.5
"6302","Stat3","A","Pgf",-1
"6309","Spi1","A","Fli1",1
"6310","Pax6","A","Pcsk1",1
"6316","Vdr","B","Cyp19a1",0.5
"6318","Vdr","B","Gadd45a",0.5
"6320","Atf4","A","Hrk",1
"6323","Egr1","B","Src",0.5
"6326","Egr1","A","Slc4a2",1
"6330","Cdx2","A","Reg4",1
"6331","Fos","A","Fasn",1
"6332","Myc","A","Pten",1
"6333","Nr2f2","A","Pou5f1",-1
"6334","Rela","A","Il2ra",1
"6336","Tp53","B","Runx1",0.5
"6338","Fos","A","Vegfd",1
"6339","Jun","A","Vegfd",1
"6343","Sp1","A","Sctr",1
"6354","Hif1a","A","Mcl1",1
"6364","Foxm1","A","Cdc25a",1
"6368","Hif1a","A","Adipoq",1
"6371","Tp53","B","Axl",0.5
"6375","Myc","A","Parp1",1
"6376","Egr1","A","Myc",1
"6377","Spi1","A","Itgax",-1
"6391","Srf","B","Egr3",0.5
"6396","Rela","A","Socs3",1
"6408","Pparg","A","Egfr",-1
"6411","Rela","A","Egfr",1
"6416","Cdx2","A","Axin2",1
"6424","Cebpa","A","Srebf1",1
"6427","Sall4","A","Abca3",1
"6428","Ar","A","Elf3",1
"6439","Sox9","A","Hapln1",1
"6442","Mitf","A","Ppargc1a",1
"6444","Jund","A","Sox4",1
"6450","Tbp","A","Lin28b",1
"6455","Esr1","A","Krt15",1
"6464","E2f1","A","Ctsl",1
"6465","Rxra","A","Abcb11",1
"6470","Spi1","A","Mpo",1
"6477","Foxo1","A","Cdkn1a",1
"6479","Ar","A","Akr1c18",-1
"6487","Jun","A","Mmp3",1
"6488","Fos","A","Mmp3",1
"6489","Myc","A","Atf4",1
"6490","Ctcf","A","Ipo13",1
"6493","Hnf4a","A","C3",1
"6500","Myb","B","Igf1r",0.5
"6502","Gata3","B","Ebf1",0.5
"6507","Hnf4a","A","Ephx1",1
"6511","E2f4","B","Ltbp4",0.5
"6514","Sp1","B","Ltbp4",0.5
"6516","Esr1","B","Abcc3",0.5
"6518","Sp1","A","Abcc1",-1
"6523","Bcl6","A","Litaf",-1
"6524","Tp53","A","Eef1a1",1
"6533","E2f1","A","Nell2",1
"6537","Nfkb1","A","Birc5",1
"6545","Ar","A","Igfbp3",1
"6546","Sox9","A","Matn1",1
"6549","Klf4","A","Ccnd1",1
"6552","Gata3","A","Slco4c1",1
"6562","Egr1","A","Cacna1h",1
"6563","Ets1","A","Thbs1",1
"6568","Zeb1","A","Grhl2",-1
"6575","Stat3","A","Mmp3",1
"6578","Sp1","A","Slc19a3",1
"6581","Kmt2a","A","Hoxa9",1
"6583","Sp1","A","Kit",1
"6584","Tp53","A","Ei24",1
"6587","Ets1","A","Il2",-1
"6589","Tfap2c","A","Ecm1",1
"6592","Spi1","A","Dapk2",1
"6593","E2f2","A","Mcm5",1
"6599","Tp53","B","Per2",0.5
"6612","E2f4","A","Plk4",1
"6614","E2f1","A","Plk1",1
"6623","Esr1","A","Ar",1
"6627","Gata3","A","Tgfbr3",1
"6629","Hnf4a","A","Slc2a2",1
"6639","Tp53","A","Bcl3",-1
"6641","Irf4","B","Ciita",0.5
"6646","Sp1","A","Atp1a3",1
"6652","Irf3","A","Cxcl10",1
"6660","Stat3","A","Ccnd2",1
"6661","Nfkb1","A","Cdk4",1
"6663","Esr1","A","Plac1",1
"6669","Relb","B","Traf3",0.5
"6671","Ctcf","B","Runx1",0.5
"6679","Hif1a","A","Bax",1
"6682","Stat3","A","S100a11",1
"6687","Mycn","A","Mxi1",-1
"6696","Gata2","A","Ar",1
"6699","E2f1","A","Uhrf1",1
"6700","Ar","A","Rela",-1
"6701","Rela","A","Ar",-1
"6708","Sox2","A","Hhat",1
"6712","Ctcf","A","Wt1",1
"6722","Foxm1","A","Cdc6",1
"6723","Tp53","A","Pias3",-1
"6728","Esr1","B","Me3",0.5
"6729","Sox9","A","Rgr",1
"6732","Jun","A","Rhob",1
"6734","Gata2","A","Fcer1a",1
"6735","Gata2","A","Ms4a2",1
"6736","Spi1","A","Fcer1a",1
"6739","Ctcf","A","Ang",1
"6756","Rel","A","Csf2",1
"6757","Myc","A","Bsg",1
"6763","Ctcf","A","Celsr3",1
"6765","Jun","A","Penk",1
"6766","Fos","A","Penk",1
"6774","Nfkb2","B","Il2ra",0.5
"6780","Jun","A","Nts",1
"6781","Tp53","A","Ckm",1
"6783","Creb1","A","Flt1",1
"6784","Cebpd","A","Cftr",1
"6785","Myb","A","Cd34",1
"6787","Nfkb1","A","Sele",1
"6789","Tfap2a","A","Oat",1
"6791","Pou1f1","A","Ghr",1
"6793","Sp1","A","Krt18",1
"6795","Nfkb2","A","Selp",1
"6798","Egr1","A","Myb",-1
"6799","Spi1","A","Csf2",1
"6801","Fos","B","Sptbn1",0.5
"6804","Erf","A","Ets2",-1
"6807","Gata4","A","Il5",1
"6808","Sp3","A","Cdkn2b",1
"6809","Egr1","A","Wt1",1
"6816","Pou2f2","A","H2-Ea",1
"6817","Pou2f2","A","P04224",1
"6818","Fos","A","Cdh1",1
"6820","Rara","A","Icam1",1
"6823","Hnf1a","A","Igfbp1",1
"6826","Myb","A","Erbb2",1
"6827","Tfdp1","A","Pcna",1
"6829","Foxa1","A","Scgb1a1",1
"6831","Nfic","B","Col1a2",0.5
"6834","Wt1","A","Igf1",-1
"6835","Tfap2a","A","Nr3c1",1
"6837","Egr1","A","Ache",1
"6840","Foxa1","A","Ttr",1
"6843","Cebpb","A","Tnfaip6",1
"6844","Hnf1a","A","Proc",-1
"6849","Gata1","A","Wt1",1
"6850","Nr2f1","A","Epo",-1
"6855","Rela","A","F3",1
"6856","Fos","A","Tnfaip6",1
"6859","Rel","A","Ifng",1
"6862","Myb","A","Lck",1
"6865","Sp1","A","Ldha",1
"6866","Rara","A","Hnf4a",1
"6867","Hnf4a","B","Rara",0.5
"6868","Tfap2a","A","Hmox1",1
"6871","Jun","A","Npy",1
"6872","Sp1","A","Spn",1
"6874","Fos","A","Nqo1",1
"6875","Pax8","A","Ncam1",1
"6880","Atf2","A","Tgfb2",-1
"6881","Ahr","A","Cyp1a2",1
"6883","Sp1","A","Npy",1
"6884","Nfkb1","A","Csf2",1
"6887","Nr2f2","A","Oxt",1
"6889","Max","B","Ccnd1",0.5
"6890","Usf1","B","Ccnd1",0.5
"6891","Jun","A","Igf1",1
"6892","Cebpd","B","Tf",0.5
"6894","Ets1","A","Etv4",1
"6895","Etv4","A","Ets1",1
"6902","Sp1","A","Cdk1",1
"6903","Tfap2a","A","Myc",1
"6904","Cebpa","A","Insr",1
"6907","Cebpa","A","Apob",1
"6913","Egr1","B","Nr4a1",0.5
"6915","Pax8","A","Wt1",1
"6919","Foxa1","A","Apob",1
"6923","Pax8","A","Tp53",-1
"6924","Cebpb","A","Top1",1
"6928","Sp1","A","Cck",1
"6930","Cebpa","A","Slc9a1",1
"6933","Tfap2a","A","Ache",-1
"6934","Rela","A","Agt",1
"6935","Nfkb1","A","Agt",1
"6936","Tp53","A","Krt8",1
"6939","Jun","A","Itgax",1
"6940","Spi1","A","Csf1",1
"6943","Wt1","A","Ccn3",1
"6944","Irf1","A","Eif2ak2",1
"6947","Pax5","A","Xbp1",-1
"6950","Stat3","B","Fcgr1",0.5
"6953","Spi1","A","Fes",1
"6954","Yy1","A","Hcfc1",1
"6956","Sp1","A","Mpo",1
"6957","Stat3","A","Lbp",1
"6959","Cebpa","A","Comt",1
"6960","Gata1","A","Epo",1
"6962","Stat5b","A","Fcgr1",1
"6968","Tfap2a","A","Hoxa4",-1
"6969","Egr1","A","Vamp2",1
"6970","Sp1","A","Vamp2",1
"6973","Fos","A","Plaur",1
"6974","Srebf1","A","Fdps",1
"6976","E2f4","A","Mybl2",1
"6977","Tfdp1","A","Mybl2",1
"6978","Fos","A","Meltf",1
"6983","Fos","A","Cdk4",1
"6985","Esr1","B","Mpped2",0.5
"6990","Ets1","A","Dntt",1
"6991","Etv4","A","Vim",1
"6992","Erg","A","Vim",1
"6994","Egr1","A","Ifng",1
"6996","Sp1","A","Hspb1",1
"6997","Ets1","A","Met",1
"7005","Nfic","A","Proc",1
"7009","Erg","A","Mmp3",1
"7010","Ets2","A","Mmp3",1
"7012","Fosl1","A","Nqo1",1
"7014","Foxm1","A","Cyp7a1",1
"7016","Cebpa","A","Sod1",1
"7018","Sp3","A","Myc",1
"7020","Tp53","A","Hgf",1
"7021","Pbx1","A","Cyp17a1",1
"7023","Gata2","A","Pecam1",1
"7024","Myc","A","Hbp1",1
"7028","Egr1","A","Nfkb1",1
"7030","Nfkb1","B","Nfkb2",0.5
"7032","Tp53","A","Fancc",1
"7036","Jun","A","Sele",1
"7039","Jun","A","Tnc",1
"7040","Rela","A","Tnc",1
"7042","Sp1","A","Il2",1
"7047","Stat2","A","Irf1",1
"7048","Jun","A","Icam1",1
"7052","Thrb","A","Por",1
"7053","Tfap2a","A","Hsd17b1",-1
"7054","Egr1","A","Cd19",1
"7057","Hif1a","A","Tf",1
"7059","Mef2a","B","Mef2d",0.5
"7061","Tp53","A","Tyms",-1
"7063","Myc","A","Dnph1",1
"7067","Spi1","A","Myb",1
"7070","Spi1","A","Itga2b",1
"7071","Sp3","A","Chrnb4",1
"7073","Sp3","A","Igfbp1",1
"7075","Stat5a","A","Irf1",1
"7076","Creb1","A","Dbh",1
"7077","Tp53","B","Camk4",0.5
"7081","Cebpa","A","Itgax",1
"7094","Sp1","A","Mip",1
"7095","Tfap2a","A","Mip",1
"7099","Ets2","A","Chrne",1
"7101","Cebpb","A","Adm",1
"7103","Irf1","A","Il15",1
"7104","Spi1","A","Rnase2b",1
"7106","Sp3","A","F2r",1
"7107","Usf1","A","Apex1",1
"7109","Nfkb2","B","Il6",0.5
"7110","Vdr","A","Hoxa10",1
"7111","Hif1a","A","Aqp1",1
"7118","Hlf","A","Dbp",1
"7120","Nfkb1","A","Wt1",1
"7121","Rela","A","Wt1",1
"7122","Ets2","A","Icam1",1
"7123","Spi1","A","Icam1",1
"7126","Hoxc11","A","Lct",1
"7127","E2f4","A","Ccnd1",1
"7132","Thrb","A","Cga",-1
"7133","Usf1","A","Sf1",1
"7136","Sp1","A","Lcat",1
"7137","Sp3","A","Lcat",1
"7139","Sp1","A","Tcn2",1
"7140","Sp3","A","Tcn2",1
"7148","Usf1","A","Gck",1
"7153","Egr1","A","Bcl2",1
"7154","Usf1","A","Trim25",1
"7155","Sp1","A","F7",1
"7157","Cebpa","A","S100a9",1
"7163","Creb1","A","Il5ra",1
"7165","Jun","A","Il5ra",1
"7168","Epas1","B","Ldha",0.5
"7169","Hif1a","A","Aldoa",1
"7171","Srebf1","A","Fdft1",1
"7172","Yy1","A","Ctcf",1
"7175","Creb1","A","Cd4",1
"7177","Tp53","A","Wrn",-1
"7178","Ets1","A","Tnf",1
"7179","Sp1","A","Tpmt",1
"7180","Ets1","A","Anpep",1
"7181","Myb","A","Anpep",1
"7182","Hnf4a","A","Afp",1
"7183","Myc","A","Rcc1",1
"7186","Esr1","A","Myb",1
"7188","Gata3","B","Aldh1a2",0.5
"7189","Tal1","A","Aldh1a2",1
"7190","Nfatc1","A","Egr3",1
"7191","Nfatc2","A","Egr3",1
"7192","Pax1","A","Pdgfra",1
"7193","Hnf4a","B","Gata4",0.5
"7194","Rela","A","Ccr5",1
"7196","E2f4","A","Cdc25a",1
"7197","Ets1","A","Foxd1",1
"7198","Spi1","A","Cxcr1",1
"7199","Egr1","A","Sod1",1
"7202","Tfap2a","B","Rad51b",0.5
"7203","Usf1","A","Apoa2",1
"7204","Usf2","A","Apoa2",1
"7210","Tp53","A","Sesn1",1
"7214","Spi1","A","Tfec",1
"7218","Ahr","A","Fos",1
"7219","Ar","A","Crisp4",1
"7223","Ar","A","Prkcd",1
"7224","Ar","A","Sord",1
"7225","Arnt","A","Ugt1a6",1
"7226","Ascl1","A","Pcsk6",-1
"7227","Atf1","A","Bcl2",1
"7228","Atf1","A","Ugt8",1
"7230","Atf3","A","Ccl5",1
"7231","Cebpa","A","Alox5ap",1
"7232","Cebpa","A","F9",1
"7233","Cebpa","A","Gapdh",1
"7234","Cebpa","A","Igf2",1
"7235","Cebpa","A","Star",1
"7236","Cebpa","A","Thoc1",1
"7237","Cebpa","A","Smyd2",1
"7239","Cebpb","A","Faslg",1
"7240","Cebpb","A","Bcl2l1",1
"7241","Cebpb","A","Gfer",-1
"7242","Cebpb","A","S100a9",1
"7244","Cebpd","A","Alox5ap",1
"7245","Cebpd","A","Gapdh",1
"7248","Creb1","A","Pcsk1",1
"7249","Creb1","A","Ugt8",1
"7250","Creb1","A","Uxt",1
"7255","E2f1","A","Bmp4",1
"7257","E2f1","A","Dcc",1
"7259","E2f1","A","Eya2",1
"7262","E2f1","A","Meis1",1
"7263","E2f1","A","Map3k5",1
"7268","E2f1","A","Safb",1
"7269","E2f1","A","H4c11",1
"7271","E2f1","A","Smarca5",1
"7272","E2f1","A","H2bc21",1
"7273","E2f1","A","Dgki",1
"7276","E2f1","A","Cbx5",1
"7278","E2f1","A","Cdca4",1
"7282","E2f2","A","Map3k5",1
"7284","E2f3","A","Map3k5",1
"7285","E2f4","A","Cdc6",1
"7286","E2f4","A","Cdc25c",1
"7287","E2f4","A","Cyp27b1",1
"7288","E2f4","A","Ddx11",1
"7289","E2f4","A","Dhps",1
"7290","E2f4","A","Epas1",1
"7293","E2f4","A","Map3k5",1
"7294","E2f4","A","Mfap1b",1
"7295","E2f4","A","Mfap1a",1
"7296","E2f4","A","Mthfd1",1
"7297","E2f4","A","Nasp",1
"7298","E2f4","A","Pcna",1
"7299","E2f4","A","Rbbp5",1
"7300","E2f4","A","Recql",1
"7301","E2f4","A","Rpa3",1
"7302","E2f4","A","Rrm1",1
"7303","E2f4","A","Ttk",-1
"7304","E2f4","A","Tyms",1
"7305","E2f4","B","H2ac7",0.5
"7306","E2f4","B","H2ac8",0.5
"7307","E2f4","B","H2ac6",0.5
"7308","E2f4","B","Hist1h2ap",0.5
"7309","E2f4","B","H2ac11",0.5
"7310","E2f4","B","Hist1h2ao",0.5
"7311","E2f4","B","H2ac4",0.5
"7312","E2f4","B","H2ac13",0.5
"7313","E2f4","B","Hist1h2an",0.5
"7314","E2f4","A","H3c11",1
"7315","E2f4","A","H3c6",1
"7317","E2f4","A","Uxt",1
"7318","E2f4","A","Smarca5",1
"7319","E2f4","A","Ybx3",1
"7320","E2f4","A","H2bc21",1
"7322","E2f4","A","Pgrmc1",1
"7323","E2f4","A","Ube2c",1
"7324","E2f4","B","Oip5",0.5
"7325","E2f4","A","Cbx5",1
"7328","E2f4","A","Drosha",1
"7330","E2f4","A","Nusap1",1
"7332","E2f4","A","Cdca4",1
"7334","E2f4","A","Prr11",1
"7336","E2f4","A","Cenpo",1
"7337","E2f4","A","Bora",1
"7338","E2f4","A","Wdr76",1
"7361","Elk1","A","Ptprz1",1
"7363","Erg","A","Nos3",1
"7368","Esr1","A","Bcl9",1
"7369","Esr1","A","Capn2",1
"7370","Esr1","A","Cd86",1
"7371","Esr1","A","Cldn4",1
"7373","Esr1","A","Edn3",1
"7374","Esr1","A","Fbln2",1
"7375","Esr1","A","Gsn",1
"7378","Esr1","A","Lgals8",1
"7379","Esr1","A","Mb",1
"7380","Esr1","A","Notch2",1
"7382","Esr1","A","Por",1
"7386","Esr1","A","Sparc",1
"7389","Esr1","A","Trh",1
"7390","Esr1","A","Tyms",1
"7392","Esr1","A","Spata2",1
"7393","Esr1","A","Trim16",1
"7394","Esr1","A","Cct6b",1
"7395","Esr1","A","Nek6",1
"7396","Esr1","A","Sec61b",1
"7399","Esr1","A","Nid2",1
"7401","Esr1","A","Pofut1",1
"7404","Esr1","A","Arid5b",1
"7407","Esr2","B","Bcl9",0.5
"7408","Esr2","B","Capn2",0.5
"7416","Esr2","B","Nipsnap2",0.5
"7425","Esr2","B","Pbx1",0.5
"7447","Ets1","A","Egr1",1
"7448","Ets1","A","Jak3",1
"7450","Ets1","A","Myb",1
"7451","Ets1","A","Vwf",1
"7452","Ets2","A","Jak3",1
"7454","Etv4","A","Agtr1a",1
"7456","Foxo1","A","Pck2",1
"7462","Fos","A","Nat2",1
"7464","Fos","A","Cd40lg",1
"7466","Fos","A","Csta",1
"7467","Fos","A","Il1a",1
"7468","Fos","A","Maf",1
"7469","Fos","A","Loxl4",1
"7471","Fosl2","A","Clu",1
"7472","Fosl2","A","Plaur",1
"7473","Nr5a2","A","Cyp11b2",1
"7474","Gabpa","A","Tomm70",1
"7475","Gata1","A","Cybb",1
"7476","Gata1","A","Nfe2",1
"7480","Gata2","A","Cybb",-1
"7482","Gata2","A","Myc",1
"7484","Gata2","A","Wt1",1
"7485","Gata3","A","Apba1",1
"7486","Gata3","A","Rhoh",1
"7488","Gata3","A","Atp2b1",1
"7489","Gata3","A","Cd8a",1
"7490","Gata3","A","Cd8b",1
"7491","Gata3","A","Cd40lg",1
"7492","Gata3","A","Septin7",1
"7494","Gata3","A","Abcc2",1
"7496","Gata3","A","Edn1",1
"7497","Gata3","A","Egfr",1
"7498","Gata3","A","Epha7",1
"7499","Gata3","A","Epo",-1
"7500","Gata3","A","Grm7",1
"7502","Gata3","A","Itpk1",1
"7504","Gata3","A","Nrcam",1
"7505","Gata3","A","Pde3a",1
"7509","Gata3","A","Rbms1",1
"7512","Gata3","A","Sst",1
"7513","Gata3","A","Svil",1
"7514","Gata3","A","Tlr5",1
"7519","Gata3","A","Slit2",1
"7521","Gata3","B","Vgll4",0.5
"7522","Gata3","A","Arnt2",1
"7523","Gata3","A","Ust",1
"7525","Gata3","A","Blcap",1
"7526","Gata3","A","Znf507",1
"7529","Gata3","A","Atxn10",1
"7530","Gata3","A","Myrip",1
"7531","Gata3","A","Pde7b",1
"7534","Gata3","A","Gcnt4",1
"7535","Gata3","A","Tet2",1
"7537","Gata3","A","Galnt10",1
"7538","Gata3","A","Slc24a3",1
"7539","Gata3","A","Fndc3b",1
"7541","Gata3","A","Zxdc",1
"7542","Gata3","A","Spef2",1
"7543","Gata3","A","Fbxo11",1
"7545","Gata3","A","Neto1",1
"7548","Gata3","A","Bpifb1",1
"7550","Gata3","A","St8sia6",1
"7551","Gata6","A","Apoa1",1
"7554","Nr3c1","A","Atp1b1",-1
"7557","Foxa1","A","Cebpa",1
"7559","Hnf4a","A","Cebpa",1
"7560","Cebpa","A","Hnf4a",1
"7561","Hnf4a","A","Akr1c6",1
"7562","Hnf4a","A","Fabp2",1
"7563","Hnf4a","A","Gfer",-1
"7564","Hnf4g","A","Akr1c6",1
"7568","Irf8","A","Cybb",1
"7571","Rbpj","A","Nfkb1",1
"7573","Irf1","A","Cybb",1
"7578","Jun","A","Nat2",1
"7579","Jun","A","Csta",1
"7580","Jun","A","Il1a",1
"7581","Jun","A","Mmp12",1
"7582","Jun","A","Ntrk1",1
"7583","Jun","A","Ppara",1
"7584","Junb","A","Ptgs2",1
"7586","Jund","A","Cd40lg",1
"7587","Jund","A","Clu",1
"7588","Jund","A","Csta",1
"7591","Jund","A","Nqo2",1
"7593","Smad3","A","Por",1
"7594","Smad4","A","Bglap",1
"7595","Smad4","A","Bglap3",1
"7596","Smad4","A","Bglap2",1
"7597","Maf","A","Itgb7",1
"7601","Mitf","A","Hoxb4",1
"7602","Mybl2","A","Myb",1
"7603","Myc","A","Acadm",1
"7604","Myc","A","Aco2",1
"7605","Myc","A","Acox1",1
"7606","Myc","A","Acp5",1
"7607","Myc","A","Acp3",1
"7608","Myc","A","Actg1",1
"7609","Myc","A","Acyp2",1
"7610","Myc","A","Adcy9",1
"7611","Myc","A","Ahsg",1
"7613","Myc","A","Aldh9a1",-1
"7614","Myc","A","Amd1",1
"7615","Myc","A","Amd2",1
"7616","Myc","A","Ampd2",1
"7617","Myc","A","Ampd3",1
"7618","Myc","A","Apex1",1
"7619","Myc","A","App",1
"7620","Myc","A","Arf1",1
"7621","Myc","A","Arf4",1
"7622","Myc","A","Rhog",1
"7623","Myc","A","Arsb",1
"7624","Myc","A","Ascl2",1
"7625","Myc","A","Atp1a2",1
"7626","Myc","A","Atp6v1g2",1
"7627","Myc","A","Avp",1
"7628","Myc","A","Bcl3",1
"7629","Myc","A","Blk",1
"7630","Myc","A","Bmp4",1
"7632","Myc","A","Brca2",1
"7633","Myc","A","Zfp36l1",-1
"7634","Myc","A","Casp8",1
"7635","Myc","A","Casp9",1
"7636","Myc","A","Cbs",1
"7637","Myc","A","Cckbr",1
"7638","Myc","A","Ccnb1",1
"7639","Myc","A","Tnfrsf8",1
"7640","Myc","A","Cd63",1
"7641","Myc","A","Cd79b",1
"7642","Myc","A","Cdc25c",1
"7643","Myc","A","Chrnb1",1
"7644","Myc","A","Clcn6",1
"7646","Myc","A","Col4a1",1
"7647","Myc","A","Crat",1
"7648","Myc","A","Cst10",1
"7649","Myc","A","Cstb",1
"7650","Myc","A","Dck",1
"7651","Myc","A","Ace",1
"7652","Myc","A","Ddx11",1
"7653","Myc","A","Dkc1",1
"7655","Myc","A","Egr3",1
"7656","Myc","A","Eif4a1",1
"7657","Myc","A","Eif4b",1
"7658","Myc","A","Eif4ebp2",1
"7659","Myc","A","Elk1",1
"7660","Myc","A","Epb42",1
"7661","Myc","A","Ephx1",1
"7662","Myc","A","Esd",1
"7663","Myc","A","Fah",1
"7664","Myc","A","Fasn",1
"7665","Myc","A","Fech",1
"7666","Myc","A","Fgf9",1
"7667","Myc","A","Fgfr4",1
"7668","Myc","A","Fpgs",1
"7669","Myc","A","Fxn",1
"7670","Myc","A","Fut1",1
"7671","Myc","A","Galt",1
"7672","Myc","A","Gapdh",1
"7673","Myc","A","Gas8",1
"7674","Myc","A","Gpr4",1
"7675","Myc","A","Cxcl1",1
"7676","Myc","A","Gsk3b",1
"7677","Myc","A","Gstp1",1
"7678","Myc","A","Gstp2",1
"7679","Myc","A","Gtf2h2",-1
"7689","Myc","A","Hint1",1
"7690","Myc","A","Mnx1",1
"7691","Myc","A","Hmbs",1
"7692","Myc","A","Hnrnpa1",1
"7693","Myc","A","Hnrnpa2b1",1
"7694","Myc","A","Hoxd3",1
"7695","Myc","A","Hoxd13",1
"7696","Myc","A","Hsd11b2",1
"7697","Myc","A","Hspa8",1
"7698","Myc","A","Hspe1",1
"7699","Myc","A","Icam1",1
"7700","Myc","A","Il11ra2",1
"7701","Myc","A","Il11ra1",1
"7702","Myc","A","Il13",1
"7703","Myc","A","Impa2",1
"7704","Myc","A","Insm1",1
"7705","Myc","A","Insr",1
"7706","Myc","A","Itga6",1
"7707","Myc","A","Irf2",1
"7709","Myc","A","Irf3",1
"7710","Myc","A","Isg20",1
"7711","Myc","A","Lair1",1
"7712","Myc","A","Lamb2",1
"7713","Myc","A","Stmn1",1
"7714","Myc","A","Lbr",1
"7715","Myc","A","Lmna",1
"7716","Myc","A","Lmx1b",1
"7717","Myc","A","Lta4h",1
"7718","Myc","A","Ltb",1
"7719","Myc","B","Smad7",0.5
"7720","Myc","A","Man2a2",1
"7721","Myc","A","Mbd1",1
"7722","Myc","A","Mcm7",1
"7723","Myc","A","Meis2",1
"7724","Myc","A","Men1",1
"7725","Myc","A","Met",1
"7726","Myc","A","Mettl1",1
"7727","Myc","A","Mfap1b",1
"7728","Myc","A","Mfap1a",1
"7729","Myc","A","Meltf",1
"7730","Myc","A","Mgst1",1
"7731","Myc","A","Mpo",1
"7732","Myc","A","Msn",-1
"7733","Myc","A","Mst1",-1
"7734","Myc","A","Mthfd1",1
"7735","Myc","A","Mthfr",1
"7736","Myc","A","Mycl",1
"7737","Myc","A","Nap1l1",1
"7738","Myc","A","Nfil3",1
"7739","Myc","A","Nfkbil1",1
"7740","Myc","A","Nid1",1
"7741","Myc","A","Nit1",1
"7742","Myc","A","Notch4",1
"7743","Myc","A","Nras",1
"7744","Myc","A","Nthl1",1
"7745","Myc","A","Ntn3",1
"7746","Myc","A","Oca2",1
"7748","Myc","A","Pdha1",1
"7749","Myc","A","Per1",1
"7750","Myc","A","Pex14",1
"7751","Myc","A","Phb1",1
"7752","Myc","A","Slc25a3",1
"7753","Myc","A","Pigf",1
"7754","Myc","A","Pik3c3",1
"7755","Myc","A","Pkp1",1
"7756","Myc","A","Pla2g4a",1
"7757","Myc","A","Polb",1
"7758","Myc","A","Pold2",1
"7759","Myc","A","Ppat",1
"7760","Myc","A","Ppid",1
"7761","Myc","A","Ppp1r7",1
"7762","Myc","A","Ptpa",-1
"7763","Myc","A","Prkdc",1
"7764","Myc","A","Klk10",1
"7765","Myc","A","Prtn3",1
"7767","Myc","A","Psen2",1
"7768","Myc","A","Psmb1",1
"7769","Myc","A","Ptger2",1
"7770","Myc","A","Qdpr",1
"7771","Myc","A","Rarb",-1
"7773","Myc","A","Rbbp4",1
"7775","Myc","A","Rfc2",1
"7776","Myc","A","Rgs2",1
"7777","Myc","A","Rpl3",1
"7778","Myc","A","Rpl10",1
"7779","Myc","A","Rpl19",1
"7780","Myc","A","Rpl22",1
"7781","Myc","A","Rpl26",1
"7782","Myc","A","Rpl27",1
"7783","Myc","A","Rpl27a",1
"7784","Myc","A","Rps6",1
"7785","Myc","A","Rps15",1
"7786","Myc","A","Rps16",1
"7787","Myc","A","Rps19",1
"7788","Myc","A","Sim2",1
"7789","Myc","A","Sla",1
"7790","Myc","A","Slc2a4",1
"7791","Myc","A","Slc4a2",1
"7792","Myc","A","Slc19a1",1
"7793","Myc","A","Slit1",1
"7794","Myc","A","Smn1",1
"7795","Myc","A","Snrpb",1
"7796","Myc","A","Snrpb2",1
"7798","Myc","A","Spast",1
"7799","Myc","A","Srd5a1",1
"7800","Myc","A","Stat6",1
"7801","Myc","A","Surf6",1
"7802","Myc","A","Vamp2",1
"7803","Myc","A","Tcf12",1
"7804","Myc","A","Tgfb1",1
"7805","Myc","A","Tgfb2",1
"7806","Myc","A","Tgfb3",1
"7807","Myc","A","Thbs4",1
"7808","Myc","A","Top1",1
"7809","Myc","A","Tpm2",1
"7810","Myc","A","Txn",1
"7811","Myc","A","Tyms",1
"7812","Myc","A","Uba52",1
"7813","Myc","A","Ucp1",1
"7814","Myc","A","Ucp3",1
"7815","Myc","A","Urod",1
"7816","Myc","A","Wnt10b",1
"7818","Myc","A","Znf146",1
"7819","Myc","A","Csde1",-1
"7821","Myc","A","Slbp",1
"7822","Myc","A","Mterf1b",1
"7823","Myc","A","Mterf1a",1
"7824","Myc","A","Fosl1",1
"7825","Myc","A","Fxr1",1
"7826","Myc","A","Akap1",1
"7828","Myc","A","H4c11",1
"7829","Myc","A","Uxt",1
"7830","Myc","A","Pex3",1
"7831","Myc","A","Ybx3",1
"7832","Myc","A","Psmg1",1
"7833","Myc","A","Eif3c",1
"7834","Myc","A","Ctsf",1
"7835","Myc","A","Hdac3",1
"7836","Myc","A","Sqstm1",1
"7837","Myc","A","Ddx18",1
"7838","Myc","A","Syngr2",1
"7839","Myc","A","Slc28a2",1
"7840","Myc","A","Cox7a2l",1
"7841","Myc","A","Slc9a3r2",1
"7842","Myc","A","Cript",1
"7843","Myc","A","Nr1d1",1
"7844","Myc","A","Rbm39",1
"7845","Myc","A","Nup155",1
"7847","Myc","A","Herpud1",1
"7848","Myc","A","Aqr",1
"7849","Myc","A","Tomm20",1
"7850","Myc","A","Rbm8a",1
"7851","Myc","A","Thrap3",1
"7852","Myc","A","Hnrnpdl",1
"7853","Myc","A","Casp8ap2",1
"7854","Myc","A","Pqbp1",1
"7856","Myc","A","Rida",1
"7857","Myc","A","Tcirg1",1
"7858","Myc","A","Akr1a1",1
"7859","Myc","A","Nod1",1
"7860","Myc","A","Pfdn6",1
"7861","Myc","A","Sec23b",1
"7862","Myc","A","Paics",1
"7864","Myc","A","Clp1",1
"7865","Myc","A","Ube2c",1
"7866","Myc","A","Cbx3",1
"7867","Myc","A","Exosc8",1
"7868","Myc","A","Cct5",1
"7870","Myc","A","Sirt1",1
"7871","Myc","A","Cbx5",1
"7873","Myc","A","Znf451",1
"7874","Myc","A","Gnl3",1
"7875","Myc","A","Dmac2l",1
"7876","Myc","A","Tubg2",1
"7877","Myc","A","Nxt1",1
"7878","Myc","A","Alg5",1
"7879","Myc","A","Cxxc1",1
"7881","Myc","A","Nol7",1
"7882","Myc","A","Sfmbt1",1
"7883","Myc","A","Nat10",1
"7884","Myc","A","Cmas",1
"7885","Myc","A","Eif5a2",1
"7886","Myc","A","Smarcad1",1
"7887","Myc","A","Prdm8",1
"7888","Myc","A","Entpd7",1
"7889","Myc","A","Golph3",1
"7890","Myc","A","Sfxn3",1
"7891","Myc","A","Slc25a28",1
"7892","Myc","A","Bcl2l12",1
"7893","Myc","A","Pcbd2",1
"7895","Myc","A","Arfgap2",1
"7896","Myc","A","Dpy30",1
"7903","Mycn","A","Ctsd",1
"7906","Mycn","B","Egfr",0.5
"7910","Mycn","A","Mcm2",1
"7911","Mycn","A","Mcm3",1
"7912","Mycn","A","Mcm4",1
"7913","Mycn","A","Mcm5",1
"7914","Mycn","A","Mcm6",1
"7915","Mycn","A","Mcm7",1
"7919","Mycn","B","Pdgfrb",0.5
"7929","Mycn","B","Mad1l1",0.5
"7931","Mycn","B","Creb5",0.5
"7938","Mycn","B","Wwc1",0.5
"7949","Mycn","A","Mcm8",1
"7953","Myog","A","Acacb",1
"7957","Nfil3","A","Il1b",-1
"7958","Nfkb1","A","Alox5ap",1
"7959","Nfkb1","A","Bcl2a1",1
"7960","Nfkb1","A","Brca2",1
"7961","Nfkb1","A","Cd40lg",1
"7962","Nfkb1","A","Cd74",1
"7963","Nfkb1","A","Col1a2",-1
"7964","Nfkb1","A","Crmp1",1
"7965","Nfkb1","A","Nqo1",1
"7966","Nfkb1","A","Fcgrt",1
"7967","Nfkb1","A","Irf7",1
"7968","Nfkb1","A","Mmp3",1
"7969","Nfkb1","A","Pigr",1
"7970","Nfkb1","A","Ccl11",1
"7971","Nfkb1","A","Vwf",1
"7976","Ybx1","A","Agt",1
"7977","Otx2","A","Rbp3",1
"7985","Plag1","A","Abcc6",1
"7986","Pou2f1","A","Cxcr5",1
"7988","Pou2f1","A","Ms4a2",1
"7990","Pou2f1","A","Lct",1
"7991","Pou2f1","A","Vwf",1
"7992","Pou4f2","A","Ccnd1",1
"7993","Ppard","A","Sat1",1
"7994","Rara","A","Hsd17b2",1
"7995","Rara","B","Smad3",0.5
"7997","Rara","A","Plat",1
"7998","Rara","A","Tnfaip2",1
"7999","Rara","A","Tpo",1
"8000","Rara","A","Nrip1",1
"8001","Rara","A","Gprc5a",1
"8002","Rara","A","Nr1i3",1
"8004","Rarb","A","Adh5",1
"8007","Rarb","A","Plat",1
"8010","Rel","A","Cd40lg",1
"8012","Rela","A","Bcl2a1",1
"8014","Rela","A","Brca2",1
"8015","Rela","A","Cd74",1
"8016","Rela","A","Col1a2",-1
"8018","Rela","A","Fcgrt",1
"8020","Rela","A","Nr4a1",1
"8023","Rela","A","Irf7",1
"8024","Rela","A","Mat2a",1
"8026","Rela","A","Pigr",1
"8027","Rela","A","Ptx3",1
"8038","Rfx1","A","Col1a2",1
"8041","Rxra","A","Cxcr5",1
"8044","Rxra","A","Hsd17b2",1
"8046","Rxra","A","Hnf1a",1
"8048","Rxra","A","Nol7",1
"8052","Satb1","A","Cd8b",1
"8053","Ski","A","Smad7",1
"8056","Sp1","A","Adrb3",1
"8060","Sp1","A","C1qbp",1
"8061","Sp1","A","Cd9",1
"8062","Sp1","A","Cd19",1
"8064","Sp1","A","Col7a1",1
"8065","Sp1","A","Cyp3a11",1
"8066","Sp1","A","Cyp3a41a",1
"8067","Sp1","A","Cyp3a16",1
"8068","Sp1","A","F10",1
"8070","Sp1","A","Gfer",1
"8072","Sp1","A","Hsd3b3",1
"8073","Sp1","A","Hsd3b2",1
"8074","Sp1","A","Hsd3b6",1
"8075","Sp1","A","Igfbp1",1
"8076","Sp1","A","Ltc4s",1
"8078","Sp1","A","Furin",1
"8079","Sp1","A","Ptgir",1
"8080","Sp1","A","Ptk6",1
"8081","Sp1","A","Skp2",1
"8082","Sp1","A","Slc19a1",1
"8083","Sp1","A","Smpd1",1
"8084","Sp1","A","Thbd",1
"8087","Sp1","A","H4c11",1
"8090","Sp1","A","Nol7",1
"8093","Sp3","A","Itga2",1
"8095","Sp3","A","Ltc4s",1
"8097","Sp3","A","Sctr",1
"8098","Sp3","A","Timp1",1
"8099","Sp3","A","Nkx2-1",1
"8100","Sp3","A","Tpmt",1
"8106","Spi1","A","Nr3c1",1
"8107","Spi1","A","Lsp1",1
"8110","Srebf2","A","Mttp",-1
"8113","Stat3","A","Esr1",1
"8115","Stat3","A","Klf11",1
"8117","Stat6","A","Ccl17",1
"8120","Tal1","A","C3ar1",1
"8123","Tal1","B","Ptk2b",0.5
"8125","Tal1","A","Brf1",1
"8130","Tal1","A","Ppp3ca",1
"8133","Tal1","A","Usp34",1
"8136","Tal1","A","Chst11",1
"8137","Tal1","A","Plekho1",1
"8138","Tal1","A","Nbas",1
"8139","Tal1","A","Cdh23",1
"8141","Tal1","A","Ssh2",1
"8147","Tbp","A","App",1
"8148","Tbp","A","Fn1",1
"8156","Tcf7l2","A","Myc",1
"8158","Tcf7l2","A","Glce",1
"8159","Zeb1","A","Itgb4",1
"8160","Zeb1","A","Lamc2",1
"8161","Tead1","A","Msln",1
"8162","Tfap2a","A","Nme3",1
"8163","Tfap2a","A","Serpine1",1
"8164","Tfap2a","A","Smpd1",1
"8167","Nr2f2","A","Ppara",1
"8172","Tp53","A","Gpx1",1
"8175","Tp53","B","Rev3l",0.5
"8184","Tp53","A","Tceal1",1
"8188","Tp53","A","Ascc3",1
"8189","Tp53","A","Hnrnpul1",1
"8192","Tp53","A","Mrpl27",1
"8207","Usf1","A","Cyp1a2",1
"8209","Usf1","A","Ogn",1
"8210","Usf1","A","P4ha1",1
"8211","Usf1","A","Tcn2",1
"8212","Usf1","A","Tgfb2",1
"8213","Usf1","A","Serbp1",1
"8215","Usf2","A","Ceacam2",1
"8216","Usf2","A","Ceacam1",1
"8218","Usf2","A","Cyp1a2",1
"8219","Usf2","A","P4ha1",1
"8220","Usf2","A","Tcn2",1
"8221","Usf2","A","Tgfb2",1
"8222","Usf2","A","Sf1",1
"8224","Vdr","A","Il10",-1
"8226","Yy1","A","Fdps",-1
"8232","Znf143","A","Esco2",1
"8235","Zfp202","A","Abca1",-1
"8239","Klf11","A","Pdx1",1
"8241","Tp63","B","Bmal1",0.5
"8249","Tp63","B","Grb10",0.5
"8255","Tp63","A","Ppara",1
"8259","Tp63","B","Syn3",0.5
"8260","Tp63","B","Rgs20",0.5
"8412","Cebpz","A","Col11a1",-1
"8413","Cebpz","A","Mlh1",-1
"8414","Cebpz","A","Sox9",1
"8416","Mxd4","A","Odc1",1
"8418","Nfat5","A","S100a4",1
"8419","Tcfl5","A","Cd2",-1
"8447","Ar","A","Cdh2",1
"8453","Ar","A","Foxa1",1
"8465","Ar","A","Klf5",1
"8466","Ar","B","Mid1",0.5
"8468","Ar","A","Ndrg1",1
"8470","Ar","A","Pigr",1
"8471","Ar","A","Pnrc1",1
"8494","Arnt","A","Bhlhe40",1
"8499","Arnt","B","Esr1",0.5
"8500","Fos","A","Arnt",1
"8513","Atf1","A","Ccna1",-1
"8514","Atf1","A","Cyp11b2",1
"8515","Atf1","A","Erbb2",1
"8516","Atf1","A","Flt1",1
"8519","Atf1","A","Ldha",1
"8520","Atf1","A","Map1lc3b",1
"8521","Atf1","A","Nts",1
"8522","Atf1","A","Pcsk1",1
"8523","Atf1","A","Plaur",1
"8524","Atf1","A","Slc20a1",1
"8525","Atf1","A","Top2a",1
"8527","Atf2","A","Cyp11b2",1
"8528","Atf2","B","Dusp10",0.5
"8531","Atf2","A","Impdh2",1
"8534","Atf2","A","Pck2",1
"8541","Atf4","A","Disc1",1
"8549","Atf5","A","Disc1",1
"8550","Atf6","A","Ddit3",1
"8551","Atf6","A","Dnajc3",1
"8555","Atf6","A","Rtn3",1
"8556","Atf6","A","Srf",1
"8567","Bcl6","A","Hdac7",-1
"8568","Bcl6","A","Irf4",-1
"8582","Cdx2","A","Slc9a2",1
"8586","Cebpa","A","Csf1",1
"8588","Cebpa","A","Cxcr2",1
"8589","Cebpa","A","Fn1",1
"8591","Cebpa","A","Homer3",1
"8592","Cebpa","A","Hspa4",1
"8593","Cebpa","A","Icam1",1
"8594","Cebpa","A","Igf1",1
"8595","Cebpa","A","Il10",1
"8596","Cebpa","A","Il5",1
"8597","Cebpa","A","Mad1l1",1
"8598","Cebpa","A","Msr1",1
"8599","Cebpa","A","Pck2",1
"8600","Cebpa","A","Saa2",1
"8601","Cebpa","A","Saa1",1
"8602","Cebpa","A","Serpinc1",1
"8603","Cebpa","A","Slc10a1",1
"8604","Cebpa","A","Stat3",1
"8605","Cebpa","A","Vldlr",1
"8606","Cebpb","A","Csf3r",1
"8607","Cebpb","A","Csrp1",1
"8608","Cebpb","A","F8",1
"8609","Cebpb","A","Furin",1
"8610","Cebpb","A","Gadd45g",1
"8612","Cebpb","A","Il24",1
"8616","Cebpb","A","Slc10a1",1
"8620","Cebpd","A","Gadd45g",1
"8622","Cebpd","A","Pou5f1",1
"8625","Cebpe","A","Ctsg",1
"8626","Cebpe","A","Gata1",-1
"8627","Cebpe","A","Myc",-1
"8636","Creb1","A","Adra1a",1
"8638","Creb1","A","Bdkrb1",1
"8640","Creb1","A","Ccl5",1
"8642","Creb1","A","Cxcr4",1
"8643","Creb1","A","Cyp11b2",1
"8644","Creb1","A","Cyp17a1",1
"8645","Creb1","A","Erbb2",1
"8650","Creb1","A","H2-Ab1",1
"8651","Creb1","A","Hpgd",1
"8653","Creb1","A","Msmb",1
"8658","Creb1","A","Nts",1
"8659","Creb1","A","Odc1",1
"8661","Creb1","A","Pold2",1
"8665","Creb1","A","Rrm2b",1
"8666","Creb1","A","Slc19a1",1
"8667","Creb1","A","Slc20a1",1
"8671","Creb3l1","A","Slc1a4",-1
"8684","Crem","A","Dusp1",-1
"8691","Ctcf","A","Asap2",1
"8692","Ctcf","A","Bbc3",1
"8693","Ctcf","A","Ccnd1",1
"8694","Ctcf","A","Dmpk",1
"8695","Ctcf","A","Etnk2",1
"8698","Ctcf","A","Pbxip1",1
"8699","Ctcf","A","Ptprg",1
"8700","Ctcf","A","Six5",1
"8701","Ctcf","A","Slc6a4",1
"8723","Dnmt1","A","Msh2",1
"8725","Dnmt1","A","Sfrp5",1
"8726","Dnmt1","A","Timp3",-1
"8732","E2f1","A","Aurka",1
"8734","E2f1","A","Casp7",1
"8737","E2f1","A","Ctnnbip1",1
"8738","E2f1","A","Dnmt1",1
"8739","E2f1","A","Dram1",1
"8740","E2f1","A","Ercc1",1
"8741","E2f1","A","Etv4",1
"8742","E2f1","A","Fanca",1
"8743","E2f1","A","Fhit",-1
"8744","E2f1","A","Flt1",1
"8745","E2f1","A","Gins3",1
"8746","E2f1","A","Il1b",1
"8748","E2f1","A","Kdr",1
"8749","E2f1","A","Map1lc3a",1
"8750","E2f1","A","Mapk8",1
"8751","E2f1","A","Mcm5",1
"8752","E2f1","A","Mefv",1
"8753","E2f1","A","Myb",1
"8754","E2f1","A","Myh10",1
"8755","E2f1","A","Npat",1
"8757","E2f1","A","Ptpro",1
"8758","E2f1","A","Rasgef1b",1
"8759","E2f1","A","Rasgrp1",1
"8761","E2f1","A","Rrm1",1
"8762","E2f1","A","Rrm2",1
"8763","E2f1","A","Rrp1b",1
"8765","E2f1","A","Top2a",1
"8767","E2f1","A","Ulk1",1
"8768","E2f1","A","Wwox",-1
"8771","E2f3","A","Plk1",1
"8775","E2f4","A","Aurkb",1
"8776","E2f4","A","Cdk2",1
"8777","E2f4","A","Hcfc1",1
"8778","E2f4","A","Lin54",1
"8779","E2f4","A","Mcm10",-1
"8781","E2f4","A","Topbp1",-1
"8783","E2f5","A","Myc",1
"8786","E2f7","A","E2f1",-1
"8788","E2f8","A","E2f1",-1
"8790","Egr1","A","Akr1b1",1
"8792","Egr1","A","Cdk5r1",1
"8793","Egr1","A","Ep300",1
"8794","Egr1","A","Fcer2",-1
"8795","Egr1","A","Hyal1",1
"8796","Egr1","A","Il2rb",1
"8797","Egr1","A","Impdh2",1
"8812","Egr1","A","Lmtk2",1
"8813","Egr1","A","Pcsk2",1
"8814","Egr1","A","Plau",1
"8815","Egr1","A","Plaur",1
"8816","Egr1","A","Por",1
"8817","Egr1","A","Ptgs2",-1
"8818","Egr1","A","Ptp4a1",1
"8819","Egr1","A","Tcf4",1
"8820","Egr1","A","Tfpi2",1
"8821","Egr1","A","Toe1",1
"8822","Egr1","A","Ube2s",1
"8833","Elk1","A","Cited2",1
"8835","Elk1","A","Erbb2",1
"8837","Elk1","A","Fut4",1
"8839","Elk1","A","Pdgfb",1
"8845","Yy1","A","Ep300",1
"8846","Epas1","A","Ca9",1
"8857","Erg","A","Fgf2",-1
"8863","Erg","A","Tmprss2",1
"8865","Esr1","A","Blm",1
"8867","Esr1","A","Cebpb",1
"8869","Esr1","A","Chat",1
"8870","Esr1","A","Ctnnb1",-1
"8871","Esr1","A","Cxcl12",1
"8874","Esr1","A","Junb",1
"8875","Esr1","A","Mill2",1
"8876","Esr1","A","Ywhaq",1
"8877","Esr2","A","Cd68",1
"8879","Esr2","A","Ctsd",1
"8880","Esr2","A","Fos",1
"8882","Esr2","A","Jun",1
"8883","Esr2","A","Mknk2",1
"8884","Esr2","A","Ptprc",1
"8885","Esr2","A","Tff1",1
"8887","Ets1","A","Emsy",1
"8889","Ets1","A","Cd8a",1
"8890","Ets1","A","Col1a1",1
"8891","Ets1","A","Csf3r",1
"8892","Ets1","A","Csnk2b",1
"8893","Ets1","A","Erg",1
"8895","Ets1","A","F13a1",1
"8896","Ets1","A","Fgfbp1",1
"8897","Ets1","A","Gp6",1
"8898","Ets1","A","Hpgd",1
"8900","Ets1","A","Il2rb",1
"8901","Ets1","A","Itgb3",1
"8902","Ets1","A","Lck",1
"8903","Ets1","A","Mdm2",-1
"8905","Ets1","A","Ndrg1",-1
"8906","Ets1","A","Slc26a3",1
"8907","Ets1","A","Spry2",1
"8908","Ets1","B","Sqstm1",0.5
"8909","Ets1","A","Taf12",1
"8910","Ets1","A","Tbxas1",-1
"8911","Ets1","A","Tgfbr2",1
"8913","Ets1","A","Tnfsf14",1
"8914","Ets1","A","Was",1
"8915","Ets2","A","Angpt2",1
"8916","Ets2","A","Cd163",1
"8917","Ets2","A","Cdk1",1
"8918","Ets2","A","Csf3r",1
"8920","Ets2","A","Egr1",1
"8921","Ets2","A","Erg",1
"8923","Ets2","A","Msr1",1
"8924","Ets2","A","Pde7a",1
"8925","Ets2","A","Vwf",1
"8927","Etv3","A","Nfkb1",-1
"8929","Etv4","A","Bdkrb1",1
"8931","Etv4","A","Timp2",1
"8932","Etv4","A","Tnf",1
"8944","Fli1","A","Id2",1
"8946","Fos","A","Acta1",1
"8947","Fos","A","Batf3",1
"8948","Fos","A","Bcl2l1",1
"8951","Fos","A","Ddit3",1
"8952","Fos","A","Fas",1
"8954","Fos","A","Foxa1",1
"8956","Fos","A","Hsph1",1
"8957","Fos","A","Lrig2",1
"8958","Fos","A","Nefl",1
"8959","Fos","A","Nfkb1",-1
"8961","Fos","A","Ntf3",1
"8962","Fos","A","Nts",1
"8964","Fos","A","Pdha1",1
"8965","Fos","A","Plau",1
"8966","Fos","A","Smad4",1
"8969","Spi1","A","Fos",1
"8970","Fos","A","Sprr3",1
"8971","Fos","A","Srr",1
"8975","Fosl1","A","Itgb3",-1
"8977","Fosl2","A","Bcl6",1
"8978","Fosl2","A","Brca1",1
"8979","Fosl2","A","Ccr4",1
"8980","Fosl2","A","Fosl1",1
"8985","Fosl2","A","Nos2",1
"8988","Foxa1","A","Abca1",-1
"8989","Foxa1","A","Cftr",-1
"8990","Esr1","B","Foxa1",0.5
"8991","Foxa1","A","Esr1",1
"8992","Foxa1","A","Krt7",1
"8993","Foxa1","A","Myc",1
"8994","Foxa1","A","Nf1",1
"8996","Foxa1","A","Ret",1
"8999","Foxa2","A","Cftr",-1
"9006","Foxa2","B","Tcf7l2",0.5
"9024","Foxl2","A","Sirt1",1
"9026","Foxm1","B","Brip1",0.5
"9028","Foxm1","A","Cdc25b",1
"9037","Foxo1","A","Rag1",1
"9040","Foxo4","A","Tnfsf10",1
"9041","Foxp3","A","Ccr4",1
"9068","Gata2","A","Dpysl2",1
"9069","Gata3","A","Cdh1",1
"9071","Gata3","A","Cdx2",1
"9072","Gata3","A","Epor",1
"9076","Gata3","A","Il12rb2",-1
"9077","Gata3","A","Nfkb1",1
"9078","Nfkb1","A","Gata3",1
"9080","Rela","A","Gata3",1
"9082","Gata3","A","Tcf7l2",1
"9094","Gfi1b","A","Mef2c",-1
"9096","Gli1","A","Egr2",-1
"9104","Gli2","A","Fas",-1
"9105","Gli2","A","Foxa2",1
"9109","Gli2","A","Fst",1
"9113","Gli2","A","Wnt2b",1
"9122","Hbp1","A","Ncf1",-1
"9140","Hey2","A","Acta2",-1
"9142","Hey2","A","Gata6",-1
"9144","Hhex","A","Hnf4a",1
"9150","Hic1","A","Vldlr",-1
"9157","Hif1a","A","Cxcl12",1
"9158","Hif1a","A","E2f3",1
"9159","Hif1a","A","Eno1",1
"9160","Hif1a","A","Fam162a",1
"9162","Hif1a","A","Mif",1
"9164","Hif1a","A","Nr3c1",1
"9167","Hif1a","A","Ppp1r3c",1
"9171","Hif1a","A","Socs1",1
"9173","Hif1a","A","Tlr2",1
"9174","Hif1a","A","Tlr6",1
"9176","Hif1a","A","Vegfb",1
"9185","Hlf","A","Runx1",-1
"9195","Hnf4a","A","Abcg5",-1
"9196","Hnf4a","A","Ceacam2",1
"9197","Hnf4a","A","Ceacam1",1
"9198","Hnf4a","A","Gpr39",1
"9200","Hnf4a","A","Ldlr",1
"9201","Hnf4a","A","Pcsk9",1
"9202","Hnf4a","A","Serpinc1",1
"9203","Hnf4a","A","Tbp",1
"9204","Hnf4a","A","Tcf7l2",1
"9211","Hoxa10","A","Itgb3",1
"9217","Hoxa4","A","Th",1
"9219","Hoxa5","A","Th",1
"9233","Hoxb13","A","Tcf4",-1
"9246","Hoxc8","A","Tnfrsf11b",1
"9249","Hoxd3","A","Itgb1",1
"9250","Hoxd3","A","Itgb3",1
"9257","Hsf1","B","Stip1",0.5
"9258","Hsf1","B","Ubb",0.5
"9259","Hsf2","A","Map2k4",-1
"9260","Hsf2","A","Mapk8",-1
"9261","Irf1","A","Casp7",1
"9268","Irf1","A","Il10",1
"9270","Irf1","B","Psmb10",0.5
"9273","Irf3","A","Irf7",1
"9275","Irf3","A","Pura",-1
"9279","Irf4","A","Fcer2",1
"9282","Irf5","A","Tnf",1
"9285","Irf7","A","Cxcl10",1
"9290","Irf8","B","Tlr4",0.5
"9291","Irf9","A","Il27",-1
"9293","Irf9","A","Pml",1
"9294","Jun","A","Acta1",1
"9295","Jun","A","Batf3",1
"9298","Jun","A","Cd82",1
"9300","Jun","A","Crem",1
"9302","Jun","A","Ets2",1
"9306","Jun","A","Hey1",1
"9309","Jun","A","Lbp",-1
"9311","Jun","A","Mgp",1
"9315","Jun","A","Nfkb2",1
"9318","Jun","A","Pdha1",1
"9319","Jun","A","Pold2",1
"9322","Jun","A","Rarb",1
"9326","Jun","A","Runx2",1
"9331","Jun","A","Sprr3",1
"9332","Jun","A","Timp2",1
"9333","Jun","A","Tnfrsf10b",1
"9335","Jun","A","Txn",1
"9336","Jun","A","Vcam1",1
"9343","Jund","A","Itgav",-1
"9344","Jund","A","Itgb3",-1
"9352","Klf10","A","Cdkn1a",1
"9367","Klf4","A","Thbd",1
"9374","Klf5","A","Notch1",1
"9377","Klf6","A","Ltc4s",1
"9388","Lef1","A","Birc5",1
"9389","Lef1","A","Ccl7",1
"9396","Lef1","A","Nrcam",1
"9397","Lef1","A","Nt5e",1
"9399","Lef1","A","Tcf3",1
"9401","Lhx4","A","Pou1f1",1
"9432","Mef2c","A","Cpt1b",1
"9435","Mef2c","A","Nr4a1",-1
"9436","Mef2c","A","Sost",-1
"9438","Mef2d","A","Atf3",1
"9439","Mef2d","A","Sost",-1
"9443","Mitf","A","Bcl2a1",-1
"9444","Mitf","A","Cdk2",1
"9445","Mitf","A","Gpnmb",1
"9446","Mitf","A","Herc2",1
"9447","Mitf","A","Pmel",1
"9448","Mitf","A","Prkcb",1
"9449","Mitf","A","Serpinf1",1
"9458","Msc","A","Il10",1
"9462","Msc","A","Mmp2",1
"9476","Myb","A","Cebpa",1
"9479","Myb","A","Col1a1",1
"9483","Myb","A","Gstm2",1
"9487","Myb","A","Nmu",1
"9488","Myb","A","Sim2",1
"9489","Myb","A","Tk1",1
"9490","Myb","A","Was",1
"9491","Mybl1","A","Ncl",1
"9493","Myc","A","Ass1",1
"9501","Myc","A","Hdac2",1
"9512","Myc","A","Shmt1",1
"9513","Myc","A","St3gal1",1
"9517","Myc","A","Tfap4",1
"9521","Myc","A","Wrn",1
"9535","Mycn","B","Id2",0.5
"9544","Nanog","A","Cdx2",-1
"9547","Nanog","A","Gata4",-1
"9549","Nanog","A","Lamb1",-1
"9557","Ncoa3","A","Bcl2",1
"9566","Nfatc1","A","Ifng",1
"9570","Nfe2","B","Gclc",0.5
"9574","Nfe2l2","A","Mthfr",1
"9575","Nfia","A","Cdkn1a",-1
"9579","Nfic","A","Alas1",1
"9581","Nfic","A","Col18a1",1
"9582","Nfic","A","Col1a1",1
"9583","Nfic","A","Gtf3c1",1
"9584","Nfic","A","Gtf3c2",1
"9585","Nfic","A","Gucy1b1",1
"9587","Nfic","A","Hsd11b2",1
"9589","Nfic","A","Itga5",-1
"9590","Nfic","A","Jun",1
"9591","Nfic","A","Matn1",-1
"9592","Nfic","A","Pold2",1
"9593","Nfic","A","Pole2",1
"9594","Nfic","A","Slc34a2",1
"9595","Nfic","A","Tfpi2",1
"9600","Nfkb1","A","A2m",1
"9602","Nfkb1","A","Abcb1a",1
"9603","Nfkb1","A","Adora1",1
"9606","Nfkb1","A","Ager",1
"9607","Nfkb1","A","Akt1",-1
"9610","Nfkb1","A","Amh",1
"9611","Nfkb1","A","Atf3",1
"9612","Nfkb1","A","B2m",1
"9616","Nfkb1","A","Birc2",1
"9617","Nfkb1","A","Birc3",1
"9618","Nfkb1","A","Bst1",1
"9626","Nfkb1","A","Ccl22",1
"9627","Nfkb1","A","Ccl4",1
"9628","Nfkb1","A","Ccl5",1
"9630","Nfkb1","A","Ccnd2",1
"9634","Nfkb1","A","Ccr7",1
"9636","Nfkb1","A","Cd69",1
"9637","Nfkb1","A","Cd80",1
"9638","Nfkb1","A","Cd83",1
"9639","Nfkb1","A","Cd86",1
"9645","Nfkb1","A","Col1a1",-1
"9650","Nfkb1","A","Csnk2a1",1
"9651","Nfkb1","A","Ctsb",1
"9653","Nfkb1","A","Cxcl1",1
"9655","Nfkb1","A","Cyp19a1",-1
"9657","Nfkb1","A","Cyp27b1",1
"9662","Nfkb1","A","Edn1",1
"9664","Nfkb1","B","Erap1",0.5
"9665","Nfkb1","A","F3",1
"9666","Nfkb1","A","F8",1
"9668","Nfkb1","A","Faslg",1
"9669","Nfkb1","A","Fbp1",1
"9672","Nfkb1","A","Vegfd",1
"9674","Nfkb1","A","Gadd45g",1
"9676","Nfkb1","A","Gdnf",1
"9682","Nfkb1","A","Gstp1",1
"9683","Nfkb1","A","Gstp2",1
"9686","Nfkb1","B","Hdac7",0.5
"9690","Nfkb1","A","Il12a",1
"9691","Nfkb1","A","Il12b",1
"9693","Nfkb1","A","Il18",1
"9695","Nfkb1","A","Irf1",1
"9698","Nfkb1","A","Junb",1
"9699","Nfkb1","B","Kdm2a",0.5
"9700","Nfkb1","A","Klk1b26",1
"9701","Nfkb1","A","Klk1b8",1
"9702","Nfkb1","A","Klk1b9",1
"9703","Nfkb1","A","Klk1b1",1
"9704","Nfkb1","A","Klk1b11",1
"9705","Nfkb1","A","Klk1b27",1
"9706","Nfkb1","A","Klk1b22",1
"9707","Nfkb1","A","Klk1b21",1
"9708","Nfkb1","A","Klk1b5",1
"9709","Nfkb1","A","Klk1b16",1
"9710","Nfkb1","A","Klk1b3",1
"9711","Nfkb1","A","Klk1b24",1
"9712","Nfkb1","A","Klk1b4",1
"9713","Nfkb1","A","Klk1",1
"9716","Nfkb1","A","Lpl",1
"9718","Nfkb1","A","Mat2a",1
"9720","Nfkb1","A","Mmp14",1
"9721","Nfkb1","A","Mmp2",1
"9724","Nfkb1","B","Ncor2",0.5
"9726","Nfkb1","A","Nolc1",1
"9734","Nfkb1","A","Pde7a",1
"9737","Nfkb1","A","Plau",1
"9738","Nfkb1","A","Plaur",1
"9745","Nfkb1","A","Ptafr",1
"9751","Nfkb1","A","Ptpn13",1
"9755","Nfkb1","A","Ripk2",1
"9756","Nfkb1","A","Rrm2b",1
"9761","Nfkb1","A","Serpina3c",-1
"9762","Nfkb1","A","Serpina3k",-1
"9763","Nfkb1","A","Serpina3m",-1
"9764","Nfkb1","A","Serpinb1a",1
"9765","Nfkb1","A","Serpine1",1
"9769","Nfkb1","A","Socs3",1
"9770","Nfkb1","B","Sqstm1",0.5
"9777","Nfkb1","A","Tbx21",1
"9782","Nfkb1","A","Tff3",1
"9783","Nfkb1","A","Tfpi2",1
"9784","Nfkb1","A","Thbd",-1
"9785","Nfkb1","A","Timp1",-1
"9786","Nfkb1","A","Tlr2",1
"9790","Nfkb1","A","Tnc",1
"9791","Nfkb1","A","Tnfaip3",1
"9792","Nfkb1","A","Tnfrsf10b",1
"9795","Nfkb1","A","Tnfsf10",1
"9798","Nfkb1","A","Traf1",1
"9803","Nfkb1","A","Vegfa",1
"9804","Nfkb1","A","Xiap",1
"9805","Nfkb2","A","Ccl21a",1
"9806","Nfkb2","A","Ccl21c",1
"9807","Nfkb2","A","Ccl21b",1
"9808","Nfkb2","A","Ccnd2",1
"9809","Nfkb2","A","Cdk6",1
"9811","Nfkb2","A","Snd1",1
"9865","Npas2","A","Cry2",1
"9870","Nr1h4","A","Abcb4",1
"9873","Nr1h4","A","Nr1i2",1
"9894","Nr2f1","A","Apoa2",-1
"9898","E2f1","B","Nr2f2",0.5
"9901","Nr2f6","A","Lhcgr",-1
"9902","Nr3c1","A","Atf2",-1
"9907","Nr3c1","A","Cdk6",-1
"9910","Nr3c1","A","Ets1",-1
"9938","Onecut1","B","Mitf",0.5
"9967","Pax2","A","Tp53",-1
"9972","Pax5","A","Bcl2",-1
"9975","Pax5","B","Fcer2",0.5
"9979","Pax5","B","Prkce",0.5
"9981","Pax6","A","Itga5",1
"9982","Pax6","A","Itgb1",1
"9983","Pax6","A","Pdhx",-1
"9997","Pgr","A","Klk1b26",1
"9998","Pgr","A","Klk1b8",1
"9999","Pgr","A","Klk1b9",1
"10000","Pgr","A","Klk1b1",1
"10001","Pgr","A","Klk1b11",1
"10002","Pgr","A","Klk1b27",1
"10003","Pgr","A","Klk1b22",1
"10004","Pgr","A","Klk1b21",1
"10005","Pgr","A","Klk1b5",1
"10006","Pgr","A","Klk1b16",1
"10007","Pgr","A","Klk1b3",1
"10008","Pgr","A","Klk1b24",1
"10009","Pgr","A","Klk1b4",1
"10010","Pgr","A","Klk1",1
"10012","Rela","A","Pgr",-1
"10027","Pknox1","A","Ptpn6",1
"10039","Pou2f1","A","Bdkrb1",1
"10042","Pou2f1","A","Gcm1",1
"10043","Pou2f1","A","Gnrh1",1
"10047","Pou2f1","A","Plau",1
"10048","Pou2f1","A","Pou2af1",1
"10049","Pou2f1","A","Rrm2b",1
"10052","Pou2f1","A","Snapc1",1
"10053","Pou2f1","A","St6gal1",1
"10056","Pou2f1","A","Txnrd1",1
"10058","Pou2f2","A","Il5",1
"10060","Pou2f2","A","Spi1",1
"10063","Pou2f2","A","Spp1",1
"10065","Pou3f1","A","Gnrh1",1
"10066","Pou3f2","A","Gnrh1",1
"10078","Pou5f1","A","Id2",-1
"10084","Ppara","A","Apob",1
"10085","Ppara","A","Apobr",-1
"10087","Ppara","A","Mmp9",-1
"10093","Ppara","A","Tuba1b",-1
"10097","Ppard","A","Lpl",1
"10103","Pparg","A","Apob",-1
"10104","Pparg","A","Apobr",-1
"10109","Pparg","A","Cd83",1
"10112","Pparg","A","Cpt1b",1
"10120","Pparg","A","Pou2f1",1
"10123","Pparg","A","Tnfrsf11b",1
"10124","Pparg","A","Tshr",-1
"10130","Prox1","A","Nr5a2",-1
"10137","Rara","A","Ccna1",-1
"10140","Rara","A","Ets1",1
"10141","Ets1","B","Rara",0.5
"10142","Rara","A","Macrod1",-1
"10143","Rara","A","Prkca",1
"10144","Rara","A","Scd1",1
"10145","Rara","A","Thbd",1
"10150","Rarg","A","Icam1",1
"10152","Atf2","A","Rb1",1
"10155","Rel","A","Csrp1",1
"10171","Rel","A","Tnfaip3",1
"10176","Rela","A","Ager",1
"10180","Rela","A","Amh",1
"10184","Rela","A","Birc2",1
"10185","Rela","A","Birc5",1
"10192","Rela","A","Ccl4",1
"10198","Rela","A","Cd69",1
"10200","Rela","A","Cd83",1
"10202","Rela","A","Cdk4",1
"10203","Rela","A","Cdk6",1
"10207","Rela","A","Cflar",1
"10208","Rela","A","Col1a1",-1
"10209","Rela","A","Col2a1",-1
"10213","Rela","A","Ctsb",1
"10221","E2f1","A","Rela",1
"10222","Rela","A","Epas1",1
"10229","Rela","A","Vegfd",1
"10232","Rela","A","Gadd45g",1
"10240","Rela","A","Hdac1",1
"10245","Rela","A","Il18",1
"10246","Rela","A","Il1a",-1
"10247","Rela","A","Irf4",1
"10250","Rela","B","Kdm2a",0.5
"10251","Rela","A","Klk1b26",1
"10252","Rela","A","Klk1b8",1
"10253","Rela","A","Klk1b9",1
"10254","Rela","A","Klk1b1",1
"10255","Rela","A","Klk1b11",1
"10256","Rela","A","Klk1b27",1
"10257","Rela","A","Klk1b22",1
"10258","Rela","A","Klk1b21",1
"10259","Rela","A","Klk1b5",1
"10260","Rela","A","Klk1b16",1
"10261","Rela","A","Klk1b3",1
"10262","Rela","A","Klk1b24",1
"10263","Rela","A","Klk1b4",1
"10264","Rela","A","Klk1",1
"10273","Rela","A","Mmp14",1
"10274","Rela","A","Mmp2",1
"10275","Rela","A","Ncam1",1
"10276","Rela","B","Ncor2",0.5
"10277","Rela","B","Nfkbiz",0.5
"10278","Rela","A","Nolc1",1
"10281","Rela","A","Optn",1
"10283","Rela","A","Pck2",-1
"10286","Rela","A","Plaur",1
"10288","Rela","B","Pou2f2",0.5
"10290","Rela","A","Ppard",-1
"10299","Rela","A","Pthlh",1
"10300","Rela","A","Ptpn13",1
"10304","Rela","A","Ripk2",1
"10310","Rela","A","Slc25a27",1
"10312","Rela","A","Snai1",1
"10319","Rela","A","Tbx21",1
"10324","Rela","A","Thbd",-1
"10327","Rela","A","Tnfaip3",1
"10328","Rela","A","Tnfrsf10b",1
"10333","Rela","A","Trib3",-1
"10337","Rela","A","Vegfa",1
"10339","Rela","A","Xiap",1
"10340","Relb","A","Ccl19",1
"10341","Relb","A","Ccl21a",1
"10342","Relb","A","Ccl21c",1
"10343","Relb","A","Ccl21b",1
"10344","Relb","A","Cd40",1
"10345","Relb","A","Pigr",1
"10347","Rest","B","Chga",0.5
"10351","Rest","B","Pcsk1",0.5
"10354","Rest","B","Vgf",0.5
"10358","Rfx1","A","Myc",-1
"10363","Rfx5","A","H2-DMa",1
"10364","Rfx5","A","H2-Oa",1
"10365","Rfx5","A","H2-Aa",1
"10366","Rfx5","A","H2-Ab1",1
"10367","Rfx5","A","H2-Ea",1
"10368","Rfx5","A","P04224",1
"10372","Rora","A","Tuba1b",1
"10373","Rorc","A","Il17a",1
"10374","Rorc","A","Il22",1
"10375","Rorc","A","Il22b",1
"10381","Runx1","A","Itgb2",1
"10384","Runx1","A","Mad2l1",-1
"10385","Runx1","A","Mecom",1
"10389","Runx1","A","Nfkb1",1
"10390","Runx1","A","Pik3cd",1
"10406","Runx3","A","Casp8",1
"10409","Runx3","A","Cflar",-1
"10418","Runx3","A","Mmp9",-1
"10420","Runx3","A","Tcf4",1
"10427","Rxra","A","Abcc3",-1
"10428","Rxra","A","Cpt1b",1
"10437","Sall4","A","Zeb1",1
"10459","Smad1","A","Tnfrsf11b",1
"10460","Smad3","A","Ahr",1
"10461","Smad3","A","Col7a1",1
"10462","Smad3","A","Fstl3",1
"10466","Smad3","A","Zfp36",1
"10467","Smad4","A","Ahr",1
"10468","Smad4","A","Btrc",-1
"10469","Smad4","A","Col7a1",1
"10470","Smad4","A","Dach1",-1
"10471","Smad4","A","Epo",1
"10475","Smad4","A","Zfp36",1
"10478","Snai1","A","Hbegf",1
"10479","Snai1","A","Thbs1",-1
"10482","Snai2","A","Cxcr4",1
"10483","Snai2","A","Jag1",1
"10488","Sox10","A","Col11a2",1
"10491","Sox2","A","Isl1",-1
"10498","Sox2","A","Rho",-1
"10506","Sox4","A","Hdac8",1
"10513","Sox6","A","Tp53",1
"10523","Sp1","A","Acan",1
"10524","Sp1","A","Adam10",1
"10526","Sp1","A","Adra1a",1
"10527","Sp1","A","Adra2b",1
"10529","Sp1","A","Agt",1
"10532","Sp1","A","Areg",1
"10540","Sp1","A","Cd163",1
"10542","Sp1","A","Cd83",1
"10543","Sp1","A","Col18a1",1
"10545","Sp1","A","Cyp7a1",1
"10553","Sp1","A","Hcn2",1
"10555","Sp1","A","Hdac4",1
"10556","Sp1","A","Hoxb7",1
"10557","Sp1","A","Hsd17b1",1
"10558","Sp1","A","Htr1a",1
"10561","Sp1","A","Il2rb",1
"10562","Sp1","A","Impdh2",1
"10565","Sp1","A","Krt19",1
"10566","Sp1","A","Krt5",1
"10568","Sp1","A","Mat2b",1
"10569","Sp1","A","Mcts1",1
"10570","Sp1","A","Mme",1
"10572","Sp1","A","Mpg",1
"10575","Sp1","A","Nfkb2",1
"10577","Sp1","B","Nr4a1",0.5
"10579","Sp1","A","Pde6a",1
"10581","Sp1","A","Pdha1",1
"10587","Sp1","A","Ppl",1
"10589","Sp1","A","Rora",1
"10594","Sp1","B","Slc7a5",0.5
"10596","Sp1","B","St6gal1",0.5
"10598","Sp1","A","Tfpi2",1
"10599","Sp1","A","Tgm4",1
"10602","Sp1","A","Tnfsf14",1
"10609","Sp1","A","Yy1",1
"10612","Sp2","A","Dnmt3b",1
"10615","Sp3","A","Bpi",1
"10616","Sp3","A","Cd14",1
"10617","Sp3","A","Cd83",1
"10619","Sp3","A","Cyp17a1",1
"10622","Sp3","A","Etf1",-1
"10626","Sp3","A","Hoxb7",1
"10628","Sp3","A","Msh6",1
"10632","Sp3","A","Rora",1
"10633","Sp3","A","Slc19a3",1
"10634","Sp3","A","Slc1a3",1
"10635","Sp3","A","Tgm4",1
"10636","Sp3","A","Timp2",1
"10639","Spdef","A","Agr2",1
"10643","Spi1","A","Bpi",1
"10644","Spi1","A","Cd163",1
"10645","Spi1","A","Cd22",1
"10646","Spi1","A","Csf2ra",1
"10647","Spi1","A","Il5",1
"10648","Spi1","A","Macrod1",-1
"10650","Spi1","A","Msr1",1
"10652","Spi1","A","P2ry10",1
"10655","Spi1","A","Scarb1",1
"10656","Spi1","A","Scarb2",1
"10657","Spi1","A","Stat3",1
"10658","Spi1","A","Was",1
"10659","Spib","A","Irf7",-1
"10685","Srf","A","Acta1",1
"10688","Srf","A","Fosl1",1
"10694","Srf","A","Mmp2",1
"10695","Srf","B","Myl9",0.5
"10699","Srf","A","Samd4a",1
"10708","Stat3","A","Ccnd3",1
"10710","Stat3","A","Cdk4",1
"10711","Stat3","A","Cfb",1
"10713","Stat3","A","Cish",1
"10714","Stat3","A","Csrp1",1
"10718","Stat3","B","Epas1",0.5
"10720","Stat3","A","Fas",-1
"10725","Stat3","A","Hmox1",1
"10726","Stat3","A","Hspb1",1
"10727","Stat3","A","Ifnar1",1
"10731","Stat3","A","Il2ra",1
"10734","Stat3","A","Ltbp1",-1
"10737","Stat3","A","Myd88",1
"10750","Stat3","A","Vegfb",1
"10751","Stat3","A","Zfp36",1
"10754","Stat4","A","Pim1",1
"10755","Stat4","A","Socs3",-1
"10756","Stat5a","A","Cel",1
"10760","Stat5b","A","Bcl6",1
"10761","Stat5b","A","Cel",1
"10762","Stat5b","A","Esr2",1
"10763","Stat5b","A","Ifng",1
"10771","Stat6","A","Fos",1
"10777","Tal1","A","Cd34",-1
"10778","Tal1","A","Erg",1
"10782","Tbp","A","Fus",-1
"10791","Tbx5","A","Cdkn2a",1
"10795","Tcf3","A","Bbc3",-1
"10796","Tcf3","A","Cdk6",-1
"10801","Tcf4","A","Abcb1a",1
"10804","Tcf4","A","Ccnd1",1
"10805","Tcf4","B","Cd44",0.5
"10817","Tcf4","A","Nrxn1",1
"10822","Tcf4","A","Vim",1
"10824","Tcf7l2","A","Abcb1a",1
"10825","Tcf7l2","A","Birc5",1
"10826","Tcf7l2","A","Ctnnb1",1
"10828","Tcf7l2","B","Wwc1",0.5
"10830","Tcf7l2","A","Snai2",1
"10832","Tcf7l2","A","Stat3",1
"10837","Tfap2a","A","Adra1a",1
"10838","Tfap2a","A","Adra2b",1
"10839","Tfap2a","A","Ccnb1",1
"10840","Tfap2a","A","Cftr",1
"10841","Tfap2a","A","Cga",1
"10843","Tfap2a","A","Crabp2",1
"10844","Tfap2a","A","Crx",1
"10846","Tfap2a","A","Galnt3",1
"10847","Tfap2a","A","Gast",1
"10848","Tfap2a","A","Gpx4",1
"10849","Tfap2a","A","Gusb",1
"10850","Tfap2a","A","Hip1",1
"10851","Tfap2a","A","Htt",1
"10853","Tfap2a","A","Krt5",1
"10854","Tfap2a","A","L1cam",1
"10855","Tfap2a","A","Pold2",1
"10856","Tfap2a","A","Prkca",1
"10857","Tfap2a","A","Ptgs2",1
"10858","Tfap2a","A","Snap91",1
"10859","Tfap2a","A","Spry2",1
"10861","Tfap2a","A","Timp2",1
"10862","Tfap2b","A","Drd1",1
"10863","Tfap2c","A","Crabp2",1
"10864","Tfap2c","A","Mmp2",1
"10865","Tfap2c","A","Sult1e1",1
"10872","Tfdp1","A","Cav1",1
"10873","Tfdp1","A","Cdk1",1
"10874","Tfdp1","A","Rrm1",1
"10876","Tfdp1","A","Tyms",1
"10881","Runx1","B","Tle3",0.5
"10884","Tp53","A","Antxr1",1
"10885","Tp53","A","Apcs",1
"10886","Tp53","A","Adgrb1",1
"10887","Tp53","A","Cables1",1
"10888","Tp53","A","E2f3",-1
"10889","Tp53","A","E2f7",1
"10890","Tp53","A","Fgf2",-1
"10895","Tp53","A","Plk3",1
"10896","Tp53","A","Ptpa",-1
"10897","Tp53","A","Prg3",1
"10898","Tp53","A","Rad51b",1
"10900","Tp53","B","Smad3",0.5
"10901","Tp53","A","Sstr2",-1
"10902","Tp53","A","Tbxas1",-1
"10903","Tp53","A","Tcf7l2",-1
"10908","Tp63","A","Tcf4",1
"10910","Tp73","A","Cables1",1
"10917","E2f4","B","Trim28",0.5
"10928","Twist1","A","Fos",1
"10936","Twist1","A","Mmp2",1
"10939","Twist1","A","Nr2f1",1
"10943","Twist1","A","Srpx",-1
"10944","Twist1","A","Timp1",-1
"10961","Twist2","A","Mmp2",1
"10964","Twist2","A","Nr2f1",1
"10969","Twist2","A","Srpx",-1
"10971","Usf1","A","B2m",1
"10972","Usf1","A","Ctsd",1
"10974","Usf1","A","Fbp1",1
"10975","Usf1","A","Fcer1a",1
"10978","Usf1","A","Id4",1
"10979","Usf1","A","Isg20",1
"10980","Usf1","A","Lipc",1
"10981","Usf1","A","Myh9",1
"10984","Usf1","A","Ptpn6",1
"10987","Usf1","A","Slc1a3",1
"10989","Usf1","A","Tyms",1
"10992","Usf2","A","Atp5f1a",1
"10993","Usf2","A","B2m",1
"10994","Usf2","A","Brca1",1
"10995","Usf2","A","Cd2",1
"10996","Usf2","A","Ctsd",1
"10998","Usf2","A","Cxcr4",1
"10999","Usf2","A","Fbp1",1
"11000","Usf2","A","Fcer1a",1
"11002","Usf2","A","Lipc",1
"11003","Usf2","A","Myh9",1
"11004","Usf2","A","Pdx1",1
"11006","Usf2","A","Ptpn6",1
"11007","Usf2","A","Slc19a1",1
"11009","Vdr","A","Asap2",1
"11010","Vdr","A","Bhlhe40",1
"11011","Vdr","A","Calb1",1
"11028","Wt1","A","Ciao1",-1
"11034","Wt1","A","Il2rb",1
"11037","Wt1","A","Nr5a1",1
"11039","Wt1","A","Ube2i",-1
"11061","Ybx1","A","Kpna2",-1
"11066","Ybx1","A","Rbbp8",-1
"11069","Ybx1","A","Sumo1",-1
"11076","Yy1","A","Crebbp",-1
"11081","Yy1","A","Epas1",-1
"11085","Yy1","B","Gnas",0.5
"11097","Yy1","B","Smad7",0.5
"11107","Cebpa","B","Zbtb16",0.5
"11118","Zbtb7a","A","Pfkp",-1
"11123","Zeb2","A","Meox2",-1
"11134","Zfp202","A","Pomgnt1",-1
"11152","Cebpa","B","Rbpj",0.5
"11155","Rbpj","A","Fcer2",1
"11159","Gata3","B","Rbpj",0.5
"11169","Spi1","B","Rbpj",0.5
"11174","Gli1","A","Ccnd2",1
"11207","Gli1","A","Slit2",-1
"11215","Stat3","A","Birc3",1
"11225","Stat3","A","Il6st",1
"11229","Stat3","A","Vip",1
"11230","Creb1","A","Cdk11b",1
"11240","Creb1","A","Rarb",1
"11242","Creb1","B","Stat3",0.5
"11257","Gli2","A","Ccnd1",1
"11268","Gli2","A","Col5a2",1
"11274","Gli2","A","Efemp1",-1
"11277","Gli2","A","Fgf13",1
"11284","Gli2","A","Ifngr1",-1
"11296","Gli2","A","Lum",-1
"11307","Gli2","A","Pcna",1
"11323","Gli2","A","Ugcg",-1
"11331","Nr1h2","A","Bhlhe40",1
"11342","Sp3","A","Hsd17b1",1
"11349","Srebf2","A","Ebp",1
"11350","Srebf2","B","Fasn",0.5
"11351","Srebf2","A","Insig1",1
"11352","Srebf2","A","Pcyt2",1
"11356","Srebf2","A","Stard4",1
"11359","Cebpa","A","Gls2",1
"11360","Cebpa","A","Scd1",1
"11361","Cebpa","A","Apoa1",1
"11364","Cebpa","A","Cftr",1
"11375","Srebf1","A","Hmgcs1",1
"11376","Srebf1","A","Insig1",1
"11378","Srebf1","A","Pcyt2",1
"11379","Srebf1","A","Pik3r3",1
"11380","Srebf1","A","Sqle",1
"11390","Foxo1","A","Ccnb1",-1
"11391","Foxo1","A","Ccnb2",-1
"11392","Foxo1","A","Ccng2",1
"11394","Foxo1","A","Cdkn2b",1
"11395","Foxo1","A","Cdkn2d",1
"11397","Foxo1","A","Cnot8",1
"11398","Foxo1","A","Daam1",1
"11399","Foxo1","A","Dapk1",1
"11401","Foxo1","A","Dusp4",-1
"11408","Foxo1","A","Mcm5",-1
"11417","Foxo1","A","Rps6ka3",1
"11424","Foxo1","A","Tmem47",1
"11427","Hif1a","A","Aph1a",1
"11430","Hif1a","A","Pfkl",1
"11431","Hif1a","A","Bhlhe40",1
"11432","Hif1a","A","Tff3",1
"11434","Nfkb1","A","Cxcl2",1
"11436","Nfkb1","A","Myb",1
"11438","Nfkb1","A","Pdgfb",1
"11439","Nfkb1","A","Vim",1
"11443","Relb","A","Abcb1a",1
"11446","Sp1","A","Cdc25c",1
"11456","Sp1","A","Pcna",1
"11457","Sp1","A","Pim1",1
"11459","Sp1","A","Proc",1
"11462","Sp1","A","Scnn1g",1
"11463","Sp1","A","Tal1",1
"11466","Sp1","A","Tpi1",1
"11468","Sp1","A","Ung",1
"11469","Sp1","A","Acta1",1
"11470","Sp1","A","Actc1",1
"11471","Sp1","A","Smad4",1
"11475","Tcf7l2","A","Axin2",1
"11481","Tcf7l2","A","Cd44",1
"11485","Tcf7l2","A","Dkk1",1
"11489","Tcf7l2","A","Fgf18",1
"11491","Tcf7l2","A","Gli2",1
"11495","Tcf7l2","A","Lef1",1
"11497","Tcf7l2","A","Mmp7",1
"11502","Tcf7l2","A","Sp5",1
"11505","Tcf7l2","A","Tnfrsf11b",1
"11508","Tcf7l2","A","Vim",-1
"11511","Tp53","A","Nfatc4",-1
"11512","Tp53","A","Peg3",1
"11513","Tp53","B","Phlda3",0.5
"11514","Tp53","A","Pidd1",1
"11516","Tp53","A","Trp53inp1",1
"11517","Tp53","A","Tyrp1",1
"11518","Tp53","A","Cx3cl1",1
"11519","Tp53","A","Dcc",1
"11520","Tp53","A","Rrm1",1
"11521","Tp53","A","Sertad1",1
"11525","Myc","A","Aimp2",1
"11528","Myc","A","Cks2",1
"11529","Myc","A","Ddx5",1
"11531","Myc","A","Dusp1",-1
"11541","Myc","A","Hspa9",1
"11544","Myc","A","Lamp1",-1
"11545","Myc","A","Ldhb",1
"11547","Myc","A","Msh2",1
"11548","Myc","A","Nop56",1
"11553","Myc","A","Ppif",1
"11554","Myc","A","Rpl13",1
"11555","Myc","A","Rpl23",1
"11556","Myc","A","Rpl32",1
"11558","Myc","A","Rpl6",1
"11561","Myc","A","Rps15a",1
"11562","Myc","A","Rps20",1
"11564","Myc","A","Scarb1",1
"11565","Myc","A","Snrpd3",1
"11567","Myc","A","Trap1",1
"11574","Nr2f1","A","Agt",-1
"11581","Hnf1a","A","Fgl1",1
"11588","Smad3","A","Ankrd1",1
"11589","Smad3","A","Col1a1",1
"11590","Smad3","A","Col3a1",1
"11592","Smad3","A","Col6a1",1
"11594","Smad3","A","Col6a3",1
"11598","Smad3","A","Itga11",1
"11600","Smad3","A","Met",1
"11602","Smad3","A","Timp1",1
"11606","Gata4","A","Ada",1
"11607","Pdx1","A","Ada",1
"11613","Lef1","A","Dsp",-1
"11622","Lef1","A","Tbxt",1
"11627","Smad4","A","Ccn1",1
"11628","Smad4","A","Ihh",1
"11629","Smad4","A","Met",1
"11630","Smad4","A","Nkx2-5",1
"11631","Smad4","A","Pthlh",1
"11634","Smad4","A","Tnfrsf11b",1
"11636","Nfkb2","A","Bcl2l1",1
"11637","Nr5a1","A","Cyp21",1
"11638","Hnf4a","A","Ebp",1
"11640","Hnf4a","A","F10",1
"11645","Jun","A","Bdkrb1",1
"11646","Jun","A","Chga",1
"11652","Jun","A","Ptx3",1
"11655","Jun","A","Tfpi2",1
"11664","Nfya","A","Fdps",1
"11667","Nfya","B","Pnrc2",0.5
"11671","Nfya","A","Actb",1
"11677","Yy1","A","Ptpa",1
"11679","Yy1","A","Ada",1
"11680","E2f1","A","Atg10",1
"11687","E2f1","A","Axin2",1
"11688","E2f1","A","B4galt1",1
"11689","E2f1","A","Cdc25a",1
"11690","E2f1","A","Cdc45",1
"11691","E2f1","A","Cdt1",1
"11693","E2f1","A","Ybx3",1
"11695","E2f1","A","Fancd2",1
"11698","E2f1","A","Fbxo43",1
"11699","E2f1","A","Fbxo5",1
"11704","E2f1","A","Gmnn",1
"11705","E2f1","A","Hells",1
"11715","E2f1","B","Igf1r",0.5
"11716","E2f1","A","Jun",1
"11717","E2f1","A","Map1lc3b",1
"11718","E2f1","A","Mapk1",1
"11719","E2f1","A","Mcm10",1
"11720","E2f1","A","Mcm6",1
"11721","E2f1","A","Mcm7",1
"11725","E2f1","A","Pola1",1
"11726","E2f1","A","Pold1",1
"11727","E2f1","A","Pole2",1
"11729","E2f1","A","Tk1",1
"11730","E2f1","A","Top1",1
"11732","E2f1","A","Zeb1",1
"11733","E2f1","A","Pola2",1
"11735","Foxo3","A","Bnip3l",1
"11736","Foxo3","A","Cblb",1
"11739","Foxo3","A","Cdkn2d",1
"11745","Foxo3","A","Hbp1",1
"11747","Foxo3","A","Jak1",1
"11749","Foxo3","A","Klf4",1
"11751","Foxo3","A","Pink1",1
"11753","Foxo3","A","Rbl2",1
"11760","Stat5a","A","Il6st",1
"11761","Stat5a","A","Lonp1",1
"11762","Stat5a","A","Myd88",1
"11763","Stat5b","A","Il2ra",1
"11764","Stat5b","A","Il6st",1
"11767","Stat5b","A","Osm",1
"11768","Stat5b","A","Prf1",1
"11771","Ets1","A","Casp8",1
"11772","Ets1","A","Cd3d",1
"11773","Ets1","A","Cdk11b",1
"11774","Ets1","A","Cox4i1",1
"11776","Ets1","A","Fas",1
"11778","Ets1","A","Gp5",1
"11786","Ets1","A","Runx1",1
"11788","Ets1","A","Lcp1",1
"11793","Ets1","A","Ptpa",1
"11797","Foxo4","A","Ppargc1a",1
"11798","Foxo4","A","Rbl2",1
"11799","Foxo4","A","Igfbp1",1
"11801","E2f6","A","Rbbp8",-1
"11803","Mitf","A","Apex1",1
"11804","Mitf","A","Gpr143",1
"11809","E2f2","A","Asf1b",1
"11811","E2f2","A","Cdca4",1
"11812","E2f2","A","Cdt1",1
"11813","E2f2","A","E2f1",1
"11818","E2f2","A","Mcm10",1
"11819","E2f2","A","Mcm6",1
"11820","E2f2","A","Mcm7",1
"11822","E2f2","A","Plk1",1
"11824","E2f2","A","Plk4",1
"11837","E2f3","A","Mcm5",1
"11838","E2f3","A","Mcm6",1
"11839","E2f3","A","Mcm7",1
"11844","E2f4","A","Asf1b",1
"11845","E2f4","A","Cdkn2c",1
"11846","E2f4","A","Cdt1",1
"11847","E2f4","A","Gmnn",1
"11848","E2f4","A","Jun",1
"11849","E2f4","A","Mcm5",1
"11850","E2f4","A","Mcm7",1
"11851","E2f4","A","Npat",1
"11852","E2f4","A","Pold1",1
"11854","E2f4","B","Rrm2",0.5
"11855","E2f4","A","Tk1",1
"11856","E2f4","A","Calm1",1
"11857","E2f4","A","Calm2",1
"11858","E2f4","A","Calm3",1
"11859","E2f4","A","Cks2",1
"11860","E2f4","A","Rbl1",1
"11861","E2f4","A","Top1",1
"11865","Ar","A","Dbi",1
"11866","Ar","A","Ddt",1
"11867","Ar","A","Dhx15",1
"11871","Ar","A","Skt",-1
"11872","Ar","A","Krt18",1
"11874","Ar","A","Pgc",1
"11876","Ar","A","Scnn1a",1
"11877","Ar","A","Sms",1
"11879","Ar","A","Snai2",1
"11887","Atf6","A","Calr",1
"11888","Atf6","A","Hsp90b1",1
"11889","Atf6","A","Sel1l",1
"11900","Hbp1","A","Runx1",1
"11903","Spi1","A","Ctse",1
"11904","Spi1","A","Ncf1",1
"11905","Spi1","A","Ncf4",1
"11906","Spi1","A","Tal1",1
"11910","Esr1","A","Pparg",1
"11912","Smad1","A","Cdkn1a",1
"11914","Smad1","A","Id2",1
"11915","Smad1","A","Id3",1
"11919","Stat2","A","Cfb",1
"11924","Stat2","A","Irf7",1
"11928","Cdx1","A","Ada",1
"11929","Tfap2a","A","S100b",1
"11932","Tfap2a","A","Penk",1
"11933","Nr2f2","A","Apoa1",-1
"11936","Smad5","A","Id3",1
"11942","Atf3","A","Gclc",-1
"11943","Nfic","A","Slc2a4",1
"11944","Gli3","A","Ptch2",1
"11946","Irf9","A","Irf7",1
"11950","Maf","A","Lalba",1
"11951","Fosl2","A","Mmp13",1
"11954","Myod1","A","Actc1",1
"11955","Tfap4","A","Penk",1
"11958","Rara","A","Btg2",1
"11959","Rara","A","Crabp2",1
"11960","Rara","A","Hoxa4",1
"11961","Rara","A","Hoxd4",1
"11966","Pou2f1","A","Tfap2a",1
"11971","Fos","A","Sp3",1
"11980","Nfia","A","Aldoa",1
"11982","Nfia","A","Tp53",1
"11983","Nfyb","A","Actb",1
"11989","Srf","A","Actc1",1
"11991","Tbp","A","Pmf1",1
"11992","Spi1","B","Aldh1a2",0.5
"11995","Ets1","A","Bcl2",1
"11996","Ets1","B","Nr4a1",0.5
"12007","Mitf","B","Zeb2",0.5
"12013","Elk1","A","Nr4a1",1
"12029","Esr1","A","Foxc1",1
"12031","Esr1","A","Nfib",1
"12032","Esr1","A","Tnip1",1
"12033","Esr1","A","Zmynd8",1
"12035","Fos","B","Foxo3",0.5
"12036","Fos","A","Greb1",1
"12037","Foxa1","A","Foxc1",1
"12041","Gata3","A","Bcas3",1
"12043","Gata3","A","Greb1",1
"12044","Gata3","A","Kmt2e",1
"12045","Gata3","A","Ncoa3",1
"12047","Gata3","A","Vapb",1
"12048","Hif1a","A","Ankrd37",1
"12060","Kdm5b","B","Dnajb12",0.5
"12093","Tcf7l2","B","Tgif1",0.5
"12096","Tfap2c","A","Foxa1",1
"12097","Tfap2c","A","Foxc1",1
"12098","Tfap2c","A","Frem2",1
"12103","Hif1a","A","Kdm4b",1
"12113","Pax6","A","Pou5f1",1
"12118","Atf4","B","Cars1",0.5
"12126","Myc","B","Slc2a1",0.5
"12129","Tp53","A","Mlh1",1
"12130","Tp53","A","Pms2",1
"12132","Tp53","B","Ankrd11",0.5
"12139","Pax6","A","Nanog",1
"12145","Spi1","A","Egr2",1
"12150","Cebpa","B","Fto",0.5
"12153","Tal1","B","Mef2c",0.5
"12156","Esr1","B","Kdm4b",0.5
"12164","Tal1","B","Arid5b",0.5
"12166","Gata3","B","Arid5b",0.5
"12167","Runx1","B","Arid5b",0.5
"12187","Bmal1","A","Nr1d2",1
"12190","Rela","A","Cxcl2",1
"12209","E2f1","A","Tgfb2",1
"12219","Cebpa","B","Arid5b",0.5
"12232","Cebpa","A","Edn1",1
"12234","Cebpa","B","Ptk2",0.5
"12237","Cebpa","A","Fasn",1
"12252","Creb1","B","Pde4d",0.5
"12255","Creb1","A","Pdyn",1
"12258","Ctcf","B","Grb10",0.5
"12259","E2f1","A","Egf",1
"12261","E2f1","B","Ezh2",0.5
"12268","E2f4","A","E2f2",1
"12269","E2f4","A","Mcm8",1
"12272","Egr1","A","Timp2",1
"12273","Egr1","A","Timp3",1
"12281","Egr1","B","Egr3",0.5
"12285","Erg","B","Ar",0.5
"12289","Esr1","A","Tnfrsf11b",1
"12292","Esr1","A","Cav2",1
"12308","Ets1","A","Ets2",1
"12309","Ets1","A","Itga5",1
"12312","Tal1","B","Fli1",0.5
"12314","Gata2","B","Fli1",0.5
"12317","Fos","B","Mrtfa",0.5
"12333","Foxl2","A","Ptgs2",1
"12334","Foxm1","A","Cdc25c",1
"12350","Gata3","A","Myc",1
"12358","Hif1a","A","Slc11a1",1
"12360","Hif1a","A","Ddit4",1
"12361","Hif1a","A","Cdkn1b",1
"12362","Hif1a","A","Cox4i1",1
"12364","Hif1a","B","Angpt1",0.5
"12365","Hif1a","A","Bcl2l1",1
"12367","Hif1a","A","Pdk3",1
"12368","Hif1a","A","Il20",1
"12369","Hif1a","A","Bnip3l",1
"12388","Kmt2a","A","Meis1",1
"12396","Mitf","B","Smad3",0.5
"12420","Nr2f2","A","Myod1",1
"12437","Pparg","B","Aqp7",0.5
"12452","Tp53","B","Rbpj",0.5
"12455","Sp1","A","Rel",1
"12459","Relb","B","Bcl2",0.5
"12467","Esr1","B","Rxra",0.5
"12474","Fos","B","Smad3",0.5
"12477","Esr1","B","Smad3",0.5
"12502","Srf","B","Actg1",0.5
"12513","Cebpa","B","Stat5a",0.5
"12520","Tfap2c","A","Tff1",1
"12523","Tp53","B","Ephb4",0.5
"12524","Tp53","A","Rchy1",1
"12526","Tp53","A","Zmat3",1
"12530","Tp53","A","Bnip3l",1
"12532","Tp53","A","Steap3",1
"12534","Tp53","A","Ddit4",1
"12536","Tp53","A","Rnf144b",1
"12538","Tp53","B","Kitlg",0.5
"12539","Tp53","A","Pcbp4",1
"12541","Tp53","A","P2rx6",1
"12544","Tp53","A","Chmp4c",1
"12549","Twist1","A","Vegfa",1
"12569","Jun","B","Ercc1",0.5
"12592","Cebpa","B","Smarca2",0.5
"12614","Gata2","B","Erg",0.5
"12618","E2f1","B","Mecom",0.5
"12624","Sox2","A","Gli3",1
"12625","Sox2","B","Jag1",0.5
"12646","Hif1a","A","Gys1",1
"12652","Gata2","B","Dio2",0.5
"12669","Myb","B","Runx1",0.5
"12676","Ar","A","Abce1",1
"12677","Ar","A","Acp3",1
"12678","Ar","A","Anapc10",1
"12679","Ar","A","Atf6",1
"12680","Ar","A","Atp2b4",1
"12681","Ar","A","Btd",1
"12682","Ar","A","Ccng2",1
"12683","Ar","A","Cdkl5",1
"12684","Ar","A","Cited2",1
"12685","Ar","A","Ddc",1
"12686","Ar","A","Eya2",1
"12687","Ar","A","Fam13a",1
"12688","Ar","A","Fam174b",1
"12689","Ar","A","Fxyd3",1
"12690","Ar","A","Glrx",1
"12691","Ar","A","Grb10",1
"12692","Ar","A","Hk2",1
"12693","Ar","A","Hnrnpa1",1
"12694","Ar","A","Hsd17b11",1
"12695","Ar","A","Lifr",1
"12696","Ar","A","Mrps27",1
"12697","Ar","A","Npepps",1
"12698","Ar","A","Nup214",1
"12699","Ar","A","Prps1",1
"12700","Ar","A","Ptpn9",1
"12701","Ar","A","Ptprm",1
"12702","Ar","A","Qsox1",1
"12703","Ar","A","Rbmx",1
"12704","Ar","A","Rbpms",1
"12705","Ar","A","Smarca2",1
"12706","Ar","A","Sox4",1
"12707","Ar","A","Stk39",1
"12708","Ar","A","Susd6",1
"12709","Ar","A","Thra",1
"12710","Ar","A","Tnfrsf1a",1
"12711","Ar","A","Ube2d3",1
"12712","Ar","A","Vapa",1
"12713","Ar","A","Xpa",1
"12714","Ar","A","Zfhx4",1
"12715","Esr1","A","Igfbp4",1
"12716","Esr1","A","Itga2",1
"12717","Esr1","A","Ptprg",1
"12718","Tp53","A","Adgrb2",1
"12719","Tp53","A","Edn2",1
"12720","Tp53","A","Nhlh2",1
"12721","Tp53","A","Ppm1j",1
"12722","Stat3","A","Rnls",1
"12724","Epas1","A","Bhlhe40",1
"12725","Epas1","A","Adora2a",1
"12726","Epas1","A","Pdgfb",1
"12727","Ctcf","A","Abca2",1
"12728","Ctcf","A","Acvr1c",1
"12729","Ctcf","A","Ahcyl1",1
"12730","Ctcf","A","Ankrd46",1
"12731","Ctcf","A","B4galnt1",1
"12732","Ctcf","A","Bicd2",1
"12733","Ctcf","A","C1rb",1
"12734","Ctcf","A","C1ra",1
"12735","Ctcf","A","Cd80",1
"12736","Ctcf","A","Cep135",1
"12737","Ctcf","A","Chrna6",1
"12738","Ctcf","A","Cideb",1
"12739","Ctcf","A","Cnih1",1
"12740","Ctcf","A","Col27a1",1
"12741","Ctcf","A","Dip2b",1
"12742","Ctcf","A","Dmkn",1
"12743","Ctcf","A","Elp5",1
"12744","Ctcf","A","Ephb1",1
"12745","Ctcf","A","Fbxo7",1
"12746","Ctcf","A","Galnt6",1
"12747","Ctcf","A","Galt",1
"12748","Ctcf","A","Grin3a",1
"12749","Ctcf","A","Hebp2",1
"12750","Ctcf","A","Hmcn1",1
"12751","Ctcf","A","Hs1bp3",1
"12752","Ctcf","A","Hspa5",1
"12753","Ctcf","A","Il19",1
"12754","Ctcf","A","Ksr1",1
"12755","Ctcf","A","Lpin3",1
"12756","Ctcf","A","Lrrc59",1
"12757","Ctcf","A","Mb",1
"12758","Ctcf","A","Mcm10",1
"12759","Ctcf","A","Mrpl17",1
"12760","Ctcf","A","Myd88",1
"12761","Ctcf","A","Nbn",1
"12762","Ctcf","A","Ncbp3",1
"12763","Ctcf","A","Nes",1
"12764","Ctcf","A","Nfe2l2",1
"12765","Ctcf","A","Plxnb3",1
"12766","Ctcf","A","Pmpcb",1
"12767","Ctcf","A","Pomt2",1
"12768","Ctcf","A","Pou1f1",1
"12769","Ctcf","A","Ppard",1
"12770","Ctcf","A","Pprc1",1
"12771","Ctcf","A","Prss35",1
"12772","Ctcf","A","Ptpa",1
"12773","Ctcf","A","Rpp30",1
"12774","Ctcf","A","Smim7",1
"12775","Ctcf","A","Tmbim6",1
"12776","Ctcf","A","Tnfrsf18",-1
"12777","Ctcf","A","Trappc6a",1
"12778","Ctcf","A","Tsfm",1
"12779","Ctcf","A","Tysnd1",1
"12780","Yy1","A","Actr5",1
"12781","Yy1","A","Atxn10",1
"12782","Yy1","A","Ccdc43",1
"12783","Yy1","A","Cdk5rap2",1
"12784","Yy1","A","Coq5",1
"12785","Yy1","A","Coq9",1
"12786","Yy1","A","Cpsf2",1
"12787","Yy1","A","Dlg1",1
"12788","Yy1","A","Hacd2",1
"12789","Yy1","A","Hsf1",1
"12790","Yy1","A","Manf",1
"12791","Yy1","A","Mrpl46",1
"12792","Yy1","A","Mrps24",1
"12793","Yy1","A","NARS1",1
"12794","Yy1","A","Pak4",1
"12795","Yy1","A","Rab3gap1",1
"12796","Yy1","A","Rnf26",1
"12797","Yy1","A","Rnf40",1
"12798","Yy1","A","Wdr82",1
"12799","E2f1","A","Hoxb9",1
"12800","E2f1","A","Nol9",1
"12801","E2f1","A","Pdpn",1
"12802","E2f1","A","Wrap73",1
"12803","Sp1","A","Rnls",1
"12804","Sp1","A","Ugt1a6",1
"12805","E2f4","A","Actg1",1
"12806","E2f4","A","Adarb1",1
"12807","E2f4","A","Akr7a2",1
"12808","E2f4","A","Bard1",1
"12809","E2f4","A","Bub3",1
"12810","E2f4","A","Cfap20",1
"12811","E2f4","A","Chek1",1
"12812","E2f4","A","E2f3",1
"12813","E2f4","A","Exosc9",1
"12814","E2f4","A","Fdft1",1
"12815","E2f4","A","Foxm1",1
"12816","E2f4","A","Hltf",1
"12817","E2f4","A","Id3",1
"12818","E2f4","A","Insig1",1
"12819","E2f4","A","Khdrbs1",1
"12820","E2f4","A","Klhl21",1
"12821","E2f4","A","Mad2l1",1
"12822","E2f4","A","Map3k7",1
"12823","E2f4","A","Mcm3",1
"12824","E2f4","A","Mettl3",1
"12825","E2f4","A","Mki67",1
"12826","E2f4","A","Mlh1",1
"12827","E2f4","A","Nap1l4",1
"12828","E2f4","A","Ndc80",1
"12829","E2f4","A","Nek2",1
"12830","E2f4","A","Nfe2l1",1
"12831","E2f4","A","P4ha2",-1
"12832","E2f4","A","Park7",1
"12833","E2f4","A","Pcnt",1
"12834","E2f4","A","Pola2",1
"12835","E2f4","A","Pole2",1
"12836","E2f4","A","Prc1",1
"12837","E2f4","A","Prpsap1",1
"12838","E2f4","A","Rfc3",1
"12839","E2f4","A","Rfc4",1
"12840","E2f4","A","Ripk2",1
"12841","E2f4","A","Rps8",1
"12842","E2f4","A","Sfpq",1
"12843","E2f4","A","Slc25a14",1
"12844","E2f4","A","Slc2a13",1
"12845","E2f4","A","Slc35f6",1
"12846","E2f4","A","Smc2",1
"12847","E2f4","A","Smc4",1
"12848","E2f4","A","Sp1",1
"12849","E2f4","A","Suz12",1
"12850","E2f4","A","Wee1",1
"12851","E2f4","A","Xrcc2",1
"12852","E2f4","A","Zfp36l1",1
"12853","Ets1","A","Tnfrsf8",1
"12854","Hif1a","A","Adora2b",1
"12855","Hif1a","A","Cdh13",1
"12856","Hif1a","A","Eno2",1
"12857","Hif1a","A","Errfi1",1
"12858","Hif1a","A","Gbe1",1
"12859","Hif1a","A","Pgam1",1
"12860","Hif1a","A","Pkm",1
"12861","Hif1a","A","Ppp1r10",1
"12862","Hif1a","A","Ppp5c",1
"12863","Gata2","A","Amotl1",1
"12864","Gata2","A","Arrdc4",1
"12865","Gata2","A","Ccrl2",1
"12866","Gata2","A","Ctsh",1
"12867","Gata2","A","Fdps",1
"12868","Gata2","A","Foxo3",1
"12869","Gata2","A","Gpr146",1
"12870","Gata2","A","Htr5a",1
"12871","Gata2","A","Icam4",1
"12872","Gata2","A","Lyl1",1
"12873","Gata2","A","Ppp1r15a",1
"12874","Gata2","A","Psd4",1
"12875","Gata2","A","Tnfaip8l1",1
"12876","Gata2","A","Vwa5a",1
"12877","Hnf4g","A","Apoa4",1
"12878","Hnf4g","A","Shbg",1
"12879","Max","A","Serf2",1
"12880","Nfic","A","Tfap2a",1
"12881","Runx1","A","Lcp2",1
"12882","Runx1","A","Prr5l",1
"12883","Twist1","A","Gli1",1
"12884","Usf1","A","Nup188",1
"12885","Znf148","A","Rnls",1
"13249","Ahr","B","Asap1",0.5
"13340","Ahr","B","Erg",0.5
"13607","Ahr","B","Vgll4",0.5
"13627","Ar","A","Acad10",1
"13650","Ar","A","Ahsg",1
"13651","Ar","B","Akap13",0.5
"13658","Ar","A","Alpg",1
"13668","Ar","A","Ap2m1",1
"13673","Ar","A","Appbp2",1
"13694","Ar","A","Atm",1
"13700","Ar","A","Babam2",1
"13702","Ar","A","Banf1",1
"13737","Ar","A","Cd4",1
"13757","Ar","A","Coasy",1
"13766","Ar","A","Cpt2",1
"13775","Ar","B","Cux2",0.5
"13776","Ar","A","Cycs",1
"13795","Ar","B","Dlg2",0.5
"13810","Ar","A","Eef1akmt3",1
"13818","Ar","A","Eif3i",1
"13882","Ar","A","Gnl1",1
"13896","Ar","A","Hes1",1
"13902","Ar","A","H2-T23",1
"13914","Ar","A","Ifi35",1
"13917","Ar","A","Il1r1",1
"13927","Ar","B","Itpr2",0.5
"13928","Ar","B","Itsn1",0.5
"13935","Ar","A","Kcnh2",1
"13943","Ar","B","Kdm4b",0.5
"13954","Ar","B","Lars2",0.5
"14005","Ar","A","Mmp13",1
"14015","Ar","B","Mylk",0.5
"14030","Ar","B","Nedd9",0.5
"14033","Ar","B","Nfib",0.5
"14042","Ar","A","Npat",1
"14074","Ar","A","Pex6",1
"14079","Ar","A","Pin1",1
"14106","Ar","B","Prlr",0.5
"14147","Ar","B","Runx1",0.5
"14158","Ar","A","Sdf2",1
"14166","Ar","A","Serpini1",1
"14178","Ar","A","Slc25a11",1
"14201","Ar","B","Spidr",0.5
"14207","Ar","B","St3gal1",0.5
"14215","Ar","A","Stxbp2",1
"14218","Ar","A","Suox",1
"14233","Ar","A","Tesk1",1
"14234","Ar","B","Tg",0.5
"14262","Ar","B","Tprg1",0.5
"14289","Ar","A","Zcchc9",1
"14293","Ar","B","Zmiz1",0.5
"14296","Ar","B","Zfp407",0.5
"15232","Arnt","B","Angpt1",0.5
"15431","Arnt","A","Ldha",1
"15684","Bmal1","A","Avp",1
"16431","Atf1","B","Brca1",0.5
"16550","Atf1","B","Golph3",0.5
"16579","Atf1","B","Ipo11",0.5
"16787","Atf1","B","Stat3",0.5
"16799","Atf1","B","Tead1",0.5
"16800","Atf1","B","Tfrc",0.5
"16825","Atf1","B","Tspan31",0.5
"16831","Atf1","B","Ube2d3",0.5
"16865","Atf1","B","Zfp184",0.5
"16984","Atf2","A","Fos",1
"17654","Atf3","B","Stat3",0.5
"17718","Atf4","B","Aars1",0.5
"17762","Atf4","B","Cebpg",0.5
"17786","Atf4","B","Dcun1d5",0.5
"17799","Atf4","B","Dxo",0.5
"17873","Atf4","B","Mars1",0.5
"17889","Atf4","B","Mthfd1l",0.5
"17909","Atf4","B","Pck2",0.5
"17950","Atf4","B","Rsl24d1",0.5
"17977","Atf4","B","Shmt2",0.5
"17997","Atf4","B","Stk40",0.5
"18001","Atf4","B","Tars1",0.5
"18009","Atf4","B","Timm44",0.5
"18058","Bach1","B","Aldoa",0.5
"18071","Bach1","B","Asap1",0.5
"18083","Bach1","B","Bicdl1",0.5
"18097","Bach1","B","Cdk6",0.5
"18107","Bach1","B","Clip4",0.5
"18134","Bach1","B","Dph6",0.5
"18173","Bach1","B","Gclc",0.5
"18204","Bach1","B","Ifrd1",0.5
"18220","Bach1","B","Kctd20",0.5
"18228","Bach1","B","Lbr",0.5
"18240","Bach1","B","Mafg",0.5
"18248","Bach1","B","Mapt",0.5
"18255","Bach1","B","Me1",0.5
"18264","Bach1","B","Msantd3",0.5
"18282","Bach1","B","Nqo2",0.5
"18302","Bach1","B","Phlda2",0.5
"18303","Bach1","B","Pik3cd",0.5
"18317","Bach1","B","Psap",0.5
"18336","Bach1","B","Rffl",0.5
"18374","Bach1","B","Slc48a1",0.5
"18378","Bach1","B","Slc7a11",0.5
"18380","Bach1","B","Slx4ip",0.5
"18382","Bach1","B","Smarca4",0.5
"18388","Bach1","B","Sqstm1",0.5
"18393","Bach1","B","Ssc4d",0.5
"18402","Bach1","B","Synj2",0.5
"18425","Bach1","B","Tnfaip2",0.5
"18433","Bach1","B","Trim56",0.5
"18726","Bach2","B","Ripor2",0.5
"19199","Batf","B","Tnfrsf8",0.5
"20755","Bhlhe40","B","Nr4a1",0.5
"20887","Stat3","B","Bhlhe40",0.5
"21789","Cdx2","B","Hnf4g",0.5
"21942","Cdx2","A","Slc9a3",1
"22023","Cebpa","B","Abca4",0.5
"22028","Cebpa","A","Abcb1a",1
"22034","Cebpa","A","Abcc1",1
"22038","Cebpa","B","Abcc3",0.5
"22067","Cebpa","B","Ablim1",0.5
"22069","Cebpa","B","Ablim3",0.5
"22076","Cebpa","A","Acaca",1
"22077","Cebpa","A","Acacb",1
"22089","Cebpa","A","Ace",1
"22108","Cebpa","B","Acox2",0.5
"22118","Cebpa","B","Acsl3",0.5
"22128","Cebpa","B","Acss3",0.5
"22190","Cebpa","B","Add3",0.5
"22201","Cebpa","B","Adgrg6",0.5
"22206","Cebpa","B","Adgrv1",0.5
"22232","Cebpa","A","Aebp1",1
"22272","Cebpa","A","Agxt",1
"22295","Cebpa","B","Ak4",0.5
"22302","Cebpa","B","Akap13",0.5
"22304","Cebpa","B","Akap6",0.5
"22325","Cebpa","B","Aldh1a1",0.5
"22326","Cebpa","B","Aldh1a2",0.5
"22371","Cebpa","B","Ampd3",0.5
"22385","Cebpa","B","Ank3",0.5
"22388","Cebpa","B","Ankh",0.5
"22422","Cebpa","B","Ano10",0.5
"22458","Cebpa","A","Apbb1ip",1
"22504","Cebpa","B","Arhgap17",0.5
"22505","Cebpa","B","Arhgap18",0.5
"22511","Cebpa","B","Arhgap24",0.5
"22512","Cebpa","B","Arhgap25",0.5
"22513","Cebpa","B","Arhgap26",0.5
"22524","Cebpa","B","Arhgef10l",0.5
"22526","Cebpa","B","Arhgef12",0.5
"22533","Cebpa","B","Arhgef3",0.5
"22539","Cebpa","B","Arid1b",0.5
"22593","Cebpa","B","Arsg",0.5
"22601","Cebpa","B","Asap1",0.5
"22614","Cebpa","B","Ascc2",0.5
"22648","Cebpa","B","Atg10",0.5
"22678","Cebpa","B","Atp2a2",0.5
"22684","Cebpa","B","Atp2c1",0.5
"22716","Cebpa","B","Atp9b",0.5
"22723","Cebpa","B","Atxn1",0.5
"22727","Cebpa","B","Atxn7",0.5
"22784","Cebpa","B","Baz2b",0.5
"22791","Cebpa","B","Bbx",0.5
"22794","Cebpa","B","Bcar3",0.5
"22797","Cebpa","B","Bcas3",0.5
"22837","Cebpa","B","Bhlhe40",0.5
"22999","Cebpa","B","C2",0.5
"23038","Cebpa","B","C8b",0.5
"23042","Cebpa","A","Q9D2X8",1
"23097","Cebpa","B","Camk2d",0.5
"23149","Cebpa","B","Cast",0.5
"23159","Cebpa","B","Cbfa2t2",0.5
"23182","Cebpa","B","Ccdc12",0.5
"23258","Cebpa","A","Ccnb1",1
"23260","Cebpa","A","Ccnd1",1
"23263","Cebpa","A","Ccne1",1
"23309","Cebpa","B","Cd44",0.5
"23326","Cebpa","B","Cdc14b",0.5
"23352","Cebpa","A","Cdh13",1
"23360","Cebpa","B","Cdh23",0.5
"23375","Cebpa","A","Cdk2",1
"23377","Cebpa","B","Cdk5rap2",0.5
"23379","Cebpa","B","Cdk6",0.5
"23412","Cebpa","B","Celf1",0.5
"23417","Cebpa","B","Cemip2",0.5
"23520","Cebpa","B","Chn2",0.5
"23567","Cebpa","B","Clasp1",0.5
"23586","Cebpa","B","Clec16a",0.5
"23595","Cebpa","B","Clip1",0.5
"23600","Cebpa","B","Clmn",0.5
"23691","Cebpa","B","Col14a1",0.5
"23765","Cebpa","B","Cped1",0.5
"23768","Cebpa","B","Cpm",0.5
"23772","Cebpa","B","Cpne4",0.5
"23790","Cebpa","B","Cradd",0.5
"23796","Cebpa","A","Creb1",1
"23807","Cebpa","B","Crim1",0.5
"23819","Cebpa","B","Crtc3",0.5
"23842","Cebpa","A","Csn2",1
"23852","Cebpa","A","Csrp1",1
"23861","Cebpa","B","Ctbs",0.5
"23873","Cebpa","B","Ctnnbl1",0.5
"23890","Cebpa","B","Cuedc1",0.5
"23897","Cebpa","B","Cux2",0.5
"23935","Cebpa","A","Cyp3a13",1
"23945","Cebpa","B","Cyth1",0.5
"23951","Cebpa","B","Daam1",0.5
"23952","Cebpa","B","Dab1",0.5
"23954","Cebpa","B","Dab2ip",0.5
"23964","Cebpa","B","Dapk1",0.5
"24032","Cebpa","B","Dennd10",0.5
"24034","Cebpa","B","Dennd1a",0.5
"24037","Cebpa","B","Dennd2b",0.5
"24038","Cebpa","B","Dennd3",0.5
"24100","Cebpa","B","Dlc1",0.5
"24102","Cebpa","B","Dlg1",0.5
"24103","Cebpa","B","Dlg2",0.5
"24106","Cebpa","B","Dlgap1",0.5
"24126","Cebpa","B","Dmxl2",0.5
"24180","Cebpa","B","Dock10",0.5
"24183","Cebpa","B","Dock4",0.5
"24184","Cebpa","B","Dock5",0.5
"24212","Cebpa","B","Dpys",0.5
"24248","Cebpa","B","Dusp10",0.5
"24253","Cebpa","B","Dusp22",0.5
"24277","Cebpa","A","E2f2",1
"24278","Cebpa","A","E2f3",1
"24290","Cebpa","B","Ece1",0.5
"24331","Cebpa","B","Efhc1",0.5
"24335","Cebpa","B","Efna5",0.5
"24343","Cebpa","B","Egfr",0.5
"24354","Cebpa","B","Ehf",0.5
"24355","Cebpa","A","Ehhadh",1
"24403","Cebpa","B","Elmo1",0.5
"24406","Cebpa","A","Eln",1
"24424","Cebpa","B","Emcn",0.5
"24431","Cebpa","B","Eml4",0.5
"24433","Cebpa","B","Eml6",0.5
"24451","Cebpa","A","Enpp3",1
"24455","Cebpa","B","Entpd1",0.5
"24461","Cebpa","B","Epas1",0.5
"24464","Cebpa","B","Epb41l2",0.5
"24484","Cebpa","A","Epo",1
"24490","Cebpa","A","Epx",1
"24495","Cebpa","B","Erc1",0.5
"24496","Cebpa","B","Erc2",0.5
"24517","Cebpa","B","Ern1",0.5
"24528","Cebpa","B","Esr1",0.5
"24548","Cebpa","B","Etv6",0.5
"24557","Cebpa","B","Exoc4",0.5
"24565","Cebpa","B","Ext1",0.5
"24577","Cebpa","A","F3",1
"24596","Cebpa","B","Fam107b",0.5
"24615","Cebpa","B","Fam13a",0.5
"24684","Cebpa","B","Farp1",0.5
"24687","Cebpa","A","Fas",1
"24713","Cebpa","B","Fbxo27",0.5
"24719","Cebpa","B","Fbxo38",0.5
"24730","Cebpa","B","Fbxw11",0.5
"24739","Cebpa","B","Fchsd2",0.5
"24754","Cebpa","B","Fermt2",0.5
"24760","Cebpa","A","Fga",1
"24764","Cebpa","B","Fgd4",0.5
"24782","Cebpa","B","Fggy",0.5
"24784","Cebpa","A","Fgl2",1
"24794","Cebpa","B","Filip1l",0.5
"24808","Cebpa","B","Flnb",0.5
"24828","Cebpa","B","Fndc3b",0.5
"24831","Cebpa","B","Fnip2",0.5
"24849","Cebpa","B","Foxn3",0.5
"24852","Cebpa","B","Foxo3",0.5
"24867","Cebpa","B","Frmd4b",0.5
"24875","Cebpa","B","Fry",0.5
"24882","Cebpa","B","Fst",0.5
"24905","Cebpa","B","Fyn",0.5
"24929","Cebpa","A","Gadd45a",1
"24948","Cebpa","B","Galnt2",0.5
"24971","Cebpa","B","Gata4",0.5
"24991","Cebpa","B","Gclc",0.5
"25009","Cebpa","A","Gdnf",1
"25018","Cebpa","B","Gfod1",0.5
"25037","Cebpa","B","Ghr",0.5
"25063","Cebpa","B","Glis3",0.5
"25079","Cebpa","B","Gmds",0.5
"25084","Cebpa","B","Gna12",0.5
"25142","Cebpa","B","Gpc6",0.5
"25182","Cebpa","B","Gpt2",0.5
"25191","Cebpa","B","Gramd2b",0.5
"25193","Cebpa","B","Grb10",0.5
"25230","Cebpa","B","Gsap",0.5
"25233","Cebpa","B","Gse1",0.5
"25235","Cebpa","A","Gsk3a",1
"25236","Cebpa","A","Gsk3b",1
"25267","Cebpa","A","Gucy2c",1
"25273","Cebpa","B","Gxylt2",0.5
"25334","Cebpa","B","Hcar1",0.5
"25403","Cebpa","B","Hip1",0.5
"25405","Cebpa","B","Hipk2",0.5
"25408","Cebpa","B","Hivep2",0.5
"25409","Cebpa","B","Hivep3",0.5
"25433","Cebpa","B","Hnmt",0.5
"25461","Cebpa","B","Hpcal1",0.5
"25471","Cebpa","A","Hpx",1
"25496","Cebpa","B","Hsd17b2",0.5
"25528","Cebpa","B","Htt",0.5
"25564","Cebpa","B","Ifngr1",0.5
"25578","Cebpa","B","Igf1r",0.5
"25582","Cebpa","B","Igf2r",0.5
"25583","Cebpa","A","Igfbp1",1
"25603","Cebpa","A","Il12b",1
"25611","Cebpa","A","Il1a",1
"25613","Cebpa","B","Il1r1",0.5
"25615","Cebpa","B","Il1rap",0.5
"25643","Cebpa","B","Impa2",0.5
"25683","Cebpa","B","Ipcef1",0.5
"25700","Cebpa","B","Iqsec1",0.5
"25713","Cebpa","A","Irs1",1
"25717","Cebpa","B","Irx6",0.5
"25732","Cebpa","A","Itga2",1
"25742","Cebpa","A","Itgal",1
"25745","Cebpa","A","Itgb2",1
"25754","Cebpa","B","Itm2b",0.5
"25758","Cebpa","B","Itpr1",0.5
"25759","Cebpa","B","Itpr2",0.5
"25781","Cebpa","B","Jazf1",0.5
"25784","Cebpa","B","Jmjd1c",0.5
"25793","Cebpa","B","Kalrn",0.5
"25806","Cebpa","A","Kat7",1
"25838","Cebpa","A","Kcnh8",1
"25842","Cebpa","B","Kcnj15",0.5
"25851","Cebpa","A","Kcnma1",1
"25881","Cebpa","B","Kdm4b",0.5
"25897","Cebpa","B","Kiaa0319l",0.5
"25904","Cebpa","B","Skt",0.5
"26030","Cebpa","B","Lama3",0.5
"26033","Cebpa","B","Lamb1",0.5
"26047","Cebpa","B","Large1",0.5
"26054","Cebpa","B","Lars2",0.5
"26060","Cebpa","A","Lbp",1
"26080","Cebpa","A","Ldlr",1
"26098","Cebpa","B","Lgr4",0.5
"26119","Cebpa","B","Limd1",0.5
"26133","Cebpa","A","Lipc",1
"26138","Cebpa","B","Litaf",0.5
"26143","Cebpa","B","Lmbr1",0.5
"26162","Cebpa","B","Lnx1",0.5
"26179","Cebpa","B","Lpp",0.5
"26183","Cebpa","B","Lrch1",0.5
"26191","Cebpa","B","Lrig1",0.5
"26273","Cebpa","B","Lyrm1",0.5
"26275","Cebpa","B","Lyrm4",0.5
"26292","Cebpa","B","Macrod2",0.5
"26305","Cebpa","B","Magi1",0.5
"26321","Cebpa","B","Maml3",0.5
"26354","Cebpa","B","Map3k5",0.5
"26362","Cebpa","B","Map4k4",0.5
"26370","Cebpa","B","Mapk3",0.5
"26404","Cebpa","B","Mast4",0.5
"26406","Cebpa","A","Mat2a",1
"26424","Cebpa","B","Mbnl1",0.5
"26425","Cebpa","B","Mbnl2",0.5
"26426","Cebpa","B","Mbnl3",0.5
"26428","Cebpa","B","Mbp",0.5
"26434","Cebpa","B","Mcc",0.5
"26470","Cebpa","B","Med13l",0.5
"26495","Cebpa","B","Meis1",0.5
"26544","Cebpa","B","Mgll",0.5
"26561","Cebpa","B","Mideas",0.5
"26603","Cebpa","A","Mme",1
"26604","Cebpa","A","Mmp11",1
"26762","Cebpa","B","Mtmr12",0.5
"26766","Cebpa","B","Mtmr7",0.5
"26772","Cebpa","B","Mtss1",0.5
"26775","Cebpa","B","Mtus1",0.5
"26782","Cebpa","B","Mvb12b",0.5
"26787","Cebpa","A","Mybl1",1
"26810","Cebpa","B","Mylk",0.5
"26819","Cebpa","B","Myo1b",0.5
"26823","Cebpa","B","Myo1f",0.5
"26834","Cebpa","B","Myom1",0.5
"26863","Cebpa","B","Nabp1",0.5
"26882","Cebpa","B","Nav2",0.5
"26883","Cebpa","B","Nav3",0.5
"26900","Cebpa","B","Nceh1",0.5
"26908","Cebpa","B","Ncoa2",0.5
"26919","Cebpa","B","Ndel1",0.5
"26927","Cebpa","B","Ndst1",0.5
"26938","Cebpa","B","Ndufaf6",0.5
"26955","Cebpa","B","Nedd9",0.5
"26963","Cebpa","B","Nek6",0.5
"26995","Cebpa","B","Nfia",0.5
"26996","Cebpa","B","Nfib",0.5
"26998","Cebpa","B","Nfil3",0.5
"27007","Cebpa","A","Nfyc",1
"27015","Cebpa","B","Nhsl1",0.5
"27016","Cebpa","B","Niban1",0.5
"27066","Cebpa","B","Nnmt",0.5
"27093","Cebpa","B","Npas2",0.5
"27096","Cebpa","B","Npc1",0.5
"27123","Cebpa","B","Nr2f2",0.5
"27126","Cebpa","A","Nr5a1",1
"27139","Cebpa","B","Nrp1",0.5
"27155","Cebpa","B","Nsmce2",0.5
"27196","Cebpa","B","Numb",0.5
"27347","Cebpa","B","Pacsin2",0.5
"27354","Cebpa","B","Pag1",0.5
"27381","Cebpa","B","Pard3",0.5
"27417","Cebpa","B","Pcbp1",0.5
"27421","Cebpa","B","Pcca",0.5
"27438","Cebpa","A","Pcna",1
"27449","Cebpa","B","Pcsk6",0.5
"27467","Cebpa","B","Pde4d",0.5
"27492","Cebpa","B","Pdlim5",0.5
"27545","Cebpa","B","Pgm1",0.5
"27551","Cebpa","B","Phactr1",0.5
"27552","Cebpa","B","Phactr2",0.5
"27556","Cebpa","B","Phc2",0.5
"27576","Cebpa","B","Phldb2",0.5
"27577","Cebpa","B","Phlpp1",0.5
"27603","Cebpa","B","Pigu",0.5
"27605","Cebpa","B","Pik3ap1",0.5
"27614","Cebpa","B","Pik3r1",0.5
"27620","Cebpa","B","Pim1",0.5
"27622","Cebpa","B","Pip4k2a",0.5
"27668","Cebpa","B","Plcb1",0.5
"27678","Cebpa","B","Plcl2",0.5
"27704","Cebpa","B","Plekhm3",0.5
"27707","Cebpa","B","Plin2",0.5
"27714","Cebpa","B","Plpp3",0.5
"27794","Cebpa","B","Por",0.5
"27806","Cebpa","B","Ppargc1a",0.5
"27895","Cebpa","B","Prex1",0.5
"27905","Cebpa","B","Prkag2",0.5
"27910","Cebpa","B","Prkce",0.5
"27911","Cebpa","B","Prkch",0.5
"27922","Cebpa","B","Prlr",0.5
"27940","Cebpa","B","Prox1",0.5
"27957","Cebpa","B","Prrc2b",0.5
"27977","Cebpa","B","Psd3",0.5
"27981","Cebpa","B","Psma1",0.5
"28029","Cebpa","B","Ptk2b",0.5
"28031","Cebpa","B","Ptp4a1",0.5
"28032","Cebpa","B","Ptp4a2",0.5
"28037","Cebpa","B","Ptpn12",0.5
"28051","Cebpa","B","Ptprg",0.5
"28081","Cebpa","B","Pygl",0.5
"28124","Cebpa","B","Rab3d",0.5
"28140","Cebpa","B","Rabgap1l",0.5
"28151","Cebpa","B","Rad51b",0.5
"28166","Cebpa","B","Ralgapa2",0.5
"28189","Cebpa","B","Rapgef1",0.5
"28190","Cebpa","B","Rapgef4",0.5
"28221","Cebpa","A","Rb1",1
"28250","Cebpa","B","Rbm47",0.5
"28252","Cebpa","B","Rbms1",0.5
"28254","Cebpa","B","Rbms3",0.5
"28258","Cebpa","B","Rbpms",0.5
"28263","Cebpa","B","Rcan1",0.5
"28297","Cebpa","B","Rere",0.5
"28348","Cebpa","B","Rho",0.5
"28353","Cebpa","B","Rhobtb3",0.5
"28368","Cebpa","B","Rin2",0.5
"28369","Cebpa","B","Rin3",0.5
"28391","Cebpa","A","Rnase2b",1
"28453","Cebpa","B","Rock2",0.5
"28526","Cebpa","B","Rreb1",0.5
"28557","Cebpa","B","Rtn4",0.5
"28564","Cebpa","B","Rufy3",0.5
"28594","Cebpa","B","Samd4a",0.5
"28610","Cebpa","B","Sash1",0.5
"28628","Cebpa","B","Scarb1",0.5
"28653","Cebpa","B","Scn8a",0.5
"28666","Cebpa","B","Sdc2",0.5
"28708","Cebpa","B","Selenop",0.5
"28719","Cebpa","B","Sema4d",0.5
"28738","Cebpa","B","Septin9",0.5
"28740","Cebpa","B","Sergef",0.5
"28743","Cebpa","B","Serinc5",0.5
"28783","Cebpa","B","Setd7",0.5
"28808","Cebpa","B","Sgk1",0.5
"28827","Cebpa","B","Sh3bp4",0.5
"28828","Cebpa","B","Sh3bp5",0.5
"28836","Cebpa","B","Sh3kbp1",0.5
"28845","Cebpa","B","Shank2",0.5
"28875","Cebpa","B","Sik3",0.5
"28877","Cebpa","B","Sil1",0.5
"28884","Cebpa","B","Sipa1l1",0.5
"28920","Cebpa","B","Slc13a5",0.5
"28959","Cebpa","B","Slc22a23",0.5
"28970","Cebpa","B","Slc24a4",0.5
"29014","Cebpa","B","Slc2a9",0.5
"29047","Cebpa","B","Slc38a4",0.5
"29053","Cebpa","B","Slc39a11",0.5
"29065","Cebpa","B","Slc44a1",0.5
"29114","Cebpa","B","Slc8a1",0.5
"29142","Cebpa","B","Slx4ip",0.5
"29144","Cebpa","B","Smad3",0.5
"29151","Cebpa","B","Smap2",0.5
"29194","Cebpa","B","Smyd3",0.5
"29221","Cebpa","B","Sntb1",0.5
"29255","Cebpa","B","Sorbs1",0.5
"29256","Cebpa","B","Sorbs2",0.5
"29260","Cebpa","B","Sorl1",0.5
"29288","Cebpa","B","Spag9",0.5
"29306","Cebpa","B","Spats2l",0.5
"29319","Cebpa","A","Spidr",1
"29349","Cebpa","B","Sptbn1",0.5
"29364","Cebpa","A","Srebf2",1
"29406","Cebpa","B","St3gal1",0.5
"29409","Cebpa","B","St3gal5",0.5
"29410","Cebpa","B","St3gal6",0.5
"29411","Cebpa","B","St6gal1",0.5
"29429","Cebpa","B","Stard13",0.5
"29439","Cebpa","B","Stim1",0.5
"29454","Cebpa","B","Stk39",0.5
"29487","Cebpa","B","Stxbp5",0.5
"29521","Cebpa","B","Susd1",0.5
"29528","Cebpa","B","Svil",0.5
"29540","Cebpa","B","Syk",0.5
"29546","Cebpa","B","Syne1",0.5
"29547","Cebpa","B","Syne2",0.5
"29574","Cebpa","B","Tacc1",0.5
"29575","Cebpa","B","Tacc2",0.5
"29617","Cebpa","B","Tbc1d1",0.5
"29621","Cebpa","B","Tbc1d14",0.5
"29629","Cebpa","B","Tbc1d2b",0.5
"29633","Cebpa","B","Tbc1d4",0.5
"29634","Cebpa","B","Tbc1d5",0.5
"29636","Cebpa","B","Tbc1d8",0.5
"29659","Cebpa","B","Tbxas1",0.5
"29671","Cebpa","B","Tcf7l2",0.5
"29687","Cebpa","B","Tectb",0.5
"29695","Cebpa","B","Tenm4",0.5
"29718","Cebpa","B","Tex2",0.5
"29739","Cebpa","B","Tg",0.5
"29743","Cebpa","B","Tgfbi",0.5
"29745","Cebpa","B","Tgfbr3",0.5
"29749","Cebpa","B","Tgm2",0.5
"29750","Cebpa","B","Tgm3",0.5
"29751","Cebpa","B","Thada",0.5
"29769","Cebpa","B","Tiam2",0.5
"29781","Cebpa","A","Timp2",1
"29790","Cebpa","B","Tjp2",0.5
"29792","Cebpa","A","Tk1",1
"29797","Cebpa","B","Tle1",0.5
"29799","Cebpa","B","Tle3",0.5
"29802","Cebpa","B","Tlk1",0.5
"29806","Cebpa","B","Tln2",0.5
"29857","Cebpa","B","Tmem131l",0.5
"29964","Cebpa","A","Tnfaip3",1
"29981","Cebpa","B","Tnfsf8",0.5
"29982","Cebpa","B","Tnik",0.5
"29984","Cebpa","B","Tnks",0.5
"29997","Cebpa","B","Tns1",0.5
"29999","Cebpa","B","Tns3",0.5
"30014","Cebpa","A","Top2a",1
"30058","Cebpa","B","Trak1",0.5
"30079","Cebpa","B","Trib1",0.5
"30085","Cebpa","B","Trim2",0.5
"30113","Cebpa","B","Trio",0.5
"30142","Cebpa","A","Tsc22d3",1
"30154","Cebpa","B","Tspan14",0.5
"30179","Cebpa","B","Ttc28",0.5
"30265","Cebpa","B","Ubash3b",0.5
"30282","Cebpa","A","Ube2l3",1
"30328","Cebpa","A","Uhrf1",1
"30373","Cebpa","B","Usp10",0.5
"30398","Cebpa","B","Usp47",0.5
"30404","Cebpa","B","Usp6nl",0.5
"30413","Cebpa","B","Utrn",0.5
"30436","Cebpa","B","Vcl",0.5
"30454","Cebpa","B","Vmp1",0.5
"30568","Cebpa","B","Wwc1",0.5
"30577","Cebpa","A","Xdh",1
"30601","Cebpa","B","Yap1",0.5
"30630","Cebpa","B","Zbtb20",0.5
"30634","Cebpa","B","Zbtb38",0.5
"30690","Cebpa","B","Zfat",0.5
"30694","Cebpa","B","Zfp36l2",0.5
"30718","Cebpa","B","Zmiz1",0.5
"30726","Cebpa","B","Zmynd8",0.5
"30759","Cebpa","B","Znf385b",0.5
"30824","Cebpa","B","Znrf3",0.5
"30945","Cebpb","B","Dlc1",0.5
"31190","Cebpb","B","Smad3",0.5
"31417","Cebpd","B","Gramd1a",0.5
"31530","Cebpd","B","Nfil3",0.5
"32662","Clock","A","Nr1d2",1
"32880","Creb1","B","Cd74",0.5
"33041","Creb1","B","Kcnn3",0.5
"33063","Creb1","B","Lyn",0.5
"33125","Creb1","A","Pck2",1
"33197","Creb1","B","Runx1",0.5
"33226","Creb1","B","Slc9a1",0.5
"33306","Creb1","A","Ucp1",1
"33485","Creb3l1","B","Vegfa",0.5
"33645","Crem","B","Gpcpd1",0.5
"33767","Crem","B","Pde4a",0.5
"33977","Ctcf","B","Abca13",0.5
"33979","Ctcf","B","Abca4",0.5
"34034","Ctcf","B","Abr",0.5
"34052","Ctcf","B","Acap3",0.5
"34067","Ctcf","A","Ackr3",1
"34077","Ctcf","B","Acot7",0.5
"34083","Ctcf","B","Acoxl",0.5
"34121","Ctcf","A","Actr3",-1
"34152","Ctcf","B","Adamts1",0.5
"34174","Ctcf","B","Adarb1",0.5
"34186","Ctcf","B","Adcy5",0.5
"34199","Ctcf","B","Adgrb1",0.5
"34218","Ctcf","B","Adgrv1",0.5
"34252","Ctcf","B","Afap1",0.5
"34264","Ctcf","B","Agap1",0.5
"34266","Ctcf","B","Agap3",0.5
"34301","Ctcf","B","Ahdc1",0.5
"34304","Ctcf","B","Ahrr",0.5
"34330","Ctcf","B","Akap1",0.5
"34350","Ctcf","A","Akt1",-1
"34354","Ctcf","B","Alad",0.5
"34361","Ctcf","B","Aldh1a2",0.5
"34362","Ctcf","A","Aldh1a3",-1
"34385","Ctcf","B","Alk",0.5
"34428","Ctcf","B","Ampd3",0.5
"34450","Ctcf","B","Ank3",0.5
"34463","Ctcf","B","Ankrd11",0.5
"34493","Ctcf","B","Anks1b",0.5
"34499","Ctcf","B","Ano10",0.5
"34500","Ctcf","B","Ano2",0.5
"34555","Ctcf","B","Apba2",0.5
"34557","Ctcf","B","Apbb2",0.5
"34617","Ctcf","B","Arhgap10",0.5
"34620","Ctcf","B","Arhgap15",0.5
"34626","Ctcf","B","Arhgap22",0.5
"34630","Ctcf","B","Arhgap26",0.5
"34648","Ctcf","B","Arhgef1",0.5
"34650","Ctcf","B","Arhgef10l",0.5
"34654","Ctcf","B","Arhgef17",0.5
"34659","Ctcf","B","Arhgef3",0.5
"34670","Ctcf","B","Arid1b",0.5
"34677","Ctcf","B","Arid5b",0.5
"34684","Ctcf","A","Arl2",-1
"34696","Ctcf","B","Arl8b",0.5
"34714","Ctcf","B","Bmal1",0.5
"34743","Ctcf","B","Asap1",0.5
"34829","Ctcf","A","Atn1",1
"34854","Ctcf","B","Atp2b2",0.5
"34895","Ctcf","B","Atp8b3",0.5
"34902","Ctcf","B","Atrnl1",0.5
"34970","Ctcf","B","Banp",0.5
"34977","Ctcf","A","Batf2",1
"34990","Ctcf","B","Bbx",0.5
"34996","Ctcf","B","Bcar3",0.5
"35007","Ctcf","B","Bcl11a",0.5
"35014","Ctcf","A","Bcl2l14",-1
"35028","Ctcf","B","Bcr",0.5
"35033","Ctcf","B","Bdnf",0.5
"35096","Ctcf","B","Bmper",0.5
"35145","Ctcf","B","Brf1",0.5
"35377","Ctcf","B","Cabin1",0.5
"35384","Ctcf","B","Cacna1a",0.5
"35386","Ctcf","B","Cacna1c",0.5
"35387","Ctcf","B","Cacna1d",0.5
"35400","Ctcf","B","Cacnb4",0.5
"35414","Ctcf","B","Cadps",0.5
"35437","Ctcf","B","Camk2b",0.5
"35461","Ctcf","B","Capn2",0.5
"35463","Ctcf","B","Capn5",0.5
"35487","Ctcf","B","Cars2",0.5
"35506","Ctcf","B","Casz1",0.5
"35625","Ctcf","B","Ccdc88c",0.5
"35713","Ctcf","B","Cd276",0.5
"35765","Ctcf","B","Cdc37",0.5
"35801","Ctcf","B","Cdh23",0.5
"35805","Ctcf","B","Cdh4",0.5
"35830","Ctcf","B","Cdk5rap2",0.5
"35855","Ctcf","B","Cdyl",0.5
"35872","Ctcf","B","Celf4",0.5
"35979","Ctcf","B","Chchd6",0.5
"35983","Ctcf","B","Chd2",0.5
"35986","Ctcf","B","Chd5",0.5
"36113","Ctcf","B","Clec16a",0.5
"36131","Ctcf","B","Clip2",0.5
"36159","Ctcf","B","Clybl",0.5
"36222","Ctcf","B","Cntnap2",0.5
"36230","Ctcf","B","Cobl",0.5
"36244","Ctcf","B","Col13a1",0.5
"36247","Ctcf","B","Col16a1",0.5
"36266","Ctcf","B","Col5a1",0.5
"36285","Ctcf","A","Commd2",-1
"36321","Ctcf","B","Coro2b",0.5
"36361","Ctcf","B","Cpne4",0.5
"36395","Ctcf","B","Creb3l1",0.5
"36399","Ctcf","B","Creb5",0.5
"36456","Ctcf","B","Csgalnact1",0.5
"36459","Ctcf","B","Csk",0.5
"36460","Ctcf","B","Csmd1",0.5
"36461","Ctcf","B","Csmd2",0.5
"36497","Ctcf","B","Ctif",0.5
"36498","Ctcf","B","Ctnna1",0.5
"36506","Ctcf","B","Ctnnd2",0.5
"36529","Ctcf","B","Cuedc1",0.5
"36578","Ctcf","B","Cyfip2",0.5
"36630","Ctcf","B","Dab2ip",0.5
"36644","Ctcf","B","Dapk1",0.5
"36689","Ctcf","B","Dctpp1",0.5
"36742","Ctcf","A","Defb36",1
"36755","Ctcf","B","Dennd3",0.5
"36780","Ctcf","B","Dgkd",0.5
"36782","Ctcf","B","Dgkg",0.5
"36817","Ctcf","B","Diaph1",0.5
"36831","Ctcf","B","Dis3l2",0.5
"36846","Ctcf","B","Dlg2",0.5
"36850","Ctcf","B","Dlgap1",0.5
"36853","Ctcf","B","Dlgap4",0.5
"36906","Ctcf","B","Dnajb12",0.5
"36946","Ctcf","B","Dnmbp",0.5
"36962","Ctcf","B","Dock4",0.5
"36993","Ctcf","B","Dpp6",0.5
"37005","Ctcf","B","Dpysl2",0.5
"37033","Ctcf","B","Dtna",0.5
"37063","Ctcf","B","Dusp7",0.5
"37070","Ctcf","B","Dync1i1",0.5
"37085","Ctcf","B","Dysf",0.5
"37108","Ctcf","B","Ebf4",0.5
"37112","Ctcf","B","Ece1",0.5
"37163","Ctcf","B","Efhc1",0.5
"37184","Ctcf","B","Egln3",0.5
"37197","Ctcf","B","Ehmt1",0.5
"37257","Ctcf","B","Ell",0.5
"37259","Ctcf","B","Elmo1",0.5
"37293","Ctcf","B","Eml1",0.5
"37342","Ctcf","B","Epb41l1",0.5
"37383","Ctcf","A","Epx",1
"37391","Ctcf","B","Erc2",0.5
"37392","Ctcf","B","Ercc1",0.5
"37403","Ctcf","B","Ergic1",0.5
"37433","Ctcf","A","Esrp2",-1
"37434","Ctcf","B","Esrrb",0.5
"37474","Ctcf","B","Exoc4",0.5
"37487","Ctcf","B","Ext2",0.5
"37576","Ctcf","B","Fam171a1",0.5
"37579","Ctcf","B","Fam172a",0.5
"37609","Ctcf","B","Fam220a",0.5
"37649","Ctcf","B","Fancc",0.5
"37657","Ctcf","B","Farp1",0.5
"37683","Ctcf","B","Fbrsl1",0.5
"37726","Ctcf","B","Fbxw11",0.5
"37769","Ctcf","B","Fgd5",0.5
"37798","Ctcf","B","Fhad1",0.5
"37804","Ctcf","B","Fhod3",0.5
"37845","Ctcf","B","Fmn1",0.5
"37862","Ctcf","B","Fndc3b",0.5
"37898","Ctcf","B","Foxk1",0.5
"37926","Ctcf","B","Frmd4a",0.5
"37927","Ctcf","B","Frmd4b",0.5
"37954","Ctcf","B","Fto",0.5
"37974","Ctcf","B","Fyn",0.5
"37995","Ctcf","B","Gabbr2",0.5
"38018","Ctcf","B","Gadd45g",0.5
"38032","Ctcf","B","Galnt10",0.5
"38036","Ctcf","B","Galnt14",0.5
"38038","Ctcf","B","Galnt16",0.5
"38200","Ctcf","B","Gli3",0.5
"38206","Ctcf","B","Glis3",0.5
"38231","Ctcf","B","Gmds",0.5
"38239","Ctcf","B","Gmpr",0.5
"38347","Ctcf","A","Gpr156",-1
"38396","Ctcf","B","Gramd1b",0.5
"38417","Ctcf","B","Grid1",0.5
"38422","Ctcf","B","Grik3",0.5
"38423","Ctcf","B","Grik4",0.5
"38431","Ctcf","B","Grip1",0.5
"38436","Ctcf","B","Grk5",0.5
"38441","Ctcf","B","Grm4",0.5
"38461","Ctcf","B","Gse1",0.5
"38465","Ctcf","B","Gsn",0.5
"38579","Ctcf","A","Haus7",-1
"38601","Ctcf","B","Hdac4",0.5
"38602","Ctcf","B","Hdac7",0.5
"38604","Ctcf","B","Hdac9",0.5
"38622","Ctcf","B","Hecw2",0.5
"38691","Ctcf","B","Hivep3",0.5
"38702","Ctcf","B","Hlcs",0.5
"38705","Ctcf","B","Hm13",0.5
"38707","Ctcf","B","Hmcn2",0.5
"38745","Ctcf","B","Hook2",0.5
"38942","Ctcf","B","Igf1r",0.5
"38964","Ctcf","B","Igsf21",0.5
"38986","Ctcf","B","Il16",0.5
"39067","Ctcf","B","Inpp4a",0.5
"39069","Ctcf","B","Inpp5a",0.5
"39106","Ctcf","B","Iqca1",0.5
"39113","Ctcf","B","Iqcj",0.5
"39117","Ctcf","B","Iqgap2",0.5
"39118","Ctcf","B","Iqsec1",0.5
"39119","Ctcf","B","Iqsec2",0.5
"39200","Ctcf","B","Itpr1",0.5
"39201","Ctcf","B","Itpr2",0.5
"39216","Ctcf","B","Jade2",0.5
"39229","Ctcf","B","Jarid2",0.5
"39230","Ctcf","B","Jazf1",0.5
"39241","Ctcf","B","Jph3",0.5
"39248","Ctcf","B","Kalrn",0.5
"39253","Ctcf","B","Kansl1",0.5
"39267","Ctcf","B","Kazn",0.5
"39282","Ctcf","B","Kcnab2",0.5
"39285","Ctcf","B","Kcnc1",0.5
"39333","Ctcf","B","Kcnma1",0.5
"39338","Ctcf","B","Kcnn3",0.5
"39342","Ctcf","B","Kcnq3",0.5
"39374","Ctcf","B","Kdm2b",0.5
"39377","Ctcf","B","Kdm4b",0.5
"39409","Ctcf","B","Skt",0.5
"39451","Ctcf","B","Kirrel1",0.5
"39495","Ctcf","B","Klhl29",0.5
"39633","Ctcf","B","Large1",0.5
"39668","Ctcf","B","Ldb2",0.5
"39706","Ctcf","B","Lgr6",0.5
"39709","Ctcf","B","Lhfpl2",0.5
"39714","Ctcf","B","Lhpp",0.5
"39745","Ctcf","B","Lingo1",0.5
"39768","Ctcf","B","Lmbr1",0.5
"39775","Ctcf","B","Lmna",0.5
"39779","Ctcf","B","Lmo1",0.5
"39846","Ctcf","B","Lrp5",0.5
"39891","Ctcf","B","Lrrfip1",0.5
"39894","Ctcf","B","Lrrk1",0.5
"39928","Ctcf","B","Ltbp2",0.5
"39930","Ctcf","B","Ltbp4",0.5
"39988","Ctcf","B","Mad1l1",0.5
"40003","Ctcf","B","Magi1",0.5
"40004","Ctcf","B","Magi2",0.5
"40024","Ctcf","B","Man1c1",0.5
"40068","Ctcf","B","Map4k4",0.5
"40128","Ctcf","B","Mast4",0.5
"40170","Ctcf","B","Mcf2l",0.5
"40184","Ctcf","B","Mctp1",0.5
"40191","Ctcf","B","Mdga1",0.5
"40203","Ctcf","B","Meaf6",0.5
"40205","Ctcf","B","Mecom",0.5
"40212","Ctcf","B","Med13l",0.5
"40214","Ctcf","B","Med15",0.5
"40233","Ctcf","B","Megf11",0.5
"40313","Ctcf","B","Mgll",0.5
"40323","Ctcf","B","Mical2",0.5
"40324","Ctcf","B","Mical3",0.5
"40335","Ctcf","B","Mideas",0.5
"40357","Ctcf","B","Mipep",0.5
"40393","Ctcf","A","Mmp10",-1
"40495","Ctcf","B","Mroh1",0.5
"40534","Ctcf","B","Mrps22",0.5
"40564","Ctcf","B","Msi2",0.5
"40592","Ctcf","B","Mterf1b",0.5
"40593","Ctcf","B","Mterf1a",0.5
"40596","Ctcf","B","Mtf1",0.5
"40636","Ctcf","B","Mtus2",0.5
"40646","Ctcf","B","Mvb12b",0.5
"40679","Ctcf","B","Myh9",0.5
"40689","Ctcf","B","Mylk",0.5
"40695","Ctcf","B","Myo18a",0.5
"40701","Ctcf","B","Myo1d",0.5
"40705","Ctcf","B","Myo1h",0.5
"40731","Ctcf","B","Myt1l",0.5
"40785","Ctcf","B","Nav2",0.5
"40786","Ctcf","B","Nav3",0.5
"40824","Ctcf","B","Ncoa7",0.5
"40825","Ctcf","B","Ncor2",0.5
"40839","Ctcf","B","Ndst1",0.5
"40876","Ctcf","B","Nectin1",0.5
"40905","Ctcf","B","Neo1",0.5
"40925","Ctcf","B","Nfasc",0.5
"40928","Ctcf","B","Nfatc2",0.5
"40934","Ctcf","B","Nfia",0.5
"40938","Ctcf","B","Nfix",0.5
"40965","Ctcf","B","Nhsl1",0.5
"40968","Ctcf","B","Niban2",0.5
"40990","Ctcf","B","Nkain1",0.5
"41012","Ctcf","B","Nlgn1",0.5
"41094","Ctcf","A","Npc1",-1
"41152","Ctcf","B","Nrcam",0.5
"41165","Ctcf","B","Nrp2",0.5
"41170","Ctcf","B","Nrxn1",0.5
"41171","Ctcf","B","Nrxn2",0.5
"41172","Ctcf","B","Nrxn3",0.5
"41194","Ctcf","A","Nt5c3a",-1
"41203","Ctcf","B","Ntm",0.5
"41204","Ctcf","B","Ntmt1",0.5
"41210","Ctcf","B","Ntng2",0.5
"41214","Ctcf","B","Ntrk3",0.5
"41259","Ctcf","B","Nup210",0.5
"41375","Ctcf","B","Osbp2",0.5
"41380","Ctcf","B","Osbpl3",0.5
"41398","Ctcf","B","Otof",0.5
"41461","Ctcf","B","Pacsin2",0.5
"41474","Ctcf","B","Pah",0.5
"41485","Ctcf","B","Palld",0.5
"41516","Ctcf","B","Parp1",0.5
"41538","Ctcf","B","Pax5",0.5
"41623","Ctcf","B","Pde1c",0.5
"41627","Ctcf","B","Pde4a",0.5
"41629","Ctcf","B","Pde4d",0.5
"41673","Ctcf","B","Pds5b",0.5
"41680","Ctcf","B","Pdzd2",0.5
"41746","Ctcf","B","Phactr3",0.5
"41807","Ctcf","B","Pigc",0.5
"41825","Ctcf","B","Pik3c2b",0.5
"41890","Ctcf","B","Pknox2",0.5
"41919","Ctcf","B","Plb1",0.5
"41929","Ctcf","B","Plcg2",0.5
"41940","Ctcf","B","Plec",0.5
"41948","Ctcf","B","Plekha7",0.5
"41957","Ctcf","B","Plekhg5",0.5
"41997","Ctcf","B","Plxna2",0.5
"41998","Ctcf","B","Plxna4",0.5
"42062","Ctcf","B","Polr1a",0.5
"42097","Ctcf","B","Pou2f2",0.5
"42098","Ctcf","B","Pou2f3",0.5
"42110","Ctcf","B","Ppargc1b",0.5
"42179","Ctcf","B","Ppp2r2c",0.5
"42205","Ctcf","B","Prdm11",0.5
"42209","Ctcf","B","Prdm16",0.5
"42210","Ctcf","B","Prdm2",0.5
"42228","Ctcf","B","Prex1",0.5
"42233","Ctcf","B","Prickle2",0.5
"42245","Ctcf","B","Prkag2",0.5
"42250","Ctcf","B","Prkcb",0.5
"42252","Ctcf","B","Prkce",0.5
"42254","Ctcf","B","Prkch",0.5
"42258","Ctcf","B","Prkcz",0.5
"42322","Ctcf","B","Prrc2b",0.5
"42356","Ctcf","B","Psd3",0.5
"42372","Ctcf","B","Psmb7",0.5
"42429","Ctcf","B","Ptk2b",0.5
"42449","Ctcf","B","Ptpn3",0.5
"42451","Ctcf","B","Ptpn5",0.5
"42459","Ctcf","B","Ptpre",0.5
"42464","Ctcf","B","Ptprm",0.5
"42469","Ctcf","B","Ptprs",0.5
"42494","Ctcf","B","Pxn",0.5
"42531","Ctcf","B","Rab11fip4",0.5
"42582","Ctcf","B","Rabgap1l",0.5
"42595","Ctcf","B","Rad51b",0.5
"42608","Ctcf","B","Rai1",0.5
"42617","Ctcf","B","Ralgps1",0.5
"42636","Ctcf","B","Rap1gap2",0.5
"42640","Ctcf","B","Rapgef1",0.5
"42642","Ctcf","B","Rapgef4",0.5
"42662","Ctcf","B","Rasgrf1",0.5
"42691","Ctcf","B","Rbfox3",0.5
"42699","Ctcf","B","Rbm19",0.5
"42710","Ctcf","A","Rbm39",-1
"42719","Ctcf","B","Rbms1",0.5
"42721","Ctcf","A","Rbms3",-1
"42728","Ctcf","B","Rbpj",0.5
"42757","Ctcf","B","Rdx",0.5
"42781","Ctcf","B","Rere",0.5
"42838","Ctcf","B","Rgs9",0.5
"42848","Ctcf","B","Rhcg",0.5
"42882","Ctcf","B","Rin3",0.5
"42892","Ctcf","B","Ripor1",0.5
"42962","Ctcf","B","Rnf220",0.5
"42983","Ctcf","B","Robo1",0.5
"42992","Ctcf","B","Ror2",0.5
"42997","Ctcf","B","Rp1",0.5
"43024","Ctcf","B","Rpl3",0.5
"43068","Ctcf","B","Rps6ka2",0.5
"43088","Ctcf","B","Rrbp1",0.5
"43170","Ctcf","B","Ryr3",0.5
"43176","Ctcf","A","S100z",-1
"43194","Ctcf","B","Samd4a",0.5
"43206","Ctcf","B","Sardh",0.5
"43266","Ctcf","B","Scn5a",0.5
"43305","Ctcf","B","Sdk1",0.5
"43306","Ctcf","B","Sdk2",0.5
"43312","Ctcf","B","Sec14l1",0.5
"43350","Ctcf","B","Sema4b",0.5
"43356","Ctcf","B","Sema5b",0.5
"43358","Ctcf","B","Sema6b",0.5
"43378","Ctcf","B","Septin9",0.5
"43382","Ctcf","B","Sergef",0.5
"43437","Ctcf","B","Sez6l",0.5
"43508","Ctcf","B","Sh3kbp1",0.5
"43509","Ctcf","B","Sh3pxd2a",0.5
"43510","Ctcf","B","Sh3pxd2b",0.5
"43518","Ctcf","B","Shank2",0.5
"43569","Ctcf","B","Sipa1l3",0.5
"43662","Ctcf","B","Slc22a23",0.5
"43737","Ctcf","B","Slc29a3",0.5
"43818","Ctcf","B","Slc44a3",0.5
"43837","Ctcf","B","Slc4a8",0.5
"43864","Ctcf","B","Slc6a6",0.5
"43882","Ctcf","B","Slc9a1",0.5
"43901","Ctcf","B","Slco3a1",0.5
"43910","Ctcf","B","Slit1",0.5
"43934","Ctcf","B","Smarca2",0.5
"43940","Ctcf","B","Smarcc2",0.5
"43960","Ctcf","B","Smg6",0.5
"43991","Ctcf","B","Smyd2",0.5
"43992","Ctcf","B","Smyd3",0.5
"44040","Ctcf","B","Snx18",0.5
"44071","Ctcf","B","Sorbs1",0.5
"44074","Ctcf","B","Sorcs2",0.5
"44077","Ctcf","B","Sorl1",0.5
"44154","Ctcf","B","Speg",0.5
"44163","Ctcf","B","Spin1",0.5
"44178","Ctcf","B","Spock1",0.5
"44204","Ctcf","B","Sptb",0.5
"44207","Ctcf","B","Sptbn4",0.5
"44218","Ctcf","B","Src",0.5
"44230","Ctcf","B","Srgap3",0.5
"44235","Ctcf","B","Srpk2",0.5
"44284","Ctcf","B","St18",0.5
"44285","Ctcf","B","St3gal1",0.5
"44307","Ctcf","A","Stab2",-1
"44311","Ctcf","B","Stag1",0.5
"44344","Ctcf","B","Stk10",0.5
"44345","Ctcf","B","Stk11",0.5
"44359","Ctcf","B","Stk39",0.5
"44418","Ctcf","B","Sulf1",0.5
"44419","Ctcf","B","Sulf2",0.5
"44447","Ctcf","B","Sv2b",0.5
"44450","Ctcf","B","Svil",0.5
"44467","Ctcf","B","Syn3",0.5
"44470","Ctcf","B","Syne1",0.5
"44471","Ctcf","B","Syne2",0.5
"44513","Ctcf","B","Tacc1",0.5
"44514","Ctcf","B","Tacc2",0.5
"44541","Ctcf","B","Tafa5",0.5
"44575","Ctcf","B","Tbc1d1",0.5
"44580","Ctcf","A","Tbc1d14",1
"44651","Ctcf","B","Tcf4",0.5
"44652","Ctcf","B","Tcf7l1",0.5
"44670","Ctcf","B","Tdrd7",0.5
"44693","Ctcf","B","Tenm4",0.5
"44740","Ctcf","B","Tfeb",0.5
"44769","Ctcf","B","Thada",0.5
"44795","Ctcf","B","Thsd4",0.5
"44801","Ctcf","B","Tiam2",0.5
"44823","Ctcf","B","Tiprl",0.5
"44840","Ctcf","B","Tle3",0.5
"44847","Ctcf","B","Tll2",0.5
"44849","Ctcf","B","Tln2",0.5
"44916","Ctcf","B","Tmem131l",0.5
"44917","Ctcf","B","Tmem132b",0.5
"44937","Ctcf","B","Tmem163",0.5
"44995","Ctcf","B","Tmem260",0.5
"45112","Ctcf","B","Tnr",0.5
"45117","Ctcf","B","Tns1",0.5
"45119","Ctcf","B","Tns3",0.5
"45126","Ctcf","B","Tom1l2",0.5
"45146","Ctcf","B","Tox2",0.5
"45159","Ctcf","B","Tpd52",0.5
"45175","Ctcf","B","Tprg1",0.5
"45208","Ctcf","B","Trappc9",0.5
"45228","Ctcf","B","Trim2",0.5
"45263","Ctcf","B","Trio",0.5
"45289","Ctcf","B","Trpc6",0.5
"45328","Ctcf","B","Tspan14",0.5
"45331","Ctcf","B","Tspan18",0.5
"45377","Ctcf","B","Ttc7a",0.5
"45394","Ctcf","B","Ttll5",0.5
"45481","Ctcf","B","Ubash3b",0.5
"45660","Ctcf","B","Usp7",0.5
"45697","Ctcf","B","Vav2",0.5
"45718","Ctcf","B","Vgll4",0.5
"45859","Ctcf","B","Wfs1",0.5
"45863","Ctcf","B","Wipf1",0.5
"45864","Ctcf","B","Wipf2",0.5
"45871","Ctcf","B","Wnk2",0.5
"45882","Ctcf","B","Wnt5b",0.5
"45898","Ctcf","B","Wwc1",0.5
"45934","Ctcf","B","Xxylt1",0.5
"45936","Ctcf","B","Xylt1",0.5
"45983","Ctcf","B","Zbtb16",0.5
"45987","Ctcf","B","Zbtb20",0.5
"46004","Ctcf","B","Zbtb7c",0.5
"46069","Ctcf","B","Zfat",0.5
"46111","Ctcf","B","Zmiz1",0.5
"46152","Ctcf","B","Znf329",0.5
"46162","Ctcf","B","Znf365",0.5
"46169","Ctcf","B","Zfp398",0.5
"46170","Ctcf","B","Zfp407",0.5
"46172","Ctcf","B","Znf423",0.5
"46176","Ctcf","A","Znf462",-1
"46245","Ctcf","A","Znhit2",-1
"47356","E2f1","A","Aars1",1
"47360","E2f1","A","Abca1",1
"47386","E2f1","B","Acap3",0.5
"47402","E2f1","A","Acsl1",1
"47415","E2f1","A","Actr2",1
"47505","E2f1","A","Ak3",1
"47532","E2f1","A","Alox5ap",1
"47547","E2f1","A","Ampd3",1
"47550","E2f1","B","Anapc5",0.5
"47558","E2f1","A","Ankrd16",1
"47570","E2f1","B","Ano10",0.5
"47578","E2f1","B","Anxa2",0.5
"47583","E2f1","B","Ap2a1",0.5
"47606","E2f1","B","Apold1",0.5
"47639","E2f1","A","Arhgef17",1
"47645","E2f1","B","Arid1a",0.5
"47646","E2f1","B","Arid1b",0.5
"47649","E2f1","A","Arl10",1
"47661","E2f1","A","Armc8",1
"47667","E2f1","B","Arpc5l",0.5
"47668","E2f1","B","Arrdc3",0.5
"47682","E2f1","A","Ascc2",1
"47706","E2f1","B","Atg16l2",0.5
"47709","E2f1","B","Atox1",0.5
"47753","E2f1","B","B9d1",0.5
"47788","E2f1","B","Bcor",0.5
"47791","E2f1","A","Bdh1",1
"47797","E2f1","B","Bfsp1",0.5
"47799","E2f1","A","Bhlhe40",1
"47803","E2f1","B","Bicral",0.5
"47807","E2f1","B","Blm",0.5
"47811","E2f1","A","Blvra",1
"47836","E2f1","A","Brd2",1
"47974","E2f1","B","Canx",0.5
"47994","E2f1","A","Casr",1
"47996","E2f1","B","Cast",0.5
"48007","E2f1","B","Cbr3",0.5
"48008","E2f1","A","Cbs",1
"48080","E2f1","A","Cd72",1
"48093","E2f1","B","Cdc42ep4",0.5
"48099","E2f1","B","Cdca7l",0.5
"48103","E2f1","A","Cdh20",1
"48106","E2f1","A","Cdh5",1
"48137","E2f1","A","Celf1",1
"48174","E2f1","B","Cfl1",0.5
"48187","E2f1","B","Chd9",0.5
"48190","E2f1","A","Chka",1
"48223","E2f1","B","Clasp1",0.5
"48224","E2f1","A","Clasp2",1
"48231","E2f1","A","Cldn23",1
"48233","E2f1","A","Cldn5",1
"48237","E2f1","B","Clip1",0.5
"48263","E2f1","A","Cnih4",1
"48314","E2f1","A","Coq2",1
"48321","E2f1","A","Cox15",1
"48339","E2f1","B","Cpt1a",0.5
"48362","E2f1","A","Csrnp3",1
"48369","E2f1","B","Ctbp2",0.5
"48385","E2f1","A","Cul5",1
"48394","E2f1","B","Cxxc5",0.5
"48413","E2f1","B","Cyrib",0.5
"48437","E2f1","B","Dcakd",0.5
"48440","E2f1","A","Dclre1c",1
"48453","E2f1","A","Ddit4",1
"48471","E2f1","B","Dennd2b",0.5
"48500","E2f1","A","Diras2",1
"48510","E2f1","B","Dlg4",0.5
"48564","E2f1","A","Dpf2",1
"48587","E2f1","B","Dse",0.5
"48623","E2f1","B","Eef1a1",0.5
"48633","E2f1","B","Efna5",0.5
"48637","E2f1","A","Egfr",1
"48639","E2f1","B","Egln3",0.5
"48652","E2f1","A","Eif3a",1
"48670","E2f1","B","Elf2",0.5
"48697","E2f1","A","Enpep",1
"48734","E2f1","A","Ercc8",1
"48740","E2f1","B","Eri2",0.5
"48805","E2f1","A","Fam184a",1
"48825","E2f1","B","Fam81a",0.5
"48879","E2f1","A","Fh",1
"48889","E2f1","B","Fkbp5",0.5
"48912","E2f1","B","Fndc3b",0.5
"48917","E2f1","A","Foxa2",1
"48941","E2f1","B","Fut8",0.5
"48963","E2f1","A","Galc",1
"48982","E2f1","A","Gata3",1
"48985","E2f1","B","Gatad2a",0.5
"48998","E2f1","B","Gdap1",0.5
"49021","E2f1","B","Gins1",0.5
"49029","E2f1","B","Gli3",0.5
"49056","E2f1","A","Gnl3",1
"49088","E2f1","A","Gpr158",1
"49117","E2f1","A","Grik5",1
"49126","E2f1","B","Gse1",0.5
"49166","E2f1","A","Hat1",1
"49182","E2f1","B","Hdlbp",0.5
"49190","E2f1","B","Herc3",0.5
"49193","E2f1","A","Herpud1",1
"49201","E2f1","A","Hfe",1
"49214","E2f1","A","Hivep1",1
"49215","E2f1","B","Hivep2",0.5
"49248","E2f1","B","Hook2",0.5
"49291","E2f1","A","Hspd1",1
"49309","E2f1","B","Id3",0.5
"49313","E2f1","A","Ier3",1
"49321","E2f1","A","Ift80",1
"49326","E2f1","B","Igf2bp2",0.5
"49341","E2f1","A","Il12rb1",1
"49383","E2f1","B","Iqcj",0.5
"49385","E2f1","A","Iqck",1
"49393","E2f1","A","Irf4",1
"49397","E2f1","B","Irs1",0.5
"49411","E2f1","A","Itgal",1
"49413","E2f1","B","Itgb1",0.5
"49430","E2f1","B","Jade2",0.5
"49437","E2f1","B","Jmjd1c",0.5
"49439","E2f1","A","Jph2",1
"49441","E2f1","B","Jund",0.5
"49450","E2f1","B","Kbtbd2",0.5
"49456","E2f1","A","Kcng4",1
"49464","E2f1","A","Kcnj16",1
"49465","E2f1","A","Kcnj2",1
"49482","E2f1","B","Kctd15",0.5
"49492","E2f1","A","Kdm4c",1
"49508","E2f1","B","Kiaa1522",0.5
"49515","E2f1","B","Kif18a",0.5
"49518","E2f1","A","Kif24",1
"49532","E2f1","A","Klf10",1
"49597","E2f1","A","Krt75",1
"49651","E2f1","B","Lig1",0.5
"49659","E2f1","A","Lingo1",1
"49670","E2f1","B","Lmnb1",0.5
"49672","E2f1","A","Lmo1",1
"49677","E2f1","B","Lnpep",0.5
"49724","E2f1","B","Ltbp3",0.5
"49725","E2f1","B","Ltbp4",0.5
"49735","E2f1","A","Lyplal1",1
"49765","E2f1","B","Man2a1",0.5
"49775","E2f1","A","Map2k6",1
"49779","E2f1","A","Map3k14",1
"49830","E2f1","B","Mcm2",0.5
"49832","E2f1","A","Mcm9",1
"49833","E2f1","B","Mcmbp",0.5
"49834","E2f1","A","Mcmdc2",1
"49864","E2f1","B","Meis2",0.5
"49867","E2f1","A","Memo1",1
"49886","E2f1","B","Mgat1",0.5
"49890","E2f1","B","Mgrn1",0.5
"49893","E2f1","B","Mib1",0.5
"49896","E2f1","B","Mical3",0.5
"49909","E2f1","A","Mipep",1
"49954","E2f1","A","Mpped2",1
"49956","E2f1","A","Mpst",1
"49959","E2f1","A","Mras",1
"50029","E2f1","A","Mxi1",1
"50044","E2f1","B","Myo10",0.5
"50048","E2f1","B","Myo1c",0.5
"50102","E2f1","B","Ncapg2",0.5
"50113","E2f1","A","Ndc1",1
"50114","E2f1","B","Ndc80",0.5
"50115","E2f1","B","Ndrg1",0.5
"50125","E2f1","A","Ndufab1",1
"50127","E2f1","A","Ndufaf6",1
"50146","E2f1","B","Nek2",0.5
"50147","E2f1","A","Nek4",1
"50164","E2f1","B","Nfe2l2",0.5
"50166","E2f1","B","Nfia",0.5
"50167","E2f1","B","Nfib",0.5
"50168","E2f1","B","Nfic",0.5
"50180","E2f1","B","Niban2",0.5
"50186","E2f1","B","Nipbl",0.5
"50190","E2f1","B","Nkiras1",0.5
"50197","E2f1","A","Nlrp5",1
"50230","E2f1","B","Nqo2",0.5
"50236","E2f1","B","Nr3c1",0.5
"50237","E2f1","B","Nr4a2",0.5
"50249","E2f1","B","Nrsn2",0.5
"50265","E2f1","A","Ntng2",1
"50281","E2f1","B","Nup153",0.5
"50296","E2f1","A","Oca2",1
"50328","E2f1","A","Osr1",1
"50365","E2f1","A","Pald1",1
"50388","E2f1","A","Pax2",1
"50400","E2f1","A","Pcbd2",1
"50401","E2f1","B","Pcbp1",0.5
"50433","E2f1","B","Pde8a",0.5
"50436","E2f1","B","Pdgfa",0.5
"50446","E2f1","A","Pdxk",1
"50452","E2f1","A","Peg3",1
"50456","E2f1","B","Per1",0.5
"50499","E2f1","A","Phldb1",1
"50514","E2f1","A","Pigu",1
"50522","E2f1","A","Pik3r5",1
"50542","E2f1","B","Pkmyt1",0.5
"50548","E2f1","B","Pkp4",0.5
"50556","E2f1","A","Plaur",1
"50563","E2f1","B","Plec",0.5
"50567","E2f1","A","Plekhb1",1
"50569","E2f1","A","Plekhf2",1
"50613","E2f1","A","Polr3a",1
"50621","E2f1","A","Pou2af1",1
"50631","E2f1","B","Ppat",0.5
"50656","E2f1","A","Ppp2r2d",1
"50671","E2f1","A","Prdm1",1
"50684","E2f1","A","Prim2",1
"50695","E2f1","A","Prkdc",1
"50711","E2f1","B","Prpsap1",0.5
"50749","E2f1","B","Ptch1",0.5
"50791","E2f1","B","Qser1",0.5
"50808","E2f1","B","Rab27a",0.5
"50813","E2f1","A","Rab40c",1
"50824","E2f1","A","Rad18",1
"50836","E2f1","B","Rai1",0.5
"50842","E2f1","A","Ralgds",1
"50868","E2f1","A","Rassf8",1
"50894","E2f1","B","Rcc1",0.5
"50895","E2f1","B","Rcc2",0.5
"50910","E2f1","B","Rere",0.5
"50917","E2f1","A","Rfc2",1
"50991","E2f1","A","Rnf128",1
"51004","E2f1","B","Rnf38",0.5
"51036","E2f1","B","Rprd2",0.5
"51057","E2f1","A","Rtn4",1
"51071","E2f1","A","Rxrg",1
"51084","E2f1","B","Samd11",0.5
"51094","E2f1","B","Satb2",0.5
"51098","E2f1","B","Scaf11",0.5
"51106","E2f1","A","Scarf1",1
"51118","E2f1","A","Scn8a",1
"51128","E2f1","B","Sdc1",0.5
"51137","E2f1","B","Sec22c",0.5
"51156","E2f1","A","Sephs1",1
"51164","E2f1","B","Septin9",0.5
"51166","E2f1","B","Serbp1",0.5
"51167","E2f1","B","Serf2",0.5
"51169","E2f1","B","Serp1",0.5
"51182","E2f1","B","Sertad2",0.5
"51188","E2f1","B","Setd7",0.5
"51190","E2f1","A","Sez6l2",1
"51204","E2f1","B","Sgk3",0.5
"51205","E2f1","B","Sgms1",0.5
"51209","E2f1","B","Sgsm2",0.5
"51268","E2f1","A","Slc14a2",1
"51278","E2f1","B","Slc1a5",0.5
"51292","E2f1","B","Slc25a12",0.5
"51295","E2f1","B","Slc25a25",0.5
"51321","E2f1","A","Slc35f3",1
"51322","E2f1","A","Slc35g1",1
"51327","E2f1","B","Slc38a1",0.5
"51328","E2f1","B","Slc38a2",0.5
"51336","E2f1","B","Slc3a2",0.5
"51356","E2f1","A","Slc6a19",1
"51376","E2f1","A","Slx4",1
"51379","E2f1","B","Smad3",0.5
"51381","E2f1","B","Smad6",0.5
"51385","E2f1","B","Smarca2",0.5
"51415","E2f1","A","Sntb2",1
"51428","E2f1","B","Snx8",0.5
"51432","E2f1","A","Socs2",1
"51435","E2f1","B","Sod2",0.5
"51445","E2f1","B","Sox12",0.5
"51451","E2f1","A","Sp110",1
"51454","E2f1","B","Spag1",0.5
"51468","E2f1","B","Specc1",0.5
"51484","E2f1","A","Spock1",1
"51492","E2f1","B","Sptbn1",0.5
"51513","E2f1","B","Ssbp4",0.5
"51519","E2f1","A","Sstr1",1
"51524","E2f1","A","St13",1
"51535","E2f1","A","Stam",1
"51570","E2f1","A","Stx11",1
"51584","E2f1","A","Suclg1",1
"51612","E2f1","A","Syne2",1
"51642","E2f1","B","Taf15",0.5
"51644","E2f1","B","Taf1d",0.5
"51647","E2f1","A","Taf5l",1
"51674","E2f1","A","Tbc1d16",1
"51682","E2f1","B","Tbc1d8",0.5
"51705","E2f1","B","Tead1",0.5
"51727","E2f1","B","Tfap4",0.5
"51738","E2f1","B","Tgif1",0.5
"51751","E2f1","A","Thoc5",1
"51764","E2f1","B","Tipin",0.5
"51774","E2f1","B","Tle3",0.5
"51788","E2f1","A","Tmbim1",1
"51789","E2f1","B","Tmbim6",0.5
"51800","E2f1","A","Tmco5a",1
"51813","E2f1","A","Tmem132a",1
"51841","E2f1","A","Tmem47",1
"51853","E2f1","B","Tmpo",0.5
"51877","E2f1","B","Tnpo1",0.5
"51879","E2f1","B","Tnrc18",0.5
"51884","E2f1","B","Tob2",0.5
"51891","E2f1","A","Tor1b",1
"51904","E2f1","B","Tpra1",0.5
"51911","E2f1","B","Traf3ip2",0.5
"51917","E2f1","B","Trappc9",0.5
"51918","E2f1","A","Trerf1",1
"51934","E2f1","B","Trio",0.5
"51940","E2f1","A","Trit1",1
"51947","E2f1","A","Trpm2",1
"51953","E2f1","B","Tsga10",0.5
"51974","E2f1","B","Ttc7a",0.5
"51976","E2f1","B","Ttf2",0.5
"51996","E2f1","B","Tusc1",0.5
"52004","E2f1","A","Txndc15",1
"52036","E2f1","A","Ubn1",1
"52037","E2f1","A","Ubp1",1
"52047","E2f1","B","Uck2",0.5
"52056","E2f1","B","Uimc1",0.5
"52084","E2f1","B","Usp39",0.5
"52099","E2f1","A","Utrn",1
"52109","E2f1","B","Vav2",0.5
"52114","E2f1","A","Vcp",1
"52119","E2f1","B","Veph1",0.5
"52121","E2f1","B","Vgll4",0.5
"52129","E2f1","A","Vmp1",1
"52135","E2f1","B","Vps26c",0.5
"52138","E2f1","A","Vps35l",1
"52176","E2f1","A","Wdr25",1
"52200","E2f1","B","Wnk1",0.5
"52235","E2f1","A","Yme1l1",1
"52241","E2f1","B","Ywhaz",0.5
"52244","E2f1","B","Zbtb14",0.5
"52250","E2f1","B","Zbtb7b",0.5
"52270","E2f1","B","Zcwpw1",0.5
"52294","E2f1","B","Zmiz1",0.5
"52298","E2f1","A","Zmym2",1
"52306","E2f1","B","Znf131",0.5
"52315","E2f1","B","Znf280d",0.5
"52317","E2f1","A","Zfp292",1
"52346","E2f1","A","Znf654",1
"52433","E2f2","B","Foxm1",0.5
"52583","E2f4","B","Abca7",0.5
"52638","E2f4","B","Actb",0.5
"52644","E2f4","A","Actr5",1
"52698","E2f4","B","Agfg2",0.5
"52705","E2f4","B","Agpat3",0.5
"52744","E2f4","A","Aldh5a1",1
"52745","E2f4","B","Aldoa",0.5
"52773","E2f4","B","Anapc5",0.5
"52798","E2f4","A","Anln",1
"52800","E2f4","B","Anp32b",0.5
"52802","E2f4","A","Antkmt",1
"52836","E2f4","A","Aprt",1
"52851","E2f4","B","Arhgap21",0.5
"52862","E2f4","B","Arhgef39",0.5
"52864","E2f4","B","Arid1a",0.5
"52919","E2f4","B","Aspm",0.5
"52923","E2f4","B","Atad2",0.5
"52935","E2f4","B","Atg16l1",0.5
"53010","E2f4","A","Bach1",1
"53035","E2f4","A","Bcl11a",1
"53039","E2f4","B","Bcl2l11",0.5
"53040","E2f4","B","Bcl2l12",0.5
"53044","E2f4","B","Bcor",0.5
"53045","E2f4","B","Bcr",0.5
"53051","E2f4","B","Bhlhe40",0.5
"53091","E2f4","B","Brca2",0.5
"53092","E2f4","B","Brd2",0.5
"53098","E2f4","B","Brip1",0.5
"53209","E2f4","A","Calr",1
"53217","E2f4","B","Cand1",0.5
"53231","E2f4","B","Cars1",0.5
"53240","E2f4","A","Cav1",1
"53251","E2f4","B","Cbx3",0.5
"53300","E2f4","B","Ccnd3",0.5
"53302","E2f4","B","Ccne2",0.5
"53303","E2f4","B","Ccnf",0.5
"53304","E2f4","B","Ccng2",0.5
"53320","E2f4","B","Cct5",0.5
"53350","E2f4","A","Cdc37l1",1
"53355","E2f4","A","Cdc45",1
"53358","E2f4","B","Cdca2",0.5
"53360","E2f4","B","Cdca5",0.5
"53372","E2f4","B","Cdk19",0.5
"53397","E2f4","B","Cenpa",0.5
"53400","E2f4","A","Cenpe",1
"53404","E2f4","B","Cenpj",0.5
"53406","E2f4","B","Cenpm",0.5
"53411","E2f4","B","Cenpu",0.5
"53418","E2f4","B","Cep152",0.5
"53426","E2f4","B","Cep57",0.5
"53457","E2f4","B","Cggbp1",0.5
"53476","E2f4","B","Chd9",0.5
"53504","E2f4","A","Cib2",1
"53506","E2f4","B","Cic",0.5
"53512","E2f4","B","Cit",0.5
"53518","E2f4","B","Ckap5",0.5
"53537","E2f4","B","Clk3",0.5
"53574","E2f4","B","Cnot8",0.5
"53575","E2f4","B","Cnot9",0.5
"53601","E2f4","B","Comtd1",0.5
"53653","E2f4","A","Creg1",1
"53667","E2f4","A","Cse1l",1
"53683","E2f4","B","Ctdspl2",0.5
"53684","E2f4","A","Cth",1
"53701","E2f4","A","Cutc",1
"53704","E2f4","B","Cxxc5",0.5
"53733","E2f4","A","Dbf4",1
"53773","E2f4","B","Ddx39a",0.5
"53775","E2f4","B","Ddx3x",0.5
"53798","E2f4","B","Depdc1b",0.5
"53801","E2f4","A","Derl2",1
"53823","E2f4","B","Dhx15",0.5
"53838","E2f4","B","Dip2a",0.5
"53847","E2f4","B","Dlgap5",0.5
"53862","E2f4","B","Dna2",0.5
"53926","E2f4","B","DSCC1",0.5
"53950","E2f4","A","Dut",1
"53968","E2f4","A","E2f8",1
"53969","E2f4","B","E4f1",0.5
"54003","E2f4","B","Efhd2",0.5
"54016","E2f4","B","Ehd1",0.5
"54027","E2f4","A","Eif2b2",1
"54050","E2f4","A","Eif4h",1
"54058","E2f4","B","Elf2",0.5
"54073","E2f4","B","Elp5",0.5
"54077","E2f4","B","Emc3",0.5
"54083","E2f4","B","Eml2",0.5
"54128","E2f4","B","Ergic1",0.5
"54132","E2f4","B","Eri2",0.5
"54148","E2f4","B","Esyt1",0.5
"54160","E2f4","B","Exo1",0.5
"54172","E2f4","B","Exosc8",0.5
"54179","E2f4","B","Faap100",0.5
"54184","E2f4","B","Fads2",0.5
"54194","E2f4","B","Fam111a",0.5
"54214","E2f4","A","Fam210b",1
"54228","E2f4","B","Fam53c",0.5
"54239","E2f4","B","Fanca",0.5
"54240","E2f4","A","Fancc",1
"54249","E2f4","B","Fasn",0.5
"54261","E2f4","B","Fbxl19",0.5
"54262","E2f4","B","Fbxl20",0.5
"54265","E2f4","B","Fbxl5",0.5
"54291","E2f4","B","Fdxr",0.5
"54308","E2f4","B","Fhod1",0.5
"54314","E2f4","B","Fiz1",0.5
"54321","E2f4","B","Fkbp5",0.5
"54323","E2f4","B","Flad1",0.5
"54357","E2f4","B","Foxo3",0.5
"54366","E2f4","B","Fscn1",0.5
"54369","E2f4","A","Fst",1
"54393","E2f4","A","Gabpa",1
"54398","E2f4","A","Gadd45a",1
"54449","E2f4","B","Gen1",0.5
"54462","E2f4","B","Ggh",0.5
"54469","E2f4","A","Gins1",1
"54509","E2f4","A","Gnas",1
"54522","E2f4","A","Gnptg",1
"54536","E2f4","A","Gpank1",1
"54549","E2f4","B","Gpr137",0.5
"54585","E2f4","B","Gse1",0.5
"54597","E2f4","B","Gtf2a1",0.5
"54608","E2f4","B","Gtpbp3",0.5
"54616","E2f4","B","H1-2",0.5
"54624","E2f4","A","H2az1",1
"54628","E2f4","B","H2bc14",0.5
"54629","E2f4","B","Hist1h2bp",0.5
"54639","E2f4","A","Haghl",1
"54644","E2f4","B","Haus3",0.5
"54667","E2f4","B","Hells",0.5
"54673","E2f4","B","Hes1",0.5
"54706","E2f4","B","Hmbs",0.5
"54709","E2f4","B","Hmgb2",0.5
"54710","E2f4","A","Hmgb3",1
"54713","E2f4","A","Hmmr",1
"54721","E2f4","B","Hnrnpa0",0.5
"54724","E2f4","B","Hnrnpab",0.5
"54725","E2f4","A","Hnrnpd",1
"54727","E2f4","B","Hnrnpf",0.5
"54730","E2f4","B","Hnrnpl",0.5
"54735","E2f4","B","Hnrnpul1",0.5
"54793","E2f4","B","Icam5",0.5
"54804","E2f4","B","Ier5",0.5
"54806","E2f4","A","Ifnar2",1
"54816","E2f4","B","Igf2bp2",0.5
"54824","E2f4","A","Ikbkg",-1
"54861","E2f4","B","Ing2",0.5
"54863","E2f4","B","Ing5",0.5
"54886","E2f4","B","Ipo11",0.5
"54898","E2f4","B","Iqgap3",0.5
"54906","E2f4","B","Irf2bp2",0.5
"54929","E2f4","A","Itgb3bp",1
"54942","E2f4","B","Jade1",0.5
"54943","E2f4","B","Jade2",0.5
"54970","E2f4","A","Katnal1",-1
"54972","E2f4","B","Kazald1",0.5
"54979","E2f4","B","Kcnab2",0.5
"55011","E2f4","A","Kdm6a",1
"55029","E2f4","B","Kif11",0.5
"55034","E2f4","B","Kif18b",0.5
"55036","E2f4","B","Kif20a",0.5
"55056","E2f4","A","Klf10",1
"55075","E2f4","B","Klhl25",0.5
"55097","E2f4","B","Kmt5c",0.5
"55103","E2f4","B","Kpnb1",0.5
"55160","E2f4","A","Lgals1",1
"55167","E2f4","B","Lig1",0.5
"55183","E2f4","B","Lmnb1",0.5
"55202","E2f4","B","Lrp4",0.5
"55208","E2f4","B","Lrrc14",0.5
"55247","E2f4","A","Luc7l",-1
"55264","E2f4","B","Mad2l1bp",0.5
"55265","E2f4","B","Mad2l2",0.5
"55266","E2f4","B","Maea",0.5
"55321","E2f4","A","Mapre1",1
"55347","E2f4","A","Mbp",1
"55356","E2f4","B","Mcm4",0.5
"55357","E2f4","A","Mcm6",1
"55379","E2f4","B","Med15",0.5
"55411","E2f4","B","Mfsd12",0.5
"55425","E2f4","B","Mgrn1",0.5
"55436","E2f4","B","Mideas",0.5
"55437","E2f4","B","Midn",0.5
"55460","E2f4","B","Mllt11",0.5
"55468","E2f4","B","Mms22l",0.5
"55473","E2f4","B","Mnt",0.5
"55547","E2f4","A","Msh2",1
"55596","E2f4","B","Mxi1",0.5
"55600","E2f4","B","Mybl1",0.5
"55603","E2f4","A","Mycl",1
"55612","E2f4","B","Myo18a",0.5
"55620","E2f4","B","Myo9b",0.5
"55663","E2f4","B","Ncapd2",0.5
"55664","E2f4","B","Ncapd3",0.5
"55675","E2f4","A","Ncl",1
"55730","E2f4","B","Nemp1",0.5
"55733","E2f4","B","Net1",0.5
"55745","E2f4","B","Nfatc2ip",0.5
"55750","E2f4","B","Nfic",0.5
"55753","E2f4","A","Nfkb2",1
"55804","E2f4","B","Nolc1",0.5
"55829","E2f4","B","Nr3c1",0.5
"55830","E2f4","B","Nr4a2",0.5
"55848","E2f4","B","Nsd2",0.5
"55878","E2f4","B","Nudt2",0.5
"55891","E2f4","B","Nup155",0.5
"55894","E2f4","B","Nup214",0.5
"55909","E2f4","A","Nxt1",1
"55919","E2f4","B","Odf2",0.5
"55926","E2f4","A","Ogfr",1
"55936","E2f4","A","Orc1",1
"55938","E2f4","B","Orc3",0.5
"55940","E2f4","B","Orc6",0.5
"56029","E2f4","B","Paxx",0.5
"56030","E2f4","B","Pbk",0.5
"56033","E2f4","B","Pc",0.5
"56046","E2f4","A","Pclaf",-1
"56094","E2f4","A","Pdxk",1
"56095","E2f4","A","Pdxp",1
"56172","E2f4","A","Pigq",1
"56186","E2f4","A","Pim2",1
"56188","E2f4","B","Pimreg",0.5
"56206","E2f4","B","Pkm",0.5
"56207","E2f4","B","Pkmyt1",0.5
"56208","E2f4","A","Pkn2",1
"56214","E2f4","B","Pla2g6",0.5
"56220","E2f4","A","Plcg1",1
"56226","E2f4","B","Plec",0.5
"56244","E2f4","A","Plscr1",1
"56254","E2f4","B","Pnkp",0.5
"56258","E2f4","B","Pnpla8",0.5
"56262","E2f4","B","Poc1a",0.5
"56270","E2f4","A","Pold2",1
"56284","E2f4","A","Polr2d",1
"56301","E2f4","B","Pou2f1",0.5
"56313","E2f4","A","Ppia",1
"56372","E2f4","A","Prim2",1
"56383","E2f4","A","Prkcsh",1
"56386","E2f4","B","Prkdc",0.5
"56429","E2f4","B","Psmc3ip",0.5
"56446","E2f4","B","Psmg3",0.5
"56449","E2f4","B","Pstk",0.5
"56450","E2f4","B","Ptbp1",0.5
"56454","E2f4","B","Ptch1",0.5
"56464","E2f4","A","Ptgs2",1
"56500","E2f4","B","Pusl1",0.5
"56516","E2f4","B","Qser1",0.5
"56523","E2f4","B","Rab11fip5",0.5
"56533","E2f4","B","Rab35",0.5
"56546","E2f4","A","Rabif",1
"56550","E2f4","B","Racgap1",0.5
"56552","E2f4","B","Rad21",0.5
"56560","E2f4","B","Rad54b",0.5
"56561","E2f4","B","Fsbp",0.5
"56562","E2f4","A","Rad54l",1
"56563","E2f4","B","Rad9a",0.5
"56572","E2f4","B","Ralgds",0.5
"56597","E2f4","B","Rassf1",0.5
"56604","E2f4","B","Raver1",0.5
"56615","E2f4","B","Rbm15",0.5
"56639","E2f4","B","Rccd1",0.5
"56653","E2f4","A","Rel",1
"56670","E2f4","A","Rfc2",1
"56677","E2f4","B","Rfwd3",0.5
"56679","E2f4","B","Rfx2",0.5
"56699","E2f4","B","Rhof",0.5
"56723","E2f4","B","Rmi2",0.5
"56799","E2f4","A","Rpl23a",1
"56822","E2f4","A","Rps15",1
"56831","E2f4","A","Rps4x",1
"56833","E2f4","A","Rps6",1
"56868","E2f4","B","Rtkn2",0.5
"56873","E2f4","B","Rttn",0.5
"56882","E2f4","B","Rusc1",0.5
"56898","E2f4","B","Sae1",0.5
"56905","E2f4","B","Samd4a",0.5
"56921","E2f4","A","Saysd1",1
"56970","E2f4","B","Sema4b",0.5
"56982","E2f4","B","Septin9",0.5
"56983","E2f4","B","Serbp1",0.5
"56989","E2f4","B","Sertad2",0.5
"57000","E2f4","B","Setd5",0.5
"57022","E2f4","B","Sfxn5",0.5
"57025","E2f4","B","Sgms1",0.5
"57026","E2f4","B","Sgo1",0.5
"57027","E2f4","B","Sgo2",0.5
"57045","E2f4","B","Shc1",0.5
"57065","E2f4","A","Sirpa",1
"57075","E2f4","B","Skida1",0.5
"57078","E2f4","A","Skp1",1
"57127","E2f4","A","Slc25a4",1
"57160","E2f4","B","Slc38a1",0.5
"57171","E2f4","B","Slc3a2",0.5
"57177","E2f4","A","Slc44a4",1
"57203","E2f4","A","Slco4a1",1
"57221","E2f4","B","Smarca2",0.5
"57222","E2f4","A","Smarca4",1
"57228","E2f4","B","Smc1a",0.5
"57235","E2f4","B","Smg9",0.5
"57255","E2f4","B","Snip1",0.5
"57258","E2f4","B","Snrnp25",0.5
"57290","E2f4","B","Socs2",0.5
"57295","E2f4","B","Sod2",0.5
"57312","E2f4","B","Spag5",0.5
"57323","E2f4","B","Spc24",0.5
"57360","E2f4","B","Sqstm1",0.5
"57362","E2f4","B","Srcap",0.5
"57377","E2f4","A","Srpra",1
"57381","E2f4","A","Srrm2",1
"57394","E2f4","A","Ss18l1",1
"57399","E2f4","B","Ssbp4",0.5
"57416","E2f4","A","Stam",1
"57436","E2f4","B","Stk3",0.5
"57474","E2f4","A","Suv39h1",1
"57480","E2f4","B","Syce2",0.5
"57516","E2f4","B","Taf5",0.5
"57542","E2f4","B","Tbc1d31",0.5
"57575","E2f4","B","Tdp1",0.5
"57581","E2f4","B","Tead4",0.5
"57607","E2f4","A","Tfam",1
"57610","E2f4","B","Tfap4",0.5
"57615","E2f4","A","Tfrc",1
"57635","E2f4","A","Thop1",1
"57640","E2f4","B","Tial1",0.5
"57642","E2f4","B","Ticrr",0.5
"57648","E2f4","B","Timm21",0.5
"57659","E2f4","B","Tlcd1",0.5
"57665","E2f4","B","Tle4",0.5
"57776","E2f4","A","Tmpo",1
"57797","E2f4","B","Tnpo1",0.5
"57810","E2f4","A","Top2a",1
"57824","E2f4","B","Tpd52l2",0.5
"57830","E2f4","B","Tpra1",0.5
"57841","E2f4","A","Traf2",1
"57842","E2f4","B","Traf3",0.5
"57855","E2f4","B","Trappc9",0.5
"57883","E2f4","B","Trip13",0.5
"57914","E2f4","A","Tsnax",1
"57941","E2f4","B","Ttf2",0.5
"57947","E2f4","B","Ttll4",0.5
"57966","E2f4","B","Tulp3",0.5
"58006","E2f4","B","Ube2m",0.5
"58012","E2f4","B","Ube2t",0.5
"58050","E2f4","B","Uhrf1",0.5
"58053","E2f4","B","Uimc1",0.5
"58058","E2f4","A","Umps",1
"58061","E2f4","A","Ung",1
"58063","E2f4","B","Unkl",0.5
"58089","E2f4","A","Usp25",1
"58104","E2f4","B","Usp5",0.5
"58121","E2f4","A","Vars2",1
"58129","E2f4","A","Vcp",1
"58137","E2f4","A","Vhl",1
"58152","E2f4","A","Vps4a",1
"58176","E2f4","B","Wdr18",0.5
"58214","E2f4","B","Wrap53",0.5
"58231","E2f4","B","Xpo1",0.5
"58267","E2f4","A","Ywhah",1
"58317","E2f4","B","Zdhhc5",0.5
"58340","E2f4","B","Zfyve21",0.5
"58358","E2f4","B","Znf131",0.5
"58375","E2f4","B","Znf263",0.5
"58392","E2f4","B","Znf367",0.5
"58818","E2f6","A","Depdc5",-1
"59180","E2f6","B","Znf131",0.5
"59266","E2f7","B","E2f8",0.5
"59479","E2f7","B","Uhrf1",0.5
"59599","Ebf1","B","Dennd3",0.5
"59637","Ebf1","B","Fli1",0.5
"59706","Ebf1","B","Lpp",0.5
"60007","Egr1","B","Abr",0.5
"60021","Egr1","B","Acap3",0.5
"60051","Egr1","B","Actb",0.5
"60053","Egr1","B","Actg1",0.5
"60058","Egr1","B","Actn1",0.5
"60107","Egr1","B","Adar",0.5
"60146","Egr1","B","Adgrv1",0.5
"60187","Egr1","B","Agap3",0.5
"60199","Egr1","B","Agpat3",0.5
"60203","Egr1","B","Agrn",0.5
"60213","Egr1","B","Ahdc1",0.5
"60216","Egr1","B","Ahrr",0.5
"60217","Egr1","B","Aida",0.5
"60314","Egr1","A","Angptl4",1
"60329","Egr1","B","Ankrd11",0.5
"60368","Egr1","B","Anp32b",0.5
"60401","Egr1","B","Ap3d1",0.5
"60412","Egr1","B","Apc2",0.5
"60460","Egr1","B","Arhgap26",0.5
"60474","Egr1","B","Arhgap45",0.5
"60479","Egr1","B","Arhgef1",0.5
"60486","Egr1","B","Arhgef17",0.5
"60489","Egr1","B","Arhgef2",0.5
"60499","Egr1","B","Arid1a",0.5
"60500","Egr1","B","Arid1b",0.5
"60502","Egr1","B","Arid3a",0.5
"60531","Egr1","B","Arpc5l",0.5
"60537","Egr1","B","Arrdc2",0.5
"60541","Egr1","B","Arsg",0.5
"60548","Egr1","B","Arvcf",0.5
"60572","Egr1","B","Aspscr1",0.5
"60580","Egr1","B","Atad2",0.5
"60608","Egr1","B","Atp1a1",0.5
"60673","Egr1","B","Axin2",0.5
"60709","Egr1","B","Bag6",0.5
"60710","Egr1","B","Bahcc1",0.5
"60711","Egr1","B","Bahd1",0.5
"60712","Egr1","B","Baiap2",0.5
"60715","Egr1","B","Baiap3",0.5
"60729","Egr1","B","Bbc3",0.5
"60764","Egr1","B","Bcor",0.5
"60784","Egr1","B","Bhlhe40",0.5
"60792","Egr1","B","Bicral",0.5
"60841","Egr1","B","Brd2",0.5
"60859","Egr1","B","Bsg",0.5
"60898","Egr1","B","Ag2",0.5
"61005","Egr1","B","Ca11",0.5
"61070","Egr1","B","Camk2b",0.5
"61079","Egr1","B","Camsap1",0.5
"61107","Egr1","B","Carm1",0.5
"61113","Egr1","B","Cars2",0.5
"61124","Egr1","B","Casz1",0.5
"61135","Egr1","B","Cbfa2t3",0.5
"61146","Egr1","B","Cbx4",0.5
"61149","Egr1","B","Cbx8",0.5
"61281","Egr1","A","Cd9",1
"61297","Egr1","B","Cdc42bpb",0.5
"61302","Egr1","B","Cdc42ep4",0.5
"61315","Egr1","A","Cdh13",1
"61345","Egr1","B","Cdk19",0.5
"61348","Egr1","A","Cdk5",1
"61370","Egr1","A","Cebpb",1
"61440","Egr1","B","Cfl1",0.5
"61454","Egr1","B","Chd2",0.5
"61456","Egr1","B","Chd4",0.5
"61460","Egr1","B","Chd9",0.5
"61464","Egr1","B","Chfr",0.5
"61480","Egr1","B","Chrac1",0.5
"61486","Egr1","B","Chrm4",0.5
"61521","Egr1","B","Cic",0.5
"61527","Egr1","B","Cirbp",0.5
"61537","Egr1","B","Clasp1",0.5
"61560","Egr1","B","Clec16a",0.5
"61573","Egr1","B","Clip2",0.5
"61695","Egr1","B","Colgalt1",0.5
"61746","Egr1","B","Cplx2",0.5
"61753","Egr1","B","Cpne7",0.5
"61768","Egr1","A","Crabp2",1
"61783","Egr1","B","Creb5",0.5
"61793","Egr1","B","Crip2",0.5
"61801","Egr1","B","Crtc1",0.5
"61838","Egr1","B","Ctbp1",0.5
"61845","Egr1","B","Ctdsp1",0.5
"61846","Egr1","B","Ctdsp2",0.5
"61876","Egr1","B","Cuedc1",0.5
"61899","Egr1","B","Cxxc5",0.5
"61956","Egr1","B","Dab2ip",0.5
"61972","Egr1","B","Dbn1",0.5
"62027","Egr1","B","Ddx3x",0.5
"62030","Egr1","B","Ddx5",0.5
"62046","Egr1","B","Dennd1a",0.5
"62078","Egr1","B","Dgkh",0.5
"62081","Egr1","B","Dgkz",0.5
"62095","Egr1","B","Dhx30",0.5
"62129","Egr1","B","Dlg4",0.5
"62134","Egr1","B","Dlgap4",0.5
"62177","Egr1","B","Dnajb12",0.5
"62188","Egr1","B","Dnajc22",0.5
"62202","Egr1","B","Dnm1",0.5
"62205","Egr1","B","Dnmt3a",0.5
"62230","Egr1","B","Dot1l",0.5
"62291","Egr1","B","Dusp22",0.5
"62337","Egr1","B","Ece1",0.5
"62359","Egr1","B","Eef1a1",0.5
"62381","Egr1","B","Efna3",0.5
"62394","Egr1","B","Ehbp1l1",0.5
"62395","Egr1","B","Ehd1",0.5
"62400","Egr1","B","Ehmt1",0.5
"62433","Egr1","B","Elf1",0.5
"62434","Egr1","B","Elf2",0.5
"62436","Egr1","B","Ell",0.5
"62495","Egr1","B","Epas1",0.5
"62507","Egr1","B","Epha2",0.5
"62530","Egr1","A","Epx",1
"62539","Egr1","B","Ercc1",0.5
"62543","Egr1","B","Erf",0.5
"62545","Egr1","B","Ergic1",0.5
"62577","Egr1","B","Etv4",0.5
"62619","Egr1","B","Faap20",0.5
"62643","Egr1","B","Fam117a",0.5
"62645","Egr1","B","Fam118a",0.5
"62659","Egr1","B","Fam13a",0.5
"62705","Egr1","B","Fam222b",0.5
"62740","Egr1","A","Fasn",1
"62757","Egr1","B","Fbrsl1",0.5
"62779","Egr1","B","Fbxo31",0.5
"62798","Egr1","B","Fcho1",0.5
"62823","Egr1","A","Fgf13",1
"62835","Egr1","B","Fgfrl1",0.5
"62859","Egr1","B","Fkbp2",0.5
"62861","Egr1","B","Fkbp5",0.5
"62901","Egr1","A","Fosl1",1
"62924","Egr1","B","Foxk1",0.5
"62957","Egr1","B","Fscn1",0.5
"63061","Egr1","B","Gata2",0.5
"63068","Egr1","B","Gatad2a",0.5
"63112","Egr1","B","Gga1",0.5
"63137","Egr1","B","Gipr",0.5
"63268","Egr1","B","Gpr153",0.5
"63300","Egr1","B","Gpx4",0.5
"63341","Egr1","B","Grk6",0.5
"63365","Egr1","B","Gse1",0.5
"63386","Egr1","B","Gtf2i",0.5
"63435","Egr1","B","Hbp1",0.5
"63444","Egr1","B","Hdac11",0.5
"63445","Egr1","B","Hdac4",0.5
"63477","Egr1","B","Hes3",0.5
"63507","Egr1","B","Hip1r",0.5
"63512","Egr1","B","Hivep1",0.5
"63513","Egr1","B","Hivep2",0.5
"63531","Egr1","B","Hmga1",0.5
"63547","Egr1","B","Hnrnpf",0.5
"63549","Egr1","B","Hnrnpl",0.5
"63553","Egr1","B","Hnrnpul1",0.5
"63557","Egr1","B","Hook2",0.5
"63585","Egr1","B","Hpcal1",0.5
"63633","Egr1","B","Hsp90ab1",0.5
"63680","Egr1","B","Ier2",0.5
"63694","Egr1","B","Ift140",0.5
"63707","Egr1","B","Igf2bp3",0.5
"63780","Egr1","B","Ing2",0.5
"63782","Egr1","B","Ing5",0.5
"63786","Egr1","B","Inka2",0.5
"63798","Egr1","B","Inppl1",0.5
"63804","Egr1","B","Insr",0.5
"63835","Egr1","B","Iqsec1",0.5
"63844","Egr1","B","Irf1",0.5
"63890","Egr1","B","Itgb2",0.5
"63900","Egr1","B","Itpk1",0.5
"63917","Egr1","B","Jade2",0.5
"63930","Egr1","B","Jarid2",0.5
"63947","Egr1","B","Jsrp1",0.5
"63950","Egr1","B","Jup",0.5
"63978","Egr1","B","Kcnab2",0.5
"63982","Egr1","B","Kcnc3",0.5
"63995","Egr1","B","Kcnh2",0.5
"64000","Egr1","A","Kcnh8",1
"64002","Egr1","B","Kcnip2",0.5
"64028","Egr1","B","Kcnn1",0.5
"64058","Egr1","B","Kdm2a",0.5
"64059","Egr1","B","Kdm2b",0.5
"64063","Egr1","B","Kdm4b",0.5
"64069","Egr1","B","Kdm6b",0.5
"64094","Egr1","B","Kiaa1522",0.5
"64132","Egr1","B","Klf10",0.5
"64135","Egr1","B","Klf13",0.5
"64137","Egr1","B","Klf16",0.5
"64138","Egr1","B","Klf2",0.5
"64142","Egr1","B","Klf9",0.5
"64157","Egr1","B","Klhl21",0.5
"64198","Egr1","B","Kpnb1",0.5
"64264","Egr1","B","Lasp1",0.5
"64308","Egr1","B","Lfng",0.5
"64329","Egr1","B","Lig1",0.5
"64357","Egr1","B","Lmna",0.5
"64363","Egr1","B","Lmo4",0.5
"64422","Egr1","B","Lrrc14",0.5
"64449","Egr1","B","Lrrc8a",0.5
"64473","Egr1","B","Lsr",0.5
"64474","Egr1","B","Lss",0.5
"64479","Egr1","B","Ltbp3",0.5
"64480","Egr1","B","Ltbp4",0.5
"64489","Egr1","B","Ly6e",0.5
"64527","Egr1","B","Mad1l1",0.5
"64568","Egr1","B","Map1lc3b",0.5
"64575","Egr1","B","Map3k11",0.5
"64577","Egr1","B","Map3k14",0.5
"64582","Egr1","B","Map3k6",0.5
"64679","Egr1","B","Mcrip1",0.5
"64689","Egr1","B","Mdga1",0.5
"64704","Egr1","B","Med15",0.5
"64717","Egr1","B","Mef2d",0.5
"64750","Egr1","B","Mex3b",0.5
"64751","Egr1","B","Mex3c",0.5
"64778","Egr1","B","Mgrn1",0.5
"64785","Egr1","B","Mical3",0.5
"64790","Egr1","B","Mideas",0.5
"64791","Egr1","B","Midn",0.5
"64813","Egr1","B","Mknk2",0.5
"64841","Egr1","B","Mnt",0.5
"64860","Egr1","B","Mov10",0.5
"64885","Egr1","B","Mrc2",0.5
"64898","Egr1","B","Mroh1",0.5
"65035","Egr1","B","Myo1c",0.5
"65074","Egr1","B","Nadk",0.5
"65126","Egr1","B","Ncor2",0.5
"65133","Egr1","B","Ndst1",0.5
"65141","Egr1","B","Ndufa4l2",0.5
"65184","Egr1","B","Neurl1",0.5
"65197","Egr1","B","Nfatc1",0.5
"65203","Egr1","B","Nfe2l2",0.5
"65204","Egr1","B","Nfia",0.5
"65205","Egr1","B","Nfib",0.5
"65206","Egr1","B","Nfic",0.5
"65209","Egr1","B","Nfkb2",0.5
"65218","Egr1","B","Nfya",0.5
"65235","Egr1","B","Ninj1",0.5
"65294","Egr1","B","Nol4l",0.5
"65307","Egr1","B","Notch3",0.5
"65315","Egr1","B","Npas1",0.5
"65354","Egr1","B","Nr4a2",0.5
"65360","Egr1","B","Nrarp",0.5
"65404","Egr1","B","Ntmt1",0.5
"65437","Egr1","B","Numbl",0.5
"65465","Egr1","B","Oaz1",0.5
"65488","Egr1","B","Olfm2",0.5
"65568","Egr1","B","P3h3",0.5
"65583","Egr1","B","Pacsin2",0.5
"65626","Egr1","B","Pard6b",0.5
"65643","Egr1","B","Patz1",0.5
"65657","Egr1","B","Pc",0.5
"65660","Egr1","B","Pcbp1",0.5
"65708","Egr1","B","Pde4a",0.5
"65715","Egr1","B","Pde8a",0.5
"65743","Egr1","B","Pdxk",0.5
"65806","Egr1","B","Phf19",0.5
"65808","Egr1","B","Phf21a",0.5
"65819","Egr1","B","Phldb1",0.5
"65868","Egr1","B","Pisd",0.5
"65889","Egr1","B","Pkm",0.5
"65890","Egr1","B","Pkmyt1",0.5
"65927","Egr1","B","Plec",0.5
"65940","Egr1","B","Plekhg5",0.5
"65972","Egr1","B","Plxnb2",0.5
"65985","Egr1","B","Pnkd",0.5
"65994","Egr1","B","Pnpla6",0.5
"66063","Egr1","B","Ppfia3",0.5
"66075","Egr1","B","Ppm1b",0.5
"66097","Egr1","B","Ppp1r18",0.5
"66104","Egr1","B","Ppp1r37",0.5
"66110","Egr1","B","Ppp1r9b",0.5
"66140","Egr1","B","Prdm15",0.5
"66172","Egr1","B","Prkcd",0.5
"66176","Egr1","B","Prkcz",0.5
"66216","Egr1","B","Prpsap1",0.5
"66232","Egr1","B","Prrc2b",0.5
"66259","Egr1","B","Psd",0.5
"66293","Egr1","B","Ptch1",0.5
"66314","Egr1","B","Ptk2b",0.5
"66318","Egr1","B","Ptov1",0.5
"66319","Egr1","B","Ptp4a2",0.5
"66336","Egr1","B","Ptpre",0.5
"66389","Egr1","B","Rab11a",0.5
"66419","Egr1","B","Rab40c",0.5
"66439","Egr1","B","Rad23b",0.5
"66448","Egr1","B","Rai1",0.5
"66456","Egr1","B","Ralgds",0.5
"66470","Egr1","B","Rap1gap",0.5
"66479","Egr1","B","Rapgefl1",0.5
"66481","Egr1","B","Rara",0.5
"66483","Egr1","B","Rarg",0.5
"66488","Egr1","B","Rasa3",0.5
"66500","Egr1","B","Rasgrp2",0.5
"66509","Egr1","B","Rassf5",0.5
"66580","Egr1","B","Rere",0.5
"66598","Egr1","B","Rfx2",0.5
"66615","Egr1","B","Rgs3",0.5
"66634","Egr1","B","Rhof",0.5
"66719","Egr1","B","Rnf220",0.5
"66734","Egr1","B","Rnh1",0.5
"66773","Egr1","B","Rpn1",0.5
"66788","Egr1","B","Rps6ka2",0.5
"66840","Egr1","B","Rufy3",0.5
"66844","Egr1","B","Runx1",0.5
"66885","Egr1","B","Samd11",0.5
"66890","Egr1","B","Samd4a",0.5
"66905","Egr1","B","Satb2",0.5
"66910","Egr1","B","Sbno2",0.5
"66979","Egr1","B","Sec14l1",0.5
"67009","Egr1","B","Sema4b",0.5
"67025","Egr1","B","Septin11",0.5
"67030","Egr1","B","Septin9",0.5
"67052","Egr1","B","Sertad2",0.5
"67106","Egr1","B","Sh2b3",0.5
"67113","Egr1","B","Sh3bgrl3",0.5
"67115","Egr1","B","Sh3bp2",0.5
"67117","Egr1","B","Sh3bp5",0.5
"67160","Egr1","B","Siah1a",0.5
"67172","Egr1","B","Sin3a",0.5
"67175","Egr1","B","Sipa1",0.5
"67192","Egr1","B","Ski",0.5
"67193","Egr1","B","Skida1",0.5
"67194","Egr1","B","Skil",0.5
"67223","Egr1","B","Slc16a3",0.5
"67229","Egr1","B","Slc17a7",0.5
"67235","Egr1","B","Slc19a1",0.5
"67238","Egr1","A","Slc1a4",1
"67297","Egr1","B","Slc2a1",0.5
"67334","Egr1","B","Slc38a10",0.5
"67402","Egr1","B","Slc8a2",0.5
"67406","Egr1","B","Slc9a3r2",0.5
"67426","Egr1","B","Smad3",0.5
"67525","Egr1","B","Socs2",0.5
"67539","Egr1","A","Sos1",1
"67544","Egr1","B","Sox12",0.5
"67556","Egr1","B","Sp3",0.5
"67572","Egr1","B","Spag9",0.5
"67602","Egr1","B","Sphk1",0.5
"67624","Egr1","B","Spred2",0.5
"67635","Egr1","B","Sptbn4",0.5
"67637","Egr1","B","Sqstm1",0.5
"67640","Egr1","B","Srcin1",0.5
"67643","Egr1","B","Srebf2",0.5
"67644","Egr1","B","Srgap1",0.5
"67656","Egr1","B","Srrm3",0.5
"67667","Egr1","B","Ss18l1",0.5
"67672","Egr1","B","Ssbp3",0.5
"67673","Egr1","B","Ssbp4",0.5
"67692","Egr1","B","St3gal2",0.5
"67727","Egr1","B","Stim2",0.5
"67730","Egr1","B","Stk10",0.5
"67731","Egr1","B","Stk11",0.5
"67737","Egr1","B","Stk32c",0.5
"67746","Egr1","B","Stmn3",0.5
"67796","Egr1","B","Sun2",0.5
"67830","Egr1","B","Syncrip",0.5
"67834","Egr1","B","Syngap1",0.5
"67852","Egr1","B","Syt5",0.5
"67856","Egr1","B","Sytl1",0.5
"67919","Egr1","B","Tbc1d14",0.5
"67925","Egr1","B","Tbc1d22a",0.5
"67936","Egr1","B","Tbcd",0.5
"67971","Egr1","B","Tcf3",0.5
"67993","Egr1","B","Tecr",0.5
"68009","Egr1","B","Tent5a",0.5
"68034","Egr1","B","Tfap2a",0.5
"68053","Egr1","B","Tgif1",0.5
"68106","Egr1","B","Tjp3",0.5
"68117","Egr1","B","Tle2",0.5
"68118","Egr1","B","Tle3",0.5
"68120","Egr1","B","Tle5",0.5
"68140","Egr1","B","Tmc6",0.5
"68275","Egr1","B","Tmem91",0.5
"68309","Egr1","B","Tnfrsf18",0.5
"68339","Egr1","B","Tns3",0.5
"68372","Egr1","A","Tpo",1
"68415","Egr1","B","Trib3",0.5
"68419","Egr1","B","Trim2",0.5
"68450","Egr1","B","Trio",0.5
"68481","Egr1","B","Tsc22d2",0.5
"68487","Egr1","B","Tsen54",0.5
"68488","Egr1","B","Tsga10",0.5
"68512","Egr1","B","Tspoap1",0.5
"68559","Egr1","B","Ttyh3",0.5
"68561","Egr1","B","Tuba1c",0.5
"68659","Egr1","B","Ubtf",0.5
"68670","Egr1","B","Uckl1",0.5
"68690","Egr1","B","Unc13a",0.5
"68746","Egr1","B","Usp3",0.5
"68753","Egr1","B","Usp39",0.5
"68786","Egr1","B","Vasp",0.5
"68809","Egr1","B","Vopp1",0.5
"68833","Egr1","B","Vps9d1",0.5
"68861","Egr1","B","Wbp4",0.5
"68891","Egr1","B","Wdr82",0.5
"68921","Egr1","B","Wnt10a",0.5
"68966","Egr1","B","Xxylt1",0.5
"68998","Egr1","B","Ywhaz",0.5
"69005","Egr1","B","Zbtb14",0.5
"69007","Egr1","B","Zbtb17",0.5
"69024","Egr1","B","Zbtb7a",0.5
"69025","Egr1","B","Zbtb7b",0.5
"69050","Egr1","B","Zcchc2",0.5
"69051","Egr1","B","Zcchc24",0.5
"69073","Egr1","B","Zfand3",0.5
"69080","Egr1","B","Zfp36",0.5
"69081","Egr1","B","Zfp36l1",0.5
"69091","Egr1","B","Zfpm1",0.5
"69096","Egr1","B","Zfyve28",0.5
"69109","Egr1","B","Zmiz1",0.5
"69110","Egr1","B","Zmiz2",0.5
"69160","Egr1","B","Znf385a",0.5
"69167","Egr1","B","Znf423",0.5
"69200","Egr1","B","Znf638",0.5
"69256","Egr1","B","Zswim6",0.5
"69303","Ehf","B","Krt15",0.5
"69964","Elf3","B","Itgb6",0.5
"70207","Elk1","A","Acta2",1
"70209","Elk1","B","Actg1",0.5
"70221","Elk1","B","Arhgap1",0.5
"70246","Elk1","A","Cdkn1b",1
"70253","Elk1","B","Cherp",0.5
"70278","Elk1","B","Egr2",0.5
"70292","Elk1","A","F2",1
"70318","Elk1","A","Ier2",1
"70324","Elk1","A","Junb",1
"70338","Elk1","A","Ly96",1
"70351","Elk1","A","Mdm4",1
"70358","Elk1","A","Mmp13",1
"70395","Elk1","B","Psmd12",0.5
"70432","Elk1","A","Slu7",1
"70471","Elk1","A","Vil1",1
"70490","Elk1","B","Znf787",0.5
"70928","Epas1","B","Ahdc1",0.5
"70933","Epas1","B","Aldoa",0.5
"70940","Epas1","B","Arhgap26",0.5
"70963","Epas1","B","Ccn4",0.5
"70989","Epas1","B","Ddit4",0.5
"70998","Epas1","B","Dnm2",0.5
"71004","Epas1","B","Dynll1",0.5
"71020","Epas1","B","Fam13a",0.5
"71028","Epas1","B","Fgd5",0.5
"71033","Fos","B","Epas1",0.5
"71043","Epas1","B","Gbe1",0.5
"71055","Epas1","B","Hilpda",0.5
"71068","Epas1","B","Inhba",0.5
"71069","Epas1","B","Irf2bp2",0.5
"71077","Epas1","B","Kcnma1",0.5
"71091","Epas1","B","Loxl2",0.5
"71095","Epas1","B","Mab21L3",0.5
"71115","Epas1","B","Ncor2",0.5
"71120","Epas1","B","Niban2",0.5
"71135","Epas1","B","P4ha1",0.5
"71148","Epas1","B","Pkm",0.5
"71172","Epas1","B","Rad51b",0.5
"71198","Epas1","B","Scarb1",0.5
"71208","Epas1","B","Sh3bp4",0.5
"71213","Epas1","A","Slc11a2",1
"71215","Epas1","B","Slc2a1",0.5
"71217","Epas1","B","Slc44a3",0.5
"71219","Epas1","B","Slc6a6",0.5
"71220","Epas1","B","Slc7a5",0.5
"71245","Epas1","B","Tgfbi",0.5
"71249","Epas1","B","Tle1",0.5
"71277","Epas1","B","Xxylt1",0.5
"71281","Epas1","B","Zfp292",0.5
"71324","Erg","B","Asap1",0.5
"71383","Erg","B","Cux2",0.5
"71387","Erg","B","Dab2ip",0.5
"71415","Esr1","A","Erg",1
"71421","Erg","B","Fam174b",0.5
"71429","Erg","B","Fkbp5",0.5
"71539","Erg","A","Mmp9",1
"71553","Erg","B","Ndrg1",0.5
"71755","Erg","B","Vav2",0.5
"71763","Erg","B","Zbtb16",0.5
"71777","Esr1","B","A4galt",0.5
"71804","Esr1","B","Abhd2",0.5
"71808","Esr1","B","Ablim1",0.5
"71809","Esr1","B","Ablim2",0.5
"71841","Esr1","B","Acss1",0.5
"71848","Esr1","B","Actn1",0.5
"71853","Esr1","B","Adam12",0.5
"71860","Esr1","B","Adamts16",0.5
"71864","Esr1","B","Adamts9",0.5
"71906","Esr1","B","Adrb1",0.5
"71915","Esr1","B","Aff3",0.5
"71918","Esr1","B","Agap1",0.5
"71949","Esr1","B","Akap1",0.5
"71952","Esr1","B","Akap6",0.5
"71987","Esr1","B","Amotl1",0.5
"71993","Esr1","B","Amz1",0.5
"71998","Esr1","A","Angptl4",1
"72000","Esr1","B","Ank3",0.5
"72004","Esr1","B","Ankrd11",0.5
"72023","Esr1","B","Anks1b",0.5
"72027","Esr1","B","Ano6",0.5
"72045","Esr1","B","Ap1b1",0.5
"72081","Esr1","B","Arfgef2",0.5
"72083","Esr1","B","Arhgap10",0.5
"72089","Esr1","B","Arhgap24",0.5
"72090","Esr1","B","Arhgap26",0.5
"72094","Esr1","B","Arhgap35",0.5
"72102","Esr1","B","Arhgef10l",0.5
"72114","Esr1","B","Arid1b",0.5
"72140","Esr1","B","Arsg",0.5
"72143","Esr1","B","Asap1",0.5
"72151","Esr1","B","Ascc2",0.5
"72179","Esr1","A","Atp2b1",1
"72180","Esr1","A","Atp2b2",1
"72181","Esr1","A","Atp2b4",1
"72206","Esr1","B","Atp8b1",0.5
"72217","Esr1","B","Atxn7",0.5
"72218","Esr1","B","Atxn7l1",0.5
"72226","Esr1","A","Axin2",1
"72239","Esr1","A","B4galnt2",1
"72256","Esr1","B","Bank1",0.5
"72266","Esr1","B","Bcar3",0.5
"72267","Esr1","B","Bcas1",0.5
"72274","Esr1","B","Bcl3",0.5
"72281","Esr1","B","Bcr",0.5
"72291","Esr1","B","Bhlhe40",0.5
"72311","Esr1","B","Bmp7",0.5
"72312","Esr1","B","Bmper",0.5
"72328","Esr1","B","Brip1",0.5
"72416","Esr1","B","Cacna1d",0.5
"72418","Esr1","B","Cacna1i",0.5
"72427","Esr1","B","Cacng4",0.5
"72437","Esr1","B","Calm4",0.5
"72473","Esr1","B","Casz1",0.5
"72482","Esr1","B","Cbr3",0.5
"72488","Esr1","B","Ccdc12",0.5
"72504","Esr1","B","Ccdc57",0.5
"72512","Esr1","B","Ccdc85c",0.5
"72515","Esr1","B","Ccdc88c",0.5
"72533","Esr1","B","Ccr7",0.5
"72584","Esr1","B","Cdh18",0.5
"72591","Esr1","B","Cdhr3",0.5
"72621","Esr1","B","Cemip2",0.5
"72627","Esr1","B","Cep112",0.5
"72680","Esr1","B","Chn2",0.5
"72692","Esr1","B","Chst15",0.5
"72694","Esr1","B","Chst8",0.5
"72715","Esr1","B","Clasp2",0.5
"72734","Esr1","B","Clmn",0.5
"72780","Esr1","B","Col14a1",0.5
"72793","Esr1","B","Col5a1",0.5
"72832","Esr1","B","Cpt1a",0.5
"72854","Esr1","B","Crispld2",0.5
"72864","Esr1","A","Cryz",1
"72885","Esr1","B","Ctbp2",0.5
"72895","Esr1","B","Ctnnd2",0.5
"72897","Esr1","B","Ctps2",0.5
"72905","Esr1","B","Cuedc1",0.5
"72915","Esr1","B","Cxxc5",0.5
"72925","Esr1","B","Cyp24a1",0.5
"72945","Esr1","B","Daam1",0.5
"72947","Esr1","B","Dab2ip",0.5
"72953","Esr1","B","Dapk1",0.5
"73014","Esr1","B","Dip2c",0.5
"73016","Esr1","B","Dis3l2",0.5
"73026","Esr1","B","Dlg2",0.5
"73061","Esr1","B","Dnajc5b",0.5
"73069","Esr1","B","Dock1",0.5
"73072","Esr1","B","Dock4",0.5
"73075","Esr1","B","Dok5",0.5
"73076","Esr1","B","Dok7",0.5
"73087","Esr1","B","Dpp9",0.5
"73094","Esr1","B","Dscam",0.5
"73102","Esr1","B","Dtna",0.5
"73130","Esr1","A","Ebag9",1
"73133","Esr1","B","Ece1",0.5
"73148","Esr1","B","Eefsec",0.5
"73159","Esr1","B","Efna5",0.5
"73166","Esr1","B","Egln3",0.5
"73172","Esr1","B","Ehf",0.5
"73194","Esr1","B","Elapor1",0.5
"73215","Esr1","B","Emp2",0.5
"73246","Esr1","B","Eps15l1",0.5
"73279","Esr1","B","Etv6",0.5
"73282","Esr1","B","Evl",0.5
"73293","Esr1","B","Eya2",0.5
"73314","Esr1","B","Fam102a",0.5
"73333","Esr1","B","Fam174b",0.5
"73364","Esr1","B","Farp1",0.5
"73411","Esr1","B","Fgd5",0.5
"73421","Esr1","B","Fgfr2",0.5
"73440","Esr1","B","Flnb",0.5
"73450","Esr1","B","Fndc3b",0.5
"73463","Esr1","B","Foxk1",0.5
"73474","Esr1","B","Frmd3",0.5
"73482","Esr1","B","Fsip1",0.5
"73489","Esr1","B","Fto",0.5
"73514","Esr1","B","Gabbr2",0.5
"73519","Esr1","A","Gadd45g",1
"73524","Esr1","B","Galnt10",0.5
"73574","Esr1","B","Ghr",0.5
"73588","Esr1","B","Gli3",0.5
"73599","Esr1","B","Gmds",0.5
"73683","Esr1","B","Grhl2",0.5
"73707","Esr1","B","Gse1",0.5
"73749","Esr1","B","Hdac11",0.5
"73750","Esr1","B","Hdac4",0.5
"73775","Esr1","B","Hipk2",0.5
"73777","Esr1","B","Hivep3",0.5
"73779","Esr1","B","Hk1",0.5
"73780","Esr1","B","Hk2",0.5
"73787","Esr1","B","Hmcn1",0.5
"73821","Esr1","B","Hs6st1",0.5
"73874","Esr1","B","Ift122",0.5
"73934","Esr1","B","Inpp4b",0.5
"73935","Esr1","B","Inpp5a",0.5
"73949","Esr1","B","Ippk",0.5
"73957","Esr1","B","Iqsec1",0.5
"73985","Esr1","A","Itgb1",1
"73988","Esr1","B","Itgb5",0.5
"73989","Esr1","B","Itgb6",0.5
"74019","Esr1","B","Kalrn",0.5
"74029","Esr1","B","Kazn",0.5
"74045","Esr1","B","Kcnh7",0.5
"74054","Esr1","B","Kcnk1",0.5
"74059","Esr1","B","Kcnma1",0.5
"74063","Esr1","B","Kcnq5",0.5
"74071","Esr1","B","Kctd3",0.5
"74082","Esr1","B","Kiaa0232",0.5
"74087","Esr1","B","Skt",0.5
"74146","Esr1","A","Krt18",1
"74150","Esr1","B","Krt8",0.5
"74155","Esr1","B","Ksr1",0.5
"74175","Esr1","B","Large1",0.5
"74197","Esr1","B","Ldlrad4",0.5
"74214","Esr1","B","Lhfpl2",0.5
"74238","Esr1","B","Llgl2",0.5
"74240","Esr1","B","Lmbr1",0.5
"74241","Esr1","B","Lmcd1",0.5
"74264","Esr1","B","Lpp",0.5
"74275","Esr1","B","Lrig1",0.5
"74280","Esr1","B","Lrp1b",0.5
"74281","Esr1","B","Lrp2",0.5
"74283","Esr1","B","Lrp5",0.5
"74302","Esr1","B","Lrrfip1",0.5
"74326","Esr1","B","Lypd6b",0.5
"74333","Esr1","B","Lyzl1",0.5
"74341","Esr1","B","Mad1l1",0.5
"74357","Esr1","B","Malrd1",0.5
"74359","Esr1","B","Maml3",0.5
"74386","Esr1","B","Mapkap1",0.5
"74399","Esr1","B","Mast4",0.5
"74419","Esr1","B","Mcf2l",0.5
"74437","Esr1","B","Mecom",0.5
"74440","Esr1","B","Med13l",0.5
"74486","Esr1","B","Mical2",0.5
"74492","Esr1","B","Mideas",0.5
"74510","Esr1","B","Mlph",0.5
"74575","Esr1","B","Msi2",0.5
"74602","Esr1","B","Mtss1",0.5
"74605","Esr1","B","Mtus1",0.5
"74622","Esr1","B","Mylk",0.5
"74628","Esr1","B","Myo18a",0.5
"74631","Esr1","B","Myo1b",0.5
"74642","Esr1","B","Myof",0.5
"74669","Esr1","B","Nav2",0.5
"74676","Esr1","B","Ncam2",0.5
"74691","Esr1","B","Ndst1",0.5
"74696","Esr1","B","Ndufaf6",0.5
"74705","Esr1","B","Nedd9",0.5
"74719","Esr1","B","Nfatc2",0.5
"74739","Esr1","B","Niban2",0.5
"74749","Esr1","B","Nkain1",0.5
"74772","Esr1","A","Nol3",1
"74784","Esr1","B","Npas3",0.5
"74799","Esr1","B","Nrcam",0.5
"74802","Esr1","B","Nrp1",0.5
"74903","Esr1","B","Osbpl9",0.5
"74936","Esr1","B","P3h2",0.5
"74942","Esr1","B","Pacs1",0.5
"74952","Esr1","B","Pak4",0.5
"74954","Esr1","B","Palld",0.5
"74971","Esr1","B","Pard6b",0.5
"75021","Esr1","B","Pde4d",0.5
"75037","Esr1","B","Pdlim5",0.5
"75054","Esr1","B","Pfdn4",0.5
"75065","Esr1","B","Pgs1",0.5
"75066","Esr1","B","Phactr1",0.5
"75090","Esr1","B","Piezo2",0.5
"75098","Esr1","B","Pip4k2a",0.5
"75106","Esr1","B","Pitpnm2",0.5
"75123","Esr1","B","Pkp4",0.5
"75137","Esr1","B","Plcb1",0.5
"75152","Esr1","B","Plec",0.5
"75183","Esr1","B","Plxna4",0.5
"75186","Esr1","B","Pmepa1",0.5
"75229","Esr1","A","Ppard",1
"75234","Esr1","B","Ppfibp2",0.5
"75261","Esr1","B","Ppp2r2c",0.5
"75283","Esr1","B","Prex1",0.5
"75287","Esr1","B","Prickle2",0.5
"75289","Esr1","B","Prkag2",0.5
"75292","Esr1","B","Prkce",0.5
"75293","Esr1","B","Prkch",0.5
"75355","Esr1","B","Ptk2",0.5
"75373","Esr1","B","Ptprj",0.5
"75385","Esr1","B","Pxdn",0.5
"75414","Esr1","B","Rab30",0.5
"75430","Esr1","B","Rad23b",0.5
"75431","Esr1","B","Rad51b",0.5
"75435","Esr1","B","Rai1",0.5
"75454","Esr1","B","Rap1gap",0.5
"75458","Esr1","B","Rapgef1",0.5
"75459","Esr1","B","Rapgef4",0.5
"75466","Esr1","B","Rasa3",0.5
"75469","Esr1","B","Rasef",0.5
"75487","Esr1","B","Rbm20",0.5
"75492","Esr1","B","Rbm47",0.5
"75497","Esr1","B","Rbpms",0.5
"75516","Esr1","A","Ren1",1
"75519","Esr1","B","Rere",0.5
"75520","Esr1","B","Rerg",0.5
"75540","Esr1","B","Rgs3",0.5
"75545","Esr1","B","Rgs9",0.5
"75552","Esr1","B","Rhobtb3",0.5
"75573","Esr1","B","Ripor3",0.5
"75608","Esr1","B","Robo1",0.5
"75644","Esr1","B","Rreb1",0.5
"75663","Esr1","B","Runx1",0.5
"75686","Esr1","B","Sash1",0.5
"75706","Esr1","B","Scnn1b",0.5
"75724","Esr1","B","Sdk2",0.5
"75745","Esr1","B","Sema3c",0.5
"75748","Esr1","B","Sema4b",0.5
"75759","Esr1","B","Septin9",0.5
"75785","Esr1","B","Sfi1",0.5
"75808","Esr1","B","Sh3bp5",0.5
"75823","Esr1","B","Shank2",0.5
"75842","Esr1","B","Shroom3",0.5
"75851","Esr1","B","Sil1",0.5
"75855","Esr1","B","Sipa1l1",0.5
"75856","Esr1","B","Sipa1l2",0.5
"75857","Esr1","B","Sipa1l3",0.5
"75907","Esr1","B","Slc22a23",0.5
"75955","Esr1","B","Slc38a1",0.5
"75995","Esr1","B","Slc6a6",0.5
"76006","Esr1","A","Slc8a1",1
"76007","Esr1","A","Slc8a2",1
"76008","Esr1","A","Slc8a3",1
"76018","Esr1","B","Slco2a1",0.5
"76032","Esr1","A","Smarca2",1
"76050","Esr1","B","Smox",0.5
"76057","Esr1","B","Smyd3",0.5
"76066","Esr1","B","Snd1",0.5
"76098","Esr1","B","Sorbs2",0.5
"76113","Esr1","B","Sox9",0.5
"76129","Esr1","B","Spats2l",0.5
"76132","Esr1","B","Spdef",0.5
"76134","Esr1","B","Specc1l",0.5
"76141","Esr1","B","Spink4",0.5
"76157","Esr1","B","Spred2",0.5
"76161","Esr1","B","Spsb1",0.5
"76176","Esr1","B","Srgap3",0.5
"76214","Esr1","B","St7",0.5
"76224","Esr1","B","Stard10",0.5
"76225","Esr1","B","Stard13",0.5
"76264","Esr1","B","Sulf2",0.5
"76266","Esr1","B","Sult2b1",0.5
"76279","Esr1","B","Svil",0.5
"76280","Esr1","B","Sybu",0.5
"76294","Esr1","B","Synj2",0.5
"76298","Esr1","B","Sypl1",0.5
"76301","Esr1","B","Syt12",0.5
"76307","Esr1","B","Syt8",0.5
"76308","Esr1","B","Sytl2",0.5
"76313","Esr1","B","Tacc2",0.5
"76327","Esr1","B","Tanc1",0.5
"76339","Esr1","B","Tbc1d1",0.5
"76355","Esr1","B","Tbcd",0.5
"76366","Esr1","B","Tbx4",0.5
"76382","Esr1","B","Tead1",0.5
"76392","Esr1","B","Tenm4",0.5
"76420","Esr1","B","Thada",0.5
"76430","Esr1","B","Thsd4",0.5
"76447","Esr1","B","Tjp3",0.5
"76454","Esr1","B","Tle3",0.5
"76458","Esr1","B","Tln2",0.5
"76464","Esr1","B","Tmcc1",0.5
"76480","Esr1","B","Tmem120b",0.5
"76496","Esr1","B","Tmem164",0.5
"76510","Esr1","B","TMEM229B",0.5
"76547","Esr1","B","Tmprss3",0.5
"76577","Esr1","B","Tns3",0.5
"76583","Esr1","B","Tom1l2",0.5
"76595","Esr1","B","Tp63",0.5
"76600","Esr1","B","Tpd52l1",0.5
"76609","Esr1","B","Tprg1",0.5
"76623","Esr1","B","Trappc9",0.5
"76637","Esr1","B","Trim37",0.5
"76650","Esr1","B","Trio",0.5
"76661","Esr1","B","Trpc6",0.5
"76675","Esr1","B","Tspan14",0.5
"76689","Esr1","B","Ttc39a",0.5
"76691","Esr1","B","Ttc7a",0.5
"76768","Esr1","B","Umodl1",0.5
"76771","Esr1","B","Unc5a",0.5
"76789","Esr1","B","Usp10",0.5
"76794","Esr1","B","Usp31",0.5
"76804","Esr1","B","Ust",0.5
"76819","Esr1","B","Vav2",0.5
"76820","Esr1","B","Vav3",0.5
"76828","Esr1","B","Vgll4",0.5
"76832","Esr1","B","Vmp1",0.5
"76899","Esr1","B","Wnk2",0.5
"76907","Esr1","A","Wnt7a",1
"76914","Esr1","B","Wwc1",0.5
"76929","Esr1","B","Xxylt1",0.5
"76930","Esr1","B","Xylt1",0.5
"76958","Esr1","B","Zbtb40",0.5
"76966","Esr1","B","Zbtb7c",0.5
"77006","Esr1","B","Zmiz1",0.5
"77025","Esr1","B","Znf385b",0.5
"77031","Esr1","B","Znf462",0.5
"77058","Esr1","B","Znrf1",0.5
"77059","Esr1","B","Zpld1",0.5
"77142","Esr2","A","Colec12",1
"77168","Esr2","A","Ebag9",1
"77230","Esr2","A","Il1rap",1
"77447","Esr2","B","Zbtb40",0.5
"77478","Ets1","B","Abcb9",0.5
"77479","Ets1","A","Abcc1",1
"77491","Ets1","B","Abcg1",0.5
"77507","Ets1","B","Abl1",0.5
"77535","Ets1","B","Acly",0.5
"77551","Ets1","B","Actb",0.5
"77552","Ets1","B","Actg1",0.5
"77555","Ets1","B","Actn1",0.5
"77556","Ets1","B","Actn4",0.5
"77573","Ets1","B","Adam10",0.5
"77615","Ets1","B","Adora2a",0.5
"77627","Ets1","B","Afap1",0.5
"77635","Ets1","B","Agap3",0.5
"77659","Ets1","B","Ahdc1",0.5
"77701","Ets1","B","Aldoa",0.5
"77729","Ets1","B","Amotl2",0.5
"77731","Ets1","B","Ampd3",0.5
"77752","Ets1","B","Ankrd11",0.5
"77818","Ets1","B","Apbb2",0.5
"77845","Ets1","B","Arap1",0.5
"77871","Ets1","B","Arhgap22",0.5
"77874","Ets1","B","Arhgap26",0.5
"77877","Ets1","B","Arhgap31",0.5
"77885","Ets1","B","Arhgdia",0.5
"77889","Ets1","B","Arhgef17",0.5
"77892","Ets1","B","Arhgef2",0.5
"77893","Ets1","B","Arhgef3",0.5
"77899","Ets1","B","Arhgef7",0.5
"77901","Ets1","B","Arid1a",0.5
"77902","Ets1","B","Arid1b",0.5
"77904","Ets1","B","Arid3a",0.5
"77945","Ets1","B","Arpc5l",0.5
"77948","Ets1","B","Arrb1",0.5
"77959","Ets1","A","Asap1",1
"78032","Ets1","A","Atp5f1b",1
"78046","Ets1","B","Atp6v0a1",0.5
"78099","Ets1","A","B3gat3",1
"78118","Ets1","B","Bahcc1",0.5
"78130","Ets1","B","Bbc3",0.5
"78143","Ets1","B","Bcar3",0.5
"78159","Ets1","B","Bcl3",0.5
"78164","Ets1","B","Bcl9l",0.5
"78166","Ets1","B","Bcor",0.5
"78168","Ets1","B","Bcr",0.5
"78185","Ets1","B","Bhlhe40",0.5
"78190","Ets1","B","Bicral",0.5
"78191","Ets1","A","Bid",1
"78194","Ets1","A","Birc2",1
"78266","Ets1","B","Btbd19",0.5
"78498","Ets1","B","Ccdc12",0.5
"78536","Ets1","B","Ccdc85c",0.5
"78540","Ets1","B","Ccdc88c",0.5
"78545","Ets1","B","Ccdc97",0.5
"78613","Ets1","A","Cd5",1
"78614","Ets1","A","Cd53",1
"78626","Ets1","B","Cd9",0.5
"78640","Ets1","A","Cdc37",1
"78645","Ets1","B","Cdc42ep3",0.5
"78660","Ets1","A","Cdh13",1
"78680","Ets1","A","Cdk4",1
"78685","Ets1","B","Cdk6",0.5
"78693","Ets1","A","Cdkn1b",1
"78725","Ets1","B","Cenpt",0.5
"78784","Ets1","B","Cflar",0.5
"78799","Ets1","B","Chd2",0.5
"78805","Ets1","B","Chd9",0.5
"78848","Ets1","B","Cic",0.5
"78851","Ets1","A","Cip2a",1
"78854","Ets1","B","Cirbp",0.5
"78858","Ets1","B","Cited2",0.5
"78865","Ets1","B","Clasp1",0.5
"78933","Ets1","B","Cnih3",0.5
"78936","Ets1","B","Cnot1",0.5
"78991","Ets1","A","Cops2",1
"79102","Ets1","B","Csgalnact2",0.5
"79113","Ets1","B","Csrp1",0.5
"79124","Ets1","B","Ctdsp1",0.5
"79130","Ets1","B","Ctif",0.5
"79131","Ets1","B","Ctnna1",0.5
"79148","Ets1","B","Cuedc1",0.5
"79210","Ets1","B","Dab2ip",0.5
"79211","Ets1","A","Dad1",1
"79214","Ets1","B","Dalrd3",0.5
"79240","Ets1","B","Dcakd",0.5
"79263","Ets1","B","Ddit4",0.5
"79306","Ets1","B","Dennd3",0.5
"79356","Ets1","B","Dhx9",0.5
"79382","Ets1","B","Dlg4",0.5
"79417","Ets1","B","Dnajb12",0.5
"79422","Ets1","B","Dnajb6",0.5
"79443","Ets1","B","Dnm2",0.5
"79444","Ets1","B","Dnmt1",0.5
"79457","Ets1","B","Dock4",0.5
"79459","Ets1","B","Dock9",0.5
"79484","Ets1","B","Dpp9",0.5
"79489","Ets1","B","Dpysl2",0.5
"79517","Ets1","B","Dusp1",0.5
"79527","Ets1","B","Dusp5",0.5
"79531","Ets1","B","Dync1h1",0.5
"79550","Ets1","B","E2f3",0.5
"79580","Ets1","B","Eef1a1",0.5
"79589","Ets1","B","Eef2",0.5
"79601","Ets1","B","Efhc1",0.5
"79612","Ets1","A","Egr2",1
"79616","Ets1","B","Ehd1",0.5
"79662","Ets1","B","Eif4g2",0.5
"79674","Ets1","B","Elk3",0.5
"79710","Ets1","B","Emp3",0.5
"79732","Ets1","B","Epas1",0.5
"79738","Ets1","B","Epha2",0.5
"79756","Ets1","B","Ercc1",0.5
"79765","Ets1","B","Ergic1",0.5
"79803","Ets1","B","Etv6",0.5
"79836","Ets1","B","Faap20",0.5
"79840","Ets1","B","Fads2",0.5
"79906","Ets1","B","Fam78a",0.5
"79928","Ets1","B","Fasn",0.5
"79947","Ets1","B","Fbxl19",0.5
"80023","Ets1","B","Fkbp1a",0.5
"80035","Ets1","B","Flna",0.5
"80036","Ets1","B","Flnb",0.5
"80043","Ets1","B","Fmnl3",0.5
"80050","Ets1","B","Fndc3b",0.5
"80055","Ets1","A","Fosl1",1
"80063","Ets1","B","Foxk1",0.5
"80114","Ets1","B","Fyn",0.5
"80120","Ets1","B","G3bp2",0.5
"80125","Ets1","B","Gabbr2",0.5
"80126","Ets1","A","Gabpa",1
"80131","Ets1","B","Gadd45b",0.5
"80139","Ets1","B","Galnt10",0.5
"80158","Gata3","B","Ets1",0.5
"80159","Ets1","B","Gata3",0.5
"80161","Ets1","B","Gatad2a",0.5
"80188","Ets1","B","Gdpd5",0.5
"80268","Ets1","B","Gna12",0.5
"80311","Ets1","B","Gpaa1",0.5
"80336","Ets1","B","Gpr137",0.5
"80360","Ets1","B","Gramd1a",0.5
"80386","Ets1","B","Gse1",0.5
"80391","Ets1","B","Gsn",0.5
"80496","Ets1","B","Hdac7",0.5
"80501","Ets1","B","Hdgf",0.5
"80552","Hif1a","A","Ets1",1
"80568","Ets1","B","Hivep2",0.5
"80571","Ets1","B","Hjv",0.5
"80572","Ets1","B","Hk1",0.5
"80603","Ets1","B","Hnrnpf",0.5
"80606","Ets1","B","Hnrnpl",0.5
"80611","Ets1","B","Hnrnpul1",0.5
"80614","Ets1","B","Hook2",0.5
"80624","Ets1","B","Hpcal1",0.5
"80684","Ets1","B","Iars1",0.5
"80697","Ets1","B","Id3",0.5
"80707","Ets1","A","Ier5",1
"80737","Ets1","B","Igf1r",0.5
"80739","Ets1","B","Igf2bp3",0.5
"80756","Ets1","A","Il12b",1
"80800","Ets1","B","Ing1",0.5
"80866","Ets1","B","Irf2bp2",0.5
"80895","Ets1","A","Itga4",1
"80900","Ets1","B","Itgb1",0.5
"80902","Ets1","B","Itgb5",0.5
"80913","Ets1","B","Itpr1",0.5
"80922","Ets1","B","Jade2",0.5
"80925","Ets1","B","Jak1",0.5
"80931","Ets1","B","Jcad",0.5
"80933","Ets1","B","Jmjd1c",0.5
"80944","Ets1","B","Jup",0.5
"80965","Ets1","B","Kazald1",0.5
"80973","Ets1","B","Kcnab2",0.5
"80996","Ets1","B","Kctd10",0.5
"81009","Ets1","B","Kdm2b",0.5
"81020","Ets1","B","Kdm6b",0.5
"81075","Ets1","B","Klf10",0.5
"81081","Ets1","B","Klf6",0.5
"81110","Ets1","B","Kmt2a",0.5
"81122","Ets1","B","Kpnb1",0.5
"81139","Ets1","B","Ksr1",0.5
"81148","Ets1","B","Lama4",0.5
"81171","Ets1","B","Lasp1",0.5
"81192","Ets1","B","Ldlr",0.5
"81196","Ets1","B","Lemd2",0.5
"81214","Ets1","B","Lhfpl2",0.5
"81246","Ets1","B","Lmna",0.5
"81283","Ets1","B","Lrp5",0.5
"81309","Ets1","B","Lrrc8a",0.5
"81313","Ets1","B","Lrrfip1",0.5
"81336","Ets1","B","Ltbp4",0.5
"81338","Ets1","A","Ltf",1
"81374","Ets1","B","Mad1l1",0.5
"81396","Ets1","B","Maml3",0.5
"81422","Ets1","B","Map3k11",0.5
"81466","Ets1","B","Mat2a",0.5
"81536","Ets1","B","Med15",0.5
"81557","Ets1","B","Mef2d",0.5
"81600","Ets1","B","Mfsd3",0.5
"81607","Ets1","B","Mgat1",0.5
"81610","Ets1","A","Mgat5b",1
"81618","Ets1","B","Mical2",0.5
"81619","Ets1","B","Mical3",0.5
"81627","Ets1","B","Mideas",0.5
"81628","Ets1","B","Midn",0.5
"81651","Ets1","B","Mknk2",0.5
"81679","Ets1","B","Mnt",0.5
"81749","Ets1","B","Mrpl36",0.5
"81826","Ets1","B","Mthfd1l",0.5
"81853","Ets1","B","Mtss1",0.5
"81861","Ets1","B","Mus81",0.5
"81874","Ets1","B","Myc",0.5
"81880","Ets1","B","Myh9",0.5
"81891","Ets1","B","Myo1c",0.5
"81902","Ets1","B","Myof",0.5
"81952","Ets1","B","Narf",0.5
"81961","Ets1","B","Nav2",0.5
"81989","Ets1","B","Ncor2",0.5
"82033","Ets1","B","Ndufv3",0.5
"82041","Ets1","B","Nedd9",0.5
"82051","Ets1","B","Nek6",0.5
"82062","Ets1","B","Nemp2",0.5
"82078","Ets1","B","Nfatc1",0.5
"82083","Ets1","B","Nfe2l2",0.5
"82086","Ets1","B","Nfia",0.5
"82087","Ets1","B","Nfib",0.5
"82088","Ets1","B","Nfic",0.5
"82091","Nfkb1","B","Ets1",0.5
"82092","Ets1","A","Nfkb1",1
"82173","Ets1","B","Nol4l",0.5
"82214","Ets1","B","Nr4a2",0.5
"82228","Ets1","B","Nrp2",0.5
"82252","Ets1","B","Ntmt1",0.5
"82261","Ets1","B","Nucb1",0.5
"82292","Ets1","B","Nup214",0.5
"82315","Ets1","A","Oas2",1
"82355","Ets1","B","Osbpl3",0.5
"82475","Ets1","B","Pcbp1",0.5
"82497","Ets1","A","Pcsk6",1
"82514","Ets1","B","Pde4d",0.5
"82560","Ets1","B","Per1",0.5
"82569","Ets1","B","Pex14",0.5
"82585","Ets1","B","Pfkp",0.5
"82586","Ets1","B","Pfn1",0.5
"82594","Ets1","B","Pgf",0.5
"82603","Ets1","B","Pgs1",0.5
"82614","Ets1","B","Phf12",0.5
"82616","Ets1","B","Phf19",0.5
"82669","Ets1","B","Pik3c2b",0.5
"82710","Ets1","B","Pkm",0.5
"82729","Ets1","B","Plec",0.5
"82744","Ets1","B","Plekhg5",0.5
"82747","Ets1","B","Plekho1",0.5
"82762","Ets1","B","Plxna2",0.5
"82765","Ets1","B","Plxnd1",0.5
"82786","Ets1","B","Pnpla6",0.5
"82804","Ets1","A","Pold1",1
"82851","Ets1","A","Por",1
"82894","Ets1","B","Ppp1r13l",0.5
"82910","Ets1","B","Ppp1r9b",0.5
"82956","Ets1","B","Prex1",0.5
"82965","Ets1","B","Prkag2",0.5
"82972","Ets1","B","Prkce",0.5
"82974","Ets1","B","Prkch",0.5
"83002","Ets1","B","Prpf31",0.5
"83025","Ets1","B","Prrc2b",0.5
"83093","Ets1","B","Ptbp1",0.5
"83096","Ets1","B","Ptch1",0.5
"83108","Ets1","B","Ptk2",0.5
"83130","Ets1","B","Ptpre",0.5
"83157","Ets1","B","Pxn",0.5
"83234","Ets1","B","Rad51b",0.5
"83245","Ets1","B","Rai1",0.5
"83246","Ets1","B","Rai14",0.5
"83253","Ets1","B","Ralgds",0.5
"83276","Ets1","B","Rapgef1",0.5
"83278","Ets1","B","Rarg",0.5
"83283","Ets1","B","Rasa3",0.5
"83326","Ets1","B","Rbm39",0.5
"83372","Ets1","B","Rere",0.5
"83412","Ets1","B","Rgs3",0.5
"83424","Ets1","B","Rhof",0.5
"83445","Ets1","B","Ripor1",0.5
"83498","Ets1","B","Rnf213",0.5
"83501","Ets1","B","Rnf220",0.5
"83569","Ets1","B","Rpl3",0.5
"83622","Ets1","B","Rps6ka2",0.5
"83663","Ets1","B","Rsrc2",0.5
"83727","Ets1","B","Sap30bp",0.5
"83738","Ets1","B","Sash1",0.5
"83796","Ets1","B","Sec14l1",0.5
"83839","Ets1","B","Septin11",0.5
"83844","Ets1","B","Septin9",0.5
"83857","Ets1","B","Sertad2",0.5
"83868","Ets1","B","Setd5",0.5
"83900","Ets1","B","Sgk1",0.5
"83916","Ets1","B","Sh3bp2",0.5
"83920","Ets1","B","Sh3gl1",0.5
"83929","Ets1","B","Shc1",0.5
"83957","Ets1","B","Sin3a",0.5
"83977","Ets1","B","Ski",0.5
"84006","Ets1","A","Slc19a1",1
"84035","Ets1","B","Slc25a37",0.5
"84094","Ets1","B","Slc38a2",0.5
"84107","Ets1","B","Slc3a2",0.5
"84125","Ets1","B","Slc6a6",0.5
"84156","Ets1","B","Smad3",0.5
"84158","Ets1","A","Smad4",1
"84159","Smad4","B","Ets1",0.5
"84162","Ets1","B","Smad7",0.5
"84185","Ets1","B","Smg6",0.5
"84200","Ets1","B","Smox",0.5
"84279","Ets1","B","Soga1",0.5
"84330","Spi1","B","Ets1",0.5
"84347","Ets1","B","Spred2",0.5
"84358","Ets1","B","Sptbn1",0.5
"84362","Ets1","B","Sptlc2",0.5
"84372","Ets1","B","Srebf1",0.5
"84406","Ets1","B","Ssbp3",0.5
"84407","Ets1","B","Ssbp4",0.5
"84423","Ets1","B","St3gal1",0.5
"84424","Ets1","B","St3gal2",0.5
"84449","Ets1","B","Stat3",0.5
"84462","Ets1","B","Stk10",0.5
"84475","Ets1","B","Stk40",0.5
"84532","Ets1","A","Surf1",1
"84542","Ets1","B","Svil",0.5
"84563","Ets1","B","Synj2",0.5
"84584","Ets1","B","Tacc1",0.5
"84608","Tal1","B","Ets1",0.5
"84645","Ets1","B","Tbc1d14",0.5
"84688","Ets1","A","Tceal1",1
"84698","Ets1","B","Tcf4",0.5
"84755","Ets1","B","Tfap4",0.5
"84769","Ets1","B","Tgif1",0.5
"84770","Ets1","B","Tgif2",0.5
"84793","Ets1","B","Thoc6",0.5
"84822","Ets1","B","Tk2",0.5
"84830","Ets1","B","Tle3",0.5
"84835","Ets1","B","Tln1",0.5
"84914","Ets1","B","Tmem184b",0.5
"84976","Ets1","B","Tmem91",0.5
"85002","Ets1","A","Tnfrsf10b",1
"85006","Ets1","B","Tnfrsf1a",0.5
"85017","Ets1","B","Tnk2",0.5
"85023","Ets1","B","Tnrc18",0.5
"85026","Ets1","B","Tns1",0.5
"85034","Ets1","A","Tom1",1
"85070","Ets1","B","Tpm4",0.5
"85075","Ets1","B","Tpr",0.5
"85099","Ets1","B","Tram2",0.5
"85113","Ets1","B","Trappc9",0.5
"85121","Ets1","B","Trib1",0.5
"85138","Ets1","B","Trim41",0.5
"85147","Ets1","B","Trim8",0.5
"85196","Ets1","B","Tspan14",0.5
"85199","Ets1","B","Tspan18",0.5
"85203","Ets1","B","Tspan4",0.5
"85239","Ets1","B","Ttc7a",0.5
"85255","Ets1","A","Ttyh3",1
"85257","Ets1","B","Tuba1c",0.5
"85262","Ets1","B","Tubb4b",0.5
"85294","Ets1","B","Txnrd1",0.5
"85295","Ets1","B","Txnrd2",0.5
"85312","Ets1","B","Ubac1",0.5
"85317","Ets1","B","Ubap2l",0.5
"85321","Ets1","B","Ubc",0.5
"85326","Ets1","B","Ube2d3",0.5
"85364","Ets1","B","Ubr4",0.5
"85456","Ets1","B","Usp39",0.5
"85482","Ets1","B","Utrn",0.5
"85497","Ets1","B","Vasp",0.5
"85510","Ets1","A","Vegfa",1
"85513","Ets1","B","Vgll4",0.5
"85555","Ets1","B","Vrk3",0.5
"85583","Ets1","B","Wdr1",0.5
"85594","Ets1","B","Wdr37",0.5
"85630","Ets1","B","Wnk1",0.5
"85637","Ets1","B","Wrap53",0.5
"85670","Ets1","B","Xxylt1",0.5
"85708","Ets1","B","Yy1",0.5
"85731","Ets1","B","Zbtb38",0.5
"85743","Ets1","B","Zbtb7b",0.5
"85798","Ets1","B","Zfp36",0.5
"85799","Ets1","B","Zfp36l1",0.5
"85800","Ets1","B","Zfp36l2",0.5
"85830","Ets1","B","Zmiz1",0.5
"85839","Ets1","B","Zmynd8",0.5
"85842","Ets1","B","Znf131",0.5
"85855","Ets1","B","Zfp213",0.5
"85863","Ets1","B","Znf263",0.5
"85893","Ets1","B","Znf423",0.5
"85996","Ets2","B","Flt1",0.5
"85998","Ets2","A","Fos",1
"85999","Ets2","A","Fosl1",1
"86760","Etv4","B","Pcsk6",0.5
"86837","Etv4","B","Shmt2",0.5
"87105","Fli1","B","Ccnd3",0.5
"87186","Fli1","A","Fos",1
"87526","Fos","B","Abca13",0.5
"87554","Fos","B","Ablim1",0.5
"87555","Fos","B","Ablim3",0.5
"87557","Fos","B","Abr",0.5
"87560","Fos","B","Abtb2",0.5
"87589","Fos","B","Acsl3",0.5
"87611","Fos","B","Acvr1",0.5
"87653","Fos","B","Adgrf1",0.5
"87658","Fos","B","Adgrg6",0.5
"87661","Fos","B","Adgrv1",0.5
"87687","Fos","B","Agap1",0.5
"87727","Fos","B","Akap6",0.5
"87742","Fos","B","Aldh1a2",0.5
"87774","Fos","B","Ampd3",0.5
"87780","Fos","B","Angpt1",0.5
"87782","Fos","B","Ank1",0.5
"87783","Fos","B","Ank3",0.5
"87807","Fos","B","Anks1b",0.5
"87812","Fos","B","Ano6",0.5
"87817","Fos","B","Antxr2",0.5
"87819","Fos","B","Anxa1",0.5
"87822","Fos","B","Anxa2",0.5
"87823","Fos","B","Anxa3",0.5
"87828","Fos","B","Aoah",0.5
"87889","Fos","B","Arhgap18",0.5
"87892","Fos","B","Arhgap24",0.5
"87894","Fos","B","Arhgap26",0.5
"87899","Fos","B","Arhgap42",0.5
"87913","Fos","B","Arhgef3",0.5
"87921","Fos","B","Arid1b",0.5
"87927","Fos","B","Arid5b",0.5
"87968","Fos","B","Asap1",0.5
"88061","Fos","B","Atp8b1",0.5
"88069","Fos","B","Atxn1",0.5
"88101","Fos","B","B4galt5",0.5
"88107","Fos","B","Bach2",0.5
"88134","Fos","B","Bbx",0.5
"88136","Fos","B","Bcar3",0.5
"88147","Fos","A","Bcl2l11",1
"88171","Fos","B","Bhlhe40",0.5
"88202","Fos","B","Bmpr1b",0.5
"88358","Fos","B","Cacna1a",0.5
"88387","Fos","B","Camk2d",0.5
"88405","Fos","B","Capn2",0.5
"88422","Fos","B","Cast",0.5
"88436","Fos","B","Cblb",0.5
"88500","Fos","B","Ccdc91",0.5
"88523","Fos","B","Ccny",0.5
"88598","Fos","B","Cdh18",0.5
"88615","Fos","B","Cdk5rap2",0.5
"88617","Fos","B","Cdk6",0.5
"88632","Fos","B","Cdyl",0.5
"88643","Fos","B","Cemip2",0.5
"88657","Fos","B","Cep112",0.5
"88723","Fos","B","Chd9",0.5
"88732","Fos","B","Chn2",0.5
"88785","Fos","B","Clec16a",0.5
"88793","Fos","B","Clip2",0.5
"88812","Fos","B","Clvs1",0.5
"88828","Fos","B","Cnih3",0.5
"88857","Fos","B","Col14a1",0.5
"88865","Fos","B","Col25a1",0.5
"88946","Fos","B","Cradd",0.5
"88956","Fos","B","Creb5",0.5
"88963","Fos","B","Crim1",0.5
"88992","Fos","B","Csgalnact1",0.5
"89013","Fos","B","Ctnna1",0.5
"89030","Fos","B","Cubn",0.5
"89078","Fos","B","Cyrib",0.5
"89082","Fos","B","Cyth4",0.5
"89084","Fos","B","Daam1",0.5
"89164","Fos","B","Dennd2b",0.5
"89242","Fos","B","Dmd",0.5
"89277","Fos","B","Dnajc5b",0.5
"89299","Fos","B","Dock2",0.5
"89301","Fos","B","Dock4",0.5
"89302","Fos","B","Dock5",0.5
"89315","Fos","B","Dpf3",0.5
"89342","Fos","B","Dtna",0.5
"89343","Fos","B","Dtnb",0.5
"89349","Fos","B","Dusp10",0.5
"89374","Fos","B","Dyrk1a",0.5
"89389","Fos","B","Ece1",0.5
"89426","Fos","B","Efhc1",0.5
"89437","Fos","B","Egln3",0.5
"89510","Fos","B","Enah",0.5
"89521","Fos","B","Enpp2",0.5
"89557","Fos","B","Erc2",0.5
"89563","Fos","B","Ergic1",0.5
"89604","Fos","B","Exoc4",0.5
"89605","Fos","B","Exoc6b",0.5
"89612","Fos","B","Ext1",0.5
"89640","Fos","B","Fam107b",0.5
"89654","Fos","B","Fam13a",0.5
"89717","Fos","A","Faslg",1
"89787","Fos","B","Fgd6",0.5
"89798","Fos","B","Fggy",0.5
"89800","Fos","B","Fhad1",0.5
"89801","Fos","B","Fhl2",0.5
"89810","Fos","B","Filip1l",0.5
"89824","Fos","B","Flnb",0.5
"89839","Fos","B","Fndc3b",0.5
"89866","Fos","B","Frmd4b",0.5
"89876","Fos","B","Fsip1",0.5
"89881","Fos","B","Fto",0.5
"89910","Fos","B","Gabbr2",0.5
"89917","Fos","B","Gadd45a",0.5
"89927","Fos","B","Galnt15",0.5
"89930","Fos","B","Galnt2",0.5
"89947","Fos","A","Gata3",1
"89953","Fos","B","Gbe1",0.5
"89987","Fos","B","Gfod1",0.5
"90023","Fos","B","Glis3",0.5
"90038","Fos","B","Gmds",0.5
"90045","Fos","B","Gna12",0.5
"90167","Fos","B","Gse1",0.5
"90178","Fos","B","Gtdc1",0.5
"90262","Fos","B","Hdac9",0.5
"90270","Fos","B","Hecw2",0.5
"90307","Fos","B","Hivep3",0.5
"90315","Fos","A","H2-Ea",1
"90316","Fos","A","P04224",1
"90323","Fos","B","Hmcn1",0.5
"90377","Fos","B","Hrh1",0.5
"90397","Fos","A","Hspa1a",1
"90456","Fos","B","Ifngr2",0.5
"90466","Fos","B","Igf1r",0.5
"90491","Fos","A","Il12a",1
"90509","Fos","A","Il4r",1
"90519","Fos","B","Immp2l",0.5
"90602","Fos","A","Itga5",1
"90612","Fos","B","Itgb5",0.5
"90613","Fos","B","Itgb6",0.5
"90618","Fos","B","Itpr1",0.5
"90619","Fos","B","Itpr2",0.5
"90636","Fos","B","Jcad",0.5
"90648","Fos","B","Kalrn",0.5
"90662","Fos","B","Kazn",0.5
"90684","Fos","B","Kcnj15",0.5
"90685","Fos","B","Kcnk1",0.5
"90691","Fos","B","Kcnma1",0.5
"90714","Fos","B","Kdm4c",0.5
"90732","Fos","B","Skt",0.5
"90739","Fos","B","Kif13a",0.5
"90773","Fos","B","Klf6",0.5
"90776","Fos","B","Klf9",0.5
"90828","Fos","B","Ksr1",0.5
"90838","Fos","B","Lama3",0.5
"90843","Fos","B","Lamc1",0.5
"90901","Fos","B","Lhfpl2",0.5
"90915","Fos","B","Lims1",0.5
"90937","Fos","B","Lmna",0.5
"90965","Fos","B","Lpp",0.5
"90969","Fos","B","Lrba",0.5
"91022","Fos","B","Ltbp1",0.5
"91048","Fos","B","Macrod2",0.5
"91065","Fos","B","Maml2",0.5
"91066","Fos","B","Maml3",0.5
"91080","Fos","B","Map2",0.5
"91087","Fos","B","Map3k13",0.5
"91119","Fos","B","Marchf3",0.5
"91132","Fos","B","Mast4",0.5
"91145","Fos","B","Mbnl1",0.5
"91146","Fos","B","Mbnl2",0.5
"91151","Fos","B","Mcc",0.5
"91178","Fos","B","Me3",0.5
"91216","Fos","B","Met",0.5
"91247","Fos","B","Mgll",0.5
"91251","Fos","B","Mical2",0.5
"91257","Fos","B","Mid1",0.5
"91260","Fos","B","Mideas",0.5
"91295","Fos","A","Mmp2",1
"91345","Fos","B","Mpzl1",0.5
"91396","Fos","B","Msi2",0.5
"91418","Fos","B","Mthfd2l",0.5
"91433","Fos","B","Mtss1",0.5
"91458","Fos","B","Myh9",0.5
"91462","Fos","B","Mylk",0.5
"91467","Fos","B","Myo1b",0.5
"91494","Fos","B","Nabp1",0.5
"91515","Fos","B","Nav1",0.5
"91516","Fos","B","Nav2",0.5
"91523","Fos","B","Ncald",0.5
"91543","Fos","B","Ncoa7",0.5
"91579","Fos","B","Nedd9",0.5
"91586","Fos","B","Nek7",0.5
"91608","Fos","B","Nfatc2",0.5
"91613","Fos","B","Nfia",0.5
"91614","Fos","B","Nfib",0.5
"91628","Fos","B","Niban2",0.5
"91666","Fos","A","Nos1",1
"91677","Fos","B","Npas3",0.5
"91713","Fos","B","Nrcam",0.5
"91722","Fos","B","Nrp1",0.5
"91739","Fos","B","Nsmce2",0.5
"91855","Fos","B","Osbpl10",0.5
"91858","Fos","B","Osbpl3",0.5
"91859","Fos","B","Osbpl6",0.5
"91861","Fos","B","Osbpl9",0.5
"91901","Fos","B","Pacsin2",0.5
"91924","Fos","B","Pappa",0.5
"91932","Fos","B","Pard3",0.5
"91933","Fos","B","Pard3b",0.5
"91963","Fos","B","Pcca",0.5
"91977","Fos","B","Pcnx2",0.5
"91998","Fos","B","Pde1c",0.5
"92006","Fos","A","Pdgfb",1
"92009","Fos","B","Pdhx",0.5
"92020","Fos","B","Pdlim5",0.5
"92102","Fos","B","Phlpp1",0.5
"92150","Fos","B","Pip4k2a",0.5
"92185","Fos","A","Pla2g4a",1
"92193","Fos","B","Plb1",0.5
"92195","Fos","B","Plcb1",0.5
"92196","Fos","B","Plcb4",0.5
"92247","Fos","B","Plxna2",0.5
"92320","Fos","A","Ppard",1
"92358","Fos","B","Ppp1r15a",0.5
"92382","Fos","B","Ppp3ca",0.5
"92407","Fos","B","Prickle2",0.5
"92412","Fos","B","Prkag2",0.5
"92418","Fos","B","Prkch",0.5
"92439","Fos","B","Prpf31",0.5
"92471","Fos","B","Psd3",0.5
"92514","Fos","B","Ptk2",0.5
"92515","Fos","B","Ptk2b",0.5
"92529","Fos","B","Ptpn4",0.5
"92538","Fos","B","Ptprm",0.5
"92614","Fos","B","Rabgap1l",0.5
"92623","Fos","B","Rad51b",0.5
"92641","Fos","B","Ralgps1",0.5
"92653","Fos","B","Rapgef1",0.5
"92654","Fos","B","Rapgef4",0.5
"92655","Fos","B","Rapgef5",0.5
"92676","Fos","B","Rb1cc1",0.5
"92695","Fos","B","Rbm47",0.5
"92729","Fos","B","Rere",0.5
"92760","Fos","B","Rgs3",0.5
"92763","Fos","B","Rgs9",0.5
"92812","Fos","B","Rnd3",0.5
"92839","Fos","B","Rnf217",0.5
"92936","Fos","B","Rtn4",0.5
"92945","Fos","A","Runx2",1
"92970","Fos","B","Samd12",0.5
"92973","Fos","B","Samd4a",0.5
"92988","Fos","B","Sash1",0.5
"93040","Fos","B","Sdk1",0.5
"93047","Fos","B","Sec14l1",0.5
"93058","Fos","B","Sema3a",0.5
"93059","Fos","B","Sema3c",0.5
"93082","Fos","B","Septin9",0.5
"93131","Fos","B","Sgms1",0.5
"93148","Fos","B","Sh3bp4",0.5
"93156","Fos","B","Sh3kbp1",0.5
"93158","Fos","B","Sh3pxd2b",0.5
"93193","Fos","B","Sik3",0.5
"93248","Fos","B","Slc22a23",0.5
"93269","Fos","B","Slc25a37",0.5
"93330","Fos","B","Slc39a11",0.5
"93341","Fos","B","Slc44a3",0.5
"93384","Fos","B","Slco3a1",0.5
"93392","Fos","B","Slx4ip",0.5
"93423","Fos","B","Smyd3",0.5
"93433","Fos","B","Snd1",0.5
"93463","Fos","B","Snx9",0.5
"93472","Fos","B","Sorbs1",0.5
"93473","Fos","B","Sorbs2",0.5
"93510","Fos","B","Spats2l",0.5
"93520","Fos","B","Spidr",0.5
"93527","Fos","B","Spock1",0.5
"93587","Fos","B","St18",0.5
"93609","Fos","B","Stard13",0.5
"93620","Fos","A","Stim1",1
"93638","Fos","B","Stk40",0.5
"93649","Fos","B","Stpg1",0.5
"93670","Fos","B","Stxbp5",0.5
"93720","Fos","B","Synj2",0.5
"93743","Fos","B","Tacc2",0.5
"93762","Fos","B","Tanc1",0.5
"93779","Fos","B","Tbc1d1",0.5
"93797","Fos","B","Tbc1d5",0.5
"93819","Fos","B","Tbxas1",0.5
"93827","Fos","B","Tcf12",0.5
"93846","Fos","B","Tead1",0.5
"93858","Fos","B","Tenm2",0.5
"93859","Fos","B","Tenm4",0.5
"93897","Fos","B","Tgfbi",0.5
"93899","Fos","B","Tgfbr3",0.5
"93907","Fos","B","Thada",0.5
"93919","Fos","B","Thsd4",0.5
"93925","Fos","B","Tiam2",0.5
"93944","Fos","B","Tjp1",0.5
"93945","Fos","B","Tjp2",0.5
"93961","Fos","B","Tln2",0.5
"93974","Fos","B","Tmc1",0.5
"94047","Fos","B","Tmem241",0.5
"94050","Fos","B","Tmem245",0.5
"94093","Fos","B","Tnfaip8",0.5
"94110","Fos","B","Tnik",0.5
"94111","Fos","B","Tnip1",0.5
"94121","Fos","B","Tnrc6b",0.5
"94122","Fos","B","Tns1",0.5
"94123","Fos","B","Tns3",0.5
"94152","Fos","B","Tpd52l1",0.5
"94187","Fos","B","Trappc9",0.5
"94196","Fos","B","Trib1",0.5
"94202","Fos","B","Trim2",0.5
"94229","Fos","B","Trio",0.5
"94261","Fos","B","Tsc22d2",0.5
"94273","Fos","B","Tspan14",0.5
"94301","Fos","B","Ttc7a",0.5
"94333","Fos","B","Tulp4",0.5
"94366","Fos","B","Ubash3b",0.5
"94376","Fos","B","Ube2h",0.5
"94395","Fos","A","Ubp1",1
"94444","Fos","B","Uqcc1",0.5
"94487","Fos","B","Ust",0.5
"94493","Fos","B","Utrn",0.5
"94515","Fos","B","Vav3",0.5
"94521","Fos","A","Vdr",1
"94534","Fos","B","Vmp1",0.5
"94642","Fos","B","Wwtr1",0.5
"94668","Fos","B","Yap1",0.5
"94692","Fos","B","Zbtb16",0.5
"94695","Fos","B","Zbtb20",0.5
"94700","Fos","B","Zbtb38",0.5
"94759","Fos","B","Zfpm2",0.5
"94777","Fos","B","Zmiz1",0.5
"94782","Fos","B","Zmynd8",0.5
"94809","Fos","B","Znf365",0.5
"94820","Fos","B","Zfp438",0.5
"94838","Fos","B","Znf608",0.5
"94927","Fosl1","B","Anxa2",0.5
"95076","Fosl1","B","Lmna",0.5
"95259","Fosl1","B","Trib1",0.5
"95483","Fosl2","B","Mafk",0.5
"95519","Fosl2","B","Ndrg1",0.5
"95658","Fosl2","B","Tgif1",0.5
"95736","Foxa1","B","Abcc4",0.5
"95764","Foxa1","B","Ablim1",0.5
"95806","Foxa1","B","Acoxl",0.5
"95865","Foxa1","B","Adamtsl1",0.5
"95891","Foxa1","B","Adgrf1",0.5
"95898","Foxa1","B","Adgrg6",0.5
"95901","Foxa1","B","Adgrl2",0.5
"95904","Foxa1","B","Adgrv1",0.5
"95934","Foxa1","B","Afdn",0.5
"95936","Foxa1","B","Aff3",0.5
"95941","Foxa1","B","Agap1",0.5
"95989","Foxa1","B","Akap13",0.5
"95991","Foxa1","B","Akap6",0.5
"95993","Foxa1","B","Akap9",0.5
"96012","Foxa1","B","Alcam",0.5
"96015","Foxa1","B","Aldh1a2",0.5
"96063","Foxa1","B","Amotl1",0.5
"96077","Foxa1","B","Angpt1",0.5
"96081","Foxa1","B","Ank3",0.5
"96096","Foxa1","B","Ankrd28",0.5
"96111","Foxa1","B","Anks1b",0.5
"96121","Foxa1","B","Ano6",0.5
"96158","Foxa1","B","Apbb2",0.5
"96167","Foxa1","A","Apoa1",1
"96175","Foxa1","B","App",0.5
"96186","Foxa1","B","Arap2",0.5
"96201","Foxa1","B","Arhgap10",0.5
"96203","Foxa1","B","Arhgap12",0.5
"96204","Foxa1","B","Arhgap15",0.5
"96212","Foxa1","B","Arhgap24",0.5
"96214","Foxa1","B","Arhgap26",0.5
"96219","Foxa1","B","Arhgap32",0.5
"96223","Foxa1","B","Arhgap42",0.5
"96226","Foxa1","B","Arhgap6",0.5
"96239","Foxa1","B","Arhgef3",0.5
"96250","Foxa1","B","Arid1b",0.5
"96254","Foxa1","B","Arid5b",0.5
"96297","Foxa1","B","Asap1",0.5
"96406","Foxa1","B","Atp8b1",0.5
"96414","Foxa1","B","Atrnl1",0.5
"96420","Foxa1","B","Atxn7",0.5
"96469","Foxa1","B","Bank1",0.5
"96486","Foxa1","B","Bbx",0.5
"96490","Foxa1","B","Bcar3",0.5
"96493","Foxa1","B","Bcas3",0.5
"96496","Foxa1","B","Bckdhb",0.5
"96534","Foxa1","B","Bicc1",0.5
"96543","Foxa1","B","Birc6",0.5
"96561","Foxa1","B","Bmper",0.5
"96563","Foxa1","B","Bmpr1b",0.5
"96602","Foxa1","B","Brip1",0.5
"96768","Foxa1","B","Cacna2d1",0.5
"96770","Foxa1","B","Cacna2d3",0.5
"96772","Foxa1","B","Cacnb2",0.5
"96779","Foxa1","B","Cadm1",0.5
"96782","Foxa1","B","Cadps2",0.5
"96797","Foxa1","B","Camk2d",0.5
"96841","Foxa1","B","Cast",0.5
"96843","Foxa1","B","Casz1",0.5
"96853","Foxa1","B","Cbfa2t2",0.5
"96855","Foxa1","B","Cblb",0.5
"96928","Foxa1","B","Ccdc91",0.5
"96971","Foxa1","B","Ccser1",0.5
"96992","Foxa1","B","Cd36",0.5
"97047","Foxa1","B","Cdh18",0.5
"97064","Foxa1","B","Cdk14",0.5
"97074","Foxa1","B","Cdk5rap2",0.5
"97078","Foxa1","B","Cdkal1",0.5
"97091","Foxa1","B","Cds1",0.5
"97111","Foxa1","B","Cemip2",0.5
"97124","Foxa1","B","Cep112",0.5
"97127","Foxa1","B","Cep128",0.5
"97214","Foxa1","B","Chn2",0.5
"97263","Foxa1","B","Clasp1",0.5
"97369","Foxa1","B","Cntn5",0.5
"97370","Foxa1","B","Cntnap2",0.5
"97376","Foxa1","B","Cobl",0.5
"97388","Foxa1","B","Col14a1",0.5
"97396","Foxa1","B","Col28a1",0.5
"97468","Foxa1","B","Cpne4",0.5
"97498","Foxa1","B","Creb5",0.5
"97506","Foxa1","B","Crim1",0.5
"97538","Foxa1","B","Csgalnact1",0.5
"97571","Foxa1","B","Ctnna1",0.5
"97578","Foxa1","B","Ctnnd2",0.5
"97637","Foxa1","B","Cyp2c55",0.5
"97651","Foxa1","A","Cyp7a1",1
"97665","Foxa1","B","Daam1",0.5
"97704","Foxa1","B","Dclk1",0.5
"97748","Foxa1","B","Dennd1a",0.5
"97749","Foxa1","B","Dennd1b",0.5
"97770","Foxa1","B","Dgkb",0.5
"97795","Foxa1","B","Dio2",0.5
"97797","Foxa1","B","Dip2c",0.5
"97813","Foxa1","B","Dlg1",0.5
"97814","Foxa1","B","Dlg2",0.5
"97844","Foxa1","B","Dnah11",0.5
"97887","Foxa1","B","Dock10",0.5
"97891","Foxa1","B","Dock4",0.5
"97892","Foxa1","B","Dock5",0.5
"97919","Foxa1","B","Dpyd",0.5
"97947","Foxa1","B","Dtna",0.5
"97967","Foxa1","B","Dym",0.5
"97971","Foxa1","B","Dync2h1",0.5
"97979","Foxa1","B","Dyrk1a",0.5
"98024","Foxa1","B","Eefsec",0.5
"98038","Foxa1","B","Efna5",0.5
"98046","Foxa1","B","Egfr",0.5
"98048","Foxa1","B","Egln3",0.5
"98055","Foxa1","B","Ehf",0.5
"98073","Foxa1","B","Eif3h",0.5
"98089","Foxa1","B","Elapor2",0.5
"98117","Foxa1","B","Emcn",0.5
"98128","Foxa1","B","Enah",0.5
"98156","Foxa1","B","Epb41l2",0.5
"98169","Foxa1","B","Epha6",0.5
"98185","Foxa1","B","Eps8",0.5
"98192","Foxa1","A","Erbb3",1
"98193","Foxa1","B","Erbb4",0.5
"98195","Foxa1","B","Erc1",0.5
"98196","Foxa1","B","Erc2",0.5
"98203","Foxa1","B","Erg",0.5
"98226","Foxa1","B","Esrp1",0.5
"98229","Foxa1","B","Esrrg",0.5
"98246","Foxa1","B","Etv6",0.5
"98250","Foxa1","B","Evl",0.5
"98259","Foxa1","B","Exoc4",0.5
"98260","Foxa1","B","Exoc6b",0.5
"98268","Foxa1","B","Ext1",0.5
"98271","Foxa1","B","Eya2",0.5
"98318","Foxa1","B","Fam13a",0.5
"98334","Foxa1","B","Fam172a",0.5
"98351","Foxa1","B","Atosa",0.5
"98405","Foxa1","B","Fbxl17",0.5
"98437","Foxa1","B","Fbxw11",0.5
"98458","Foxa1","B","Fermt2",0.5
"98473","Foxa1","B","Fgf12",0.5
"98484","Foxa1","B","Fgfr2",0.5
"98487","Foxa1","B","Fggy",0.5
"98492","Foxa1","B","Fhit",0.5
"98495","Foxa1","B","Fhod3",0.5
"98498","Foxa1","B","Fign",0.5
"98500","Foxa1","B","Filip1l",0.5
"98511","Foxa1","B","Flnb",0.5
"98530","Foxa1","B","Fndc3b",0.5
"98534","Foxa1","B","Focad",0.5
"98554","Foxa1","B","Foxn3",0.5
"98575","Foxa1","B","Frmd4b",0.5
"98584","Foxa1","B","Fry",0.5
"98585","Foxa1","B","Fryl",0.5
"98590","Foxa1","B","Fsip1",0.5
"98595","Foxa1","B","Fstl5",0.5
"98598","Foxa1","B","Fto",0.5
"98604","Foxa1","B","Fut8",0.5
"98626","Foxa1","A","G6pc1",1
"98736","Foxa1","B","Ghr",0.5
"98767","Foxa1","B","Gli3",0.5
"98769","Foxa1","B","Glis3",0.5
"98788","Foxa1","B","Gmds",0.5
"98800","Foxa1","B","Gnaq",0.5
"98850","Foxa1","B","Gpatch2",0.5
"98861","Foxa1","B","Gpd2",0.5
"98906","Foxa1","B","Gramd2b",0.5
"98909","Foxa1","B","Grb10",0.5
"98916","Foxa1","B","Grhl2",0.5
"98923","Foxa1","B","Grid2",0.5
"98925","Foxa1","B","Grik2",0.5
"98932","Foxa1","B","Grip1",0.5
"98939","Foxa1","B","Grm7",0.5
"98950","Foxa1","B","Gse1",0.5
"98968","Foxa1","B","Gtdc1",0.5
"98996","Foxa1","B","Gulp1",0.5
"99048","Foxa1","B","Hdac4",0.5
"99051","Foxa1","B","Hdac9",0.5
"99074","Foxa1","B","Herc1",0.5
"99107","Foxa1","B","Hivep2",0.5
"99108","Foxa1","B","Hivep3",0.5
"99119","Foxa1","B","Hmcn1",0.5
"99243","Foxa1","B","Ica1",0.5
"99285","Foxa1","B","Igf1r",0.5
"99325","Foxa1","B","Il1r1",0.5
"99355","Foxa1","B","Immp2l",0.5
"99377","Foxa1","B","Inpp4b",0.5
"99422","Foxa1","B","Iqgap2",0.5
"99487","Foxa1","B","Itpr1",0.5
"99488","Foxa1","B","Itpr2",0.5
"99494","Foxa1","B","Itsn1",0.5
"99509","Foxa1","B","Jarid2",0.5
"99510","Foxa1","B","Jazf1",0.5
"99514","Foxa1","B","Jmjd1c",0.5
"99525","Foxa1","B","Kalrn",0.5
"99584","Foxa1","B","Kcnma1",0.5
"99585","Foxa1","B","Kcnmb2",0.5
"99620","Foxa1","B","Kdm4c",0.5
"99624","Foxa1","B","Kdm6a",0.5
"99641","Foxa1","B","Skt",0.5
"99642","Foxa1","B","Kiaa1328",0.5
"99651","Foxa1","B","Kif12",0.5
"99661","Foxa1","B","Kif21a",0.5
"99724","Foxa1","A","Klk1b26",1
"99725","Foxa1","A","Klk1b8",1
"99726","Foxa1","A","Klk1b9",1
"99727","Foxa1","A","Klk1b1",1
"99728","Foxa1","A","Klk1b11",1
"99729","Foxa1","A","Klk1b27",1
"99730","Foxa1","A","Klk1b22",1
"99731","Foxa1","A","Klk1b21",1
"99732","Foxa1","A","Klk1b5",1
"99733","Foxa1","A","Klk1b16",1
"99734","Foxa1","A","Klk1b3",1
"99735","Foxa1","A","Klk1b24",1
"99736","Foxa1","A","Klk1b4",1
"99737","Foxa1","A","Klk1",1
"99789","Foxa1","B","Ktn1",0.5
"99817","Foxa1","B","Large1",0.5
"99868","Foxa1","B","Lhfpl2",0.5
"99886","Foxa1","B","Limch1",0.5
"99911","Foxa1","B","Lmbr1",0.5
"99919","Foxa1","B","Lmo7",0.5
"99926","Foxa1","B","Lnx1",0.5
"99944","Foxa1","B","Lpp",0.5
"99948","Foxa1","B","Lrba",0.5
"99949","Foxa1","B","Lrch1",0.5
"99956","Foxa1","B","Lrig1",0.5
"99963","Foxa1","B","Lrp1b",0.5
"100017","Foxa1","B","Ltbp1",0.5
"100027","Foxa1","B","Luzp2",0.5
"100060","Foxa1","B","Macrod2",0.5
"100063","Foxa1","B","Mad1l1",0.5
"100073","Foxa1","B","Magi1",0.5
"100084","Foxa1","B","Maml3",0.5
"100103","Foxa1","B","Map2",0.5
"100122","Foxa1","B","Map4k4",0.5
"100129","Foxa1","B","Mapk10",0.5
"100138","Foxa1","B","Mapkap1",0.5
"100162","Foxa1","B","Mast4",0.5
"100174","Foxa1","B","Mbd5",0.5
"100177","Foxa1","B","Mbnl1",0.5
"100204","Foxa1","B","Mctp1",0.5
"100223","Foxa1","B","Mecom",0.5
"100228","Foxa1","B","Med13l",0.5
"100241","Foxa1","B","Mef2c",0.5
"100260","Foxa1","B","Met",0.5
"100295","Foxa1","B","Mgat4c",0.5
"100312","Foxa1","B","Mid1",0.5
"100332","Foxa1","B","Mipep",0.5
"100335","Foxa1","B","Mitf",0.5
"100346","Foxa1","B","Mllt3",0.5
"100461","Foxa1","B","Msi2",0.5
"100510","Foxa1","B","Mtus1",0.5
"100525","Foxa1","B","Mycbp2",0.5
"100549","Foxa1","B","Myo1b",0.5
"100570","Foxa1","B","Myrip",0.5
"100610","Foxa1","B","Nav2",0.5
"100611","Foxa1","B","Nav3",0.5
"100613","Foxa1","B","Nbas",0.5
"100614","Foxa1","B","Nbea",0.5
"100617","Foxa1","B","Ncald",0.5
"100619","Foxa1","B","Ncam2",0.5
"100637","Foxa1","B","Ncoa2",0.5
"100659","Foxa1","B","Ndufaf6",0.5
"100676","Foxa1","B","Nedd9",0.5
"100684","Foxa1","B","Nek7",0.5
"100713","Foxa1","B","Nfia",0.5
"100714","Foxa1","B","Nfib",0.5
"100737","Foxa1","B","Niban1",0.5
"100749","Foxa1","B","Nipbl",0.5
"100764","Foxa1","B","Nlgn1",0.5
"100812","Foxa1","B","Npas3",0.5
"100852","Foxa1","B","Nrcam",0.5
"100857","Foxa1","B","Nrg3",0.5
"100858","Foxa1","B","Nrg4",0.5
"100862","Foxa1","B","Nrp1",0.5
"100866","Foxa1","B","Nrxn1",0.5
"100868","Foxa1","B","Nrxn3",0.5
"100931","Foxa1","B","Numb",0.5
"100948","Foxa1","B","Nxph1",0.5
"101009","Foxa1","B","Osbpl10",0.5
"101015","Foxa1","B","Osbpl8",0.5
"101016","Foxa1","B","Osbpl9",0.5
"101054","Foxa1","B","P3h2",0.5
"101060","Foxa1","B","Pacs1",0.5
"101069","Foxa1","B","Pag1",0.5
"101081","Foxa1","B","Pam",0.5
"101089","Foxa1","B","Pappa2",0.5
"101090","Foxa1","B","Papss1",0.5
"101096","Foxa1","B","Pard3",0.5
"101097","Foxa1","B","Pard3b",0.5
"101113","Foxa1","B","Pawr",0.5
"101124","Foxa1","B","Pbx1",0.5
"101125","Foxa1","B","Pbx3",0.5
"101149","Foxa1","B","Pclo",0.5
"101152","Foxa1","B","Pcnx1",0.5
"101181","Foxa1","B","Pde4d",0.5
"101190","Foxa1","B","Pde8b",0.5
"101207","Foxa1","B","Pdlim5",0.5
"101211","Foxa1","B","Pds5b",0.5
"101221","Foxa1","B","Pdzrn3",0.5
"101256","Foxa1","B","Phactr1",0.5
"101257","Foxa1","B","Phactr2",0.5
"101282","Foxa1","B","Phldb2",0.5
"101283","Foxa1","B","Phlpp1",0.5
"101293","Foxa1","B","Pias1",0.5
"101298","Foxa1","B","Piezo2",0.5
"101330","Foxa1","B","Pip4k2a",0.5
"101357","Foxa1","B","Pkib",0.5
"101365","Foxa1","B","Pkp4",0.5
"101384","Foxa1","B","Plcb1",0.5
"101385","Foxa1","B","Plcb4",0.5
"101436","Foxa1","B","Plxna2",0.5
"101513","Foxa1","B","Pou2f1",0.5
"101532","Foxa1","B","Ppfia2",0.5
"101535","Foxa1","B","Ppfibp2",0.5
"101551","Foxa1","B","Ppp1r12a",0.5
"101578","Foxa1","B","Ppp3ca",0.5
"101606","Foxa1","B","Prex1",0.5
"101610","Foxa1","B","Prickle2",0.5
"101614","Foxa1","B","Prkag2",0.5
"101623","Foxa1","B","Prkce",0.5
"101624","Foxa1","B","Prkch",0.5
"101627","Foxa1","B","Prkd1",0.5
"101635","Foxa1","B","Prlr",0.5
"101664","Foxa1","B","Prr15l",0.5
"101687","Foxa1","B","Prune2",0.5
"101695","Foxa1","B","Psd3",0.5
"101742","Foxa1","B","Ptk2",0.5
"101760","Foxa1","B","Ptpn4",0.5
"101774","Foxa1","B","Ptprm",0.5
"101777","Foxa1","B","Ptprr",0.5
"101871","Foxa1","B","Rabgap1l",0.5
"101882","Foxa1","B","Rad51b",0.5
"101898","Foxa1","B","Ralgapa1",0.5
"101899","Foxa1","B","Ralgapa2",0.5
"101924","Foxa1","B","Rapgef4",0.5
"101925","Foxa1","B","Rapgef5",0.5
"101939","Foxa1","B","Rasal2",0.5
"101941","Foxa1","B","Rasef",0.5
"101983","Foxa1","B","Rbm47",0.5
"101985","Foxa1","B","Rbms1",0.5
"101987","Foxa1","B","Rbms3",0.5
"101989","Foxa1","B","Rbpj",0.5
"101990","Foxa1","B","Rbpms",0.5
"102023","Foxa1","B","Reln",0.5
"102028","Foxa1","B","Rere",0.5
"102049","Foxa1","B","Rfx3",0.5
"102073","Foxa1","B","Rgs6",0.5
"102105","Foxa1","B","Rims1",0.5
"102106","Foxa1","B","Rims2",0.5
"102185","Foxa1","B","Rnf43",0.5
"102193","Foxa1","B","Robo1",0.5
"102248","Foxa1","B","Rps6kc1",0.5
"102296","Foxa1","B","Runx1",0.5
"102331","Foxa1","B","Samd4a",0.5
"102344","Foxa1","B","Sash1",0.5
"102354","Foxa1","B","Sbf2",0.5
"102368","Foxa1","B","Scaper",0.5
"102445","Foxa1","B","Sema3a",0.5
"102446","Foxa1","B","Sema3c",0.5
"102556","Foxa1","B","Sh3rf1",0.5
"102562","Foxa1","B","Shank2",0.5
"102578","Foxa1","B","Shroom3",0.5
"102589","Foxa1","B","Sik3",0.5
"102590","Foxa1","B","Sil1",0.5
"102596","Foxa1","B","Sipa1l1",0.5
"102597","Foxa1","B","Sipa1l2",0.5
"102606","Foxa1","B","Skap2",0.5
"102663","Foxa1","B","Slc22a23",0.5
"102745","Foxa1","B","Slc38a1",0.5
"102751","Foxa1","B","Slc38a9",0.5
"102764","Foxa1","B","Slc44a1",0.5
"102808","Foxa1","B","Slc8a1",0.5
"102841","Foxa1","B","Slx4ip",0.5
"102863","Foxa1","B","Smchd1",0.5
"102891","Foxa1","B","Smyd3",0.5
"102903","Foxa1","B","Snd1",0.5
"102959","Foxa1","B","Sorbs1",0.5
"102960","Foxa1","B","Sorbs2",0.5
"102978","Foxa1","B","Sox5",0.5
"102979","Foxa1","B","Sox6",0.5
"102980","Foxa1","B","Sox9",0.5
"102995","Foxa1","B","Spag17",0.5
"103016","Foxa1","B","Spats2l",0.5
"103029","Foxa1","B","Spidr",0.5
"103046","Foxa1","B","Spock1",0.5
"103054","Foxa1","B","Spred2",0.5
"103064","Foxa1","B","Sptbn1",0.5
"103103","Foxa1","B","Ssbp2",0.5
"103116","Foxa1","B","St18",0.5
"103130","Foxa1","B","St7",0.5
"103137","Foxa1","B","Stag1",0.5
"103143","Foxa1","B","Stard13",0.5
"103165","Foxa1","B","Stk3",0.5
"103250","Foxa1","B","Svil",0.5
"103258","Foxa1","B","Sybu",0.5
"103271","Foxa1","B","Syne1",0.5
"103272","Foxa1","B","Syne2",0.5
"103282","Foxa1","B","Syt1",0.5
"103306","Foxa1","B","Tacc2",0.5
"103333","Foxa1","B","Tank",0.5
"103335","Foxa1","B","Taok3",0.5
"103354","Foxa1","B","Tbc1d1",0.5
"103371","Foxa1","B","Tbc1d5",0.5
"103373","Foxa1","B","Tbc1d8",0.5
"103383","Foxa1","B","Tbl1xr1",0.5
"103408","Foxa1","B","Tcf12",0.5
"103437","Foxa1","B","Tead1",0.5
"103453","Foxa1","B","Tenm4",0.5
"103498","Foxa1","B","Tfpi",0.5
"103508","Foxa1","B","Tgfbr3",0.5
"103515","Foxa1","B","Thada",0.5
"103534","Foxa1","B","Thsd4",0.5
"103535","Foxa1","B","Thsd7a",0.5
"103539","Foxa1","B","Tiam2",0.5
"103560","Foxa1","B","Tle1",0.5
"103562","Foxa1","B","Tle3",0.5
"103564","Foxa1","B","Tlk1",0.5
"103567","Foxa1","B","Tln2",0.5
"103582","Foxa1","B","Tmc1",0.5
"103710","Foxa1","B","Tmtc2",0.5
"103754","Foxa1","B","Tns3",0.5
"103777","Foxa1","B","Tp63",0.5
"103782","Foxa1","B","Tpd52",0.5
"103783","Foxa1","B","Tpd52l1",0.5
"103786","Foxa1","B","Tpk1",0.5
"103794","Foxa1","B","Tprg1",0.5
"103818","Foxa1","B","Trappc9",0.5
"103857","Foxa1","B","Trio",0.5
"103860","Foxa1","B","Trip12",0.5
"103889","Foxa1","B","Tsc22d2",0.5
"103917","Foxa1","B","Tspan8",0.5
"103970","Foxa1","B","Tusc3",0.5
"103989","Foxa1","B","Txnrd1",0.5
"104043","Foxa1","B","Ubr5",0.5
"104080","Foxa1","B","Unc5c",0.5
"104107","Foxa1","B","Usp10",0.5
"104117","Foxa1","B","Usp25",0.5
"104140","Foxa1","B","Ust",0.5
"104147","Foxa1","B","Utrn",0.5
"104149","Foxa1","B","Uvrag",0.5
"104164","Foxa1","B","Vav3",0.5
"104179","Foxa1","B","Vgll4",0.5
"104191","Foxa1","B","Vmp1",0.5
"104196","Foxa1","B","Vps13b",0.5
"104252","Foxa1","B","Wdfy3",0.5
"104320","Foxa1","B","Wwc1",0.5
"104321","Foxa1","B","Wwc2",0.5
"104384","Foxa1","B","Zbtb16",0.5
"104387","Foxa1","B","Zbtb20",0.5
"104444","Foxa1","B","Zfand3",0.5
"104456","Foxa1","B","Zfpm2",0.5
"104477","Foxa1","B","Zmiz1",0.5
"104485","Foxa1","B","Zmynd8",0.5
"104516","Foxa1","B","Znf385b",0.5
"104520","Foxa1","B","Zfp407",0.5
"104538","Foxa1","B","Znf608",0.5
"104568","Foxa1","B","Zpld1",0.5
"104679","Foxa2","A","Cyp7a1",1
"104738","Foxa2","A","G6pc1",1
"104992","Foxa2","B","Wwc1",0.5
"105009","Foxa3","A","Cyp2c38",1
"105010","Foxa3","A","Cyp2c39",1
"105011","Foxa3","A","Cyp2c29",1
"105313","Foxj2","B","Sun1",0.5
"105867","Foxl2","A","Amh",1
"105868","Foxl2","A","Atf3",1
"105869","Foxl2","A","Bcl2a1",1
"105870","Foxl2","A","Ccl20",1
"105871","Foxl2","A","Ccl3",1
"105872","Foxl2","A","Ch25h",1
"105873","Foxl2","A","Cxcl1",1
"105874","Foxl2","A","Cxcl2",1
"105875","Foxl2","A","Fos",1
"105876","Foxl2","A","Ier3",1
"105877","Foxl2","A","Il11",1
"105878","Foxl2","A","Nr5a2",1
"105879","Foxl2","A","Ppargc1a",1
"105880","Foxl2","A","Tnfaip3",1
"105933","Foxm1","A","Ccnd2",1
"105939","Foxm1","A","Cdk1",1
"105944","Foxm1","A","Cdx2",1
"105947","Foxm1","A","Cenpa",1
"105948","Foxm1","A","Cenpb",1
"105949","Foxm1","A","Cenpf",1
"105956","Foxm1","A","Cks1b",1
"105996","Foxm1","B","Fam83d",0.5
"106004","Foxm1","A","Fos",1
"106048","Foxm1","A","Itgb1",1
"106065","Foxm1","A","Lama2",1
"106084","Foxm1","B","Mbp",0.5
"106127","Foxm1","A","Onecut1",1
"106140","Foxm1","A","Pecam1",1
"106152","Foxm1","B","Ppfibp2",0.5
"106199","Foxm1","A","Skp2",1
"106304","Foxo1","B","Arhgap10",0.5
"106395","Foxo1","A","Eif4ebp1",1
"106427","Foxo1","B","Fyn",0.5
"106534","Foxo1","B","Osbpl9",0.5
"106553","Foxo1","B","Pip4k2a",0.5
"106603","Foxo1","A","Scp2",1
"106711","Foxo3","A","Dusp5",1
"106712","Foxo3","A","Dusp6",1
"106713","Foxo3","A","G6pc1",1
"106716","Foxo4","A","Cdkn1a",1
"106718","Foxo4","A","G6pc1",1
"106719","Foxo4","A","Pck2",1
"106720","Foxo4","A","Scp2",1
"106721","Foxo4","A","Spry2",1
"106785","Gabpa","B","Cdk13",0.5
"107330","Gata1","B","Grap2",0.5
"107631","Gata2","B","Abcc4",0.5
"107642","Gata2","B","Ablim1",0.5
"107658","Gata2","B","Acer3",0.5
"107660","Gata2","A","Ackr1",1
"107702","Gata2","B","Adamtsl1",0.5
"107711","Gata2","B","Add3",0.5
"107716","Gata2","B","Adgrg6",0.5
"107719","Gata2","B","Adgrl2",0.5
"107722","Gata2","B","Adgrv1",0.5
"107737","Gata2","B","Aff3",0.5
"107741","Gata2","B","Agap1",0.5
"107754","Gata2","B","Ahi1",0.5
"107767","Gata2","B","Akap13",0.5
"107769","Gata2","B","Akap6",0.5
"107776","Gata2","B","Alcam",0.5
"107778","Gata2","B","Aldh1a2",0.5
"107795","Gata2","B","Ambra1",0.5
"107801","Gata2","B","Ampd3",0.5
"107804","Gata2","B","Angpt1",0.5
"107807","Gata2","B","Ank3",0.5
"107815","Gata2","B","Ankrd28",0.5
"107821","Gata2","B","Anks1b",0.5
"107827","Gata2","B","Ano6",0.5
"107854","Gata2","A","Apex1",-1
"107864","Gata2","B","App",0.5
"107875","Gata2","B","Arhgap10",0.5
"107877","Gata2","B","Arhgap15",0.5
"107883","Gata2","B","Arhgap24",0.5
"107885","Gata2","B","Arhgap26",0.5
"107889","Gata2","B","Arhgap32",0.5
"107892","Gata2","B","Arhgap42",0.5
"107894","Gata2","B","Arhgap6",0.5
"107901","Gata2","B","Arhgef3",0.5
"107905","Gata2","B","Arid1b",0.5
"107909","Gata2","B","Arid5b",0.5
"107938","Gata2","B","Asap1",0.5
"108038","Gata2","B","Bcar3",0.5
"108040","Gata2","B","Bcas3",0.5
"108054","Gata2","B","Bcor",0.5
"108082","Gata2","B","Bmpr1b",0.5
"108087","Gata2","B","Bnc2",0.5
"108178","Gata2","B","Cachd1",0.5
"108231","Gata2","B","Cast",0.5
"108243","Gata2","B","Cblb",0.5
"108279","Gata2","B","Ccdc91",0.5
"108291","Gata2","A","Ccm2",-1
"108304","Gata2","B","Ccny",0.5
"108308","Gata2","B","Ccser1",0.5
"108322","Gata2","B","Cd34",0.5
"108344","Gata2","B","Cdc42bpa",0.5
"108363","Gata2","B","Cdh18",0.5
"108375","Gata2","B","Cdk14",0.5
"108382","Gata2","B","Cdkal1",0.5
"108393","Gata2","B","Cdyl",0.5
"108401","Gata2","B","Cemip2",0.5
"108407","Gata2","B","Cep128",0.5
"108451","Gata2","B","Chn2",0.5
"108493","Gata2","B","Clec16a",0.5
"108524","Gata2","B","Cnih3",0.5
"108532","Gata2","B","Cntn3",0.5
"108543","Gata2","B","Col14a1",0.5
"108547","Gata2","B","Col25a1",0.5
"108585","Gata2","B","Cpeb4",0.5
"108600","Gata2","B","Cradd",0.5
"108606","Gata2","B","Creb5",0.5
"108626","Gata2","B","Csgalnact1",0.5
"108634","Gata2","B","Ctbs",0.5
"108639","Gata2","B","Ctnna1",0.5
"108655","Gata2","B","Cubn",0.5
"108682","Gata2","B","Daam1",0.5
"108732","Gata2","B","Dennd1a",0.5
"108733","Gata2","B","Dennd1b",0.5
"108742","Gata2","B","Dgkb",0.5
"108761","Gata2","B","Dipk2b",0.5
"108764","Gata2","B","Dis3l2",0.5
"108772","Gata2","B","Dlc1",0.5
"108774","Gata2","B","Dlg1",0.5
"108775","Gata2","B","Dlg2",0.5
"108792","Gata2","B","Dnah11",0.5
"108818","Gata2","B","Dock10",0.5
"108820","Gata2","B","Dock4",0.5
"108821","Gata2","B","Dock5",0.5
"108834","Gata2","B","Dpyd",0.5
"108846","Gata2","B","Dtna",0.5
"108847","Gata2","B","Dtnb",0.5
"108848","Gata2","B","Dtnbp1",0.5
"108852","Gata2","B","Dusp10",0.5
"108859","Gata2","B","Dym",0.5
"108862","Gata2","B","Dync2h1",0.5
"108865","Gata2","B","Dyrk1a",0.5
"108895","Gata2","A","Efcab2",-1
"108898","Gata2","B","Efhc1",0.5
"108901","Gata2","B","Efna5",0.5
"108907","Gata2","B","Egfr",0.5
"108909","Gata2","B","Egln3",0.5
"108916","Gata2","B","Ehf",0.5
"108927","Gata2","B","Eif3h",0.5
"108936","Gata2","B","Elapor2",0.5
"108942","Gata2","A","Elmo1",1
"108956","Gata2","B","Enah",0.5
"108974","Gata2","B","Epb41l2",0.5
"108994","Gata2","B","Eps8",0.5
"108998","Gata2","B","Erbb4",0.5
"108999","Gata2","B","Erc1",0.5
"109000","Gata2","B","Erc2",0.5
"109021","Gata2","B","Etv6",0.5
"109026","Gata2","B","Evl",0.5
"109028","Gata2","B","Exoc4",0.5
"109033","Gata2","B","Ext1",0.5
"109051","Gata2","B","Faf1",0.5
"109065","Gata2","B","Fam13a",0.5
"109075","Gata2","B","Fam171a1",0.5
"109077","Gata2","B","Fam172a",0.5
"109115","Gata2","B","Fbxl17",0.5
"109130","Gata2","B","Fbxw11",0.5
"109157","Gata2","B","Fggy",0.5
"109161","Gata2","B","Fhit",0.5
"109165","Gata2","B","Fhod3",0.5
"109170","Gata2","B","Filip1l",0.5
"109173","Gata2","B","Flnb",0.5
"109176","Gata2","B","Flt1",0.5
"109184","Gata2","B","Fndc3b",0.5
"109186","Gata2","B","Fnip2",0.5
"109187","Gata2","B","Focad",0.5
"109194","Gata2","B","Foxj3",0.5
"109198","Gata2","B","Foxn3",0.5
"109205","Gata2","B","Frmd3",0.5
"109207","Gata2","B","Frmd4b",0.5
"109212","Gata2","B","Fry",0.5
"109213","Gata2","B","Fryl",0.5
"109220","Gata2","B","Fstl5",0.5
"109222","Gata2","B","Fto",0.5
"109230","Gata2","B","Fyn",0.5
"109241","Gata2","B","Gabbr2",0.5
"109246","Gata2","B","Galnt10",0.5
"109252","Gata2","B","Galnt2",0.5
"109309","Gata2","B","Gli3",0.5
"109310","Gata2","B","Glis3",0.5
"109319","Gata2","B","Gmds",0.5
"109326","Gata2","B","Gnaq",0.5
"109355","Gata2","B","Gpatch2",0.5
"109382","Gata2","B","Grb10",0.5
"109394","Gata2","B","Grik2",0.5
"109404","Gata2","B","Grm7",0.5
"109415","Gata2","B","Gse1",0.5
"109423","Gata2","B","Gtdc1",0.5
"109433","Gata2","A","Gulp1",-1
"109464","Gata2","B","Hdac4",0.5
"109467","Gata2","B","Hdac9",0.5
"109478","Gata2","B","Herc1",0.5
"109497","Gata2","B","Hivep1",0.5
"109498","Gata2","B","Hivep2",0.5
"109499","Gata2","B","Hivep3",0.5
"109508","Gata2","B","Hmcn1",0.5
"109594","Gata2","B","Igf1r",0.5
"109620","Gata2","B","Il1r1",0.5
"109639","Gata2","B","Immp2l",0.5
"109648","Gata2","B","Inpp4b",0.5
"109671","Gata2","B","Iqgap2",0.5
"109698","Gata2","B","Itga8",0.5
"109707","Gata2","B","Itpr1",0.5
"109708","Gata2","B","Itpr2",0.5
"109712","Gata2","B","Itsn1",0.5
"109721","Gata2","B","Jarid2",0.5
"109725","Gata2","B","Jmjd1c",0.5
"109732","Gata2","B","Kalrn",0.5
"109741","Gata2","B","Kazn",0.5
"109762","Gata2","B","Kcnk1",0.5
"109767","Gata2","B","Kcnma1",0.5
"109768","Gata2","B","Kcnmb2",0.5
"109787","Gata2","B","Kdm4c",0.5
"109789","Gata2","B","Kdm6a",0.5
"109794","Gata2","B","Skt",0.5
"109870","Gata2","B","Large1",0.5
"109885","Gata2","B","Ldb2",0.5
"109899","Gata2","B","Lhfpl2",0.5
"109906","Gata2","B","Limch1",0.5
"109917","Gata2","B","Lmbr1",0.5
"109944","Gata2","B","Lpp",0.5
"109946","Gata2","B","Lrba",0.5
"109947","Gata2","B","Lrch1",0.5
"109952","Gata2","B","Lrig1",0.5
"109957","Gata2","B","Lrp1b",0.5
"109986","Gata2","B","Ltbp1",0.5
"109990","Gata2","B","Luzp2",0.5
"110006","Gata2","B","Macrod2",0.5
"110008","Gata2","B","Mad1l1",0.5
"110013","Gata2","B","Magi1",0.5
"110022","Gata2","B","Maml3",0.5
"110030","Gata2","B","Map2",0.5
"110042","Gata2","B","Map4k4",0.5
"110053","Gata2","B","Mapkap1",0.5
"110058","Gata2","B","Marchf3",0.5
"110068","Gata2","B","Mast4",0.5
"110077","Gata2","B","Mbnl1",0.5
"110084","Gata2","B","Mcc",0.5
"110114","Gata2","B","Mef2c",0.5
"110126","Gata2","B","Met",0.5
"110152","Gata2","B","Mical2",0.5
"110154","Gata2","B","Mid1",0.5
"110162","Gata2","B","Mitf",0.5
"110172","Gata2","B","Mllt3",0.5
"110220","Gata2","B","Mrps27",0.5
"110230","Gata2","B","Msi2",0.5
"110245","Gata2","B","Mthfd1l",0.5
"110258","Gata2","B","Mtss1",0.5
"110267","Gata2","B","Mycbp2",0.5
"110278","Gata2","B","Mylk",0.5
"110286","Gata2","B","Myo1b",0.5
"110301","Gata2","B","Myrip",0.5
"110323","Gata2","B","Nav2",0.5
"110324","Gata2","B","Nav3",0.5
"110325","Gata2","B","Nbas",0.5
"110338","Gata2","B","Ncoa1",0.5
"110367","Gata2","B","Nedd9",0.5
"110374","Gata2","B","Nek7",0.5
"110376","Gata2","B","Neo1",0.5
"110382","Gata2","B","Nfasc",0.5
"110385","Gata2","B","Nfatc2",0.5
"110388","Gata2","B","Nfia",0.5
"110389","Gata2","B","Nfib",0.5
"110391","Gata2","B","Nfkb1",0.5
"110406","Gata2","B","Niban1",0.5
"110418","Gata2","B","Nlgn1",0.5
"110450","Gata2","B","Npas3",0.5
"110469","Gata2","B","Nrcam",0.5
"110472","Gata2","B","Nrg3",0.5
"110478","Gata2","B","Nrxn3",0.5
"110479","Gata2","B","Nsmaf",0.5
"110546","Gata2","B","Osbpl10",0.5
"110548","Gata2","B","Osbpl3",0.5
"110551","Gata2","B","Osbpl8",0.5
"110552","Gata2","B","Osbpl9",0.5
"110571","Gata2","B","P3h2",0.5
"110575","Gata2","B","Pacrg",0.5
"110577","Gata2","B","Pacsin2",0.5
"110580","Gata2","B","Pag1",0.5
"110599","Gata2","B","Pard3",0.5
"110600","Gata2","B","Pard3b",0.5
"110617","Gata2","B","Pbx1",0.5
"110620","Gata2","B","Pcdh15",0.5
"110628","Gata2","B","Pclo",0.5
"110630","Gata2","B","Pcnx1",0.5
"110631","Gata2","B","Pcnx2",0.5
"110640","Gata2","B","Pde10a",0.5
"110647","Gata2","B","Pde4d",0.5
"110663","Gata2","B","Pdlim5",0.5
"110668","Gata2","B","Pdzrn3",0.5
"110692","Gata2","B","Phactr1",0.5
"110693","Gata2","B","Phactr2",0.5
"110713","Gata2","B","Phldb2",0.5
"110714","Gata2","B","Phlpp1",0.5
"110722","Gata2","B","Piezo2",0.5
"110736","Gata2","B","Pik3r1",0.5
"110740","Gata2","B","Pip4k2a",0.5
"110773","Gata2","B","Plcb1",0.5
"110776","Gata2","B","Plcb4",0.5
"110786","Gata2","B","Plekha7",0.5
"110807","Gata2","B","Plxna2",0.5
"110818","Gata2","A","Pnpla8",-1
"110848","Gata2","B","Ppfia2",0.5
"110850","Gata2","B","Ppfibp2",0.5
"110856","Gata2","B","Ppm1h",0.5
"110878","Gata2","B","Ppp3ca",0.5
"110900","Gata2","B","Prkag2",0.5
"110903","Gata2","B","Prkar2b",0.5
"110906","Gata2","B","Prkce",0.5
"110907","Gata2","B","Prkch",0.5
"110910","Gata2","B","Prkd1",0.5
"110947","Gata2","B","Prune2",0.5
"110951","Gata2","B","Psd3",0.5
"110981","Gata2","B","Ptk2",0.5
"110982","Gata2","B","Ptk2b",0.5
"111002","Gata2","B","Ptprm",0.5
"111054","Gata2","B","Rad51b",0.5
"111063","Gata2","B","Ralgapa2",0.5
"111080","Gata2","B","Rapgef4",0.5
"111081","Gata2","B","Rapgef5",0.5
"111090","Gata2","B","Rasal2",0.5
"111114","Gata2","B","Rbms1",0.5
"111116","Gata2","B","Rbms3",0.5
"111118","Gata2","B","Rbpms",0.5
"111132","Gata2","B","Reln",0.5
"111136","Gata2","B","Rere",0.5
"111147","Gata2","B","Rfx3",0.5
"111182","Gata2","B","Rims1",0.5
"111189","Gata2","B","Rit2",0.5
"111210","Gata2","B","Rnf150",0.5
"111227","Gata2","B","Robo1",0.5
"111254","Gata2","B","Rps6ka2",0.5
"111275","Gata2","B","Rtn4",0.5
"111276","Gata2","B","Rttn",0.5
"111287","Gata2","B","Ryr2",0.5
"111304","Gata2","B","Sash1",0.5
"111308","Gata2","B","Sbf2",0.5
"111312","Gata2","B","Scaper",0.5
"111322","Gata2","B","Scmh1",0.5
"111346","Gata2","B","Sec14l1",0.5
"111354","Gata2","B","Sema3c",0.5
"111362","Gata2","B","Sema6a",0.5
"111397","Gata2","A","Sgk1",-1
"111398","Gata2","B","Sgms1",0.5
"111417","Gata2","B","Sh3rf1",0.5
"111432","Gata2","B","Shroom3",0.5
"111439","Gata2","B","Sik3",0.5
"111440","Gata2","B","Sil1",0.5
"111444","Gata2","B","Sipa1l1",0.5
"111445","Gata2","B","Sipa1l2",0.5
"111482","Gata2","B","Slc22a23",0.5
"111564","Gata2","B","Slit3",0.5
"111565","Gata2","B","Slx4ip",0.5
"111566","Gata2","B","Smad3",0.5
"111586","Gata2","B","Smyd3",0.5
"111591","Gata2","B","Snd1",0.5
"111607","Gata2","B","Snx25",0.5
"111618","Gata2","B","Sorbs1",0.5
"111619","Gata2","B","Sorbs2",0.5
"111631","Gata2","B","Sox6",0.5
"111634","Gata2","B","Sox9",0.5
"111648","Gata2","B","Spats2l",0.5
"111653","Gata2","B","Specc1l",0.5
"111664","Gata2","B","Spock1",0.5
"111677","Gata2","B","Sptbn1",0.5
"111700","Gata2","B","Ssbp2",0.5
"111701","Gata2","B","Ssbp3",0.5
"111713","Gata2","B","St6gal1",0.5
"111716","Gata2","B","St7",0.5
"111730","Gata2","B","Stard13",0.5
"111741","Gata2","B","Stim1",0.5
"111751","Gata2","B","Stk39",0.5
"111774","Gata2","B","Stxbp5",0.5
"111798","Gata2","B","Svil",0.5
"111806","Gata2","B","Syne1",0.5
"111813","Gata2","B","Syt1",0.5
"111823","Gata2","B","Tacc2",0.5
"111837","Gata2","B","Tanc1",0.5
"111841","Gata2","B","Taok3",0.5
"111860","Gata2","B","Tbc1d5",0.5
"111868","Gata2","B","Tbl1xr1",0.5
"111873","Gata2","B","Tcf12",0.5
"111875","Gata2","B","Tcf4",0.5
"111883","Gata2","B","Tead1",0.5
"111890","Gata2","B","Tenm4",0.5
"111911","Gata2","A","Tgfb2",-1
"111915","Gata2","B","Tgfbr3",0.5
"111919","Gata2","B","Thada",0.5
"111928","Gata2","B","Thsd7a",0.5
"111930","Gata2","B","Tiam2",0.5
"111939","Gata2","B","Tjp2",0.5
"111946","Gata2","B","Tlk1",0.5
"111948","Gata2","B","Tln2",0.5
"111989","Gata2","B","Tmem204",0.5
"112029","Gata2","B","Tmtc2",0.5
"112035","Gata2","B","Tnfaip8",0.5
"112050","Gata2","B","Tnik",0.5
"112059","Gata2","B","Tnrc6b",0.5
"112062","Gata2","B","Tns3",0.5
"112076","Gata2","B","Tpd52",0.5
"112077","Gata2","B","Tpd52l1",0.5
"112080","Gata2","B","Tprg1",0.5
"112090","Gata2","B","Trappc9",0.5
"112114","Gata2","B","Trio",0.5
"112182","Gata2","B","Tusc3",0.5
"112190","Gata2","B","Txnrd1",0.5
"112213","Gata2","B","Ube2h",0.5
"112227","Gata2","B","Ubr3",0.5
"112242","Gata2","B","Unc5c",0.5
"112244","Gata2","B","Unc5d",0.5
"112273","Gata2","B","Ust",0.5
"112277","Gata2","B","Utrn",0.5
"112279","Gata2","B","Uvrag",0.5
"112286","Gata2","B","Vav3",0.5
"112294","Gata2","B","Veph1",0.5
"112297","Gata2","B","Vgll4",0.5
"112308","Gata2","B","Vps13a",0.5
"112309","Gata2","B","Vps13b",0.5
"112319","Gata2","B","Vps8",0.5
"112336","Gata2","B","Wdfy3",0.5
"112381","Gata2","B","Xxylt1",0.5
"112397","Gata2","B","Zbtb16",0.5
"112400","Gata2","B","Zbtb20",0.5
"112423","Gata2","B","Zeb2",0.5
"112431","Gata2","B","Zfpm2",0.5
"112441","Gata2","B","Zmiz1",0.5
"112447","Gata2","B","Zmynd8",0.5
"112461","Gata2","B","Zfp407",0.5
"112472","Gata2","B","Znf608",0.5
"112487","Gata2","B","Znrf1",0.5
"112489","Gata2","B","Zpld1",0.5
"112515","Gata3","B","Abca4",0.5
"112538","Gata3","B","Ablim1",0.5
"112599","Gata3","B","Adam12",0.5
"112613","Gata3","B","Adamtsl1",0.5
"112639","Gata3","B","Adgrg6",0.5
"112641","Gata3","B","Adgrl2",0.5
"112643","Gata3","B","Adgrv1",0.5
"112662","Gata3","B","Afap1",0.5
"112667","Gata3","B","Aff3",0.5
"112672","Gata3","B","Agap1",0.5
"112721","Gata3","B","Akap6",0.5
"112733","Gata3","B","Alcam",0.5
"112745","Gata3","B","Alk",0.5
"112766","Gata3","B","Amotl1",0.5
"112775","Gata3","B","Ank3",0.5
"112787","Gata3","B","Ankrd28",0.5
"112792","Gata3","B","Ankrd44",0.5
"112798","Gata3","B","Anks1b",0.5
"112806","Gata3","B","Ano6",0.5
"112838","Gata3","B","App",0.5
"112860","Gata3","B","Arhgap15",0.5
"112864","Gata3","B","Arhgap24",0.5
"112865","Gata3","B","Arhgap25",0.5
"112866","Gata3","B","Arhgap26",0.5
"112868","Gata3","B","Arhgap32",0.5
"112879","Gata3","B","Arhgef3",0.5
"112887","Gata3","B","Arid1b",0.5
"112927","Gata3","B","Arsg",0.5
"112935","Gata3","B","Asap1",0.5
"113024","Gata3","B","Atrnl1",0.5
"113026","Gata3","B","Atxn7",0.5
"113055","Gata3","B","Bach2",0.5
"113062","Gata3","B","Bank1",0.5
"113078","Gata3","B","Bcar3",0.5
"113098","Gata3","B","Bcor",0.5
"113135","Gata3","B","Bmper",0.5
"113137","Gata3","B","Bmpr1b",0.5
"113164","Gata3","B","Brip1",0.5
"113288","Gata3","B","Cacna2d1",0.5
"113300","Gata3","B","Cadm1",0.5
"113316","Gata3","B","Camk2d",0.5
"113318","Gata3","B","Camkmt",0.5
"113329","Gata3","B","Capn2",0.5
"113350","Gata3","B","Cast",0.5
"113360","Gata3","B","Cblb",0.5
"113371","Gata3","B","Ccdc12",0.5
"113408","Gata3","B","Ccdc88c",0.5
"113410","Gata3","B","Ccdc91",0.5
"113436","Gata3","B","Ccser1",0.5
"113473","Gata3","B","Cdc42ep3",0.5
"113491","Gata3","B","Cdh18",0.5
"113511","Gata3","B","Cdk6",0.5
"113512","Gata3","B","Cdkal1",0.5
"113522","Gata3","B","Cdyl",0.5
"113532","Gata3","B","Cemip2",0.5
"113540","Gata3","B","Cep112",0.5
"113543","Gata3","B","Cep128",0.5
"113605","Gata3","B","Chn2",0.5
"113621","Gata3","B","Chst9",0.5
"113660","Gata3","B","Clec16a",0.5
"113671","Gata3","B","Clmn",0.5
"113716","Gata3","B","Cntnap2",0.5
"113740","Gata3","B","Col5a1",0.5
"113789","Gata3","B","Cpne4",0.5
"113803","Gata3","B","Cradd",0.5
"113812","Gata3","B","Creb5",0.5
"113821","Gata3","B","Crim1",0.5
"113848","Gata3","B","Csgalnact1",0.5
"113866","Gata3","B","Ctnna1",0.5
"113872","Gata3","B","Ctnnd2",0.5
"113882","Gata3","B","Cuedc1",0.5
"113913","Gata3","B","Cyp24a1",0.5
"113926","Gata3","B","Cyrib",0.5
"113933","Gata3","B","Daam1",0.5
"113936","Gata3","B","Dab2ip",0.5
"113958","Gata3","B","Dclk1",0.5
"113991","Gata3","B","Dennd1a",0.5
"114033","Gata3","B","Dip2c",0.5
"114044","Gata3","B","Dlc1",0.5
"114046","Gata3","B","Dlg1",0.5
"114047","Gata3","B","Dlg2",0.5
"114060","Gata3","B","Dmd",0.5
"114094","Gata3","B","Dnajc5b",0.5
"114100","Gata3","B","Dnmbp",0.5
"114104","Gata3","B","Dock10",0.5
"114108","Gata3","B","Dock4",0.5
"114109","Gata3","B","Dock5",0.5
"114130","Gata3","B","Dpyd",0.5
"114139","Gata3","B","Dscam",0.5
"114153","Gata3","B","Dtnb",0.5
"114156","Gata3","B","Dusp10",0.5
"114180","Gata3","B","Ece1",0.5
"114216","Gata3","B","Efhc1",0.5
"114222","Gata3","B","Efna5",0.5
"114229","Gata3","B","Egln3",0.5
"114234","Gata3","B","Ehf",0.5
"114259","Gata3","B","Elapor1",0.5
"114268","Gata3","B","Elmo1",0.5
"114287","Gata3","B","Eml4",0.5
"114304","Gata3","B","Enpp2",0.5
"114315","Gata3","B","Epas1",0.5
"114342","Gata3","B","Erbb4",0.5
"114344","Gata3","B","Erc1",0.5
"114345","Gata3","B","Erc2",0.5
"114370","Gata3","B","Esrrg",0.5
"114382","Gata3","B","Etv6",0.5
"114386","Gata3","B","Evl",0.5
"114391","Gata3","B","Exoc4",0.5
"114393","Gata3","B","Exoc6b",0.5
"114399","Gata3","B","Ext1",0.5
"114402","Gata3","B","Eya2",0.5
"114441","Gata3","B","Fam13a",0.5
"114454","Gata3","B","Fam172a",0.5
"114525","Gata3","B","Fbxw11",0.5
"114536","Gata3","B","Fermt2",0.5
"114541","Gata3","B","Fgd5",0.5
"114549","Gata3","B","Fggy",0.5
"114554","Gata3","B","Fhl2",0.5
"114555","Gata3","B","Fhod3",0.5
"114557","Gata3","B","Fign",0.5
"114559","Gata3","B","Filip1l",0.5
"114566","Gata3","B","Flnb",0.5
"114569","Gata3","B","Fmn1",0.5
"114570","Gata3","B","Fmn2",0.5
"114574","Gata3","A","Fn1",1
"114580","Gata3","B","Fnip2",0.5
"114589","Gata3","B","Foxj3",0.5
"114598","Gata3","B","Foxo3",0.5
"114607","Gata3","B","Frmd3",0.5
"114609","Gata3","B","Frmd4b",0.5
"114619","Gata3","B","Fsip1",0.5
"114627","Gata3","B","Fto",0.5
"114638","Gata3","B","Fyb1",0.5
"114640","Gata3","B","Fyn",0.5
"114652","Gata3","B","Gabbr2",0.5
"114723","Gata3","B","Ghr",0.5
"114742","Gata3","B","Gli3",0.5
"114745","Gata3","B","Glis3",0.5
"114759","Gata3","B","Gmds",0.5
"114769","Gata3","B","Gnaq",0.5
"114796","Gata3","B","Gpatch2",0.5
"114846","Gata3","B","Gramd2b",0.5
"114854","Gata3","B","Grhl2",0.5
"114879","Gata3","B","Gse1",0.5
"114911","Gata3","B","Gulp1",0.5
"114955","Gata3","B","Hdac4",0.5
"114957","Gata3","B","Hdac9",0.5
"114968","Gata3","B","Hecw2",0.5
"114998","Gata3","B","Hivep1",0.5
"114999","Gata3","B","Hivep2",0.5
"115000","Gata3","B","Hivep3",0.5
"115009","Gata3","B","Hmcn1",0.5
"115113","Gata3","B","Ier5",0.5
"115130","Gata3","B","Igf1r",0.5
"115160","Gata3","B","Il1r1",0.5
"115171","Gata3","A","Il2ra",1
"115174","Gata3","A","Il4r",1
"115185","Gata3","B","Immp2l",0.5
"115200","Gata3","B","Inpp4b",0.5
"115225","Gata3","B","Iqcj",0.5
"115263","Gata3","B","Itgb5",0.5
"115264","Gata3","B","Itgb6",0.5
"115268","Gata3","B","Itpr1",0.5
"115269","Gata3","B","Itpr2",0.5
"115283","Gata3","B","Jarid2",0.5
"115295","Gata3","B","Kalrn",0.5
"115300","Gata3","B","Kat2b",0.5
"115334","Gata3","B","Kcnk1",0.5
"115338","Gata3","B","Kcnk2",0.5
"115341","Gata3","B","Kcnma1",0.5
"115359","Gata3","B","Kctd3",0.5
"115368","Gata3","B","Kdm4c",0.5
"115387","Gata3","B","Skt",0.5
"115400","Gata3","B","Kif21a",0.5
"115514","Gata3","B","Lamc1",0.5
"115562","Gata3","B","Lhfpl2",0.5
"115573","Gata3","B","Lima1",0.5
"115574","Gata3","B","Limch1",0.5
"115591","Gata3","B","Lmbr1",0.5
"115621","Gata3","B","Lpp",0.5
"115624","Gata3","B","Lrba",0.5
"115625","Gata3","B","Lrch1",0.5
"115631","Gata3","B","Lrig1",0.5
"115636","Gata3","B","Lrp1b",0.5
"115665","Gata3","B","Ltbp1",0.5
"115681","Gata3","B","Lypd6b",0.5
"115687","Gata3","B","Lyzl1",0.5
"115692","Gata3","B","Macrod2",0.5
"115697","Gata3","A","Maf",1
"115699","Gata3","B","Magi1",0.5
"115705","Gata3","B","Malrd1",0.5
"115708","Gata3","B","Maml2",0.5
"115709","Gata3","B","Maml3",0.5
"115720","Gata3","B","Map2",0.5
"115739","Gata3","B","Map4k4",0.5
"115744","Gata3","B","Mapk10",0.5
"115752","Gata3","B","Mapkap1",0.5
"115768","Gata3","B","Mast4",0.5
"115774","Gata3","B","Mb21d2",0.5
"115779","Gata3","B","Mbnl1",0.5
"115789","Gata3","B","Mcc",0.5
"115808","Gata3","A","Mdm2",1
"115812","Gata3","B","Me3",0.5
"115815","Gata3","B","Mecom",0.5
"115819","Gata3","B","Med13l",0.5
"115878","Gata3","B","Mical2",0.5
"115880","Gata3","B","Mid1",0.5
"115882","Gata3","B","Mideas",0.5
"115892","Gata3","B","Mitf",0.5
"115902","Gata3","B","Mllt3",0.5
"115907","Gata3","B","Mme",0.5
"115932","Gata3","B","Mpdz",0.5
"115973","Gata3","B","Msi2",0.5
"116004","Gata3","B","Mtss1",0.5
"116006","Gata3","B","Mtus1",0.5
"116027","Gata3","B","Mylk",0.5
"116033","Gata3","B","Myo1b",0.5
"116043","Gata3","B","Myof",0.5
"116078","Gata3","B","Nav2",0.5
"116079","Gata3","B","Nav3",0.5
"116086","Gata3","B","Ncald",0.5
"116088","Gata3","B","Ncam2",0.5
"116101","Gata3","B","Ncor2",0.5
"116112","Gata3","B","Ndufaf6",0.5
"116124","Gata3","B","Nedd9",0.5
"116131","Gata3","B","Nek7",0.5
"116151","Gata3","B","Nfia",0.5
"116152","Gata3","B","Nfib",0.5
"116170","Gata3","B","Niban1",0.5
"116215","Gata3","B","Npas3",0.5
"116253","Gata3","B","Nrp1",0.5
"116254","Gata3","B","Nrp2",0.5
"116362","Gata3","B","Osbpl10",0.5
"116366","Gata3","B","Osbpl3",0.5
"116368","Gata3","B","Osbpl9",0.5
"116401","Gata3","B","P3h2",0.5
"116407","Gata3","B","Pacs1",0.5
"116408","Gata3","B","Pacsin2",0.5
"116423","Gata3","B","Palld",0.5
"116425","Gata3","B","Pam",0.5
"116436","Gata3","B","Pard3",0.5
"116437","Gata3","B","Pard3b",0.5
"116438","Gata3","B","Pard6b",0.5
"116455","Pax8","A","Gata3",1
"116460","Gata3","B","Pbx1",0.5
"116461","Gata3","B","Pbx3",0.5
"116479","Gata3","B","Pcnx2",0.5
"116496","Gata3","B","Pde4d",0.5
"116514","Gata3","B","Pdlim5",0.5
"116527","Gata3","B","Pdzrn3",0.5
"116557","Gata3","B","Phactr1",0.5
"116578","Gata3","B","Phldb2",0.5
"116607","Gata3","B","Pik3r1",0.5
"116615","Gata3","B","Pip4k2a",0.5
"116659","Gata3","B","Plcb1",0.5
"116661","Gata3","B","Plcb4",0.5
"116668","Gata3","B","Plcl1",0.5
"116706","Gata3","B","Plxna2",0.5
"116712","Gata3","B","Pmepa1",0.5
"116768","Gata3","B","Ppfibp2",0.5
"116778","Gata3","B","Ppm1h",0.5
"116802","Gata3","B","Ppp3ca",0.5
"116828","Gata3","B","Prex1",0.5
"116830","Gata3","B","Prickle2",0.5
"116837","Gata3","B","Prkag2",0.5
"116844","Gata3","B","Prkce",0.5
"116846","Gata3","B","Prkch",0.5
"116848","Gata3","B","Prkcq",0.5
"116856","Gata3","B","Prlr",0.5
"116896","Gata3","B","Psd3",0.5
"116932","Gata3","B","Ptk2",0.5
"116933","Gata3","B","Ptk2b",0.5
"116950","Gata3","B","Ptpn7",0.5
"116956","Gata3","B","Ptprj",0.5
"116957","Gata3","B","Ptprk",0.5
"117027","Gata3","B","Rad23b",0.5
"117030","Gata3","B","Rad51b",0.5
"117059","Gata3","B","Rapgef1",0.5
"117060","Gata3","B","Rapgef4",0.5
"117061","Gata3","B","Rapgef5",0.5
"117063","Gata3","B","Rara",0.5
"117071","Gata3","B","Rasef",0.5
"117086","Gata3","B","Rbfox2",0.5
"117101","Gata3","B","Rbm47",0.5
"117103","Gata3","B","Rbms3",0.5
"117106","Gata3","B","Rbpms",0.5
"117110","Gata3","B","Rcan3",0.5
"117134","Gata3","B","Rere",0.5
"117145","Gata3","B","Rftn1",0.5
"117148","Gata3","B","Rfx3",0.5
"117166","Gata3","B","Rgs6",0.5
"117180","Gata3","B","Rhobtb3",0.5
"117193","Gata3","B","Rims2",0.5
"117217","Gata3","B","Rnd3",0.5
"117231","Gata3","B","Rnf150",0.5
"117258","Gata3","B","Robo1",0.5
"117271","Gata3","B","Rph3a",0.5
"117307","Gata3","B","Rtn4",0.5
"117318","Gata3","B","Rxra",0.5
"117336","Gata3","B","Samd4a",0.5
"117348","Gata3","B","Sash1",0.5
"117353","Gata3","B","Sbf2",0.5
"117363","Gata3","B","Scaper",0.5
"117422","Gata3","B","Sema3a",0.5
"117423","Gata3","B","Sema3c",0.5
"117431","Gata3","B","Sema6a",0.5
"117443","Gata3","B","Septin9",0.5
"117487","Gata3","B","Sgpl1",0.5
"117499","Gata3","A","Sh3kbp1",1
"117500","Gata3","B","Sh3rf1",0.5
"117505","Gata3","B","Shank2",0.5
"117521","Gata3","B","Shroom3",0.5
"117531","Gata3","B","Sil1",0.5
"117537","Gata3","B","Sipa1l1",0.5
"117538","Gata3","B","Sipa1l2",0.5
"117649","Gata3","B","Slc38a1",0.5
"117669","Gata3","B","Slc44a1",0.5
"117694","Gata3","B","Slc8a1",0.5
"117713","Gata3","B","Slit3",0.5
"117721","Gata3","B","Smad3",0.5
"117753","Gata3","B","Smyd3",0.5
"117761","Gata3","B","Snd1",0.5
"117834","Gata3","B","Spats2l",0.5
"117840","Gata3","B","Specc1l",0.5
"117859","Gata3","B","Spock1",0.5
"117865","Gata3","B","Spred2",0.5
"117874","Gata3","B","Sptbn1",0.5
"117897","Gata3","B","Ssbp2",0.5
"117907","Gata3","B","St3gal1",0.5
"117912","Gata3","B","St6gal1",0.5
"117928","Gata3","B","Stard13",0.5
"117940","Gata3","B","Stk3",0.5
"117947","Gata3","B","Stk39",0.5
"117970","Gata3","B","Stxbp5",0.5
"118005","Gata3","B","Sybu",0.5
"118016","Gata3","B","Syne1",0.5
"118017","Gata3","B","Syne2",0.5
"118018","Gata3","B","Synj2",0.5
"118023","Gata3","B","Syt1",0.5
"118032","Gata3","B","Sytl2",0.5
"118037","Gata3","B","Tacc1",0.5
"118058","Gata3","B","Tanc1",0.5
"118063","Gata3","B","Taok3",0.5
"118072","Gata3","B","Tbc1d1",0.5
"118098","Gata3","B","Tbl1xr1",0.5
"118113","Gata3","B","Tcf12",0.5
"118126","Gata3","B","Tead1",0.5
"118135","Gata3","B","Tenm4",0.5
"118161","Gata3","A","Tff1",1
"118167","Gata3","B","Tgfb2",0.5
"118174","Gata3","B","Thada",0.5
"118184","Gata3","B","Thsd4",0.5
"118186","Gata3","B","Thsd7b",0.5
"118202","Gata3","B","Tle1",0.5
"118203","Gata3","B","Tle3",0.5
"118204","Gata3","B","Tle4",0.5
"118205","Gata3","B","Tlk1",0.5
"118206","Gata3","B","Tln2",0.5
"118302","Gata3","B","Tmtc2",0.5
"118333","Gata3","B","Tns3",0.5
"118353","Gata3","B","Tpd52",0.5
"118354","Gata3","B","Tpd52l1",0.5
"118362","Gata3","B","Tprg1",0.5
"118377","Gata3","B","Trappc9",0.5
"118396","Gata3","B","Trim37",0.5
"118407","Gata3","B","Trio",0.5
"118434","Gata3","B","Tsc22d2",0.5
"118461","Gata3","B","Ttc28",0.5
"118497","Gata3","B","Txnrd1",0.5
"118518","Gata3","B","Ube2h",0.5
"118563","Gata3","B","Unc5c",0.5
"118605","Gata3","B","Utrn",0.5
"118614","Gata3","B","Vav3",0.5
"118635","Gata3","B","Vmp1",0.5
"118729","Gata3","B","Wwc1",0.5
"118733","Gata3","B","Wwtr1",0.5
"118753","Gata3","B","Xylt1",0.5
"118789","Gata3","B","Zbtb7c",0.5
"118818","Gata3","B","Zfand3",0.5
"118826","Gata3","B","Zfpm2",0.5
"118842","Gata3","B","Zmiz1",0.5
"118846","Gata3","B","Zmynd8",0.5
"118868","Gata3","B","Znf365",0.5
"118881","Gata3","B","Znf462",0.5
"118889","Gata3","B","Znf608",0.5
"118910","Gata3","B","Znrf1",0.5
"118914","Gata3","B","Zpld1",0.5
"119300","Gata6","B","Sema6a",0.5
"119335","Gata6","B","Svil",0.5
"120488","Grhl2","B","Kiaa1522",0.5
"120490","Grhl2","B","Lad1",0.5
"120498","Grhl2","B","Liph",0.5
"122161","Hif1a","A","Abcg2",1
"122170","Hif1a","A","Adam17",1
"122173","Hif1a","B","Adamts20",0.5
"122187","Hif1a","B","Agpat5",0.5
"122210","Hif1a","B","Arfgef2",0.5
"122218","Hif1a","B","Arid1b",0.5
"122262","Hif1a","B","Cacna1a",0.5
"122263","Hif1a","B","Cacna1c",0.5
"122304","Hif1a","B","Chsy1",0.5
"122325","Hif1a","A","Cox4i2",1
"122353","Hif1a","B","Ddx18",0.5
"122357","Hif1a","B","Dennd1a",0.5
"122370","Hif1a","B","Dlgap4",0.5
"122380","Hif1a","B","Dscam",0.5
"122396","Hif1a","B","Egfr",0.5
"122407","Hif1a","A","Eng",1
"122414","Hif1a","A","Ercc6",1
"122428","Hif1a","B","Fam210a",0.5
"122438","Hif1a","B","Fchsd2",0.5
"122443","Hif1a","A","Fhl1",1
"122466","Hif1a","A","Gfpt1",1
"122479","Hif1a","A","Gpx3",1
"122481","Hif1a","B","Grb10",0.5
"122500","Hif1a","A","Hk1",1
"122505","Hif1a","A","Hmgcr",1
"122518","Hif1a","A","Igfbp1",1
"122521","Hif1a","A","Ilk",1
"122527","Hif1a","B","Inhba",0.5
"122540","Hif1a","A","Itgb1",1
"122643","Hif1a","A","Mmp14",1
"122649","Hif1a","B","Mrtfb",0.5
"122651","Hif1a","B","Msi2",0.5
"122667","Hif1a","B","Nav1",0.5
"122680","Hif1a","B","Nek7",0.5
"122696","Hif1a","A","Nos3",1
"122700","Hif1a","A","Nr4a3",1
"122706","Hif1a","A","Ntn1",1
"122707","Hif1a","A","Ntrk1",1
"122746","Hif1a","B","Pde4d",0.5
"122757","Hif1a","A","Pfkp",1
"122769","Hif1a","A","Pla2g4a",1
"122785","Hif1a","A","Poli",1
"122793","Hif1a","A","Ppia",1
"122812","Hif1a","B","Prkch",0.5
"122837","Hif1a","B","Rad23b",0.5
"122838","Hif1a","B","Rad51b",0.5
"122860","Hif1a","B","Rere",0.5
"122863","Hif1a","B","Rgs6",0.5
"122877","Hif1a","A","Rnf7",1
"122892","Hif1a","B","Runx1",0.5
"122918","Hif1a","B","Septin9",0.5
"122922","Hif1a","B","Shank2",0.5
"122926","Hif1a","B","Sipa1l1",0.5
"122928","Hif1a","A","Slc16a4",1
"122938","Hif1a","B","Slc41a2",0.5
"123028","Hif1a","B","Tns1",0.5
"123029","Hif1a","B","Tns3",0.5
"123065","Hif1a","B","Unc5d",0.5
"123071","Hif1a","B","Usp6nl",0.5
"123077","Hif1a","A","Vegfd",1
"123079","Hif1a","B","Vgll4",0.5
"123094","Hif1a","B","Xxylt1",0.5
"123102","Hif1a","B","Zfat",0.5
"123107","Hif1a","B","Zmynd8",0.5
"123529","Hmbox1","B","Ncoa4",0.5
"123552","Hmbox1","B","Pde8a",0.5
"124041","Hnf1b","B","Wdr72",0.5
"124079","Hnf4a","B","Abca4",0.5
"124093","Hnf4a","B","Abcc3",0.5
"124117","Hnf4a","B","Ablim1",0.5
"124119","Hnf4a","B","Ablim3",0.5
"124128","Hnf4a","B","Acacb",0.5
"124150","Hnf4a","A","Acot13",1
"124153","Hnf4a","B","Acot7",0.5
"124158","Hnf4a","B","Acox2",0.5
"124185","Hnf4a","B","Actn1",0.5
"124187","Hnf4a","B","Actn4",0.5
"124198","Hnf4a","B","Acy3",0.5
"124212","Hnf4a","A","Adamts1",1
"124242","Hnf4a","B","Adcy9",0.5
"124247","Hnf4a","B","Adgra3",0.5
"124250","Hnf4a","B","Adgrf1",0.5
"124254","Hnf4a","B","Adgrg6",0.5
"124259","Hnf4a","B","Adgrv1",0.5
"124285","Hnf4a","B","Afdn",0.5
"124294","Hnf4a","B","Agap1",0.5
"124308","Hnf4a","B","Agpat3",0.5
"124318","Hnf4a","B","Agxt",0.5
"124320","Hnf4a","B","Ahcy",0.5
"124331","Hnf4a","B","Aig1",0.5
"124335","Hnf4a","B","Ak2",0.5
"124340","Hnf4a","B","Akap1",0.5
"124342","Hnf4a","B","Akap13",0.5
"124362","Hnf4a","B","Aldh1a1",0.5
"124366","Hnf4a","B","Aldh3a2",0.5
"124370","Hnf4a","A","Aldh6a1",1
"124401","Hnf4a","B","Ambra1",0.5
"124415","Hnf4a","B","Ampd3",0.5
"124427","Hnf4a","A","Ank3",1
"124470","Hnf4a","B","Anxa2",0.5
"124472","Hnf4a","B","Anxa4",0.5
"124543","Hnf4a","B","Arhgap12",0.5
"124545","Hnf4a","B","Arhgap18",0.5
"124550","Hnf4a","B","Arhgap26",0.5
"124562","Hnf4a","B","Arhgef10l",0.5
"124573","Hnf4a","B","Arhgef3",0.5
"124579","Hnf4a","B","Arid1a",0.5
"124584","Hnf4a","B","Arid5b",0.5
"124629","Hnf4a","B","Arsg",0.5
"124639","Hnf4a","B","Asap2",0.5
"124668","Hnf4a","B","Ass1",0.5
"124712","Hnf4a","B","Atp2b2",0.5
"124743","Hnf4a","B","Atp7b",0.5
"124745","Hnf4a","B","Atp8b1",0.5
"124757","Hnf4a","B","Atxn7l1",0.5
"124830","Hnf4a","B","Bcar3",0.5
"124833","Hnf4a","B","Bcas3",0.5
"124847","Hnf4a","B","Bcl3",0.5
"124853","Hnf4a","B","Bcl9l",0.5
"124855","Hnf4a","B","Bcor",0.5
"124856","Hnf4a","B","Bcr",0.5
"124870","Hnf4a","B","Bicc1",0.5
"124916","Hnf4a","A","Bphl",1
"125007","Hnf4a","B","Q9CQM1",0.5
"125055","Hnf4a","B","C8b",0.5
"125110","Hnf4a","B","Camk2d",0.5
"125112","Hnf4a","B","Camk2n1",0.5
"125139","Hnf4a","B","Capza2",0.5
"125165","Hnf4a","B","Cast",0.5
"125227","Hnf4a","B","Ccdc57",0.5
"125234","Hnf4a","B","Ccdc85c",0.5
"125268","Hnf4a","B","Ccny",0.5
"125327","Hnf4a","B","Cdc42ep4",0.5
"125345","Hnf4a","B","Cdh23",0.5
"125368","Hnf4a","B","Cdk5rap2",0.5
"125467","Hnf4a","B","Chd2",0.5
"125474","Hnf4a","B","Chd9",0.5
"125490","Hnf4a","B","Chn2",0.5
"125537","Hnf4a","B","Clasp1",0.5
"125557","Hnf4a","A","Cldn4",1
"125561","Hnf4a","B","Clec16a",0.5
"125576","Hnf4a","B","Clmn",0.5
"125585","Hnf4a","B","Clrn3",0.5
"125624","Hnf4a","B","Cnksr3",0.5
"125658","Hnf4a","B","Cobl",0.5
"125678","Hnf4a","B","Col27a1",0.5
"125724","Hnf4a","B","Coro1c",0.5
"125725","Hnf4a","B","Coro2a",0.5
"125745","Hnf4a","B","Cplx2",0.5
"125841","Hnf4a","B","Ctnna1",0.5
"125845","Hnf4a","B","Ctnnd1",0.5
"125849","Hnf4a","B","Ctsb",0.5
"125850","Hnf4a","B","Ctse",0.5
"125858","Hnf4a","B","Cuedc1",0.5
"125900","Hnf4a","A","Cyp26a1",1
"125921","Hnf4a","B","Daam1",0.5
"125923","Hnf4a","B","Dab1",0.5
"125925","Hnf4a","B","Dab2ip",0.5
"125950","Hnf4a","B","Dcbld1",0.5
"126000","Hnf4a","B","Dennd1a",0.5
"126004","Hnf4a","B","Dennd2b",0.5
"126021","Hnf4a","B","Dgkg",0.5
"126033","Hnf4a","B","Dhrs3",0.5
"126052","Hnf4a","B","Dip2c",0.5
"126066","Hnf4a","B","Dlc1",0.5
"126074","Hnf4a","B","Dlgap4",0.5
"126086","Hnf4a","B","Dmd",0.5
"126109","Hnf4a","B","Dnajb12",0.5
"126148","Hnf4a","B","Dock4",0.5
"126149","Hnf4a","B","Dock5",0.5
"126176","Hnf4a","B","Dpysl2",0.5
"126186","Hnf4a","A","Dsc2",1
"126258","Hnf4a","B","Ece1",0.5
"126287","Hnf4a","B","Eepd1",0.5
"126294","Hnf4a","B","Efhc1",0.5
"126295","Hnf4a","A","Efhd1",1
"126306","Hnf4a","B","Egfr",0.5
"126308","Hnf4a","B","Egln3",0.5
"126312","Hnf4a","B","Ehd1",0.5
"126315","Hnf4a","B","Ehf",0.5
"126353","Hnf4a","B","Ell",0.5
"126355","Hnf4a","B","Elmo1",0.5
"126379","Hnf4a","B","Eml6",0.5
"126382","Hnf4a","B","Enc1",0.5
"126406","Hnf4a","B","Entpd8",0.5
"126410","Hnf4a","B","Epas1",0.5
"126413","Hnf4a","B","Epb41l2",0.5
"126421","Hnf4a","B","Epha10",0.5
"126427","Hnf4a","A","Ephx2",1
"126435","Hnf4a","A","Eps15l1",1
"126436","Hnf4a","B","Eps8",0.5
"126452","Hnf4a","B","Ergic1",0.5
"126456","Hnf4a","B","Eri3",0.5
"126461","Hnf4a","B","Ern1",0.5
"126489","Hnf4a","B","Etv4",0.5
"126491","Hnf4a","B","Etv6",0.5
"126510","Hnf4a","B","Ext1",0.5
"126521","Hnf4a","B","F5",0.5
"126532","Hnf4a","B","Fah",0.5
"126535","Hnf4a","B","Fam102a",0.5
"126537","Hnf4a","B","Fam107b",0.5
"126549","Hnf4a","B","Fam13a",0.5
"126586","Hnf4a","B","Fam222a",0.5
"126618","Hnf4a","B","Farp1",0.5
"126681","Hnf4a","B","Fermt2",0.5
"126686","Hnf4a","B","Fga",0.5
"126704","Hnf4a","B","Fggy",0.5
"126708","Hnf4a","B","Fhad1",0.5
"126711","Hnf4a","B","Fhl2",0.5
"126733","Hnf4a","B","Flnb",0.5
"126752","Hnf4a","B","Fndc3b",0.5
"126755","Hnf4a","B","Fnip2",0.5
"126772","Hnf4a","B","Foxn3",0.5
"126778","Hnf4a","B","Foxq1",0.5
"126790","Hnf4a","B","Frmd4b",0.5
"126797","Hnf4a","B","Fry",0.5
"126808","Hnf4a","B","Fto",0.5
"126820","Hnf4a","B","Fyn",0.5
"126830","Hnf4a","A","G6pc3",1
"126858","Hnf4a","B","Galnt2",0.5
"126895","Hnf4a","B","Gclc",0.5
"126902","Hnf4a","B","Gda",0.5
"126908","Hnf4a","B","Gdf15",0.5
"126925","Hnf4a","B","Gfod1",0.5
"126941","Hnf4a","B","Ggt6",0.5
"126951","Hnf4a","B","Gipc2",0.5
"126966","Hnf4a","B","Glis3",0.5
"126987","Hnf4a","B","Gmds",0.5
"126996","Hnf4a","B","Gna12",0.5
"127088","Hnf4a","B","Gprc5c",0.5
"127099","Hnf4a","B","Gramd2b",0.5
"127100","Hnf4a","B","Gramd4",0.5
"127101","Hnf4a","B","Grb10",0.5
"127139","Hnf4a","B","Gse1",0.5
"127141","Hnf4a","B","Gsn",0.5
"127164","Hnf4a","B","Gtf2ird1",0.5
"127221","Hnf4a","B","Hdac4",0.5
"127273","Hnf4a","B","Hipk2",0.5
"127276","Hnf4a","B","Hivep2",0.5
"127283","Hnf4a","B","Hlf",0.5
"127328","Hnf4a","B","Hpcal1",0.5
"127359","Hnf4a","B","Hsd17b2",0.5
"127434","Hnf4a","B","Igf2bp3",0.5
"127461","Hnf4a","B","Il1r1",0.5
"127463","Hnf4a","B","Il1rap",0.5
"127517","Hnf4a","B","Insr",0.5
"127547","Hnf4a","B","Iqgap2",0.5
"127599","Hnf4a","B","Itgb5",0.5
"127612","Hnf4a","B","Itpr1",0.5
"127613","Hnf4a","B","Itpr2",0.5
"127647","Hnf4a","B","Kalrn",0.5
"127661","Hnf4a","B","Kazn",0.5
"127698","Hnf4a","B","Kcnma1",0.5
"127724","Hnf4a","B","Kdm4c",0.5
"127732","Hnf4a","B","Khdrbs3",0.5
"127741","Hnf4a","B","Skt",0.5
"127839","Hnf4a","B","Krt8",0.5
"127843","Hnf4a","B","Ksr1",0.5
"127864","Hnf4a","B","Lama5",0.5
"127876","Hnf4a","B","Large1",0.5
"127923","Hnf4a","B","Lgals2",0.5
"127933","Hnf4a","B","Lhfpl2",0.5
"127934","Hnf4a","B","Lhpp",0.5
"127971","Hnf4a","B","Lmna",0.5
"127975","Hnf4a","B","Lmo7",0.5
"127996","Hnf4a","B","Lpp",0.5
"128009","Hnf4a","B","Lrig1",0.5
"128020","Hnf4a","B","Lrp5",0.5
"128049","Hnf4a","B","Lrrc8d",0.5
"128052","Hnf4a","B","Lrrfip1",0.5
"128065","Hnf4a","B","Lsm4",0.5
"128122","Hnf4a","B","Mad1l1",0.5
"128134","Hnf4a","B","Magi1",0.5
"128148","Hnf4a","B","Maml2",0.5
"128162","Hnf4a","B","Maoa",0.5
"128186","Hnf4a","B","Map4k4",0.5
"128216","Hnf4a","B","Mark2",0.5
"128228","Hnf4a","B","Mast4",0.5
"128247","Hnf4a","B","Mbnl2",0.5
"128248","Hnf4a","B","Mbnl3",0.5
"128257","Hnf4a","B","Mcf2l",0.5
"128287","Hnf4a","B","Me3",0.5
"128324","Hnf4a","B","Met",0.5
"128336","Hnf4a","B","Mettl7b",0.5
"128362","Hnf4a","B","Mgrn1",0.5
"128368","Hnf4a","B","Mical2",0.5
"128369","Hnf4a","B","Mical3",0.5
"128375","Hnf4a","B","Mideas",0.5
"128376","Hnf4a","B","Midn",0.5
"128414","Hnf4a","A","Mme",1
"128440","Hnf4a","B","Mogat2",0.5
"128532","Hnf4a","B","Msi2",0.5
"128547","Hnf4a","B","Mtarc2",0.5
"128567","Hnf4a","B","Mtmr12",0.5
"128579","Hnf4a","B","Mtss1",0.5
"128582","Hnf4a","B","Mtus1",0.5
"128585","Hnf4a","B","Muc13",0.5
"128589","Hnf4a","B","Mvk",0.5
"128610","Hnf4a","B","Myh9",0.5
"128617","Hnf4a","B","Mylk",0.5
"128621","Hnf4a","B","Myo18a",0.5
"128624","Hnf4a","B","Myo1b",0.5
"128635","Hnf4a","B","Myom1",0.5
"128645","Hnf4a","B","N4bp1",0.5
"128685","Hnf4a","B","Nav2",0.5
"128710","Hnf4a","B","Ncoa4",0.5
"128714","Hnf4a","B","Ncor2",0.5
"128727","Hnf4a","B","Ndst1",0.5
"128740","Hnf4a","B","Ndufaf6",0.5
"128763","Hnf4a","B","Nedd9",0.5
"128770","Hnf4a","B","Nek6",0.5
"128776","Hnf4a","A","Nell2",1
"128790","Hnf4a","B","Nfasc",0.5
"128799","Hnf4a","B","Nfia",0.5
"128800","Hnf4a","B","Nfib",0.5
"128810","Hnf4a","B","Nfkbiz",0.5
"128824","Hnf4a","B","Nhsl1",0.5
"128872","Hnf4a","B","Nol4l",0.5
"128889","Hnf4a","B","Npas2",0.5
"128916","Hnf4a","B","Nr2f6",0.5
"128933","Hnf4a","B","Nrp1",0.5
"128995","Hnf4a","B","Nup210",0.5
"129072","Hnf4a","B","Osbpl10",0.5
"129075","Hnf4a","B","Osbpl3",0.5
"129120","Hnf4a","B","Pacsin2",0.5
"129185","Hnf4a","B","Pcbp1",0.5
"129205","Hnf4a","A","Pck2",1
"129218","Hnf4a","B","Pcsk6",0.5
"129238","Hnf4a","B","Pde4d",0.5
"129245","Hnf4a","B","Pde8a",0.5
"129264","Hnf4a","B","Pdlim5",0.5
"129291","Hnf4a","B","Pemt",0.5
"129292","Hnf4a","B","Pepd",0.5
"129293","Hnf4a","B","Per2",0.5
"129329","Hnf4a","B","Phactr2",0.5
"129345","Hnf4a","B","Phf3",0.5
"129354","Hnf4a","B","Phldb2",0.5
"129355","Hnf4a","B","Phlpp1",0.5
"129382","Hnf4a","B","Pik3ap1",0.5
"129387","Hnf4a","B","Pik3r1",0.5
"129391","Hnf4a","B","Pim1",0.5
"129436","Hnf4a","B","Pla2g4f",0.5
"129446","Hnf4a","B","Plcb1",0.5
"129460","Hnf4a","B","Plec",0.5
"129465","Hnf4a","B","Plekha6",0.5
"129466","Hnf4a","B","Plekha7",0.5
"129473","Hnf4a","B","Plekhg3",0.5
"129475","Hnf4a","B","Plekhg6",0.5
"129481","Hnf4a","B","Plekhm3",0.5
"129496","Hnf4a","B","Plpp3",0.5
"129507","Hnf4a","B","Plxna2",0.5
"129579","Hnf4a","B","Por",0.5
"129596","Hnf4a","B","Ppfibp2",0.5
"129640","Hnf4a","B","Ppp3ca",0.5
"129651","Hnf4a","B","Pptc7",0.5
"129676","Hnf4a","B","Prkag2",0.5
"129682","Hnf4a","B","Prkce",0.5
"129683","Hnf4a","B","Prkch",0.5
"129693","Hnf4a","B","Prlr",0.5
"129720","Hnf4a","B","Prr5",0.5
"129736","Hnf4a","B","Psd3",0.5
"129737","Hnf4a","B","Psd4",0.5
"129788","Hnf4a","B","Ptk2",0.5
"129789","Hnf4a","B","Ptk2b",0.5
"129791","Hnf4a","B","Ptp4a1",0.5
"129811","Hnf4a","B","Ptprf",0.5
"129816","Hnf4a","B","Ptprm",0.5
"129841","Hnf4a","B","Pxn",0.5
"129904","Hnf4a","B","Rabgap1l",0.5
"129914","Hnf4a","B","Rad51b",0.5
"129933","Hnf4a","B","Ralgps1",0.5
"129951","Hnf4a","B","Rapgef1",0.5
"129954","Hnf4a","B","Rapgef5",0.5
"130017","Hnf4a","B","Rbm47",0.5
"130027","Hnf4a","B","Rbpms",0.5
"130065","Hnf4a","B","Rere",0.5
"130101","Hnf4a","B","Rgs3",0.5
"130112","Hnf4a","B","Rho",0.5
"130116","Hnf4a","B","Rhobtb3",0.5
"130135","Hnf4a","B","Rin2",0.5
"130206","Hnf4a","B","Rnf43",0.5
"130288","Hnf4a","B","Rrbp1",0.5
"130289","Hnf4a","B","Rreb1",0.5
"130325","Hnf4a","B","Runx1",0.5
"130357","Hnf4a","B","Samd4a",0.5
"130365","Hnf4a","B","Sardh",0.5
"130390","Hnf4a","B","Scap",0.5
"130437","Hnf4a","B","Sec14l1",0.5
"130442","Hnf4a","B","Sec23a",0.5
"130468","Hnf4a","B","Sema4b",0.5
"130487","Hnf4a","B","Septin9",0.5
"130495","Hnf4a","B","Serinc5",0.5
"130513","Hnf4a","B","Sertad2",0.5
"130545","Hnf4a","B","Sfxn5",0.5
"130567","Hnf4a","B","Sh3bp4",0.5
"130569","Hnf4a","B","Sh3d19",0.5
"130574","Hnf4a","B","Sh3pxd2a",0.5
"130582","Hnf4a","B","Shank2",0.5
"130613","Hnf4a","B","Sil1",0.5
"130618","Hnf4a","B","Sipa1l3",0.5
"130631","Hnf4a","B","Ski",0.5
"130652","Hnf4a","B","Slc13a3",0.5
"130653","Hnf4a","B","Slc13a5",0.5
"130679","Hnf4a","B","Slc20a2",0.5
"130683","Hnf4a","B","Slc22a23",0.5
"130739","Hnf4a","B","Slc2a9",0.5
"130741","Hnf4a","B","Slc30a10",0.5
"130756","Hnf4a","B","Slc35d2",0.5
"130775","Hnf4a","B","Slc39a11",0.5
"130783","Hnf4a","B","Slc40a1",0.5
"130789","Hnf4a","B","Slc44a1",0.5
"130792","Hnf4a","B","Slc44a4",0.5
"130825","Hnf4a","B","Slc7a5",0.5
"130837","Hnf4a","B","Slco2b1",0.5
"130850","Hnf4a","B","Smad3",0.5
"130855","Hnf4a","B","Smad7",0.5
"130886","Hnf4a","B","Smoc1",0.5
"130898","Hnf4a","B","Smurf1",0.5
"130932","Hnf4a","B","Sntb1",0.5
"130968","Hnf4a","B","Sod2",0.5
"130970","Hnf4a","B","Sorbs1",0.5
"130971","Hnf4a","B","Sorbs2",0.5
"130976","Hnf4a","B","Sorl1",0.5
"130986","Hnf4a","B","Sox13",0.5
"130989","Hnf4a","B","Sox6",0.5
"131001","Hnf4a","B","Spag9",0.5
"131022","Hnf4a","B","Spats2l",0.5
"131034","Hnf4a","B","Spidr",0.5
"131054","Hnf4a","B","Spred2",0.5
"131067","Hnf4a","B","Sptbn1",0.5
"131105","Hnf4a","B","Ssbp3",0.5
"131124","Hnf4a","B","St18",0.5
"131125","Hnf4a","B","St3gal1",0.5
"131130","Hnf4a","B","St3gal6",0.5
"131131","Hnf4a","B","St6gal1",0.5
"131156","Hnf4a","B","Stat6",0.5
"131162","Hnf4a","B","Stim1",0.5
"131169","Hnf4a","B","Stk24",0.5
"131201","Hnf4a","B","Stx18",0.5
"131226","Hnf4a","B","Sulf2",0.5
"131245","Hnf4a","B","Susd6",0.5
"131250","Hnf4a","B","Svil",0.5
"131257","Hnf4a","B","Sybu",0.5
"131262","Hnf4a","B","Syn3",0.5
"131266","Hnf4a","B","Syne1",0.5
"131273","Hnf4a","B","Synj2",0.5
"131294","Hnf4a","B","Tacc2",0.5
"131319","Hnf4a","B","Tank",0.5
"131330","Hnf4a","A","Tasp1",1
"131335","Hnf4a","B","Tbc1d1",0.5
"131338","Hnf4a","B","Tbc1d14",0.5
"131347","Hnf4a","B","Tbc1d2b",0.5
"131352","Hnf4a","B","Tbc1d8",0.5
"131364","Hnf4a","B","Tbl1x",0.5
"131404","Hnf4a","B","Tead1",0.5
"131410","Hnf4a","B","Tectb",0.5
"131413","Hnf4a","B","Tef",0.5
"131429","Hnf4a","B","Terf2",0.5
"131438","Hnf4a","B","Tex2",0.5
"131457","Hnf4a","B","Tfr2",0.5
"131460","Hnf4a","A","Tgfa",1
"131466","Hnf4a","B","Tgfbr3",0.5
"131476","Hnf4a","B","Thada",0.5
"131515","Hnf4a","B","Tjp2",0.5
"131516","Hnf4a","B","Tjp3",0.5
"131523","Hnf4a","B","Tle1",0.5
"131525","Hnf4a","B","Tle3",0.5
"131529","Hnf4a","B","Tln2",0.5
"131538","Hnf4a","B","Tm4sf5",0.5
"131545","Hnf4a","B","Tmbim1",0.5
"131627","Hnf4a","B","Tmem241",0.5
"131630","Hnf4a","B","Tmem245",0.5
"131647","Hnf4a","B","Tmem37",0.5
"131673","Hnf4a","B","Tmigd1",0.5
"131719","Hnf4a","B","Tns1",0.5
"131721","Hnf4a","B","Tns3",0.5
"131751","Hnf4a","B","Tpcn1",0.5
"131762","Hnf4a","B","Tprg1",0.5
"131777","Hnf4a","B","Trak1",0.5
"131788","Hnf4a","B","Trappc9",0.5
"131801","Hnf4a","B","Trim2",0.5
"131806","Hnf4a","B","Trim31",0.5
"131829","Hnf4a","B","Trio",0.5
"131868","Hnf4a","B","Tspan14",0.5
"131877","Hnf4a","B","Tspan8",0.5
"131900","Hnf4a","B","Ttc7a",0.5
"131919","Hnf4a","B","Ttyh3",0.5
"132021","Hnf4a","A","Ugt1a6",1
"132100","Hnf4a","B","Usp7",0.5
"132109","Hnf4a","B","Utrn",0.5
"132127","Hnf4a","B","Vav2",0.5
"132139","Hnf4a","B","Vgll4",0.5
"132148","Hnf4a","B","Vmp1",0.5
"132197","Hnf4a","B","Wdfy1",0.5
"132242","Hnf4a","B","Wnk2",0.5
"132256","Hnf4a","B","Wwc1",0.5
"132259","Hnf4a","B","Wwp2",0.5
"132281","Hnf4a","B","Xxylt1",0.5
"132287","Hnf4a","B","Yap1",0.5
"132312","Hnf4a","B","Zbtb16",0.5
"132316","Hnf4a","B","Zbtb20",0.5
"132321","Hnf4a","B","Zbtb38",0.5
"132355","Hnf4a","B","Zcchc2",0.5
"132373","Hnf4a","B","Zfand3",0.5
"132376","Hnf4a","B","Zfat",0.5
"132380","Hnf4a","B","Zfp36l2",0.5
"132410","Hnf4a","B","Zmiz1",0.5
"132416","Hnf4a","B","Zmynd8",0.5
"132467","Hnf4a","B","Znf608",0.5
"132501","Hnf4a","B","Znrf3",0.5
"132626","Hnf4g","B","Dok4",0.5
"132834","Hnf4g","A","Serpina1e",1
"132835","Hnf4g","A","Serpina1a",1
"132836","Hnf4g","A","Serpina1b",1
"132837","Hnf4g","A","Serpina1d",1
"132838","Hnf4g","A","Serpina1c",1
"132931","Hnf4g","B","Wwc1",0.5
"133890","Hsf1","B","Dnah17",0.5
"133936","Hsf1","B","Hpcal1",0.5
"133998","Hsf1","B","Mknk2",0.5
"134010","Hsf1","B","Nadk",0.5
"134317","Irf1","B","Etv6",0.5
"134358","Irf1","B","Ifit2",0.5
"134364","Irf1","A","Il5",1
"134603","Irf1","B","Znfx1",0.5
"134609","Irf2","B","Adar",0.5
"134646","Irf2","B","Casp7",0.5
"134831","Irf2","B","Nmi",0.5
"134836","Irf2","B","Nr3c1",0.5
"135043","Irf3","B","Abca7",0.5
"135467","Irf4","B","Blk",0.5
"135490","Irf4","B","Cflar",0.5
"135534","Irf4","B","Elf4",0.5
"135549","Irf4","B","Fcrl5",0.5
"135594","Irf4","B","Itgb7",0.5
"135851","Irf9","B","Adar",0.5
"135997","Irf9","B","Isg15",0.5
"136010","Irf9","B","Ksr1",0.5
"136059","Irf9","B","Oas2",0.5
"136060","Irf9","B","Oas3",0.5
"136110","Irf9","B","Rsad2",0.5
"136115","Irf9","B","Samd9l",0.5
"136202","Jun","B","Acsl3",0.5
"136317","Jun","B","Dmd",0.5
"136331","Jun","B","Dusp10",0.5
"136393","Jun","B","Hrh1",0.5
"136394","Jun","A","Ier5",1
"136941","Junb","B","Pim1",0.5
"137273","Jund","B","Lmna",0.5
"137279","Jund","B","Mafk",0.5
"138849","Klf4","B","Ndrg1",0.5
"139178","Klf5","B","Foxq1",0.5
"139225","Klf5","B","Jup",0.5
"139237","Klf5","B","Lamb3",0.5
"139338","Klf5","B","Ptk6",0.5
"140428","Kmt2a","B","Cdkn2c",0.5
"140489","Kmt2a","A","Foxc1",1
"140490","Kmt2a","A","Foxc2",1
"140523","Kmt2a","A","Hoxa10",1
"140524","Kmt2a","A","Hoxa11",1
"140525","Kmt2a","A","Hoxa13",1
"140528","Kmt2a","A","Hoxc8",1
"140912","Lef1","B","Axin2",0.5
"140937","Lef1","B","Ctif",0.5
"141260","Lhx3","A","Tshb",1
"141261","Lhx4","A","Fshb",1
"141262","Lhx4","A","Tshb",1
"141312","Lyl1","B","Cbfa2t3",0.5
"141367","Lyl1","B","Egfl7",0.5
"141503","Lyl1","B","Ptk2b",0.5
"141757","Maf","B","Frmd4b",0.5
"141789","Maf","B","Il2ra",0.5
"141790","Maf","B","Il4r",0.5
"142184","Mafb","B","Dse",0.5
"142454","Mafb","B","Tbc1d14",0.5
"142811","Maff","B","Rapgef5",0.5
"143041","Mafg","B","Eif4g3",0.5
"143848","Max","B","Cdk6",0.5
"144038","Max","A","Nprl3",-1
"145175","Mbd3","B","Esr1",0.5
"145609","Mef2a","B","Gtdc1",0.5
"145774","Mef2a","B","Schip1",0.5
"145809","Mef2a","B","Syne1",0.5
"145988","Mef2b","B","Klf2",0.5
"146255","Mef2c","B","Clic5",0.5
"146320","Mef2c","B","Hdac9",0.5
"146351","Mef2c","A","Klf2",1
"146393","Nfatc1","B","Mef2c",0.5
"146424","Mef2c","B","Plcl2",0.5
"146494","Mef2c","B","Tcf4",0.5
"147162","Meis2","B","Mcc",0.5
"147182","Meis2","B","Ncald",0.5
"147313","Meis2","B","Tgfbr3",0.5
"147391","Mitf","B","Ablim1",0.5
"147392","Mitf","B","Ablim2",0.5
"147409","Mitf","B","Acot7",0.5
"147433","Mitf","B","Adam12",0.5
"147439","Mitf","B","Adamts17",0.5
"147453","Mitf","B","Adcy2",0.5
"147456","Mitf","B","Adcy9",0.5
"147464","Mitf","B","Adgrg1",0.5
"147487","Mitf","B","Aff3",0.5
"147493","Mitf","B","Agap1",0.5
"147510","Mitf","B","Ahcyl1",0.5
"147518","Mitf","B","Ak2",0.5
"147519","Mitf","B","Ak5",0.5
"147521","Mitf","B","Ak9",0.5
"147526","Mitf","B","Akap6",0.5
"147552","Mitf","B","Alk",0.5
"147576","Mitf","B","Ank3",0.5
"147594","Mitf","B","Ankrd6",0.5
"147597","Mitf","B","Anks1b",0.5
"147611","Mitf","B","Anxa2",0.5
"147612","Mitf","B","Anxa4",0.5
"147613","Mitf","B","Anxa5",0.5
"147618","Mitf","B","Ap1s2",0.5
"147638","Mitf","B","App",0.5
"147647","Mitf","B","Arfgef2",0.5
"147655","Mitf","B","Arhgap24",0.5
"147657","Mitf","B","Arhgap26",0.5
"147662","Mitf","B","Arhgap42",0.5
"147666","Mitf","B","Arhgef10l",0.5
"147670","Mitf","B","Arhgef3",0.5
"147672","Mitf","B","Arhgef7",0.5
"147674","Mitf","B","Arid1a",0.5
"147675","Mitf","B","Arid1b",0.5
"147702","Mitf","B","Arsg",0.5
"147707","Mitf","B","Asap1",0.5
"147708","Mitf","B","Asap2",0.5
"147757","Mitf","B","Atp2b2",0.5
"147810","Mitf","B","Baiap2",0.5
"147820","Mitf","B","Bbc3",0.5
"147830","Mitf","B","Bcar3",0.5
"147847","Mitf","B","Bcor",0.5
"147857","Mitf","B","Bhlhe40",0.5
"147889","Mitf","B","Bnc2",0.5
"147907","Mitf","B","Bri3",0.5
"147998","Mitf","B","Cables1",0.5
"148005","Mitf","B","Cacnb4",0.5
"148012","Mitf","B","Cadps",0.5
"148029","Mitf","B","Capn2",0.5
"148075","Mitf","B","Ccdc171",0.5
"148160","Mitf","B","Cdh4",0.5
"148183","Mitf","B","Cdyl",0.5
"148225","Mitf","B","Cfl2",0.5
"148232","Mitf","B","Chchd6",0.5
"148238","Mitf","B","Chd9",0.5
"148253","Mitf","B","Chn2",0.5
"148293","Mitf","B","Clec16a",0.5
"148348","Mitf","B","Col13a1",0.5
"148364","Mitf","B","Colgalt2",0.5
"148370","Mitf","B","Commd9",0.5
"148380","Mitf","B","Coro1c",0.5
"148381","Mitf","B","Coro2b",0.5
"148410","Mitf","B","Cradd",0.5
"148425","Mitf","B","Crtac1",0.5
"148439","Mitf","B","Csmd1",0.5
"148453","Mitf","B","Ctnna1",0.5
"148454","Mitf","B","Ctnna2",0.5
"148459","Mitf","B","Ctnnd2",0.5
"148463","Mitf","B","Ctsb",0.5
"148472","Mitf","B","Cubn",0.5
"148473","Mitf","B","Cuedc1",0.5
"148502","Mitf","B","Cyth1",0.5
"148503","Mitf","B","Cyth3",0.5
"148508","Mitf","B","Daam1",0.5
"148512","Mitf","B","Dab2ip",0.5
"148565","Mitf","B","Dennd1a",0.5
"148566","Mitf","B","Dennd2a",0.5
"148567","Mitf","B","Dennd2b",0.5
"148579","Mitf","B","Dgkg",0.5
"148600","Mitf","B","Dip2c",0.5
"148612","Mitf","B","Dlgap4",0.5
"148634","Mitf","B","Dnajb12",0.5
"148657","Mitf","B","Dock10",0.5
"148658","Mitf","B","Dock2",0.5
"148660","Mitf","B","Dock4",0.5
"148679","Mitf","B","Dpysl2",0.5
"148690","Mitf","B","Dtnb",0.5
"148691","Mitf","B","Dtnbp1",0.5
"148710","Mitf","B","Dym",0.5
"148720","Mitf","B","Dyrk1a",0.5
"148730","Mitf","B","Ece1",0.5
"148743","Mitf","B","Eef2k",0.5
"148747","Mitf","B","Efcab6",0.5
"148757","Mitf","B","Egfr",0.5
"148758","Mitf","B","Egln3",0.5
"148809","Mitf","B","Emp1",0.5
"148829","Mitf","B","Epg5",0.5
"148834","Mitf","B","Ephb1",0.5
"148853","Mitf","B","Erg",0.5
"148869","Mitf","B","Ets1",0.5
"148872","Mitf","B","Etv4",0.5
"148873","Mitf","B","Etv5",0.5
"148874","Mitf","B","Etv6",0.5
"148903","Mitf","B","Fam102a",0.5
"148915","Mitf","B","Fam13a",0.5
"148928","Mitf","B","Fam178b",0.5
"148951","Mitf","B","Farp1",0.5
"149008","Mitf","B","Fggy",0.5
"149011","Mitf","B","Fhad1",0.5
"149024","Mitf","B","Fkbp5",0.5
"149032","Mitf","B","Fmn1",0.5
"149042","Mitf","B","Fndc3b",0.5
"149044","Mitf","B","Fnip2",0.5
"149051","Mitf","B","Foxk1",0.5
"149055","Mitf","B","Foxn3",0.5
"149056","Mitf","B","Foxo3",0.5
"149063","Mitf","B","Frmd4a",0.5
"149064","Mitf","B","Frmd4b",0.5
"149079","Mitf","B","Fto",0.5
"149088","Mitf","B","Fyn",0.5
"149100","Mitf","B","Gabbr2",0.5
"149125","Mitf","B","Garnl3",0.5
"149136","Mitf","B","Gatad2a",0.5
"149193","Mitf","B","Glmp",0.5
"149203","Mitf","B","Gmds",0.5
"149207","Mitf","B","Gmpr",0.5
"149241","Mitf","B","Gpat4",0.5
"149254","Mitf","B","Gpr137b",0.5
"149276","Mitf","B","Grap2",0.5
"149277","Mitf","B","Grb10",0.5
"149285","Mitf","B","Grik3",0.5
"149308","Mitf","B","Gse1",0.5
"149311","Mitf","B","Gsn",0.5
"149320","Mitf","B","Gtdc1",0.5
"149367","Mitf","B","Hdac4",0.5
"149390","Mitf","B","Hhat",0.5
"149400","Mitf","B","Hivep2",0.5
"149401","Mitf","B","Hivep3",0.5
"149438","Mitf","B","Hpcal1",0.5
"149480","Mitf","B","Ica1",0.5
"149514","Mitf","B","Igf1r",0.5
"149515","Mitf","B","Igf2bp2",0.5
"149517","Mitf","B","Igf2r",0.5
"149529","Mitf","B","Il16",0.5
"149556","Mitf","B","Inpp4b",0.5
"149573","Mitf","B","Iqsec1",0.5
"149605","Mitf","B","Itgb5",0.5
"149606","Mitf","B","Itgb6",0.5
"149610","Mitf","B","Itpkb",0.5
"149611","Mitf","A","Itpr1",1
"149625","Mitf","B","Jarid2",0.5
"149626","Mitf","B","Jazf1",0.5
"149653","Mitf","B","Kcnab2",0.5
"149682","Mitf","B","Kdm4b",0.5
"149683","Mitf","B","Kdm4c",0.5
"149694","Mitf","B","Q3UE31",0.5
"149705","Mitf","B","Kif21b",0.5
"149726","Mitf","B","Klhdc4",0.5
"149779","Mitf","B","Large1",0.5
"149780","Mitf","B","Larp1",0.5
"149800","Mitf","B","Ldlrad3",0.5
"149811","Mitf","B","Lhfpl2",0.5
"149812","Mitf","B","Lhfpl3",0.5
"149818","Mitf","B","Limd1",0.5
"149823","Mitf","B","Lingo1",0.5
"149829","Mitf","B","Litaf",0.5
"149836","Mitf","B","Lmna",0.5
"149842","Mitf","B","Lnpk",0.5
"149859","Mitf","B","Lpp",0.5
"149863","Mitf","B","Lrch1",0.5
"149930","Mitf","B","Macrod2",0.5
"149931","Mitf","B","Mad1l1",0.5
"149934","Mitf","B","Maea",0.5
"149946","Mitf","B","Man1c1",0.5
"149962","Mitf","B","Map4k4",0.5
"149973","Mitf","A","Mapre2",1
"149998","Mitf","B","Mbp",0.5
"150003","Mitf","B","Mcc",0.5
"150006","Mitf","B","Mcf2l",0.5
"150018","Mitf","B","Mdga2",0.5
"150030","Mitf","B","Med15",0.5
"150072","Mitf","B","Mga",0.5
"150076","Mitf","B","Mgll",0.5
"150081","Mitf","B","Mical2",0.5
"150082","Mitf","B","Mical3",0.5
"150086","Mitf","B","Mid1",0.5
"150088","Mitf","B","Mideas",0.5
"150109","Mitf","B","Mlph",0.5
"150115","Mitf","B","Mme",0.5
"150150","Mitf","B","Mpzl1",0.5
"150181","Mitf","B","Mrtfb",0.5
"150188","Mitf","B","Msi2",0.5
"150214","Mitf","B","Mtss1",0.5
"150217","Mitf","B","Mtus1",0.5
"150228","Mitf","B","Myh10",0.5
"150235","Mitf","B","Mylk",0.5
"150238","Mitf","B","Myo16",0.5
"150243","Mitf","B","Myo1e",0.5
"150246","Mitf","B","Myo5a",0.5
"150274","Mitf","B","Narf",0.5
"150279","Mitf","B","Nav2",0.5
"150283","Mitf","B","Ncald",0.5
"150290","Mitf","B","Nck2",0.5
"150299","Mitf","B","Ncor2",0.5
"150302","Mitf","B","Ndst1",0.5
"150309","Mitf","B","Ndufaf6",0.5
"150317","Mitf","B","Nedd9",0.5
"150321","Mitf","B","Nek6",0.5
"150338","Mitf","B","Nfatc2",0.5
"150343","Mitf","B","Nfia",0.5
"150344","Mitf","B","Nfib",0.5
"150383","Mitf","B","Nol4l",0.5
"150395","Mitf","B","Npas3",0.5
"150396","Mitf","B","Npc1",0.5
"150432","Mitf","B","Nrg3",0.5
"150437","Mitf","B","Nrp2",0.5
"150441","Mitf","B","Nrxn1",0.5
"150445","Mitf","B","Nsmaf",0.5
"150446","Mitf","B","Nsmce2",0.5
"150483","Mitf","B","Nup93",0.5
"150497","Mitf","B","Ogdh",0.5
"150516","Mitf","B","Osbpl3",0.5
"150519","Mitf","B","Osbpl9",0.5
"150533","Mitf","B","Otud7b",0.5
"150548","Mitf","B","Pacrg",0.5
"150552","Mitf","B","Pacsin2",0.5
"150581","Mitf","B","Parva",0.5
"150591","Mitf","B","Pcbp1",0.5
"150616","Mitf","B","Pde4d",0.5
"150621","Mitf","B","Pde8a",0.5
"150643","Mitf","B","Pdzd2",0.5
"150673","Mitf","B","Phactr1",0.5
"150674","Mitf","B","Phactr3",0.5
"150678","Mitf","B","Phc2",0.5
"150686","Mitf","B","Phgdh",0.5
"150727","Mitf","B","Pip4k2a",0.5
"150749","Mitf","B","Pla2g6",0.5
"150752","Mitf","B","Plb1",0.5
"150767","Mitf","B","Plekha7",0.5
"150774","Mitf","B","Plekhg3",0.5
"150797","Mitf","B","Plxna2",0.5
"150799","Mitf","B","Plxnc1",0.5
"150830","Mitf","B","Polr1a",0.5
"150847","Mitf","B","Pou6f2",0.5
"150868","Mitf","B","Ppm1h",0.5
"150889","Mitf","B","Ppp2r5c",0.5
"150893","Mitf","B","Ppp6r3",0.5
"150911","Mitf","B","Prex1",0.5
"150916","Mitf","B","Prkag2",0.5
"150922","Mitf","B","Prkce",0.5
"150923","Mitf","B","Prkch",0.5
"150929","Mitf","B","Prkn",0.5
"150960","Mitf","B","Prrc2b",0.5
"150967","Mitf","B","Prune2",0.5
"150970","Mitf","B","Psap",0.5
"150990","Mitf","B","Ptch1",0.5
"151009","Mitf","B","Ptprj",0.5
"151011","Mitf","B","Ptprm",0.5
"151082","Mitf","B","Rad51b",0.5
"151101","Mitf","B","Rap1gap",0.5
"151104","Mitf","B","Rapgef1",0.5
"151111","Mitf","B","Rasa3",0.5
"151116","Mitf","B","Rasgrf1",0.5
"151127","Mitf","B","Rbfox1",0.5
"151138","Mitf","B","Rbms1",0.5
"151141","Mitf","B","Rbpj",0.5
"151162","Mitf","B","Reln",0.5
"151168","Mitf","B","Rere",0.5
"151183","Mitf","B","Rgl1",0.5
"151192","Mitf","B","Rgs3",0.5
"151240","Mitf","B","Rnf115",0.5
"151246","Mitf","B","Rnf144a",0.5
"151248","Mitf","B","Rnf146",0.5
"151259","Mitf","B","Rnf220",0.5
"151278","Mitf","B","Rpgr",0.5
"151301","Mitf","B","Rps6ka2",0.5
"151314","Mitf","B","Rreb1",0.5
"151329","Mitf","B","Rtn4",0.5
"151335","Mitf","B","Runx1",0.5
"151348","Mitf","B","Samd4a",0.5
"151357","Mitf","B","Sash1",0.5
"151372","Mitf","B","Scarb1",0.5
"151385","Mitf","B","Scrn1",0.5
"151398","Mitf","B","Sdk1",0.5
"151419","Mitf","B","Sema5a",0.5
"151432","Mitf","B","Septin9",0.5
"151436","Mitf","B","Serinc5",0.5
"151477","Mitf","B","Sh3kbp1",0.5
"151479","Mitf","B","Sh3pxd2b",0.5
"151484","Mitf","B","Shank2",0.5
"151504","Mitf","B","Sil1",0.5
"151509","Mitf","B","Sipa1l2",0.5
"151510","Mitf","B","Sipa1l3",0.5
"151547","Mitf","B","Slc22a23",0.5
"151548","Mitf","B","Slc23a2",0.5
"151560","Mitf","B","Slc25a26",0.5
"151604","Mitf","B","Slc39a11",0.5
"151613","Mitf","B","Slc44a1",0.5
"151614","Mitf","B","Slc44a3",0.5
"151633","Mitf","B","Slc7a1",0.5
"151640","Mitf","B","Slc8a1",0.5
"151642","Mitf","B","Slc9a1",0.5
"151648","Mitf","B","Slco3a1",0.5
"151655","Mitf","B","Slit3",0.5
"151691","Mitf","B","Snd1",0.5
"151720","Mitf","B","Snx29",0.5
"151726","Mitf","B","Snx8",0.5
"151727","Mitf","B","Snx9",0.5
"151735","Mitf","B","Sod2",0.5
"151737","Mitf","B","Sorbs1",0.5
"151738","Mitf","B","Sorbs2",0.5
"151747","Mitf","B","Sox6",0.5
"151755","Mitf","B","Spart",0.5
"151775","Mitf","B","Spock1",0.5
"151788","Mitf","B","Sptbn1",0.5
"151816","Mitf","B","Ssbp3",0.5
"151818","Mitf","B","Ssh1",0.5
"151830","Mitf","B","St3gal6",0.5
"151831","Mitf","B","St6gal1",0.5
"151844","Mitf","A","Stard13",1
"151847","Mitf","B","Stat3",0.5
"151854","Mitf","B","Stk10",0.5
"151860","Mitf","B","Stk32b",0.5
"151885","Mitf","B","Stxbp1",0.5
"151886","Mitf","B","Stxbp5",0.5
"151914","Mitf","B","Svil",0.5
"151920","Mitf","B","Syn3",0.5
"151923","Mitf","B","Syne2",0.5
"151943","Mitf","B","Tacc1",0.5
"151955","Mitf","B","Tafa5",0.5
"151970","Mitf","A","Tbc1d1",1
"151973","Mitf","B","Tbc1d14",0.5
"152017","Mitf","B","Tenm4",0.5
"152032","Mitf","B","Tex2",0.5
"152050","Mitf","B","Thada",0.5
"152077","Mitf","B","Tle3",0.5
"152082","Mitf","B","Tln2",0.5
"152098","Mitf","B","Tmcc2",0.5
"152115","Mitf","B","Tmem131",0.5
"152116","Mitf","B","Tmem132b",0.5
"152126","Mitf","B","Tmem163",0.5
"152142","Mitf","B","TMEM229B",0.5
"152183","Mitf","B","Tnrc6b",0.5
"152185","Mitf","B","Tns3",0.5
"152189","Mitf","B","Tom1",0.5
"152203","Mitf","B","Tpcn2",0.5
"152222","Mitf","B","Trak1",0.5
"152229","Mitf","B","Trappc9",0.5
"152234","Mitf","B","Trib1",0.5
"152236","Mitf","B","Trim2",0.5
"152257","Mitf","B","Trio",0.5
"152272","Mitf","B","Trpm8",0.5
"152279","Mitf","B","Tsc22d2",0.5
"152289","Mitf","B","Tspan14",0.5
"152294","Mitf","B","Tspan9",0.5
"152313","Mitf","B","Ttll4",0.5
"152374","Mitf","B","Ube4b",0.5
"152398","Mitf","B","Ulk4",0.5
"152442","Mitf","B","Usp48",0.5
"152445","Mitf","B","Usp6nl",0.5
"152449","Mitf","B","Ust",0.5
"152455","Mitf","B","Utp25",0.5
"152460","Mitf","B","Vac14",0.5
"152463","Mitf","B","Vapa",0.5
"152466","Mitf","B","Vav3",0.5
"152474","Mitf","B","Vgll4",0.5
"152493","Mitf","B","Vps53",0.5
"152517","Mitf","B","Wdfy1",0.5
"152564","Mitf","B","Wwp2",0.5
"152567","Mitf","B","Xpnpep1",0.5
"152574","Mitf","B","Xxylt1",0.5
"152576","Mitf","B","Xylt1",0.5
"152612","Mitf","B","Zbtb38",0.5
"152665","Mitf","B","Zhx3",0.5
"152674","Mitf","B","Zmiz1",0.5
"152676","Mitf","B","Zmynd8",0.5
"152680","Mitf","B","Znf131",0.5
"152696","Mitf","B","Znf365",0.5
"152703","Mitf","B","Znf521",0.5
"152707","Mitf","B","Znf608",0.5
"152723","Mitf","B","Znf704",0.5
"152736","Mitf","B","Znrf1",0.5
"152895","Mnt","B","Gatad2a",0.5
"153028","Mnt","B","Plec",0.5
"153098","Mnt","B","Sh3bp2",0.5
"153266","Mxi1","B","Cast",0.5
"153294","Mxi1","B","Ctbp2",0.5
"153338","Mxi1","B","Fam13a",0.5
"153579","Mxi1","B","Ssbp3",0.5
"153886","Myb","B","Kcnma1",0.5
"154674","Myc","A","Cluh",1
"154676","Myc","B","Cmip",0.5
"154806","Myc","B","Gmds",0.5
"154836","Myc","B","Ier2",0.5
"154978","Nfic","A","Myc",1
"155026","Myc","A","Pkm",1
"155083","Myc","B","Ptprf",0.5
"155086","Myc","B","Rab11a",0.5
"155130","Myc","B","Rps6ka2",0.5
"155169","Myc","B","Slc1a5",0.5
"155269","Myc","B","Trib1",0.5
"155290","Myc","B","Ube2d3",0.5
"155326","Myc","B","Zfp36l2",0.5
"155641","Mycn","B","Prr5",0.5
"157967","Neurod1","B","Grm4",0.5
"158287","Nfatc1","B","Creb5",0.5
"158316","Nfatc1","B","Fyn",0.5
"158362","Nfatc1","B","Nedd9",0.5
"159057","Nfe2l1","B","Parva",0.5
"159538","Nfe2l2","B","Tgif1",0.5
"159631","Nfic","B","App",0.5
"159641","Nfic","B","Arid1a",0.5
"159842","Nfic","B","Mbp",0.5
"159867","Nfic","B","Ndst1",0.5
"160056","Nfic","B","Tns1",0.5
"160059","Tp53","B","Nfic",0.5
"160060","Nfic","A","Tp53",1
"160131","Nfkb1","B","Arid1a",0.5
"160147","Nfkb1","A","Brca1",1
"160162","Nfkb1","B","Ccl17",0.5
"160165","Nfkb1","B","Cd274",0.5
"160166","Nfkb1","B","Cd44",0.5
"160246","Nfkb1","B","Fscn1",0.5
"160248","Nfkb1","A","Gadd45a",1
"160251","Nfkb1","B","Gatad2a",0.5
"160268","Nfkb1","B","Hnrnpl",0.5
"160280","Nfkb1","B","Il15ra",0.5
"160281","Nfkb1","B","Il1r1",0.5
"160284","Nfkb1","B","Il4r",0.5
"160285","Nfkb1","A","Il5",1
"160300","Nfkb1","B","Kcnma1",0.5
"160530","Nfkb1","A","Vegfc",1
"160591","Nfkb2","B","Bcl3",0.5
"160766","Nfkb2","B","Neurl3",0.5
"160813","Nfkb2","B","Rara",0.5
"160886","Nfkb2","B","Tnfaip3",0.5
"160889","Nfkb2","B","Tnip1",0.5
"160893","Nfkb2","B","Traf1",0.5
"160948","Nfya","B","Ap3m2",0.5
"160982","Nfya","B","Cd74",0.5
"161373","Nfya","B","Znf608",0.5
"161437","Nfyb","B","Ccnb1",0.5
"161468","Nfyb","B","Crebrf",0.5
"161470","Nfyb","B","Cryzl1",0.5
"161667","Nfyb","B","Pcna",0.5
"162345","Nr1h2","B","Fasn",0.5
"162473","Nr1h2","B","Pparg",0.5
"162706","Nr2c2","B","Asxl1",0.5
"162771","Nr2c2","B","Gcc2",0.5
"162917","Nr2c2","B","Snrnp200",0.5
"162930","Nr2c2","B","Taf2",0.5
"162980","Nr2e1","A","Pax2",-1
"162981","Nr2e1","A","Plce1",-1
"163426","Nr2f2","A","Acta1",1
"163447","Nr2f2","A","Apoc2",1
"163453","Nr2f2","B","Arhgef2",0.5
"163544","Nr2f2","A","F9",1
"163627","Nr2f2","B","Ltbp4",0.5
"163648","Nr2f2","A","Myh6",1
"163652","Nr2f2","A","Myog",1
"163686","Nr2f2","A","Penk",1
"163727","Nr2f2","B","Rftn1",0.5
"163799","Nr2f2","A","Tf",1
"163809","Nr2f2","B","Tns1",0.5
"163863","Nr2f6","B","Agpat3",0.5
"164115","Nr2f6","B","Rab11fip4",0.5
"164302","Nr3c1","B","Asap2",0.5
"164416","Nr3c1","B","Gtdc1",0.5
"164664","Nr3c1","B","Zbtb38",0.5
"165440","Nrf1","B","Crtc1",0.5
"165540","Nrf1","B","Kdm2a",0.5
"166843","Runx3","B","Pax5",0.5
"167109","Pax6","A","Necab2",1
"167944","Pbx2","B","Phf21a",0.5
"168339","Pbx3","B","Meis2",0.5
"168384","Pbx3","B","Pbx1",0.5
"169296","Pgr","B","Add3",0.5
"169694","Pgr","B","Ust",0.5
"170225","Pou2f1","B","H2bu2",0.5
"170254","Pou2f1","A","Myc",1
"170344","Pou2f1","A","Tsc22d3",1
"170578","Pou2f2","B","Lrrk1",0.5
"170579","Pou2f2","B","Lyn",0.5
"170652","Pou2f2","B","Pou2af1",0.5
"170745","Pou2f2","B","Stk10",0.5
"171652","Ppara","A","Acox2",1
"171666","Ppara","A","Hmgcs1",1
"171669","Ppara","A","Mmp12",1
"171671","Ppara","A","Myc",1
"171674","Ppara","B","Pdha1",0.5
"171680","Ppard","A","Cpt1b",1
"171706","Pparg","B","Acacb",0.5
"171708","Pparg","B","Acsl3",0.5
"171709","Pparg","B","Acsl5",0.5
"171771","Pparg","B","Cpt1a",0.5
"171778","Pparg","A","Cyp27a1",1
"172020","Pparg","B","Sorbs1",0.5
"172032","Pparg","B","Susd1",0.5
"172365","Prdm14","B","Abca4",0.5
"172410","Prdm14","B","Adamts2",0.5
"172435","Prdm14","B","Agap1",0.5
"172436","Prdm14","B","Agap3",0.5
"172440","Prdm14","B","Agpat3",0.5
"172446","Prdm14","B","Ahdc1",0.5
"172451","Prdm14","B","Ajap1",0.5
"172465","Prdm14","B","Alk",0.5
"172483","Prdm14","B","Ampd3",0.5
"172500","Prdm14","B","Ano1",0.5
"172537","Prdm14","B","Arhgef10l",0.5
"172540","Prdm14","B","Arhgef17",0.5
"172541","Prdm14","B","Arhgef2",0.5
"172546","Prdm14","B","Arid1a",0.5
"172547","Prdm14","B","Arid1b",0.5
"172550","Prdm14","B","Arid5a",0.5
"172572","Prdm14","B","Ass1",0.5
"172584","Prdm14","B","Atp13a2",0.5
"172600","Prdm14","B","Axin2",0.5
"172621","Prdm14","B","Bcar3",0.5
"172625","Prdm14","B","Bcl11a",0.5
"172632","Prdm14","B","Bcor",0.5
"172647","Prdm14","B","Bmp7",0.5
"172706","Prdm14","B","Ca4",0.5
"172709","Prdm14","B","Cacna1c",0.5
"172771","Prdm14","B","Ccdc33",0.5
"172773","Prdm14","B","Ccdc57",0.5
"172782","Prdm14","B","Ccnd2",0.5
"172795","Prdm14","B","Cd6",0.5
"172797","Prdm14","B","Cd9",0.5
"172805","Prdm14","B","Cdc42bpg",0.5
"172808","Prdm14","B","Cdc42ep4",0.5
"172824","Prdm14","B","Cdh23",0.5
"172847","Prdm14","B","Cdyl",0.5
"172938","Prdm14","B","Cobl",0.5
"172948","Prdm14","B","Col2a1",0.5
"172968","Prdm14","B","Coro2b",0.5
"172975","Prdm14","B","Cplx2",0.5
"172999","Prdm14","B","Crocc",0.5
"173011","Prdm14","B","Csmd2",0.5
"173032","Prdm14","B","Cxcl12",0.5
"173039","Prdm14","B","Cyp26b1",0.5
"173049","Prdm14","B","Dab2ip",0.5
"173079","Prdm14","B","Dgkg",0.5
"173081","Prdm14","B","Dgkz",0.5
"173104","Prdm14","B","Dlgap4",0.5
"173106","Prdm14","B","Dll4",0.5
"173129","Prdm14","B","Dnmt3a",0.5
"173145","Prdm14","B","Dpysl5",0.5
"173162","Prdm14","B","Dysf",0.5
"173171","Prdm14","B","Ece1",0.5
"173190","Prdm14","B","Efnb1",0.5
"173233","Prdm14","B","Epb41l1",0.5
"173246","Prdm14","B","Ephb3",0.5
"173265","Prdm14","B","Eva1b",0.5
"173290","Prdm14","B","Fam131c",0.5
"173304","Prdm14","B","Fam174b",0.5
"173348","Prdm14","B","Fhad1",0.5
"173370","Prdm14","B","Fosl2",0.5
"173390","Prdm14","B","Foxo6",0.5
"173442","Prdm14","B","Gata2",0.5
"173445","Prdm14","B","Gatad2a",0.5
"173478","Prdm14","B","Gli2",0.5
"173487","Prdm14","B","Gmds",0.5
"173499","Prdm14","B","Gpc1",0.5
"173518","Prdm14","B","Gprc5c",0.5
"173520","Prdm14","B","Gramd1b",0.5
"173522","Prdm14","B","Grb10",0.5
"173526","Prdm14","B","Grhl3",0.5
"173533","Prdm14","B","Grik4",0.5
"173537","Prdm14","B","Grk2",0.5
"173545","Prdm14","B","Gse1",0.5
"173583","Prdm14","B","Hes2",0.5
"173672","Prdm14","B","Igdcc4",0.5
"173674","Prdm14","B","Igf1r",0.5
"173677","Prdm14","B","Igf2r",0.5
"173703","Prdm14","B","Inhbb",0.5
"173724","Prdm14","B","Islr2",0.5
"173730","Prdm14","B","Itga11",0.5
"173742","Prdm14","B","Itpkb",0.5
"173764","Prdm14","B","Kazn",0.5
"173772","Prdm14","B","Kcnab2",0.5
"173812","Prdm14","B","Kdm4b",0.5
"173814","Prdm14","B","Kdm6b",0.5
"173834","Prdm14","B","Kirrel1",0.5
"173836","Prdm14","B","Kirrel3",0.5
"173843","Prdm14","B","Klhdc7a",0.5
"173896","Prdm14","B","Lhx2",0.5
"173905","Prdm14","B","Lingo1",0.5
"173951","Prdm14","B","Lrrk1",0.5
"173969","Prdm14","B","Mad1l1",0.5
"174004","Prdm14","B","Map7d1",0.5
"174017","Prdm14","B","Matn1",0.5
"174029","Prdm14","B","Mcf2l",0.5
"174048","Prdm14","B","Mef2d",0.5
"174050","Prdm14","B","Megf6",0.5
"174054","Prdm14","B","Meis1",0.5
"174077","Prdm14","B","Mgat5b",0.5
"174106","Prdm14","B","Mnt",0.5
"174182","Prdm14","B","Nadk",0.5
"174216","Prdm14","B","Nectin1",0.5
"174235","Prdm14","B","Nfatc2",0.5
"174237","Prdm14","B","Nfia",0.5
"174239","Prdm14","B","Nfic",0.5
"174244","Prdm14","B","Ngef",0.5
"174275","Prdm14","B","Nol4l",0.5
"174295","Prdm14","B","Nr4a1",0.5
"174302","Prdm14","B","Nrp2",0.5
"174312","Prdm14","B","Ntf3",0.5
"174315","Prdm14","B","Ntn1",0.5
"174319","Prdm14","B","Ntrk1",0.5
"174332","Prdm14","B","Nxn",0.5
"174358","Prdm14","B","Otx1",0.5
"174370","Prdm14","B","Padi2",0.5
"174395","Prdm14","B","Pax7",0.5
"174437","Prdm14","B","Pdgfrb",0.5
"174444","Prdm14","B","Pear1",0.5
"174456","Prdm14","B","Phc2",0.5
"174464","Prdm14","B","Phldb1",0.5
"174489","Prdm14","B","Pkdcc",0.5
"174494","Prdm14","B","Pknox2",0.5
"174517","Prdm14","B","Plekhg5",0.5
"174532","Prdm14","B","Plxna2",0.5
"174593","Prdm14","B","Prex1",0.5
"174610","Prdm14","B","Prmt8",0.5
"174629","Prdm14","B","Ptch1",0.5
"174633","Prdm14","B","Pth1r",0.5
"174654","Prdm14","B","Ptpru",0.5
"174666","Prdm14","B","Rab25",0.5
"174679","Prdm14","B","Rai1",0.5
"174699","Prdm14","B","Rasgrf1",0.5
"174719","Prdm14","B","Rcor2",0.5
"174741","Prdm14","B","Rfx4",0.5
"174742","Prdm14","B","Rgma",0.5
"174785","Prdm14","B","Rnf220",0.5
"174807","Prdm14","B","Rps6ka2",0.5
"174816","Prdm14","B","Rspo1",0.5
"174825","Prdm14","B","Runx1",0.5
"174828","Prdm14","B","Runx3",0.5
"174866","Prdm14","B","Sdk2",0.5
"174878","Prdm14","B","Sema4a",0.5
"174888","Prdm14","B","Septin9",0.5
"174908","Prdm14","B","Sfxn5",0.5
"174916","Prdm14","B","Sh3bp4",0.5
"174923","Prdm14","B","Shank2",0.5
"174935","Prdm14","B","Sim2",0.5
"174956","Prdm14","B","Slc12a5",0.5
"174971","Prdm14","B","Slc22a23",0.5
"175031","Prdm14","B","Slit3",0.5
"175039","Prdm14","B","Smad6",0.5
"175072","Prdm14","B","Sox13",0.5
"175081","Prdm14","B","Sox9",0.5
"175117","Prdm14","B","Srebf1",0.5
"175161","Prdm14","B","Stum",0.5
"175189","Prdm14","B","Syndig1",0.5
"175200","Prdm14","B","Tacc2",0.5
"175210","Prdm14","B","Tal1",0.5
"175220","Prdm14","B","Tbc1d16",0.5
"175230","Prdm14","B","Tbcd",0.5
"175250","Prdm14","B","Tcf7l1",0.5
"175268","Prdm14","B","Tenm4",0.5
"175269","Prdm14","B","Tent5b",0.5
"175277","Prdm14","B","Tfap2a",0.5
"175312","Prdm14","B","Tmco4",0.5
"175350","Prdm14","B","Tmem59l",0.5
"175378","Prdm14","B","Tns1",0.5
"175379","Prdm14","B","Tns3",0.5
"175390","Prdm14","B","Trp53i11",0.5
"175410","Prdm14","B","Trim2",0.5
"175422","Prdm14","B","Trio",0.5
"175438","Prdm14","B","Tspan18",0.5
"175441","Prdm14","B","Tspan9",0.5
"175448","Prdm14","B","Ttc7a",0.5
"175492","Prdm14","B","Unc5a",0.5
"175565","Prdm14","B","Wnt3a",0.5
"175566","Prdm14","B","Wnt4",0.5
"175567","Prdm14","B","Wnt5b",0.5
"175570","Prdm14","B","Wwc1",0.5
"175581","Prdm14","B","Xxylt1",0.5
"175595","Prdm14","B","Zbtb17",0.5
"175600","Prdm14","B","Zbtb7b",0.5
"175611","Prdm14","B","Zdhhc14",0.5
"175634","Prdm14","B","Zmiz1",0.5
"175637","Prdm14","B","Zmynd8",0.5
"175651","Prdm14","B","Znf423",0.5
"176176","Rara","B","Hdac7",0.5
"176194","Rara","A","Hoxa7",1
"176195","Rara","A","Hoxb4",1
"176203","Rara","A","Ier3",1
"176228","Rara","B","Khsrp",0.5
"176244","Rara","B","Lmna",0.5
"176342","Rara","B","Pnrc1",0.5
"176381","Runx1","B","Rara",0.5
"176390","Rara","B","Septin9",0.5
"176405","Rara","B","Slc16a3",0.5
"176417","Rara","B","Smarca2",0.5
"176423","Rara","B","Sos1",0.5
"176435","Stat5b","B","Rara",0.5
"176554","Rarb","A","Rxrg",1
"176575","Rarg","A","Has2",1
"176720","Rbpj","B","Fndc3b",0.5
"176975","Rbpj","B","Wipf1",0.5
"177012","Rela","B","Alcam",0.5
"177057","Rela","B","Cmip",0.5
"177083","Rela","B","Dusp22",0.5
"177093","Rela","B","Entpd1",0.5
"177097","Rela","B","Etv6",0.5
"177138","Rela","B","Hivep2",0.5
"177323","Rela","B","Smad3",0.5
"177363","Rela","B","Tnip1",0.5
"177367","Rela","B","Traf3",0.5
"177454","Relb","B","Cd44",0.5
"177560","Relb","B","Il15",0.5
"177566","Relb","B","Irf1",0.5
"177746","Relb","A","Tnfaip3",1
"177749","Relb","B","Tnip1",0.5
"178201","Rfx1","B","Fbrs",0.5
"178252","Rfx1","B","Stk32c",0.5
"178272","Rfx1","B","Vrk3",0.5
"178375","Rfx5","B","Btn2a2",0.5
"178389","Rfx5","A","Cd74",1
"178534","Rfx5","B","Mr1",0.5
"178599","Rfx5","B","Psmb8",0.5
"178695","Rfx5","B","Tspan3",0.5
"178751","Runx1","B","Ablim1",0.5
"178781","Runx1","B","Add3",0.5
"178791","Runx1","B","Adrb1",0.5
"178795","Runx1","B","Aff3",0.5
"178799","Runx1","B","Agpat3",0.5
"178806","Runx1","B","Ahi1",0.5
"178811","Runx1","B","Akap13",0.5
"178813","Runx1","B","Akna",0.5
"178815","Runx1","B","Aldh1a2",0.5
"178820","Runx1","B","Ampd3",0.5
"178831","Runx1","B","Ankrd28",0.5
"178836","Runx1","B","Anks1a",0.5
"178855","Runx1","A","Arhgap10",1
"178860","Runx1","B","Arhgap25",0.5
"178868","Runx1","B","Arhgef3",0.5
"178875","Runx1","B","Arl4c",0.5
"178881","Runx1","B","Arsg",0.5
"178883","Runx1","B","Asap1",0.5
"178894","Runx1","B","Atg13",0.5
"178907","Runx1","B","Atp6v0a1",0.5
"178920","Runx1","B","Bahcc1",0.5
"178926","Runx1","B","Bcar3",0.5
"178981","Runx1","B","Cacnb4",0.5
"179013","Runx1","B","Ccdc88c",0.5
"179027","Runx1","B","Cd226",0.5
"179034","Runx1","B","Cd82",0.5
"179049","Runx1","B","Cdh23",0.5
"179084","Runx1","B","Chn2",0.5
"179096","Runx1","B","Clec16a",0.5
"179099","Runx1","B","Clnk",0.5
"179146","Runx1","B","Creb5",0.5
"179152","Runx1","B","Csgalnact1",0.5
"179163","Runx1","B","Ctnna1",0.5
"179167","Runx1","B","Ctnnd2",0.5
"179182","Runx1","B","Cyth1",0.5
"179183","Runx1","B","Cyth4",0.5
"179190","Runx1","B","Dab2ip",0.5
"179193","Runx1","B","Dapk1",0.5
"179203","Runx1","B","Dennd1a",0.5
"179227","Runx1","B","Dis3l2",0.5
"179237","Runx1","B","Dnajb12",0.5
"179238","Runx1","B","Dnajb6",0.5
"179251","Runx1","B","Dock5",0.5
"179268","Runx1","B","Dusp10",0.5
"179305","Runx1","B","Elmo1",0.5
"179327","Runx1","B","Eps15l1",0.5
"179341","Runx1","B","Esyt2",0.5
"179347","Runx1","B","Evl",0.5
"179348","Runx1","B","Exoc4",0.5
"179355","Runx1","B","Fam107b",0.5
"179389","Runx1","B","Fbxw11",0.5
"179392","Runx1","B","Fchsd2",0.5
"179393","Runx1","B","Fcmr",0.5
"179399","Runx1","B","Fggy",0.5
"179400","Runx1","B","Fgr",0.5
"179402","Runx1","B","Fhit",0.5
"179406","Runx1","B","Fkbp5",0.5
"179408","Runx1","B","Flt1",0.5
"179412","Runx1","B","Fndc3b",0.5
"179413","Runx1","B","Fnip2",0.5
"179418","Runx1","B","Foxj3",0.5
"179421","Runx1","B","Foxn3",0.5
"179429","Runx1","B","Fryl",0.5
"179439","Runx1","A","Fyb1",1
"179451","Runx1","B","Galnt2",0.5
"179456","Runx1","B","Gatad2a",0.5
"179482","Runx1","B","Gmds",0.5
"179526","Runx1","B","Gsap",0.5
"179527","Runx1","B","Gse1",0.5
"179529","Runx1","B","Gtdc1",0.5
"179547","Runx1","B","Hbs1l",0.5
"179550","Runx1","B","Hdac4",0.5
"179568","Runx1","A","Hivep3",1
"179576","Runx1","B","Homer2",0.5
"179607","Runx1","B","Igf2r",0.5
"179625","Runx1","B","Il6ra",0.5
"179630","Runx1","B","Inpp4b",0.5
"179631","Runx1","B","Inpp5a",0.5
"179640","Runx1","B","Iqgap2",0.5
"179641","Runx1","B","Iqsec1",0.5
"179656","Runx1","B","Itga9",0.5
"179657","Runx1","B","Itgae",0.5
"179663","Runx1","B","Itpr2",0.5
"179671","Runx1","B","Jcad",0.5
"179673","Runx1","B","Jmjd1c",0.5
"179693","Runx1","B","Kcnma1",0.5
"179702","Runx1","B","Kdm4b",0.5
"179745","Runx1","B","Ldlrad4",0.5
"179750","Runx1","B","Limch1",0.5
"179759","Runx1","B","Lmo2",0.5
"179765","Runx1","B","Lpp",0.5
"179800","Runx1","B","Mad1l1",0.5
"179806","Runx1","B","Maml3",0.5
"179809","Runx1","B","Man1c1",0.5
"179818","Runx1","B","Map3k5",0.5
"179821","Runx1","B","Map4k4",0.5
"179836","Runx1","B","Mast4",0.5
"179840","Runx1","B","Mbnl1",0.5
"179841","Runx1","B","Mbp",0.5
"179844","Runx1","B","Mctp1",0.5
"179845","Runx1","B","Mctp2",0.5
"179867","Runx1","B","Mgrn1",0.5
"179908","Runx1","B","Msi2",0.5
"179920","Runx1","B","Mtss1",0.5
"179922","Runx1","B","Mvb12b",0.5
"179945","Runx1","B","Nbas",0.5
"179948","Runx1","B","Nck2",0.5
"179950","Runx1","B","Ncor2",0.5
"179955","Runx1","B","Nedd9",0.5
"179961","Runx1","B","Nek7",0.5
"179991","Runx1","B","Nol4l",0.5
"180021","Runx1","B","Nup210",0.5
"180035","Runx1","B","Osbpl3",0.5
"180052","Runx1","B","Pag1",0.5
"180057","Runx1","B","Pam",0.5
"180062","Runx1","B","Pard3b",0.5
"180066","Runx1","B","Parvb",0.5
"180076","Runx1","B","Pcnx2",0.5
"180082","Runx1","B","Pde1c",0.5
"180107","Runx1","B","Phactr1",0.5
"180109","Runx1","B","Phc2",0.5
"180119","Runx1","B","Phlpp1",0.5
"180122","Runx1","B","Pik3r1",0.5
"180126","Runx1","B","Pip4k2a",0.5
"180134","Runx1","B","Pkig",0.5
"180142","Runx1","B","Plcb1",0.5
"180147","Runx1","B","Plcl2",0.5
"180148","Runx1","B","Plec",0.5
"180160","Runx1","B","Plxna2",0.5
"180166","Runx1","B","Polr1a",0.5
"180177","Runx1","B","Ppm1h",0.5
"180185","Runx1","B","Prex1",0.5
"180190","Runx1","B","Prkce",0.5
"180191","Runx1","B","Prkch",0.5
"180212","Runx1","B","Psma1",0.5
"180223","Runx1","B","Ptk2",0.5
"180224","Runx1","B","Ptk2b",0.5
"180226","Runx1","B","Ptp4a2",0.5
"180231","Runx1","B","Ptpre",0.5
"180250","Runx1","B","Rab27b",0.5
"180255","Runx1","B","Rabgap1l",0.5
"180256","Runx1","B","Rad51b",0.5
"180259","Runx1","B","Rai1",0.5
"180269","Runx1","B","Rap1gap2",0.5
"180281","Runx1","B","Rassf5",0.5
"180301","Runx1","B","Rere",0.5
"180309","Runx1","B","Rgs12",0.5
"180312","Runx1","B","Rgs3",0.5
"180313","Runx1","B","Rgs6",0.5
"180314","Runx1","B","Rgs9",0.5
"180324","Runx1","B","Rin3",0.5
"180328","Runx1","B","Rnaseh2b",0.5
"180344","Runx1","A","Rorc",1
"180372","Runx1","B","Samd4a",0.5
"180382","Runx1","B","Scarb1",0.5
"180403","Runx1","B","Sema4d",0.5
"180408","Runx1","B","Septin9",0.5
"180410","Runx1","B","Serinc5",0.5
"180423","Runx1","B","Sgms1",0.5
"180429","Runx1","B","Sh3bp5",0.5
"180431","Runx1","B","Sh3kbp1",0.5
"180435","Runx1","B","Sh3tc1",0.5
"180436","Runx1","B","Shank2",0.5
"180444","Runx1","B","Sil1",0.5
"180445","Runx1","B","Sipa1l1",0.5
"180446","Runx1","B","Sipa1l2",0.5
"180453","Runx1","B","Sla",0.5
"180486","Runx1","B","Slc38a1",0.5
"180490","Runx1","B","Slc39a11",0.5
"180504","Runx1","B","Slco3a1",0.5
"180508","Runx1","B","Slx4ip",0.5
"180509","Runx1","A","Smad3",1
"180515","Runx1","B","Smarca2",0.5
"180521","Runx1","B","Smg6",0.5
"180524","Runx1","B","Smyd3",0.5
"180528","Runx1","B","Snd1",0.5
"180551","Runx1","B","Spidr",0.5
"180558","Runx1","B","Spred2",0.5
"180559","Runx1","B","Sptbn1",0.5
"180561","Runx1","B","Src",0.5
"180566","Runx1","B","Ssbp2",0.5
"180582","Runx1","B","Stim1",0.5
"180583","Runx1","B","Stim2",0.5
"180590","Runx1","B","Ston2",0.5
"180613","Runx1","B","Syk",0.5
"180644","Runx1","B","Tbc1d1",0.5
"180646","Runx1","B","Tbc1d14",0.5
"180663","Runx1","B","Tbxas1",0.5
"180685","Tfap2c","B","Runx1",0.5
"180696","Runx1","B","Thada",0.5
"180704","Runx1","B","Tiam2",0.5
"180708","Runx1","B","Tle4",0.5
"180709","Runx1","B","Tlk1",0.5
"180723","Runx1","B","Tmem163",0.5
"180741","Runx1","B","Tnfsf8",0.5
"180744","Runx1","B","Tnrc18",0.5
"180755","Runx1","B","Tox2",0.5
"180763","Runx1","B","Tprg1",0.5
"180804","Runx1","B","Ttc7a",0.5
"180851","Runx1","B","Ust",0.5
"180857","Runx1","B","Vav3",0.5
"180901","Runx1","B","Xylt1",0.5
"180907","Runx1","B","Zbtb16",0.5
"180910","Runx1","B","Zbtb7c",0.5
"180919","Runx1","B","Zeb2",0.5
"180929","Runx1","B","Zmiz1",0.5
"180953","Runx1","B","Znrf1",0.5
"181135","Runx2","B","Itgbl1",0.5
"181242","Runx2","B","Psd3",0.5
"181441","Runx3","B","Ciita",0.5
"181459","Runx3","B","Cytip",0.5
"181471","Runx3","B","Dock2",0.5
"181504","Runx3","B","Fyn",0.5
"181883","Rxra","B","Cpt1a",0.5
"182042","Rxra","A","Nr1h3",1
"182069","Rxra","B","Plin2",0.5
"182090","Rxra","B","Rarb",0.5
"182140","Rxra","B","Sorbs1",0.5
"182197","Rxra","B","Ubc",0.5
"183199","Six2","B","Znf423",0.5
"183757","Smad1","B","Gdf15",0.5
"184050","Smad1","B","Zeb2",0.5
"184133","Smad3","B","Cmip",0.5
"184207","Smad3","B","Glis3",0.5
"184211","Smad3","B","Gprc5a",0.5
"184239","Smad3","B","Skt",0.5
"184267","Smad3","B","Map4k4",0.5
"184568","Smad4","B","Dip2c",0.5
"184708","Smad4","B","Pitx2",0.5
"184747","Smad4","B","Sbf2",0.5
"184767","Smad4","B","Smad6",0.5
"186100","Sox10","A","Ascl1",1
"186254","Sox10","A","Pdgfra",1
"186260","Sox10","A","Plp1",1
"186309","Sox10","A","Sox6",1
"186877","Sox13","B","Gsn",0.5
"186917","Sox13","B","Lrp5",0.5
"187119","Sox2","B","Abca13",0.5
"187125","Sox2","B","Abcc4",0.5
"187164","Sox2","B","Adamtsl1",0.5
"187170","Sox2","B","Adgrb3",0.5
"187175","Sox2","B","Adgrl2",0.5
"187176","Sox2","B","Adgrl3",0.5
"187190","Sox2","B","Aff3",0.5
"187193","Sox2","B","Agap1",0.5
"187209","Sox2","B","Akap6",0.5
"187215","Sox2","B","Alcam",0.5
"187220","Sox2","B","Alk",0.5
"187231","Sox2","B","Angpt1",0.5
"187238","Sox2","B","Anks1b",0.5
"187242","Sox2","B","Ano2",0.5
"187255","Sox2","B","Ap3b1",0.5
"187266","Sox2","B","App",0.5
"187281","Sox2","B","Arhgap24",0.5
"187282","Sox2","B","Arhgap26",0.5
"187283","Sox2","B","Arhgap32",0.5
"187296","Sox2","B","Arid5b",0.5
"187305","Sox2","B","Asap1",0.5
"187340","Sox2","B","Atrnl1",0.5
"187366","Sox2","B","Bbs9",0.5
"187386","Sox2","B","Bhlhe40",0.5
"187395","Sox2","B","Bmpr1b",0.5
"187458","Sox2","B","Cacna2d1",0.5
"187459","Sox2","B","Cacna2d3",0.5
"187471","Sox2","B","Cadps2",0.5
"187506","Sox2","B","Ccdc171",0.5
"187514","Sox2","B","Ccdc91",0.5
"187545","Sox2","B","Cdh11",0.5
"187549","Sox2","B","Cdh18",0.5
"187551","Sox2","B","Cdh2",0.5
"187562","Sox2","B","Cdk5rap2",0.5
"187565","Sox2","B","Cdkal1",0.5
"187576","Sox2","B","Cemip2",0.5
"187578","Sox2","B","Cep112",0.5
"187599","Sox2","B","Chd9",0.5
"187607","Sox2","B","Chn2",0.5
"187618","Sox2","B","Clasp1",0.5
"187619","Sox2","B","Clasp2",0.5
"187624","Sox2","B","Clic5",0.5
"187644","Sox2","B","Cntn4",0.5
"187647","Sox2","B","Cntnap2",0.5
"187654","Sox2","B","Col12a1",0.5
"187655","Sox2","B","Col14a1",0.5
"187660","Sox2","B","Col25a1",0.5
"187684","Sox2","B","Cpne4",0.5
"187697","Sox2","B","Creb5",0.5
"187709","Sox2","B","Csmd1",0.5
"187711","Sox2","B","Csmd3",0.5
"187722","Sox2","B","Ctnna2",0.5
"187724","Sox2","B","Ctnnd2",0.5
"187750","Sox2","B","Daam1",0.5
"187751","Sox2","B","Dab1",0.5
"187760","Sox2","B","Dcc",0.5
"187764","Sox2","B","Dclk2",0.5
"187778","Sox2","B","Dennd1a",0.5
"187784","Sox2","B","Dgkb",0.5
"187790","Sox2","B","Diaph3",0.5
"187794","Sox2","B","Dis3l2",0.5
"187799","Sox2","B","Dlg1",0.5
"187800","Sox2","B","Dlg2",0.5
"187802","Sox2","A","Dlgap1",1
"187810","Sox2","B","Dmd",0.5
"187827","Sox2","B","Dock10",0.5
"187829","Sox2","B","Dock4",0.5
"187839","Sox2","B","Dpp10",0.5
"187842","Sox2","B","Dpyd",0.5
"187851","Sox2","B","Dtna",0.5
"187866","Sox2","B","Ebf1",0.5
"187886","Sox2","B","Efna5",0.5
"187888","Sox2","B","Egln3",0.5
"187896","Sox2","B","Eif4g3",0.5
"187906","Sox2","B","Elmo1",0.5
"187910","Sox2","B","Elp4",0.5
"187914","Sox2","B","Emsy",0.5
"187917","Sox2","B","Enah",0.5
"187929","Sox2","B","Epb41l2",0.5
"187932","Sox2","B","Epha4",0.5
"187934","Sox2","B","Ephb1",0.5
"187942","Sox2","B","Erbb4",0.5
"187943","Sox2","B","Erc1",0.5
"187953","Sox2","B","Esrrg",0.5
"187958","Sox2","B","Etv1",0.5
"187961","Sox2","B","Etv6",0.5
"187965","Sox2","B","Exoc4",0.5
"187966","Sox2","B","Exoc6b",0.5
"187968","Sox2","B","Ext1",0.5
"187981","Sox2","B","Fam13a",0.5
"187987","Sox2","B","Fam172a",0.5
"188033","Sox2","B","Fgd4",0.5
"188041","Sox2","B","Fggy",0.5
"188045","Sox2","B","Fhod3",0.5
"188049","Sox2","B","Filip1l",0.5
"188064","Sox2","B","Fndc3b",0.5
"188077","Sox2","B","Frmd4a",0.5
"188199","Sox2","B","Gria1",0.5
"188203","Sox2","B","Grik2",0.5
"188228","Sox2","B","Gtdc1",0.5
"188242","Sox2","B","Hdac4",0.5
"188243","Sox2","B","Hdac9",0.5
"188257","Sox2","B","Hivep2",0.5
"188258","Sox2","B","Hivep3",0.5
"188262","Sox2","B","Hmcn1",0.5
"188324","Sox2","B","Immp2l",0.5
"188328","Sox2","B","Inpp4b",0.5
"188342","Sox2","B","Iqch",0.5
"188362","Sox2","B","Itpr2",0.5
"188373","Sox2","B","Jmjd1c",0.5
"188376","Sox2","B","Kalrn",0.5
"188395","Sox2","B","Kcnip4",0.5
"188404","Sox2","B","Kcnmb2",0.5
"188418","Sox2","B","Kdm4c",0.5
"188467","Sox2","B","Large1",0.5
"188478","Sox2","B","Ldb2",0.5
"188514","Sox2","B","Lpp",0.5
"188515","Sox2","B","Lrba",0.5
"188517","Sox2","B","Lrig1",0.5
"188520","Sox2","B","Lrp1b",0.5
"188547","Sox2","B","Macrod2",0.5
"188552","Sox2","B","Magi1",0.5
"188553","Sox2","B","Magi2",0.5
"188556","Sox2","B","Maml2",0.5
"188562","Sox2","B","Map1b",0.5
"188576","Sox2","B","Mapk10",0.5
"188592","Sox2","B","Mbd5",0.5
"188598","Sox2","B","Mcc",0.5
"188601","Sox2","B","Mctp1",0.5
"188609","Sox2","B","Mecom",0.5
"188617","Sox2","B","Megf10",0.5
"188651","Sox2","B","Mmrn1",0.5
"188676","Sox2","B","Msi2",0.5
"188702","Sox2","B","Myo10",0.5
"188724","Sox2","B","Nav2",0.5
"188725","Sox2","B","Nav3",0.5
"188728","Sox2","B","Nbea",0.5
"188789","Sox2","B","Nlgn1",0.5
"188805","Sox2","B","Npas3",0.5
"188829","Sox2","B","Nrp2",0.5
"188830","Sox2","B","Nrxn1",0.5
"188831","Sox2","B","Nrxn3",0.5
"188839","Sox2","B","Ntm",0.5
"188841","Sox2","B","Ntng1",0.5
"188859","Sox2","B","Ola1",0.5
"188883","Sox2","B","Pacrg",0.5
"188891","Sox2","B","Palld",0.5
"188893","Sox2","B","Pam",0.5
"188901","Sox2","B","Pard3b",0.5
"188915","Sox2","B","Pbx3",0.5
"188925","Sox2","B","Pclo",0.5
"188938","Sox2","B","Pde4d",0.5
"188947","Sox2","B","Pdlim5",0.5
"188962","Sox2","B","Phactr1",0.5
"188973","Sox2","B","Phlpp1",0.5
"188977","Sox2","B","Piezo2",0.5
"188999","Sox2","B","Plcb1",0.5
"189000","Sox2","B","Plcb4",0.5
"189003","Sox2","B","Plcl1",0.5
"189016","Sox2","B","Plxna2",0.5
"189022","Sox2","B","Pmp2",0.5
"189035","Sox2","B","Polr3b",0.5
"189042","Sox2","B","Ppargc1a",0.5
"189064","Sox2","B","Prdm5",0.5
"189080","Sox2","B","Prkg1",0.5
"189091","Sox2","B","Prr16",0.5
"189099","Sox2","B","Prune2",0.5
"189121","Sox2","B","Ptprd",0.5
"189123","Sox2","B","Ptprm",0.5
"189151","Sox2","B","Rabgap1l",0.5
"189155","Sox2","B","Rad51b",0.5
"189160","Sox2","B","Ralgapa2",0.5
"189166","Sox2","B","Ranbp17",0.5
"189190","Sox2","B","Rbms3",0.5
"189201","Sox2","B","Rere",0.5
"189241","Sox2","B","Robo1",0.5
"189244","Sox2","B","Rorb",0.5
"189257","Sox2","B","Rps6kc1",0.5
"189278","Sox2","B","Runx1",0.5
"189285","Sox2","B","Ryr2",0.5
"189286","Sox2","B","Ryr3",0.5
"189293","Sox2","B","Samd12",0.5
"189296","Sox2","B","Sbf2",0.5
"189313","Sox2","B","Sdc2",0.5
"189315","Sox2","B","Sdk1",0.5
"189324","Sox2","B","Sema3a",0.5
"189325","Sox2","B","Sema3c",0.5
"189326","Sox2","B","Sema3d",0.5
"189370","Sox2","B","Shank2",0.5
"189386","Sox2","B","Sipa1l2",0.5
"189388","Sox2","B","Skap2",0.5
"189406","Sox2","B","Slc22a23",0.5
"189445","Sox2","B","Slc44a3",0.5
"189459","Sox2","B","Slc8a1",0.5
"189462","Sox2","B","Slco3a1",0.5
"189466","Sox2","B","Slit3",0.5
"189507","Sox2","B","Sorbs1",0.5
"189508","Sox2","B","Sorbs2",0.5
"189513","Sox2","B","Sox5",0.5
"189514","Sox2","B","Sox6",0.5
"189518","Sox2","B","Spag9",0.5
"189529","Sox2","B","Spock1",0.5
"189613","Sox2","B","Syt1",0.5
"189652","Sox2","B","Tbck",0.5
"189669","Sox2","B","Tead1",0.5
"189674","Sox2","B","Tenm4",0.5
"189693","Sox2","B","Thada",0.5
"189698","Sox2","B","Thsd7a",0.5
"189699","Sox2","B","Thsd7b",0.5
"189710","Sox2","B","Tle4",0.5
"189711","Sox2","B","Tlk1",0.5
"189749","Sox2","B","Tmtc2",0.5
"189770","Sox2","B","Tns3",0.5
"189788","Sox2","B","Trappc9",0.5
"189794","Sox2","B","Trim2",0.5
"189800","Sox2","B","Trio",0.5
"189802","Sox2","B","Trip12",0.5
"189804","Sox2","B","Trpc4",0.5
"189827","Sox2","B","Ttc28",0.5
"189897","Sox2","B","Vgll4",0.5
"189900","Sox2","B","Vmp1",0.5
"189901","Sox2","B","Vps13b",0.5
"189919","Sox2","B","Wdfy3",0.5
"189945","Sox2","B","Xpr1",0.5
"189960","Sox2","B","Zbtb20",0.5
"189970","Sox2","B","Zcchc7",0.5
"189983","Sox2","B","Zeb2",0.5
"189984","Sox2","B","Zfand3",0.5
"189988","Sox2","B","Zfpm2",0.5
"189996","Sox2","B","Zmiz1",0.5
"190006","Sox2","B","Znf385b",0.5
"190007","Sox2","B","Zfp407",0.5
"190014","Sox2","B","Znf536",0.5
"190121","Sox6","B","Cped1",0.5
"190387","Tal1","B","Sox6",0.5
"190446","Sox8","A","Cldn23",1
"190951","Sp1","A","Cdkn2d",1
"190969","Sp1","B","Cps1",0.5
"191064","Sp1","B","Hook2",0.5
"191083","Sp1","B","Itgb1",0.5
"191088","Sp1","B","Jup",0.5
"191091","Sp1","B","Kcnma1",0.5
"191139","Sp1","B","Mxi1",0.5
"191231","Sp1","B","Runx1",0.5
"191273","Sp1","B","Tbc1d14",0.5
"191291","Sp1","A","Tnnc1",1
"191482","Sp2","B","Rfx1",0.5
"191556","Sp2","B","Zfp213",0.5
"191570","Sp3","A","Cdkn2d",1
"191598","Spi1","B","Aak1",0.5
"191599","Spi1","B","Q6PIU9",0.5
"191649","Spi1","B","Adap2",0.5
"191652","Spi1","B","Adcy7",0.5
"191656","Spi1","B","Add3",0.5
"191671","Spi1","B","Adrb2",0.5
"191688","Spi1","B","Ahcyl2",0.5
"191692","Spi1","B","Aif1",0.5
"191697","Spi1","B","Ak5",0.5
"191700","Spi1","B","Akap13",0.5
"191711","Spi1","B","Alox5ap",0.5
"191714","Spi1","B","Ampd3",0.5
"191720","Spi1","B","Ank3",0.5
"191723","Spi1","B","Ankrd11",0.5
"191730","Spi1","B","Ano10",0.5
"191739","Spi1","A","Apbb1ip",1
"191748","Spi1","B","Arap1",0.5
"191759","Spi1","B","Arhgap15",0.5
"191762","Spi1","B","Arhgap22",0.5
"191763","Spi1","B","Arhgap24",0.5
"191764","Spi1","B","Arhgap25",0.5
"191765","Spi1","B","Arhgap26",0.5
"191774","Spi1","B","Arhgef3",0.5
"191784","Spi1","B","Arid5b",0.5
"191793","Spi1","B","Bmal1",0.5
"191804","Spi1","B","Asap1",0.5
"191839","Spi1","B","Atp6v0d1",0.5
"191853","Spi1","B","Atxn1",0.5
"191863","Spi1","A","B2m",1
"191878","Spi1","B","Baz2b",0.5
"191884","Spi1","B","Bcar3",0.5
"191887","Spi1","B","Bcl2a1",0.5
"191889","Spi1","B","Bcor",0.5
"191950","Spi1","B","Camk2d",0.5
"191958","Spi1","B","Cap1",0.5
"191960","Spi1","B","Capzb",0.5
"191971","Spi1","B","Cblb",0.5
"191978","Spi1","B","Ccdc88c",0.5
"191991","Spi1","B","Cd180",0.5
"191999","Spi1","B","Cd37",0.5
"192002","Spi1","A","Cd47",1
"192004","Spi1","A","Cd53",1
"192008","Spi1","B","Cd82",0.5
"192009","Spi1","B","Cd84",0.5
"192017","Spi1","B","Cdc42ep3",0.5
"192029","Spi1","B","Cdk5rap2",0.5
"192033","Spi1","B","Cdyl",0.5
"192038","Spi1","B","Cemip2",0.5
"192067","Spi1","B","Chd9",0.5
"192073","Spi1","B","Chn2",0.5
"192078","Spi1","B","Chst11",0.5
"192079","Spi1","B","Chst15",0.5
"192096","Spi1","B","Cmklr1",0.5
"192119","Spi1","B","Colgalt2",0.5
"192126","Spi1","B","Coro1a",0.5
"192127","Spi1","B","Coro1c",0.5
"192146","Spi1","B","Creb1",0.5
"192148","Spi1","B","Creb5",0.5
"192149","Spi1","A","Crebbp",1
"192170","Spi1","B","Ctif",0.5
"192181","Spi1","B","Cuedc1",0.5
"192184","Spi1","B","Cux2",0.5
"192187","Spi1","A","Cxcr2",1
"192199","Spi1","B","Cyria",0.5
"192200","Spi1","B","Cyrib",0.5
"192202","Spi1","B","Cyth1",0.5
"192203","Spi1","B","Cyth4",0.5
"192204","Spi1","B","Cytip",0.5
"192205","Spi1","B","Daam1",0.5
"192212","Spi1","B","Dapk1",0.5
"192243","Spi1","B","Dennd3",0.5
"192253","Spi1","B","Dgkg",0.5
"192258","Spi1","B","Dhrs9",0.5
"192281","Spi1","B","Dmxl2",0.5
"192288","Spi1","B","Dnajb12",0.5
"192297","Spi1","B","Dnm2",0.5
"192302","Spi1","B","Dock10",0.5
"192304","Spi1","B","Dock2",0.5
"192306","Spi1","B","Dock4",0.5
"192317","Spi1","B","Dpysl2",0.5
"192324","Spi1","B","Dtnb",0.5
"192328","Spi1","B","Dusp10",0.5
"192329","Spi1","B","Dusp22",0.5
"192343","Spi1","B","Ece1",0.5
"192355","Spi1","B","Egln3",0.5
"192358","Spi1","B","Ehmt1",0.5
"192367","Spi1","B","Eif4g3",0.5
"192373","Spi1","B","Elmo1",0.5
"192391","Spi1","B","Entpd1",0.5
"192395","Spi1","B","Epb41l1",0.5
"192407","Spi1","B","Erc1",0.5
"192411","Spi1","A","Erg",1
"192420","Spi1","B","Etv6",0.5
"192421","Spi1","B","Evi2b",0.5
"192425","Spi1","B","Exoc4",0.5
"192442","Spi1","B","Fam13a",0.5
"192467","Spi1","B","Fbxw11",0.5
"192469","Spi1","B","Fcgr2",0.5
"192470","Spi1","B","Fchsd2",0.5
"192474","Spi1","B","Fgd2",0.5
"192479","Spi1","B","Fggy",0.5
"192482","Spi1","B","Fhit",0.5
"192485","Spi1","B","Filip1l",0.5
"192493","Spi1","A","Flii",1
"192494","Spi1","B","Flnb",0.5
"192496","Spi1","B","Flt1",0.5
"192498","Spi1","B","Fnbp1",0.5
"192502","Spi1","B","Fndc3b",0.5
"192509","Spi1","B","Foxn3",0.5
"192512","Spi1","A","Fpr1",-1
"192515","Spi1","B","Frmd4b",0.5
"192520","Spi1","B","Fto",0.5
"192527","Spi1","B","Fyb1",0.5
"192529","Spi1","B","Fyn",0.5
"192538","Spi1","B","Galnt10",0.5
"192539","Spi1","B","Galnt2",0.5
"192545","Spi1","B","Gatad2a",0.5
"192556","Spi1","B","Gfod1",0.5
"192582","Spi1","B","Gnaq",0.5
"192632","Spi1","B","Gsap",0.5
"192643","Spi1","B","Gtdc1",0.5
"192663","Spi1","B","Hdac4",0.5
"192665","Spi1","B","Hdac9",0.5
"192672","Spi1","B","Herc1",0.5
"192688","Spi1","B","Hip1",0.5
"192693","Spi1","B","Hivep3",0.5
"192713","Spi1","B","Hpcal1",0.5
"192736","Spi1","B","Ier5",0.5
"192743","Spi1","B","Igf1r",0.5
"192745","Spi1","B","Igf2r",0.5
"192755","Spi1","B","Il16",0.5
"192764","Spi1","A","Il5ra",1
"192770","Spi1","B","Inpp4a",0.5
"192772","Spi1","B","Inpp5a",0.5
"192774","Spi1","B","Inpp5d",0.5
"192777","Spi1","B","Ipcef1",0.5
"192785","Spi1","B","Iqgap2",0.5
"192786","Spi1","B","Iqsec1",0.5
"192791","Spi1","B","Irf5",0.5
"192805","Spi1","A","Itgb1",1
"192810","Spi1","B","Itpkb",0.5
"192811","Spi1","B","Itpr1",0.5
"192812","Spi1","B","Itpr2",0.5
"192817","Spi1","B","Jarid2",0.5
"192818","Spi1","B","Jmjd1c",0.5
"192832","Spi1","A","Kcnma1",1
"192842","Spi1","B","Kdm4c",0.5
"192852","Spi1","B","Q3UE31",0.5
"192857","Spi1","B","Kif18b",0.5
"192870","Spi1","B","Klf9",0.5
"192878","Spi1","B","Kmo",0.5
"192899","Spi1","B","Lcp1",0.5
"192900","Spi1","A","Lcp2",1
"192904","Spi1","B","Ldlrad4",0.5
"192909","Spi1","B","Lhfpl2",0.5
"192911","Spi1","B","Lhpp",0.5
"192915","Spi1","B","Lims1",0.5
"192933","Spi1","B","Lpp",0.5
"192936","Spi1","B","Lrch1",0.5
"192945","Spi1","B","Lrrfip1",0.5
"192957","Spi1","B","Lyn",0.5
"192986","Spi1","B","Map3k5",0.5
"192992","Spi1","B","Map4k4",0.5
"192999","Spi1","B","Mapkapk2",0.5
"193003","Spi1","B","Marchf1",0.5
"193004","Spi1","B","Marchf3",0.5
"193016","Spi1","B","Mbnl1",0.5
"193022","Spi1","A","Mcm3ap",1
"193025","Spi1","B","Mctp1",0.5
"193026","Spi1","B","Mctp2",0.5
"193041","Spi1","B","Mef2c",0.5
"193058","Spi1","B","Mgat5",0.5
"193059","Spi1","B","Mgll",0.5
"193102","Spi1","B","Mrtfa",0.5
"193120","Spi1","B","Mtss1",0.5
"193125","Spi1","B","Mycbp2",0.5
"193128","Spi1","B","Myh9",0.5
"193134","Spi1","B","Myo1b",0.5
"193140","Spi1","B","Myof",0.5
"193157","Spi1","B","Nbas",0.5
"193160","Spi1","B","Ncald",0.5
"193167","Spi1","B","Nckap1l",0.5
"193169","Spi1","B","Ncoa1",0.5
"193172","Spi1","B","Ncor2",0.5
"193183","Spi1","B","Nedd9",0.5
"193187","Spi1","B","Nek7",0.5
"193200","Spi1","B","Nfkb1",0.5
"193206","Spi1","B","Niban1",0.5
"193218","Spi1","B","Nod2",0.5
"193228","Spi1","B","Nrcam",0.5
"193235","Spi1","B","Nrxn2",0.5
"193241","Spi1","B","Nsmce2",0.5
"193259","Spi1","B","Nup210",0.5
"193287","Spi1","B","Osbpl3",0.5
"193300","Spi1","B","Pacsin2",0.5
"193307","Spi1","B","Pam",0.5
"193331","Spi1","B","Pcnx2",0.5
"193338","Spi1","B","Pde4d",0.5
"193341","Spi1","B","Pde8a",0.5
"193346","Spi1","A","Pdgfrb",1
"193370","Spi1","B","Phactr1",0.5
"193371","Spi1","B","Phactr2",0.5
"193374","Spi1","B","Phc2",0.5
"193380","Spi1","B","Phlpp1",0.5
"193382","Spi1","B","Phtf2",0.5
"193385","Spi1","B","Picalm",0.5
"193398","Spi1","B","Pik3cg",0.5
"193399","Spi1","B","Pik3r1",0.5
"193401","Spi1","B","Pik3r5",0.5
"193413","Spi1","B","Pla2g4a",0.5
"193419","Spi1","B","Plcb1",0.5
"193421","Spi1","B","Plcg2",0.5
"193423","Spi1","B","Plcl1",0.5
"193424","Spi1","B","Plcl2",0.5
"193426","Spi1","B","Plekha2",0.5
"193434","Spi1","B","Plxna2",0.5
"193435","Spi1","B","Plxnc1",0.5
"193446","Spi1","B","Pold4",0.5
"193456","Spi1","B","Ppcdc",0.5
"193458","Spi1","B","Ppfibp2",0.5
"193459","Spi1","B","Ppib",0.5
"193463","Spi1","B","Ppm1h",0.5
"193475","Spi1","B","Ppp3ca",0.5
"193496","Spi1","B","Prkag2",0.5
"193500","Spi1","B","Prkcb",0.5
"193502","Spi1","B","Prkce",0.5
"193503","Spi1","B","Prkch",0.5
"193520","Spi1","B","Prr5l",0.5
"193525","Spi1","B","Psd4",0.5
"193530","Spi1","B","Psmb3",0.5
"193542","Spi1","B","Ptk2",0.5
"193543","Spi1","B","Ptk2b",0.5
"193551","Spi1","A","Ptpre",1
"193553","Spi1","B","Ptprj",0.5
"193578","Spi1","B","Rab31",0.5
"193588","Spi1","B","Rabgap1l",0.5
"193591","Spi1","B","Rad51b",0.5
"193604","Spi1","B","Rap1gap2",0.5
"193606","Spi1","B","Rapgef1",0.5
"193612","Spi1","B","Rasa3",0.5
"193618","Spi1","B","Rassf2",0.5
"193623","Spi1","B","Rbm47",0.5
"193625","Spi1","B","Rbms1",0.5
"193630","Spi1","B","Rcan1",0.5
"193639","Spi1","A","Rel",1
"193643","Spi1","B","Rere",0.5
"193651","Spi1","B","Rftn1",0.5
"193652","Spi1","B","Rfx3",0.5
"193657","Spi1","B","Rgs12",0.5
"193671","Spi1","B","Rin3",0.5
"193718","Spi1","B","Rps6ka1",0.5
"193719","Spi1","B","Rps6ka2",0.5
"193727","Spi1","B","Rreb1",0.5
"193741","Spi1","B","Rtn4",0.5
"193759","Spi1","B","Samd4a",0.5
"193760","Spi1","B","Samsn1",0.5
"193784","Spi1","B","Sec14l1",0.5
"193791","Spi1","B","Sema4d",0.5
"193800","Spi1","B","Septin9",0.5
"193822","Spi1","B","Sgms1",0.5
"193826","Spi1","B","Sh3bp2",0.5
"193828","Spi1","B","Sh3bp5",0.5
"193840","Spi1","B","Sik3",0.5
"193841","Spi1","B","Sil1",0.5
"193843","Spi1","B","Sipa1l1",0.5
"193845","Spi1","B","Sipa1l3",0.5
"193899","Spi1","B","Slc6a6",0.5
"193905","Spi1","B","Slc8a1",0.5
"193906","Spi1","B","Slc9a1",0.5
"193909","Spi1","B","Slco3a1",0.5
"193913","Spi1","B","Smad2",0.5
"193914","Spi1","B","Smad3",0.5
"193927","Spi1","B","Smyd3",0.5
"193931","Spi1","B","Snd1",0.5
"193934","Spi1","B","Snx10",0.5
"193946","Spi1","B","Sorl1",0.5
"193953","Spi1","B","Spag9",0.5
"193957","Spi1","B","Spats2l",0.5
"193963","Spi1","B","Spidr",0.5
"193969","Spi1","B","Spred2",0.5
"193970","Spi1","B","Sptbn1",0.5
"193989","Spi1","B","St14",0.5
"193994","Spi1","B","St6gal1",0.5
"193995","Spi1","B","St8sia1",0.5
"194001","Spi1","B","Stard13",0.5
"194006","Spi1","B","Stim1",0.5
"194007","Spi1","B","Stk10",0.5
"194035","Spi1","B","Svil",0.5
"194038","Spi1","B","Syne1",0.5
"194039","Spi1","B","Synj2",0.5
"194042","Spi1","B","Tacc1",0.5
"194046","Spi1","B","Taok3",0.5
"194049","Spi1","B","Tbc1d1",0.5
"194059","Spi1","B","Tbc1d5",0.5
"194064","Spi1","B","Tbl1xr1",0.5
"194065","Spi1","A","Tbxas1",1
"194067","Spi1","B","Tcf12",0.5
"194068","Spi1","B","Tcf4",0.5
"194069","Spi1","B","Tcf7l2",0.5
"194092","Spi1","B","Thada",0.5
"194099","Spi1","B","Tiam2",0.5
"194106","Spi1","B","Tle3",0.5
"194107","Spi1","B","Tle4",0.5
"194108","Spi1","B","Tlk1",0.5
"194123","Spi1","B","Tmem131",0.5
"194124","Spi1","B","Tmem131l",0.5
"194127","Spi1","B","Tmem163",0.5
"194151","Spi1","B","Tnfaip8",0.5
"194164","Spi1","B","Tnrc6b",0.5
"194165","Spi1","B","Tns1",0.5
"194166","Spi1","B","Tns3",0.5
"194179","Spi1","B","Trak1",0.5
"194183","Spi1","B","Trappc9",0.5
"194194","Spi1","B","Trio",0.5
"194205","Spi1","B","Tspan14",0.5
"194229","Spi1","B","Ube2e1",0.5
"194239","Spi1","B","Ucp2",0.5
"194249","Spi1","B","Usp10",0.5
"194260","Spi1","B","Ust",0.5
"194263","Spi1","B","Uvrag",0.5
"194269","Spi1","B","Vav3",0.5
"194270","Spi1","B","Vcl",0.5
"194273","Spi1","A","Vip",1
"194279","Spi1","B","Vps13b",0.5
"194310","Spi1","B","Wipf1",0.5
"194314","Spi1","B","Wnk1",0.5
"194326","Spi1","B","Xylt1",0.5
"194336","Spi1","B","Zbtb16",0.5
"194338","Spi1","B","Zbtb20",0.5
"194353","Spi1","B","Zdhhc14",0.5
"194358","Spi1","B","Zeb2",0.5
"194371","Spi1","B","Zmiz1",0.5
"194378","Spi1","B","Znf365",0.5
"194573","Spib","B","Klhl6",0.5
"194801","Srebf1","B","Arfip2",0.5
"194968","Srebf1","B","Mid1ip1",0.5
"195281","Srebf2","B","Dnm2",0.5
"195286","Srebf2","B","Dpp9",0.5
"195569","Srebf2","B","Tkt",0.5
"195584","Srebf2","B","Trappc9",0.5
"195619","Srf","B","Actn1",0.5
"195648","Srf","B","Asb2",0.5
"195716","Srf","B","Egr2",0.5
"195790","Srf","B","Kcnh2",0.5
"195799","Srf","B","Klf7",0.5
"195810","Srf","B","Lpp",0.5
"195835","Srf","B","Myh9",0.5
"195879","Srf","B","Ppp1r12a",0.5
"195892","Srf","B","Prune2",0.5
"195952","Srf","B","Sorbs1",0.5
"195964","Srf","B","Svil",0.5
"195989","Srf","B","Tpm4",0.5
"196001","Srf","B","Vcl",0.5
"196004","Srf","B","Wdr1",0.5
"196010","Srf","B","Wwtr1",0.5
"196037","Stat2","B","Adar",0.5
"196057","Stat2","B","Atp13a1",0.5
"196092","Stat2","B","Cmtr1",0.5
"196111","Stat2","B","Dhx58",0.5
"196116","Stat2","B","Dtx3l",0.5
"196122","Stat2","B","Epsti1",0.5
"196128","Stat2","B","Fam111a",0.5
"196159","Stat2","B","Ifi35",0.5
"196168","Stat2","B","Isg15",0.5
"196197","Stat2","B","Mov10",0.5
"196204","Stat2","B","Myd88",0.5
"196227","Stat2","A","Oas2",1
"196228","Stat2","B","Oas3",0.5
"196229","Stat2","B","Oasl1",0.5
"196232","Stat2","B","Parp10",0.5
"196234","Stat2","B","Parp14",0.5
"196235","Stat2","B","Parp9",0.5
"196243","Stat2","B","Pim1",0.5
"196258","Stat2","B","Psmb8",0.5
"196303","Stat2","B","Socs1",0.5
"196304","Stat2","B","Sp110",0.5
"196321","Stat2","B","Tap2",0.5
"196339","Stat2","B","Trim21",0.5
"196341","Stat2","B","Trim56",0.5
"196350","Stat2","B","Usf1",0.5
"196359","Stat2","B","Xaf1",0.5
"196388","Stat3","B","Akap13",0.5
"196477","Stat3","B","Dusp22",0.5
"196510","Stat3","B","Glis3",0.5
"196528","Stat3","A","Igf1",1
"196589","Stat3","B","Mthfd1l",0.5
"196593","Stat3","B","Myh9",0.5
"196660","Stat3","B","Pttg1ip",0.5
"196670","Stat3","A","Reg1",1
"196680","Stat3","A","Rora",1
"196715","Stat3","B","Spidr",0.5
"196791","Stat4","B","Ccnd2",0.5
"196857","Stat5a","B","Cd40",0.5
"196912","Stat5a","B","Etv6",0.5
"197071","Stat5a","B","Rere",0.5
"197235","Stat5b","A","Ccnd3",1
"197343","Stat5b","B","Il4r",0.5
"197435","Stat5b","A","Pim1",1
"197545","Stat5b","B","Svil",0.5
"197595","Stat5b","B","Wipf1",0.5
"197618","Tal1","B","Abca4",0.5
"197621","Tal1","B","Abcc4",0.5
"197625","Tal1","B","Ablim1",0.5
"197659","Tal1","B","Add3",0.5
"197664","Tal1","B","Adgrg6",0.5
"197669","Tal1","B","Adgrv1",0.5
"197693","Tal1","B","Ahi1",0.5
"197702","Tal1","B","Akap13",0.5
"197717","Tal1","B","Ampd3",0.5
"197723","Tal1","B","Angpt1",0.5
"197725","Tal1","B","Ank3",0.5
"197730","Tal1","B","Ankrd44",0.5
"197737","Tal1","B","Ano2",0.5
"197743","Tal1","B","Antxr2",0.5
"197747","Tal1","B","Anxa4",0.5
"197764","Tal1","B","App",0.5
"197767","Tal1","B","Arhgap15",0.5
"197768","Tal1","B","Arhgap18",0.5
"197771","Tal1","B","Arhgap22",0.5
"197773","Tal1","B","Arhgap25",0.5
"197774","Tal1","B","Arhgap26",0.5
"197778","Tal1","B","Arhgap6",0.5
"197782","Tal1","B","Arhgef3",0.5
"197785","Tal1","B","Arid1b",0.5
"197806","Tal1","B","Arsg",0.5
"197825","Tal1","B","Atp2b4",0.5
"197829","Tal1","B","Atp6v0a1",0.5
"197848","Tal1","B","Bach2",0.5
"197853","Tal1","B","Bcar3",0.5
"197856","Tal1","B","Bcat1",0.5
"197865","Tal1","B","Bcr",0.5
"197868","Tal1","B","Bhlhe40",0.5
"197925","Tal1","B","Cacna1c",0.5
"197942","Tal1","B","Cap1",0.5
"197945","Tal1","B","Capzb",0.5
"197948","Tal1","B","Carmil1",0.5
"197953","Tal1","B","Cast",0.5
"197957","Tal1","B","Cblb",0.5
"197974","Tal1","B","Ccdc88c",0.5
"197975","Tal1","B","Ccdc91",0.5
"197979","Tal1","B","Ccnd3",0.5
"198015","Tal1","B","Cdc42se2",0.5
"198019","Tal1","A","Cdh13",1
"198031","Tal1","B","Cdk5rap2",0.5
"198032","Tal1","B","Cdk6",0.5
"198034","Tal1","B","Cdkal1",0.5
"198040","Tal1","B","Cdyl",0.5
"198045","Tal1","B","Cemip2",0.5
"198070","Tal1","B","Chd9",0.5
"198072","Tal1","B","Chn2",0.5
"198089","Tal1","B","Clec16a",0.5
"198111","Tal1","B","Cnih3",0.5
"198112","Tal1","B","Cnksr3",0.5
"198133","Tal1","B","Col25a1",0.5
"198145","Tal1","B","Coro1c",0.5
"198164","Tal1","B","Creb3l2",0.5
"198169","Tal1","B","Crim1",0.5
"198188","Tal1","B","Ctif",0.5
"198192","Tal1","B","Ctnnbl1",0.5
"198197","Tal1","B","Cubn",0.5
"198218","Tal1","B","Cyth1",0.5
"198223","Tal1","B","Daam1",0.5
"198231","Tal1","B","Dapk1",0.5
"198254","Tal1","B","Dennd1a",0.5
"198256","Tal1","B","Dennd3",0.5
"198275","Tal1","B","Dis3l2",0.5
"198285","Tal1","B","Dmd",0.5
"198293","Tal1","B","Dnajb12",0.5
"198297","Tal1","B","Dnajc6",0.5
"198303","Tal1","B","Dock10",0.5
"198305","Tal1","B","Dock2",0.5
"198310","Tal1","A","Dock9",1
"198325","Tal1","B","Dusp10",0.5
"198357","Tal1","B","Egln3",0.5
"198371","Tal1","A","Elmo1",1
"198376","Tal1","B","Emcn",0.5
"198390","Tal1","B","Epas1",0.5
"198398","Tal1","B","Eps15l1",0.5
"198400","Tal1","B","Erc1",0.5
"198402","Tal1","B","Ergic1",0.5
"198412","Tal1","B","Etv6",0.5
"198415","Tal1","B","Evl",0.5
"198430","Tal1","B","Fam107b",0.5
"198431","Tal1","B","Fam117a",0.5
"198435","Tal1","B","Fam13a",0.5
"198462","Tal1","B","Fbxw11",0.5
"198464","Tal1","B","Fchsd2",0.5
"198467","Tal1","B","Fgd4",0.5
"198469","Tal1","B","Fggy",0.5
"198472","Tal1","B","Fhl2",0.5
"198487","Tal1","B","Fnip2",0.5
"198492","Tal1","B","Foxn3",0.5
"198497","Tal1","B","Frmd4a",0.5
"198498","Tal1","B","Frmd4b",0.5
"198500","Tal1","B","Fryl",0.5
"198519","Tal1","B","Galnt2",0.5
"198520","Tal1","B","Galnt6",0.5
"198539","Tal1","B","Gfod1",0.5
"198556","Tal1","B","Gmds",0.5
"198557","Tal1","B","Gna12",0.5
"198564","Tal1","B","Gnaq",0.5
"198597","Tal1","B","Gramd4",0.5
"198599","Tal1","B","Grb10",0.5
"198609","Tal1","B","Grm7",0.5
"198616","Tal1","B","Gse1",0.5
"198620","Tal1","B","Gtdc1",0.5
"198640","Tal1","B","Hbs1l",0.5
"198643","Tal1","B","Hdac9",0.5
"198648","Tal1","B","Herc1",0.5
"198660","Tal1","B","Hivep2",0.5
"198661","Tal1","B","Hivep3",0.5
"198678","Tal1","B","Hpcal1",0.5
"198704","Tal1","B","Ier5",0.5
"198739","Tal1","B","Il1r1",0.5
"198762","Tal1","B","Inpp4b",0.5
"198771","Tal1","B","Iqgap2",0.5
"198785","Tal1","B","Itgb5",0.5
"198790","Tal1","B","Itpr1",0.5
"198791","Tal1","B","Itpr2",0.5
"198799","Tal1","B","Jarid2",0.5
"198801","Tal1","B","Jcad",0.5
"198805","Tal1","B","Kalrn",0.5
"198827","Tal1","B","Kcnma1",0.5
"198828","Tal1","B","Kcnmb2",0.5
"198837","Tal1","B","Kdm4b",0.5
"198838","Tal1","B","Kdm4c",0.5
"198842","Tal1","B","Skt",0.5
"198870","Tal1","B","Ksr1",0.5
"198894","Tal1","B","Ldlrad4",0.5
"198897","Tal1","B","Lhfpl2",0.5
"198900","Tal1","B","Limch1",0.5
"198901","Tal1","B","Limd1",0.5
"198903","Tal1","B","Lims1",0.5
"198925","Tal1","B","Lpp",0.5
"198928","Tal1","B","Lrch1",0.5
"198941","Tal1","B","Lrrfip1",0.5
"198950","Tal1","B","Ltbp1",0.5
"198954","Tal1","B","Lyn",0.5
"198973","Tal1","B","Maml3",0.5
"198983","Tal1","B","Map3k5",0.5
"198999","Tal1","B","Mast4",0.5
"199002","Tal1","B","Mbd5",0.5
"199004","Tal1","B","Mbnl1",0.5
"199007","Tal1","B","Mbp",0.5
"199013","Tal1","B","Mctp1",0.5
"199023","Tal1","B","Mecom",0.5
"199041","Tal1","B","Mgll",0.5
"199047","Tal1","B","Mideas",0.5
"199080","Tal1","B","Mrps22",0.5
"199081","Tal1","B","Mrps27",0.5
"199086","Tal1","B","Msi2",0.5
"199087","Tal1","B","Msn",0.5
"199098","Tal1","B","Mtss1",0.5
"199105","Tal1","B","Mycbp2",0.5
"199110","Tal1","B","Mylk",0.5
"199116","Tal1","B","Myof",0.5
"199126","Tal1","B","Nav2",0.5
"199139","Tal1","B","Ncor2",0.5
"199148","Tal1","B","Nedd9",0.5
"199152","Tal1","B","Nek6",0.5
"199153","Tal1","B","Nek7",0.5
"199160","Tal1","B","Nfia",0.5
"199161","Tal1","B","Nfib",0.5
"199170","Tal1","B","Nlk",0.5
"199177","Tal1","B","Npas3",0.5
"199185","Tal1","B","Nrcam",0.5
"199189","Tal1","B","Nrp2",0.5
"199191","Tal1","B","Nrxn1",0.5
"199241","Tal1","B","Pacsin2",0.5
"199246","Tal1","B","Pam",0.5
"199253","Tal1","B","Pard3b",0.5
"199260","Tal1","B","Parvb",0.5
"199289","Tal1","B","Pde4d",0.5
"199310","Tal1","B","Phactr1",0.5
"199318","Tal1","B","Phlpp1",0.5
"199324","Tal1","B","Pik3c2b",0.5
"199327","Tal1","B","Pik3r1",0.5
"199330","Tal1","B","Pip4k2a",0.5
"199332","Tal1","B","Pitpnm2",0.5
"199337","Tal1","B","Pla2g6",0.5
"199345","Tal1","B","Plcb1",0.5
"199351","Tal1","B","Plcl2",0.5
"199355","Tal1","B","Plekha7",0.5
"199406","Tal1","B","Prex1",0.5
"199412","Tal1","B","Prkag2",0.5
"199413","Tal1","B","Prkar2b",0.5
"199414","Tal1","B","Prkcb",0.5
"199415","Tal1","B","Prkce",0.5
"199416","Tal1","B","Prkch",0.5
"199431","Tal1","B","Prr5l",0.5
"199436","Tal1","B","Prune2",0.5
"199448","Tal1","B","Ptk2",0.5
"199454","Tal1","B","Ptpre",0.5
"199456","Tal1","B","Ptprm",0.5
"199470","Tal1","B","Rab27b",0.5
"199479","Tal1","B","Rad51b",0.5
"199491","Tal1","B","Rap1gap2",0.5
"199494","Tal1","B","Rapgef1",0.5
"199513","Tal1","B","Rbms1",0.5
"199515","Tal1","B","Rbms3",0.5
"199529","Tal1","B","Rere",0.5
"199549","Tal1","B","Rgs6",0.5
"199560","Tal1","B","Rin3",0.5
"199576","Tal1","B","Rnf217",0.5
"199577","Tal1","B","Rnf220",0.5
"199592","Tal1","B","Rps6ka2",0.5
"199598","Tal1","B","Rreb1",0.5
"199611","Tal1","B","Rtn4",0.5
"199613","Tal1","B","Rttn",0.5
"199623","Tal1","B","Ryr3",0.5
"199631","Tal1","B","Sash1",0.5
"199635","Tal1","B","Sbf2",0.5
"199666","Tal1","B","Septin9",0.5
"199667","Tal1","B","Serinc5",0.5
"199693","Tal1","B","Sh3bp5",0.5
"199695","Tal1","B","Sh3kbp1",0.5
"199700","Tal1","B","Sh3tc1",0.5
"199707","Tal1","B","Sik3",0.5
"199708","Tal1","B","Sil1",0.5
"199711","Tal1","B","Sipa1l2",0.5
"199743","Tal1","B","Slc37a1",0.5
"199761","Tal1","B","Slc9a1",0.5
"199775","Tal1","B","Slx4ip",0.5
"199776","Tal1","B","Smad3",0.5
"199785","Tal1","B","Smg6",0.5
"199788","Tal1","B","Smox",0.5
"199789","Tal1","B","Smyd3",0.5
"199793","Tal1","B","Snd1",0.5
"199807","Tal1","B","Sorbs1",0.5
"199834","Tal1","B","Spry1",0.5
"199837","Tal1","B","Sptbn1",0.5
"199843","Tal1","B","Ssbp2",0.5
"199850","Tal1","B","St3gal1",0.5
"199866","Tal1","B","Stard13",0.5
"199868","Tal1","B","Stat3",0.5
"199869","Tal1","B","Stim1",0.5
"199870","Tal1","B","Stk10",0.5
"199873","Tal1","B","Stk32b",0.5
"199894","Tal1","B","Susd1",0.5
"199898","Tal1","B","Svil",0.5
"199907","Tal1","B","Syn3",0.5
"199909","Tal1","B","Syne1",0.5
"199911","Tal1","B","Synj2",0.5
"199922","Tal1","B","Tacc1",0.5
"199930","Tal1","B","Tanc1",0.5
"199933","Tal1","B","Taok3",0.5
"199941","Tal1","B","Tbc1d1",0.5
"199943","Tal1","B","Tbc1d14",0.5
"199951","Tal1","B","Tbc1d5",0.5
"199958","Tal1","B","Tbxas1",0.5
"199959","Tal1","B","Tcf4",0.5
"199960","Tal1","B","Tcf7l2",0.5
"199962","Tal1","B","Tead1",0.5
"199963","Tal1","B","Tec",0.5
"199969","Tal1","B","Tet3",0.5
"199971","Tal1","B","Tex2",0.5
"199973","Tal1","B","Tfpi",0.5
"199975","Tal1","B","Tg",0.5
"199982","Tal1","B","Thada",0.5
"199986","Tal1","B","Tiam2",0.5
"199994","Tal1","B","Tle4",0.5
"199995","Tal1","B","Tlk1",0.5
"200016","Tal1","B","Tmem131l",0.5
"200020","Tal1","B","Tmem163",0.5
"200021","Tal1","B","Tmem164",0.5
"200028","Tal1","B","Tmem241",0.5
"200044","Tal1","B","Tnfaip8",0.5
"200055","Tal1","B","Tnik",0.5
"200059","Tal1","B","Tnrc6b",0.5
"200060","Tal1","B","Tnrc6c",0.5
"200062","Tal1","B","Tns3",0.5
"200069","Tal1","B","Tox2",0.5
"200072","Tal1","B","Tpcn1",0.5
"200083","Tal1","B","Trappc9",0.5
"200090","Tal1","B","Trim2",0.5
"200095","Tal1","B","Trio",0.5
"200118","Tal1","B","Ttc7a",0.5
"200119","Tal1","B","Ttc7b",0.5
"200138","Tal1","B","Ubash3b",0.5
"200143","Tal1","B","Ube2f",0.5
"200147","Tal1","B","Ubr4",0.5
"200156","Tal1","B","Umodl1",0.5
"200174","Tal1","B","Utrn",0.5
"200179","Tal1","B","Vav3",0.5
"200181","Tal1","B","Vcl",0.5
"200182","Tal1","B","Veph1",0.5
"200184","Tal1","B","Vgll4",0.5
"200221","Tal1","B","Wwtr1",0.5
"200231","Tal1","B","Xxylt1",0.5
"200239","Tal1","B","Zbtb16",0.5
"200242","Tal1","B","Zbtb20",0.5
"200261","Tal1","B","Zeb2",0.5
"200266","Tal1","B","Zfpm2",0.5
"200269","Tal1","B","Zmiz1",0.5
"200272","Tal1","B","Zmynd8",0.5
"200283","Tal1","B","Znf521",0.5
"200285","Tal1","B","Znf608",0.5
"200294","Tal1","B","Znrf1",0.5
"200296","Tal1","B","Zpld1",0.5
"200304","Tbp","B","Actb",0.5
"200779","Tbx21","B","Akna",0.5
"200937","Tbx21","B","Il12rb2",0.5
"200939","Tbx21","B","Il21r",0.5
"201096","Tbx21","B","Sema4d",0.5
"201105","Tbx21","B","Slamf7",0.5
"201327","Tcf12","B","Erc1",0.5
"201493","Tcf12","B","Ppp3ca",0.5
"201627","Tcf12","B","Wwtr1",0.5
"201691","Tcf3","B","Axin1",0.5
"201730","Tcf3","B","Ciita",0.5
"201838","Tcf3","B","Kdm2b",0.5
"201865","Tcf3","B","Mad1l1",0.5
"201873","Tcf3","B","Med15",0.5
"201906","Tcf3","B","Nup210",0.5
"201949","Tcf3","B","Pstpip1",0.5
"201959","Tcf3","B","Ralgds",0.5
"202005","Tcf3","B","Slc37a1",0.5
"202071","Tcf3","B","Vav2",0.5
"202216","Tcf4","B","Hdac7",0.5
"202262","Tcf4","B","Nol4l",0.5
"202346","Tcf4","B","Sptbn1",0.5
"202798","Tead1","B","Adgrl2",0.5
"202809","Tead1","B","Amotl2",0.5
"202927","Tead1","B","Gtdc1",0.5
"202940","Tead1","B","Itga1",0.5
"203010","Tead1","B","Osbpl9",0.5
"203089","Tead1","B","Sorbs2",0.5
"203102","Tead1","B","Tacc1",0.5
"203184","Tead2","B","Ccnd2",0.5
"203362","Tead2","B","Rin3",0.5
"204901","Tfap2a","B","Gclc",0.5
"204935","Tfap2a","B","Hk2",0.5
"204950","Tfap2a","B","Hspb1",0.5
"204955","Tfap2a","B","Igf1r",0.5
"204969","Tfap2a","B","Itpr1",0.5
"204972","Tfap2a","B","Jup",0.5
"204993","Tfap2a","B","Lamb1",0.5
"205040","Tfap2a","B","Myb",0.5
"205127","Tfap2a","B","Ppl",0.5
"205197","Tfap2a","B","Slc25a21",0.5
"205318","Tfap2c","B","Abca4",0.5
"205338","Tfap2c","B","Abcg1",0.5
"205357","Tfap2c","B","Ablim2",0.5
"205396","Tfap2c","B","Acot7",0.5
"205427","Tfap2c","B","Actn4",0.5
"205464","Tfap2c","B","Adamts17",0.5
"205484","Tfap2c","B","Adcy5",0.5
"205495","Tfap2c","B","Adgrb1",0.5
"205521","Tfap2c","B","Adora1",0.5
"205541","Tfap2c","B","Afap1",0.5
"205550","Tfap2c","B","Agap1",0.5
"205564","Tfap2c","B","Agpat3",0.5
"205578","Tfap2c","B","Ahdc1",0.5
"205604","Tfap2c","B","Akap6",0.5
"205697","Tfap2c","B","Ank3",0.5
"205707","Tfap2c","B","Ankrd11",0.5
"205741","Tfap2c","B","Ano6",0.5
"205790","Tfap2c","B","Apbb2",0.5
"205829","Tfap2c","B","Arfgef2",0.5
"205839","Tfap2c","B","Arhgap22",0.5
"205843","Tfap2c","B","Arhgap26",0.5
"205860","Tfap2c","B","Arhgef10l",0.5
"205870","Tfap2c","B","Arhgef3",0.5
"205875","Tfap2c","B","Arhgef4",0.5
"205880","Tfap2c","B","Arid1b",0.5
"205887","Tfap2c","B","Arid5b",0.5
"205932","Tfap2c","B","Arrb1",0.5
"205940","Tfap2c","B","Arsg",0.5
"205947","Tfap2c","B","Asap1",0.5
"205948","Tfap2c","B","Asap2",0.5
"205959","Tfap2c","B","Ascc2",0.5
"206022","Tfap2c","B","Atp2b2",0.5
"206023","Tfap2c","B","Atp2b4",0.5
"206025","Tfap2c","B","Atp2c2",0.5
"206052","Tfap2c","B","Atp9a",0.5
"206064","Tfap2c","B","Atxn7l1",0.5
"206076","Tfap2c","B","Axin2",0.5
"206118","Tfap2c","B","Baiap2",0.5
"206150","Tfap2c","B","Bcar1",0.5
"206151","Tfap2c","B","Bcar3",0.5
"206152","Tfap2c","B","Bcas1",0.5
"206154","Tfap2c","B","Bcas3",0.5
"206179","Tfap2c","B","Bcor",0.5
"206237","Tfap2c","B","Bmp7",0.5
"206239","Tfap2c","B","Bmper",0.5
"206244","Tfap2c","B","Bnc1",0.5
"206272","Tfap2c","B","Brf1",0.5
"206278","Tfap2c","B","Brip1",0.5
"206451","Tfap2c","B","Cables1",0.5
"206458","Tfap2c","B","Cacna1a",0.5
"206460","Tfap2c","B","Cacna1c",0.5
"206461","Tfap2c","B","Cacna1d",0.5
"206464","Tfap2c","B","Cacna1i",0.5
"206500","Tfap2c","B","Camk2b",0.5
"206528","Tfap2c","B","Capn2",0.5
"206531","Tfap2c","B","Capn8",0.5
"206567","Tfap2c","B","Casz1",0.5
"206640","Tfap2c","B","Ccdc57",0.5
"206656","Tfap2c","B","Ccdc85c",0.5
"206659","Tfap2c","B","Ccdc88c",0.5
"206797","Tfap2c","B","Cdh22",0.5
"206798","Tfap2c","B","Cdh23",0.5
"206808","Tfap2c","B","Cdhr3",0.5
"206825","Tfap2c","B","Cdk5rap2",0.5
"206827","Tfap2c","B","Cdk6",0.5
"206847","Tfap2c","B","Cdyl",0.5
"206857","Tfap2c","B","Celsr1",0.5
"206875","Tfap2c","B","Cep112",0.5
"206949","Tfap2c","B","Chchd6",0.5
"206974","Tfap2c","B","Chn2",0.5
"206996","Tfap2c","B","Chst15",0.5
"207068","Tfap2c","B","Clec16a",0.5
"207078","Tfap2c","B","Clip2",0.5
"207083","Tfap2c","B","Clmn",0.5
"207134","Tfap2c","B","Cnih3",0.5
"207170","Tfap2c","B","Cobl",0.5
"207190","Tfap2c","B","Col23a1",0.5
"207194","Tfap2c","B","Col27a1",0.5
"207197","Tfap2c","B","Col4a2",0.5
"207201","Tfap2c","B","Col5a1",0.5
"207276","Tfap2c","B","Cpne5",0.5
"207302","Tfap2c","B","Creb5",0.5
"207303","Tfap2c","B","Crebbp",0.5
"207320","Tfap2c","B","Crispld2",0.5
"207330","Tfap2c","B","Crtc1",0.5
"207375","Tfap2c","B","Ctbp2",0.5
"207385","Tfap2c","B","Ctif",0.5
"207386","Tfap2c","B","Ctnna1",0.5
"207393","Tfap2c","B","Ctnnd2",0.5
"207409","Tfap2c","B","Cuedc1",0.5
"207475","Tfap2c","B","Cyrib",0.5
"207480","Tfap2c","B","Cyth1",0.5
"207487","Tfap2c","B","Daam1",0.5
"207490","Tfap2c","B","Dab2ip",0.5
"207501","Tfap2c","B","Dapk1",0.5
"207502","Tfap2c","B","Dapk2",0.5
"207581","Tfap2c","B","Dennd1a",0.5
"207585","Tfap2c","B","Dennd2b",0.5
"207587","Tfap2c","B","Dennd3",0.5
"207649","Tfap2c","B","Dip2c",0.5
"207655","Tfap2c","B","Dis3l2",0.5
"207669","Tfap2c","B","Dlg2",0.5
"207674","Tfap2c","B","Dlgap4",0.5
"207748","Tfap2c","B","Dnm2",0.5
"207761","Tfap2c","B","Dock4",0.5
"207769","Tfap2c","B","Dok5",0.5
"207780","Tfap2c","B","Dpf3",0.5
"207870","Tfap2c","B","Dysf",0.5
"207887","Tfap2c","B","Ece1",0.5
"207924","Tfap2c","B","Eef2k",0.5
"207926","Tfap2c","B","Eefsec",0.5
"207937","Tfap2c","B","Efhc1",0.5
"207943","Tfap2c","B","Efna5",0.5
"207953","Tfap2c","B","Egln3",0.5
"207964","Tfap2c","B","Ehmt1",0.5
"208003","Tfap2c","B","Elapor1",0.5
"208014","Tfap2c","B","Ell",0.5
"208041","Tfap2c","B","Eml1",0.5
"208108","Tfap2c","B","Ephb1",0.5
"208110","Tfap2c","B","Ephb3",0.5
"208140","Tfap2c","B","Ergic1",0.5
"208163","Tfap2c","B","Esrrg",0.5
"208183","Tfap2c","B","Etv6",0.5
"208187","Tfap2c","B","Evl",0.5
"208202","Tfap2c","B","Ext1",0.5
"208207","Tfap2c","B","Eya2",0.5
"208237","Tfap2c","B","Fam102a",0.5
"208239","Tfap2c","B","Fam107b",0.5
"208281","Tfap2c","B","Fam174b",0.5
"208282","Tfap2c","B","Fam178b",0.5
"208334","Tfap2c","B","Farp1",0.5
"208353","Tfap2c","B","Fbln1",0.5
"208354","Tfap2c","B","Fbln2",0.5
"208424","Tfap2c","B","Fgd5",0.5
"208451","Tfap2c","B","Fhod3",0.5
"208474","Tfap2c","B","Flnb",0.5
"208498","Tfap2c","B","Fndc3b",0.5
"208521","Tfap2c","B","Foxk1",0.5
"208522","Tfap2c","B","Foxk2",0.5
"208545","Tfap2c","B","Frmd4a",0.5
"208546","Tfap2c","B","Frmd4b",0.5
"208571","Tfap2c","B","Fto",0.5
"208615","Tfap2c","B","Gabbr2",0.5
"208638","Tfap2c","B","Galnt10",0.5
"208641","Tfap2c","B","Galnt14",0.5
"208651","Tfap2c","B","Galnt9",0.5
"208664","Tfap2c","B","Garnl3",0.5
"208679","Tfap2c","B","Gatad2a",0.5
"208715","Tfap2c","B","Gdpd5",0.5
"208778","Tfap2c","B","Gli3",0.5
"208800","Tfap2c","B","Gmds",0.5
"208809","Tfap2c","B","Gna12",0.5
"208933","Tfap2c","B","Gramd4",0.5
"208934","Tfap2c","B","Grb10",0.5
"208941","Tfap2c","B","Grhl2",0.5
"208951","Tfap2c","B","Grik3",0.5
"208952","Tfap2c","B","Grik4",0.5
"208966","Tfap2c","B","Grm4",0.5
"208978","Tfap2c","B","Gse1",0.5
"208983","Tfap2c","B","Gsn",0.5
"209002","Tfap2c","B","Gtf2ird1",0.5
"209071","Tfap2c","B","Hdac4",0.5
"209136","Tfap2c","B","Hivep2",0.5
"209137","Tfap2c","B","Hivep3",0.5
"209139","Tfap2c","B","Hk1",0.5
"209140","Tfap2c","B","Hk2",0.5
"209149","Tfap2c","B","Hmcn2",0.5
"209209","Tfap2c","B","Hpcal1",0.5
"209237","Tfap2c","B","Hs6st1",0.5
"209323","Tfap2c","B","Ier5",0.5
"209325","Tfap2c","B","Iffo2",0.5
"209348","Tfap2c","B","Igf1r",0.5
"209401","Tfap2c","B","Il1r1",0.5
"209454","Tfap2c","B","Inpp5a",0.5
"209502","Tfap2c","B","Iqsec1",0.5
"209530","Tfap2c","B","Isg20",0.5
"209558","Tfap2c","B","Itgb5",0.5
"209559","Tfap2c","B","Itgb6",0.5
"209570","Tfap2c","B","Itpr1",0.5
"209616","Tfap2c","B","Kalrn",0.5
"209629","Tfap2c","B","Katnip",0.5
"209631","Tfap2c","B","Kazn",0.5
"209643","Tfap2c","B","Kcnab2",0.5
"209644","Tfap2c","B","Kcnb1",0.5
"209686","Tfap2c","B","Kcnma1",0.5
"209692","Tfap2c","B","Kcnn3",0.5
"209699","Tfap2c","B","Kcnt1",0.5
"209708","Tfap2c","B","Kctd15",0.5
"209719","Tfap2c","B","Kdf1",0.5
"209725","Tfap2c","B","Kdm4b",0.5
"209754","Tfap2c","B","Skt",0.5
"209765","Tfap2c","B","Kif16b",0.5
"209810","Tfap2c","B","Klf9",0.5
"209831","Tfap2c","B","Klhl29",0.5
"209845","Tfap2c","B","Klk11",0.5
"209897","Tfap2c","B","Krt8",0.5
"209904","Tfap2c","B","Ksr1",0.5
"209937","Tfap2c","B","Large1",0.5
"209968","Tfap2c","B","Ldlrad4",0.5
"209994","Tfap2c","B","Lhfpl2",0.5
"210021","Tfap2c","B","Lingo1",0.5
"210028","Tfap2c","B","Litaf",0.5
"210032","Tfap2c","B","Llgl2",0.5
"210043","Tfap2c","B","Lmna",0.5
"210079","Tfap2c","B","Lpp",0.5
"210084","Tfap2c","B","Lrch1",0.5
"210093","Tfap2c","B","Lrig1",0.5
"210105","Tfap2c","B","Lrp5",0.5
"210140","Tfap2c","B","Lrrfip1",0.5
"210188","Tfap2c","B","Lypd6b",0.5
"210207","Tfap2c","B","Macrod2",0.5
"210210","Tfap2c","B","Mad1l1",0.5
"210221","Tfap2c","B","Magi1",0.5
"210240","Tfap2c","B","Man1c1",0.5
"210299","Tfap2c","B","Mapkap1",0.5
"210327","Tfap2c","B","Mast4",0.5
"210331","Tfap2c","B","Matn2",0.5
"210355","Tfap2c","B","Mcf2l",0.5
"210377","Tfap2c","B","Mdga1",0.5
"210388","Tfap2c","B","Me3",0.5
"210402","Tfap2c","B","Med15",0.5
"210420","Tfap2c","B","Megf6",0.5
"210483","Tfap2c","B","Mgll",0.5
"210493","Tfap2c","B","Mical2",0.5
"210494","Tfap2c","B","Mical3",0.5
"210501","Tfap2c","B","Mideas",0.5
"210537","Tfap2c","B","Mlph",0.5
"210666","Tfap2c","B","Msi2",0.5
"210686","Tfap2c","B","Mtcl1",0.5
"210719","Tfap2c","B","Mtss1",0.5
"210723","Tfap2c","B","Mtus1",0.5
"210730","Tfap2c","B","Mvb12b",0.5
"210743","Tfap2c","A","Myc",1
"210754","Tfap2c","B","Myh9",0.5
"210762","Tfap2c","B","Mylk",0.5
"210767","Tfap2c","B","Myo10",0.5
"210770","Tfap2c","B","Myo18a",0.5
"210772","Tfap2c","B","Myo1b",0.5
"210824","Tfap2c","B","Nacc2",0.5
"210849","Tfap2c","B","Nav1",0.5
"210850","Tfap2c","B","Nav2",0.5
"210861","Tfap2c","B","Ncald",0.5
"210886","Tfap2c","B","Ncor2",0.5
"210897","Tfap2c","B","Ndst1",0.5
"210912","Tfap2c","B","Ndufaf6",0.5
"210931","Tfap2c","B","Nedd9",0.5
"210975","Tfap2c","B","Nfasc",0.5
"210978","Tfap2c","B","Nfatc2",0.5
"210988","Tfap2c","B","Nfic",0.5
"211019","Tfap2c","B","Niban2",0.5
"211067","Tfap2c","B","Nmnat2",0.5
"211085","Tfap2c","B","Nol4l",0.5
"211106","Tfap2c","B","Npas3",0.5
"211156","Tfap2c","B","Nrcam",0.5
"211167","Tfap2c","B","Nrp2",0.5
"211209","Tfap2c","B","Ntrk3",0.5
"211316","Tfap2c","B","Osbpl10",0.5
"211321","Tfap2c","B","Osbpl5",0.5
"211376","Tfap2c","B","Pacs1",0.5
"211377","Tfap2c","B","Pacs2",0.5
"211379","Tfap2c","B","Pacsin2",0.5
"211455","Tfap2c","B","Pbx1",0.5
"211461","Tfap2c","B","Pcbp1",0.5
"211463","Tfap2c","B","Pcbp3",0.5
"211486","Tfap2c","B","Pcnx2",0.5
"211518","Tfap2c","B","Pde4d",0.5
"211557","Tfap2c","B","Pdzd2",0.5
"211616","Tfap2c","B","Phactr3",0.5
"211680","Tfap2c","B","Pik3c2b",0.5
"211695","Tfap2c","B","Pip4k2a",0.5
"211707","Tfap2c","B","Pitpnm2",0.5
"211718","Tfap2c","B","Pkd1l2",0.5
"211733","Tfap2c","B","Pkp1",0.5
"211736","Tfap2c","B","Pkp4",0.5
"211755","Tfap2c","B","Plb1",0.5
"211757","Tfap2c","B","Plcb1",0.5
"211759","Tfap2c","B","Plcb4",0.5
"211766","Tfap2c","B","Plch2",0.5
"211776","Tfap2c","B","Plec",0.5
"211782","Tfap2c","B","Plekha6",0.5
"211783","Tfap2c","B","Plekha7",0.5
"211826","Tfap2c","B","Plxna1",0.5
"211827","Tfap2c","B","Plxna2",0.5
"211829","Tfap2c","B","Plxna4",0.5
"211837","Tfap2c","B","Pmepa1",0.5
"211919","Tfap2c","B","Ppargc1b",0.5
"211929","Tfap2c","B","Ppfibp2",0.5
"211979","Tfap2c","B","Ppp2r2c",0.5
"212001","Tfap2c","B","Prdm11",0.5
"212004","Tfap2c","B","Prdm16",0.5
"212020","Tfap2c","B","Prex1",0.5
"212022","Tfap2c","B","Prickle2",0.5
"212031","Tfap2c","B","Prkag2",0.5
"212040","Tfap2c","B","Prkce",0.5
"212042","Tfap2c","B","Prkch",0.5
"212053","Tfap2c","B","Prlr",0.5
"212101","Tfap2c","B","Prrc2b",0.5
"212186","Tfap2c","B","Ptk2",0.5
"212213","Tfap2c","B","Ptprf",0.5
"212216","Tfap2c","B","Ptprj",0.5
"212242","Tfap2c","B","Pxdn",0.5
"212287","Tfap2c","B","Rab31",0.5
"212325","Tfap2c","B","Rad23b",0.5
"212327","Tfap2c","B","Rad51b",0.5
"212339","Tfap2c","B","Rai1",0.5
"212347","Tfap2c","B","Ralgds",0.5
"212348","Tfap2c","B","Ralgps1",0.5
"212363","Tfap2c","B","Rap1gap2",0.5
"212367","Tfap2c","B","Rapgef1",0.5
"212369","Tfap2c","B","Rapgef4",0.5
"212370","Tfap2c","B","Rapgef5",0.5
"212374","Tfap2c","B","Rara",0.5
"212379","Tfap2c","B","Rasa3",0.5
"212416","Tfap2c","B","Rbfox3",0.5
"212435","Tfap2c","B","Rbm47",0.5
"212441","Tfap2c","B","Rbpj",0.5
"212489","Tfap2c","B","Rere",0.5
"212507","Tfap2c","B","Rftn1",0.5
"212511","Tfap2c","B","Rfx2",0.5
"212532","Tfap2c","B","Rgs3",0.5
"212533","Tfap2c","B","Rgs6",0.5
"212536","Tfap2c","B","Rgs9",0.5
"212577","Tfap2c","B","Rin3",0.5
"212587","Tfap2c","B","Ripor3",0.5
"212629","Tfap2c","B","Rnf165",0.5
"212743","Tfap2c","B","Rreb1",0.5
"212801","Tfap2c","B","Rxra",0.5
"212831","Tfap2c","B","Samd4a",0.5
"212872","Tfap2c","B","Scarb1",0.5
"212881","Tfap2c","B","Scin",0.5
"212893","Tfap2c","B","Scnn1b",0.5
"212916","Tfap2c","B","Sdk1",0.5
"212917","Tfap2c","B","Sdk2",0.5
"212955","Tfap2c","B","Sema4b",0.5
"212979","Tfap2c","B","Septin9",0.5
"213076","Tfap2c","B","Sh3bp4",0.5
"213077","Tfap2c","B","Sh3bp5",0.5
"213085","Tfap2c","B","Sh3pxd2a",0.5
"213086","Tfap2c","B","Sh3pxd2b",0.5
"213093","Tfap2c","B","Shank2",0.5
"213118","Tfap2c","B","Shroom3",0.5
"213131","Tfap2c","B","Sil1",0.5
"213138","Tfap2c","B","Sipa1l1",0.5
"213139","Tfap2c","B","Sipa1l2",0.5
"213140","Tfap2c","B","Sipa1l3",0.5
"213154","Tfap2c","B","Ski",0.5
"213214","Tfap2c","B","Slc22a23",0.5
"213315","Tfap2c","B","Slc38a1",0.5
"213327","Tfap2c","B","Slc39a11",0.5
"213377","Tfap2c","B","Slc6a6",0.5
"213392","Tfap2c","B","Slc9a1",0.5
"213404","Tfap2c","B","Slco2a1",0.5
"213406","Tfap2c","B","Slco3a1",0.5
"213422","Tfap2c","B","Smad3",0.5
"213458","Tfap2c","B","Smoc1",0.5
"213473","Tfap2c","B","Smyd3",0.5
"213487","Tfap2c","B","Snd1",0.5
"213521","Tfap2c","B","Snx29",0.5
"213547","Tfap2c","B","Sorcs2",0.5
"213559","Tfap2c","B","Sox13",0.5
"213601","Tfap2c","B","Spats2l",0.5
"213629","Tfap2c","B","Spock1",0.5
"213639","Tfap2c","B","Spred2",0.5
"213647","Tfap2c","B","Spsb1",0.5
"213650","Tfap2c","B","Sptb",0.5
"213651","Tfap2c","B","Sptbn1",0.5
"213675","Tfap2c","B","Srgap3",0.5
"213704","Tfap2c","B","Ssbp3",0.5
"213730","Tfap2c","B","St3gal5",0.5
"213731","Tfap2c","B","St6gal1",0.5
"213749","Tfap2c","B","Stap2",0.5
"213751","Tfap2c","B","Stard13",0.5
"213765","Tfap2c","B","Stk10",0.5
"213771","Tfap2c","B","Stk3",0.5
"213810","Tfap2c","B","Stxbp1",0.5
"213828","Tfap2c","B","Sulf2",0.5
"213856","Tfap2c","B","Svil",0.5
"213872","Tfap2c","B","Syn3",0.5
"213876","Tfap2c","B","Syne1",0.5
"213877","Tfap2c","B","Syne2",0.5
"213884","Tfap2c","B","Synj2",0.5
"213915","Tfap2c","B","Tacc2",0.5
"213939","Tfap2c","B","Tanc1",0.5
"213967","Tfap2c","B","Tbc1d1",0.5
"213971","Tfap2c","B","Tbc1d14",0.5
"213987","Tfap2c","B","Tbc1d8",0.5
"213993","Tfap2c","B","Tbcd",0.5
"213998","Tfap2c","B","Tbl1xr1",0.5
"214010","Tfap2c","B","Tbx4",0.5
"214050","Tfap2c","B","Tead1",0.5
"214056","Tfap2c","B","Tecpr2",0.5
"214069","Tfap2c","B","Tenm4",0.5
"214093","Tfap2c","B","Tex2",0.5
"214114","Tfap2c","B","Tg",0.5
"214131","Tfap2c","B","Thada",0.5
"214153","Tfap2c","B","Thsd4",0.5
"214190","Tfap2c","B","Tle3",0.5
"214199","Tfap2c","B","Tln2",0.5
"214279","Tfap2c","B","Tmem164",0.5
"214312","Tfap2c","B","Tmem241",0.5
"214414","Tfap2c","B","Tnk1",0.5
"214431","Tfap2c","B","Tns1",0.5
"214433","Tfap2c","B","Tns3",0.5
"214441","Tfap2c","B","Tom1l2",0.5
"214474","Tfap2c","B","Tpd52l1",0.5
"214487","Tfap2c","B","Tprg1",0.5
"214507","Tfap2c","B","Trak1",0.5
"214516","Tfap2c","B","Trappc9",0.5
"214535","Tfap2c","B","Trim2",0.5
"214566","Tfap2c","B","Trio",0.5
"214596","Tfap2c","B","Trpv6",0.5
"214623","Tfap2c","B","Tspan14",0.5
"214631","Tfap2c","B","Tspan9",0.5
"214660","Tfap2c","B","Ttc7a",0.5
"214661","Tfap2c","B","Ttc7b",0.5
"214823","Tfap2c","B","Umodl1",0.5
"214829","Tfap2c","B","Unc5a",0.5
"214873","Tfap2c","B","Usp10",0.5
"214904","Tfap2c","B","Ust",0.5
"214909","Tfap2c","B","Utrn",0.5
"214919","Tfap2c","B","Vangl1",0.5
"214928","Tfap2c","B","Vav2",0.5
"214929","Tfap2c","B","Vav3",0.5
"214948","Tfap2c","B","Vgll4",0.5
"215077","Tfap2c","B","Wnk2",0.5
"215088","Tfap2c","B","Wnt5b",0.5
"215102","Tfap2c","B","Wwc1",0.5
"215132","Tfap2c","B","Xxylt1",0.5
"215134","Tfap2c","B","Xylt1",0.5
"215179","Tfap2c","B","Zbtb38",0.5
"215190","Tfap2c","B","Zbtb7c",0.5
"215245","Tfap2c","B","Zfat",0.5
"215251","Tfap2c","B","Zfp36l1",0.5
"215276","Tfap2c","B","Zmiz1",0.5
"215282","Tfap2c","B","Zmynd8",0.5
"215407","Tfap2c","B","Znrf1",0.5
"215410","Tfap2c","B","Zpld1",0.5
"215863","Tfap4","B","Zfp395",0.5
"215916","Tfdp1","B","Ccne2",0.5
"215924","Tfdp1","B","Ckap2l",0.5
"215998","Tfdp1","B","Hnrnpul1",0.5
"216808","Thap1","B","Fam20b",0.5
"217183","Thap11","B","Cnih4",0.5
"217264","Thap11","B","Lsm10",0.5
"217316","Thap11","B","Prpf31",0.5
"217343","Thap11","B","Slc4a2",0.5
"217348","Thap11","B","Snx17",0.5
"217366","Thap11","B","Tmem115",0.5
"217421","Tp53","B","Abcb9",0.5
"217428","Tp53","A","Acta2",1
"217429","Tp53","B","Actb",0.5
"217455","Tp53","B","Adgrl2",0.5
"217460","Tp53","B","Adora2b",0.5
"217463","Tp53","B","Aebp2",0.5
"217464","Tp53","B","Aen",0.5
"217467","Tp53","B","Agap1",0.5
"217479","Tp53","B","Akap6",0.5
"217483","Tp53","A","Aldh1a3",1
"217493","Tp53","B","Amotl1",0.5
"217498","Tp53","B","Ank3",0.5
"217512","Tp53","B","Anxa2",0.5
"217526","Tp53","B","Arhgap22",0.5
"217528","Tp53","B","Arhgap26",0.5
"217535","Tp53","B","Arhgef3",0.5
"217538","Tp53","B","Arid1b",0.5
"217551","Tp53","B","Asap1",0.5
"217563","Tp53","B","Atl1",0.5
"217567","Tp53","B","Atp2a2",0.5
"217593","Tp53","B","Bcas3",0.5
"217598","Tp53","A","Bcl2l14",1
"217609","Tp53","B","Bmper",0.5
"217621","Tp53","A","Btg1",1
"217648","Tp53","B","Cab39",0.5
"217659","Tp53","B","Camk2d",0.5
"217661","Tp53","B","Capn2",0.5
"217681","Tp53","B","Ccdc57",0.5
"217706","Tp53","B","Cdc42bpb",0.5
"217708","Tp53","B","Cdc42ep3",0.5
"217713","Tp53","A","Cdh13",1
"217717","Tp53","B","Cdh8",0.5
"217734","Tp53","B","Cep85l",0.5
"217749","Tp53","B","Chd2",0.5
"217750","Tp53","B","Chd9",0.5
"217753","Tp53","B","Chn2",0.5
"217763","Tp53","B","Cic",0.5
"217791","Tp53","B","Cobl",0.5
"217797","Tp53","B","Col1a1",0.5
"217800","Tp53","B","Col27a1",0.5
"217837","Tp53","B","Csmd1",0.5
"217838","Tp53","B","Csmd3",0.5
"217842","Tp53","B","Ctbs",0.5
"217851","Tp53","B","Cuedc1",0.5
"217857","Tp53","A","Cyp24a1",1
"217870","Tp53","B","Dcp1b",0.5
"217872","Tp53","B","Dcun1d3",0.5
"217885","Tp53","B","Dera",0.5
"217893","Tp53","B","Dhrs2",0.5
"217903","Tp53","B","Dlc1",0.5
"217930","Tp53","B","Dse",0.5
"217933","Tp53","B","Dtwd1",0.5
"217937","Tp53","B","Dusp7",0.5
"217952","Tp53","B","Efcab5",0.5
"217955","Tp53","B","Efna5",0.5
"217971","Tp53","B","Eml2",0.5
"217986","Tp53","B","Erbb4",0.5
"217989","Tp53","B","Ercc6l2",0.5
"217996","Tp53","B","Esyt2",0.5
"217999","Tp53","B","Etv6",0.5
"218005","Tp53","B","Ext1",0.5
"218011","Tp53","B","Faf1",0.5
"218016","Tp53","B","Fam13c",0.5
"218037","Tp53","A","Fbln1",1
"218038","Tp53","A","Fbln2",1
"218053","Tp53","B","Fggy",0.5
"218055","Tp53","B","Fhod3",0.5
"218062","Tp53","B","Fmn1",0.5
"218071","Tp53","B","Foxk1",0.5
"218073","Tp53","B","Foxn3",0.5
"218078","Tp53","B","Frmd6",0.5
"218085","Tp53","B","Fst",0.5
"218101","Tp53","A","Gadd45g",1
"218116","Tp53","B","Gas6",0.5
"218127","Tp53","B","Gdnf",0.5
"218132","Tp53","A","Ghr",1
"218136","Tp53","B","Gli3",0.5
"218145","Tp53","B","Gnai1",0.5
"218154","Tp53","B","Gpc1",0.5
"218156","Tp53","B","Gpc6",0.5
"218201","Tp53","B","Hhat",0.5
"218218","Tp53","B","Hs1bp3",0.5
"218236","Tp53","B","Ier5",0.5
"218251","Tp53","A","Il1b",1
"218282","Tp53","B","Irf2bp2",0.5
"218300","Tp53","A","Jak2",1
"218305","Tp53","B","Kalrn",0.5
"218307","Tp53","B","Kazn",0.5
"218327","Tp53","B","Kcnma1",0.5
"218328","Tp53","B","Kcnn3",0.5
"218334","Tp53","B","Kctd1",0.5
"218338","Tp53","B","Kdm4c",0.5
"218347","Tp53","B","Skt",0.5
"218362","Tp53","B","Kmt5b",0.5
"218364","Tp53","B","Krt80",0.5
"218380","Tp53","A","Lig1",1
"218386","Tp53","B","Lmna",0.5
"218394","Tp53","B","Lrig3",0.5
"218422","Tp53","B","Magi2",0.5
"218441","Tp53","B","Mast4",0.5
"218447","Tp53","B","Mcc",0.5
"218454","Tp53","B","Mecom",0.5
"218457","Tp53","B","Med4",0.5
"218467","Tp53","B","Mettl8",0.5
"218470","Tp53","B","Mgrn1",0.5
"218471","Tp53","B","Mical2",0.5
"218473","Tp53","B","Micall1",0.5
"218502","Tp53","B","Msgn1",0.5
"218504","Tp53","B","Msi2",0.5
"218512","Tp53","B","Mthfd1l",0.5
"218533","Tp53","B","Myo3b",0.5
"218548","Tp53","B","Nav3",0.5
"218555","Tp53","B","Ncor2",0.5
"218558","Tp53","B","Ndst1",0.5
"218564","Tp53","B","Nectin1",0.5
"218584","Tp53","B","Nfyc",0.5
"218588","Tp53","A","Ninj1",1
"218620","Tp53","B","Nrp2",0.5
"218621","Tp53","B","Nrxn1",0.5
"218630","Tp53","B","Ntm",0.5
"218637","Tp53","B","Nxn",0.5
"218649","Tp53","B","Osbpl3",0.5
"218662","Tp53","B","P3h2",0.5
"218666","Tp53","B","Palld",0.5
"218668","Tp53","B","Pank2",0.5
"218678","Tp53","B","Pcbp3",0.5
"218687","Tp53","B","Pcnx1",0.5
"218695","Tp53","B","Pde4d",0.5
"218697","Tp53","B","Pdgfc",0.5
"218710","Tp53","B","Pgf",0.5
"218711","Tp53","B","Pgpep1",0.5
"218713","Tp53","B","Phactr4",0.5
"218740","Tp53","B","Plac8",0.5
"218741","Tp53","B","Plb1",0.5
"218742","Tp53","B","Plcb1",0.5
"218744","Tp53","B","Plcg2",0.5
"218754","Tp53","A","Plk2",1
"218761","Tp53","B","Plxna1",0.5
"218762","Tp53","B","Plxna2",0.5
"218765","Tp53","B","Plxnb2",0.5
"218778","Tp53","B","Ppl",0.5
"218785","Tp53","B","Ppp4r3a",0.5
"218794","Tp53","B","Prkag2",0.5
"218795","Tp53","B","Prkce",0.5
"218796","Tp53","B","Prkch",0.5
"218801","Tp53","B","Prpf40a",0.5
"218806","Tp53","B","Prr5",0.5
"218813","Tp53","B","Psd3",0.5
"218828","Tp53","B","Ptprf",0.5
"218833","Tp53","B","Ptpru",0.5
"218838","Tp53","B","Pxdn",0.5
"218843","Tp53","A","Rabggta",1
"218851","Tp53","B","Rapgef1",0.5
"218855","Tp53","B","Rasa3",0.5
"218862","Tp53","B","Rbfox3",0.5
"218863","Tp53","B","Rbm19",0.5
"218866","Tp53","B","Rbms1",0.5
"218867","Tp53","B","Rbms3",0.5
"218870","Tp53","B","Rcc2",0.5
"218884","Tp53","B","Rgs12",0.5
"218886","Tp53","B","Rgs20",0.5
"218892","Tp53","A","Rhoa",1
"218909","Tp53","B","Rnf216",0.5
"218921","Tp53","B","Rps19",0.5
"218922","Tp53","A","Rps27l",1
"218932","Tp53","B","Rtn4",0.5
"218952","Tp53","B","Sash1",0.5
"218953","Tp53","B","Sbf2",0.5
"218958","Tp53","B","Schip1",0.5
"218963","Tp53","A","Scn3b",1
"218970","Tp53","B","Sdk1",0.5
"218973","Tp53","B","Sec14l1",0.5
"218987","Tp53","B","Sertad2",0.5
"218991","Tp53","B","Sfswap",0.5
"218996","Tp53","B","Sh3bp4",0.5
"218999","Tp53","B","Shank2",0.5
"219010","Tp53","B","Sipa1l1",0.5
"219017","Tp53","B","Slc12a4",0.5
"219065","Tp53","B","Smoc1",0.5
"219067","Tp53","A","Smpd3",1
"219070","Tp53","B","Smyd3",0.5
"219072","Tp53","B","Snap47",0.5
"219087","Tp53","B","Sorcs2",0.5
"219098","Tp53","B","Spats2l",0.5
"219106","Tp53","B","Src",0.5
"219111","Tp53","B","Ssh1",0.5
"219121","Tp53","B","Stat6",0.5
"219129","Tp53","B","Sugct",0.5
"219131","Tp53","B","Susd1",0.5
"219135","Tp53","B","Svil",0.5
"219138","Tp53","A","Syk",1
"219140","Tp53","B","Syne1",0.5
"219141","Tp53","B","Syne2",0.5
"219145","Tp53","B","Syt8",0.5
"219148","Tp53","B","Tab2",0.5
"219153","Tp53","B","Tafa2",0.5
"219157","Tp53","A","Tap1",1
"219163","Tp53","A","Tbc1d31",1
"219165","Tp53","B","Tbca",0.5
"219172","Tp53","B","Tcf12",0.5
"219176","Tp53","B","Tenm4",0.5
"219177","Tp53","A","Tent4a",1
"219191","Tp53","B","Tgfbi",0.5
"219199","Tp53","B","Thsd4",0.5
"219209","Tp53","B","Tle1",0.5
"219211","Tp53","B","Tln2",0.5
"219235","Tp53","B","Tmem30a",0.5
"219249","Tp53","B","Tnfaip8",0.5
"219256","Tp53","B","Tns3",0.5
"219262","Tp53","B","Tox2",0.5
"219265","Tp53","B","Tpd52",0.5
"219268","Tp53","B","Tprg1",0.5
"219273","Tp53","B","Trappc9",0.5
"219284","Tp53","B","Trim55",0.5
"219301","Tp53","B","Tspan14",0.5
"219303","Tp53","B","Tspan9",0.5
"219321","Tp53","B","Ube2f",0.5
"219324","Tp53","A","Ube2l3",1
"219334","Tp53","B","Uqcc1",0.5
"219336","Tp53","B","Usp34",0.5
"219339","Tp53","B","Usp9x",0.5
"219341","Tp53","B","Utrn",0.5
"219342","Tp53","B","Vac14",0.5
"219346","Tp53","B","Vav2",0.5
"219353","Tp53","B","Vmp1",0.5
"219391","Tp53","B","Xxylt1",0.5
"219393","Tp53","B","Ybx3",0.5
"219400","Tp53","B","Zbtb7c",0.5
"219408","Tp53","B","Zcchc2",0.5
"219410","Tp53","B","Zdhhc14",0.5
"219421","Tp53","B","Zmynd8",0.5
"219576","Tp63","B","Foxn1",0.5
"219614","Tp63","B","Kctd1",0.5
"219809","Tp63","B","Thsd4",0.5
"219834","Tp63","B","Vav3",0.5
"219861","Tp73","B","Adgrv1",0.5
"219978","Tp73","B","Hipk2",0.5
"220246","Twist1","A","Cldn7",1
"220277","Twist1","B","Dlc1",0.5
"220382","Twist1","A","Mdm2",1
"220628","Usf1","B","Aspscr1",0.5
"221076","Usf2","B","Arap1",0.5
"221083","Usf2","B","Aspscr1",0.5
"221159","Usf2","B","Dusp1",0.5
"221481","Usf2","B","Wdr81",0.5
"221506","Vdr","B","Abl1",0.5
"221513","Vdr","B","Actb",0.5
"221516","Vdr","B","Actn4",0.5
"221524","Vdr","B","Adgrg6",0.5
"221526","Vdr","B","Adgrv1",0.5
"221542","Vdr","B","Aldoa",0.5
"221560","Vdr","B","Aprt",0.5
"221567","Vdr","B","Arhgdia",0.5
"221570","Vdr","B","Arhgef2",0.5
"221579","Vdr","B","Bmal1",0.5
"221590","Vdr","B","Atf4",0.5
"221594","Vdr","B","Atg5",0.5
"221606","Vdr","B","B3GNT2",0.5
"221610","Vdr","B","Bag3",0.5
"221613","Vdr","B","Baiap2",0.5
"221618","Vdr","B","Bcat1",0.5
"221629","Vdr","B","Bmper",0.5
"221659","Vdr","B","Cap1",0.5
"221665","Vdr","B","Cbx4",0.5
"221674","Vdr","B","Ccdc97",0.5
"221691","Vdr","B","Cdk6",0.5
"221715","Vdr","B","Cirbp",0.5
"221731","Vdr","B","Col16a1",0.5
"221741","Vdr","B","Cox5a",0.5
"221765","Vdr","B","Cuedc1",0.5
"221767","Vdr","B","Cyth4",0.5
"221798","Vdr","B","Dnajb12",0.5
"221803","Vdr","B","Dock5",0.5
"221808","Vdr","B","Dpp9",0.5
"221818","Vdr","B","Eef1a1",0.5
"221823","Vdr","B","Efcab14",0.5
"221830","Vdr","B","Ehbp1l1",0.5
"221837","Vdr","A","Ell",1
"221879","Vdr","B","Fggy",0.5
"221888","Vdr","B","Foxk1",0.5
"221890","Vdr","B","Foxo3",0.5
"221898","Vdr","B","Fto",0.5
"221918","Vdr","B","Gli3",0.5
"221938","Vdr","B","Gpt2",0.5
"221946","Vdr","B","Gse1",0.5
"221965","Vdr","B","Hbegf",0.5
"221976","Vdr","B","Hivep2",0.5
"221977","Vdr","B","Hivep3",0.5
"221982","Vdr","B","Hnrnpa1",0.5
"221985","Vdr","B","Hnrnpf",0.5
"222001","Vdr","B","Hspa8",0.5
"222022","Vdr","B","Insig1",0.5
"222029","Vdr","B","Irf2bp2",0.5
"222038","Vdr","B","Itgb5",0.5
"222046","Vdr","B","Kansl3",0.5
"222074","Vdr","B","Kpnb1",0.5
"222102","Vdr","B","Lnx1",0.5
"222106","Vdr","B","Lpp",0.5
"222107","Vdr","B","Lrig1",0.5
"222112","Vdr","B","Lrrc8a",0.5
"222117","Vdr","B","Lto1",0.5
"222193","Vdr","B","Myh9",0.5
"222197","Vdr","B","Myo18a",0.5
"222202","Vdr","B","Nadk",0.5
"222208","Vdr","B","Ncam2",0.5
"222212","Vdr","B","Ncor2",0.5
"222214","Vdr","B","Ndrg1",0.5
"222227","Vdr","B","Nfatc2",0.5
"222229","Vdr","B","Nfix",0.5
"222270","Vdr","B","Osr2",0.5
"222281","Vdr","B","Pabpc1",0.5
"222291","Vdr","B","Pcbp1",0.5
"222292","Vdr","B","Pcbp2",0.5
"222297","Vdr","B","Pde4d",0.5
"222308","Vdr","B","Phc2",0.5
"222315","Vdr","B","Phlpp1",0.5
"222329","Vdr","B","Pkig",0.5
"222339","Vdr","B","Plec",0.5
"222341","Vdr","B","Plekha2",0.5
"222343","Vdr","B","Plekha6",0.5
"222347","Vdr","B","Plxna2",0.5
"222356","Vdr","B","Ppcdc",0.5
"222365","Vdr","B","Ppp3ca",0.5
"222373","Vdr","B","Prkag2",0.5
"222376","Vdr","B","Prkce",0.5
"222377","Vdr","B","Prkch",0.5
"222385","Vdr","B","Prmt9",0.5
"222394","Vdr","B","Psma6",0.5
"222402","Vdr","A","Ptk2b",1
"222403","Vdr","B","Ptp4a2",0.5
"222407","Vdr","B","Ptpre",0.5
"222420","Vdr","B","Rab26",0.5
"222449","Vdr","B","Relt",0.5
"222473","Vdr","B","Rpl3",0.5
"222491","Vdr","B","Runx1",0.5
"222508","Vdr","B","Scarb1",0.5
"222509","Vdr","B","Scoc",0.5
"222519","Vdr","B","Septin9",0.5
"222520","Vdr","B","Serinc2",0.5
"222530","Vdr","B","Sh2b3",0.5
"222531","Vdr","B","Sh2d4a",0.5
"222533","Vdr","B","Sh3pxd2a",0.5
"222535","Vdr","B","Sh3rf2",0.5
"222539","Vdr","B","Shc1",0.5
"222554","Vdr","B","Slc22a23",0.5
"222558","Vdr","B","Slc27a2",0.5
"222571","Vdr","B","Slx4ip",0.5
"222597","Vdr","B","Srebf1",0.5
"222605","Vdr","B","St3gal1",0.5
"222628","Vdr","B","Synj2",0.5
"222642","Vdr","B","Tbp",0.5
"222658","Vdr","B","Tgif1",0.5
"222660","Vdr","B","Thada",0.5
"222684","Vdr","B","Tnfrsf1a",0.5
"222691","Vdr","B","Tns3",0.5
"222700","Vdr","B","Tpx2",0.5
"222701","Vdr","B","Trak1",0.5
"222708","Vdr","B","Trim41",0.5
"222710","Vdr","B","Trim56",0.5
"222717","Vdr","B","Tspan14",0.5
"222740","Vdr","B","Ubald2",0.5
"222758","Vdr","B","Utrn",0.5
"222763","Vdr","B","Vmp1",0.5
"222770","Vdr","B","Vps51",0.5
"222771","Vdr","B","Vrk3",0.5
"222787","Vdr","B","Xxylt1",0.5
"222809","Vdr","B","Zfp36l2",0.5
"222810","Vdr","B","Zmiz1",0.5
"223241","Yy1","A","Afg1l",-1
"223266","Yy1","A","Atp13a1",-1
"223298","Yy1","B","Celf1",0.5
"223299","Yy1","A","Cep43",-1
"223327","Yy1","A","Dnaja3",-1
"223396","Yy1","A","Hnrnpl",-1
"223410","Yy1","A","Irak1",-1
"223422","Yy1","B","Kdm2a",0.5
"223462","Yy1","A","Micu2",-1
"223464","Yy1","A","Mkln1",-1
"223468","Yy1","A","Mrps10",-1
"223469","Yy1","A","Mrps18b",-1
"223509","Yy1","A","Pbdc1",-1
"223532","Yy1","A","Ppp2r1a",-1
"223546","Yy1","A","Psmd8",-1
"223556","Yy1","A","Ranbp10",-1
"223559","Yy1","A","Raver1",-1
"223570","Yy1","A","Rprd2",-1
"223606","Yy1","A","Snx27",-1
"223615","Yy1","A","Spns1",-1
"223622","Yy1","A","Srp68",-1
"223671","Yy1","A","Ttc17",-1
"223680","Yy1","B","Usp7",0.5
"224220","Zbtb33","B","Cul3",0.5
"224273","Zbtb33","B","Gtf2a1",0.5
"224316","Zbtb33","B","Ireb2",0.5
"224332","Zbtb33","B","Lsm14a",0.5
"224358","Zbtb33","B","Nanp",0.5
"224408","Zbtb33","B","Pura",0.5
"224414","Zbtb33","B","Rbm15",0.5
"224424","Zbtb33","B","Rmi1",0.5
"224448","Zbtb33","B","Slc39a9",0.5
"224523","Zbtb33","B","Ube2d3",0.5
"224540","Zbtb33","B","Yod1",0.5
"224559","Zbtb33","B","Zzz3",0.5
"224875","Zbtb7a","B","Pnpla6",0.5
"224920","Zbtb7a","B","Septin9",0.5
"225452","Zeb1","B","Csrp1",0.5
"225504","Zeb1","B","Flna",0.5
"225540","Zeb1","B","Itgb1",0.5
"225559","Zeb1","B","Lad1",0.5
"225625","Zeb1","B","Phldb1",0.5
"225660","Zeb1","B","Pxn",0.5
"225710","Zeb1","B","Slc25a10",0.5
"225750","Zeb1","B","Tecr",0.5
"229237","Znf263","B","Aatk",0.5
"229238","Znf263","B","Abca7",0.5
"229255","Znf263","B","Abr",0.5
"229269","Znf263","B","Acot7",0.5
"229273","Znf263","B","Acsf3",0.5
"229283","Znf263","B","Actrt2",0.5
"229298","Znf263","B","Adcy3",0.5
"229303","Znf263","B","Adgrb1",0.5
"229305","Znf263","B","Adgrd1",0.5
"229306","Znf263","B","Adgrg1",0.5
"229313","Znf263","B","Agap1",0.5
"229314","Znf263","B","Agap3",0.5
"229320","Znf263","B","Agpat2",0.5
"229321","Znf263","B","Agpat3",0.5
"229324","Znf263","B","Agrn",0.5
"229328","Znf263","B","Ahdc1",0.5
"229329","Znf263","B","Ahrr",0.5
"229340","Znf263","B","Akt2",0.5
"229352","Znf263","B","Ank1",0.5
"229353","Znf263","B","Ankrd11",0.5
"229359","Znf263","B","Ano7",0.5
"229367","Znf263","B","Ap2a2",0.5
"229371","Znf263","B","Apba2",0.5
"229382","Znf263","B","Arap1",0.5
"229385","Znf263","B","Arhgap22",0.5
"229386","Znf263","B","Arhgap23",0.5
"229392","Znf263","B","Arhgef1",0.5
"229396","Znf263","B","Arhgef16",0.5
"229397","Znf263","B","Arhgef17",0.5
"229403","Znf263","B","Arid1b",0.5
"229422","Znf263","B","Asap1",0.5
"229423","Znf263","B","Asap2",0.5
"229429","Znf263","B","Ass1",0.5
"229438","Znf263","B","Atp11a",0.5
"229443","Znf263","B","Atp2b2",0.5
"229465","Znf263","B","Bahcc1",0.5
"229466","Znf263","B","Baiap2",0.5
"229480","Znf263","B","Bcor",0.5
"229482","Znf263","B","Bcr",0.5
"229487","Znf263","B","Bin1",0.5
"229529","Znf263","B","C2cd2",0.5
"229547","Znf263","B","Cacna1a",0.5
"229553","Znf263","B","Cacna1i",0.5
"229569","Znf263","B","Camk2b",0.5
"229588","Znf263","B","Casz1",0.5
"229592","Znf263","B","Cbfa2t3",0.5
"229600","Znf263","B","Cbx8",0.5
"229621","Znf263","B","Ccny",0.5
"229644","Znf263","B","Cdc42ep4",0.5
"229650","Znf263","B","Cdh22",0.5
"229651","Znf263","B","Cdh23",0.5
"229688","Znf263","B","Chd5",0.5
"229702","Znf263","B","Chst8",0.5
"229720","Znf263","B","Clip2",0.5
"229736","Znf263","B","Col13a1",0.5
"229737","Znf263","B","Col16a1",0.5
"229738","Znf263","B","Col18a1",0.5
"229741","Znf263","B","Col26a1",0.5
"229742","Znf263","B","Col27a1",0.5
"229765","Znf263","B","Cpne5",0.5
"229780","Znf263","B","Crtc1",0.5
"229787","Znf263","B","Csnk1d",0.5
"229802","Znf263","B","Ctnna1",0.5
"229812","Znf263","B","Cux2",0.5
"229816","Znf263","B","Cxxc5",0.5
"229836","Znf263","B","Dcakd",0.5
"229857","Znf263","B","Dennd1a",0.5
"229866","Znf263","B","Dgcr8",0.5
"229868","Znf263","B","Dgkz",0.5
"229879","Znf263","B","Dip2c",0.5
"229882","Znf263","B","Disp3",0.5
"229887","Znf263","B","Dlg5",0.5
"229890","Znf263","B","Dlgap4",0.5
"229900","Znf263","B","Dnah17",0.5
"229905","Znf263","B","Dnajb12",0.5
"229906","Znf263","B","Dnajb6",0.5
"229912","Znf263","B","Dnm1",0.5
"229932","Znf263","B","Dpp6",0.5
"229954","Znf263","B","Dysf",0.5
"229975","Znf263","B","Ehd1",0.5
"229995","Znf263","B","Ell",0.5
"230013","Znf263","B","Epb41l1",0.5
"230016","Znf263","B","Epha2",0.5
"230017","Znf263","B","Ephb2",0.5
"230018","Znf263","B","Ephb4",0.5
"230027","Znf263","B","Ergic1",0.5
"230050","Znf263","B","Fads2",0.5
"230053","Znf263","B","Fam102a",0.5
"230063","Znf263","B","Fam178b",0.5
"230072","Znf263","B","Fam78a",0.5
"230080","Znf263","B","Fbln2",0.5
"230081","Znf263","B","Fbrs",0.5
"230082","Znf263","B","Fbrsl1",0.5
"230111","Znf263","B","Fibcd1",0.5
"230117","Znf263","B","Flnc",0.5
"230147","Znf263","B","Ftcd",0.5
"230162","Znf263","B","Gabbr2",0.5
"230164","Znf263","B","Gak",0.5
"230199","Znf263","B","Gli2",0.5
"230211","Znf263","B","Gnao1",0.5
"230213","Znf263","B","Gnaz",0.5
"230243","Znf263","B","Grin1",0.5
"230246","Znf263","B","Grip2",0.5
"230250","Znf263","B","Grm4",0.5
"230253","Znf263","B","Gse1",0.5
"230254","Znf263","B","Gsn",0.5
"230273","Znf263","B","Hdac4",0.5
"230292","Znf263","B","Hk1",0.5
"230308","Znf263","B","Hpcal1",0.5
"230319","Znf263","B","Hspg2",0.5
"230339","Znf263","B","Igf1r",0.5
"230344","Znf263","B","Igsf21",0.5
"230377","Znf263","B","Iqsec1",0.5
"230378","Znf263","B","Iqsec2",0.5
"230394","Znf263","B","Itgb2",0.5
"230397","Znf263","B","Itpk1",0.5
"230399","Znf263","B","Itpkb",0.5
"230400","Znf263","B","Itpr1",0.5
"230415","Znf263","B","Kcnab2",0.5
"230419","Znf263","B","Kcnh2",0.5
"230426","Znf263","B","Kcnn3",0.5
"230428","Znf263","B","Kcnq1",0.5
"230429","Znf263","B","Kcnq2",0.5
"230432","Znf263","B","Kcp",0.5
"230437","Znf263","B","Kdm2b",0.5
"230447","Znf263","B","Kiaa0513",0.5
"230450","Znf263","B","Kiaa1522",0.5
"230470","Znf263","B","Klhl29",0.5
"230480","Znf263","B","Ksr1",0.5
"230485","Znf263","B","Lama5",0.5
"230486","Znf263","B","Lamc3",0.5
"230496","Znf263","B","Ldlrap1",0.5
"230501","Znf263","B","Lgr6",0.5
"230502","Znf263","B","Lhfpl2",0.5
"230506","Znf263","B","Lhx3",0.5
"230511","Znf263","B","Lingo1",0.5
"230515","Znf263","B","Lmna",0.5
"230523","Znf263","B","Lpcat1",0.5
"230551","Znf263","B","Ltbp3",0.5
"230552","Znf263","B","Ltbp4",0.5
"230567","Znf263","B","Mad1l1",0.5
"230578","Znf263","B","Map2k2",0.5
"230605","Znf263","B","Mcf2l",0.5
"230610","Znf263","B","Mdga1",0.5
"230620","Znf263","B","Med15",0.5
"230623","Znf263","B","Megf11",0.5
"230624","Znf263","B","Megf6",0.5
"230639","Znf263","B","Mgat3",0.5
"230642","Znf263","B","Mical3",0.5
"230644","Znf263","B","Micall2",0.5
"230652","Znf263","B","Mknk2",0.5
"230657","Znf263","B","Mlxipl",0.5
"230688","Znf263","B","Msi2",0.5
"230693","Znf263","B","Mtcl1",0.5
"230718","Znf263","B","Myo18a",0.5
"230722","Znf263","B","Myo7a",0.5
"230725","Znf263","B","Myom3",0.5
"230727","Znf263","B","Myt1l",0.5
"230729","Znf263","B","Nacc2",0.5
"230730","Znf263","B","Nadk",0.5
"230742","Znf263","B","Ncor2",0.5
"230743","Znf263","B","Ncs1",0.5
"230745","Znf263","B","Ndst1",0.5
"230767","Znf263","B","Nfasc",0.5
"230771","Znf263","B","Nfic",0.5
"230772","Znf263","B","Nfix",0.5
"230787","Znf263","B","Nol4l",0.5
"230791","Znf263","B","Notch1",0.5
"230810","Znf263","B","Nrxn2",0.5
"230816","Znf263","B","Ntng2",0.5
"230817","Znf263","B","Ntrk1",0.5
"230825","Znf263","B","Nup210",0.5
"230830","Znf263","B","Obscn",0.5
"230840","Znf263","B","Osbpl5",0.5
"230857","Znf263","B","Pacsin1",0.5
"230882","Znf263","B","Pcbp3",0.5
"230888","Znf263","B","Pcsk6",0.5
"230892","Znf263","B","Pde2a",0.5
"230900","Znf263","B","Pdgfrb",0.5
"230906","Znf263","B","Pdxk",0.5
"230917","Znf263","B","Pfkl",0.5
"230918","Znf263","B","Pfkp",0.5
"230919","Znf263","B","Pgbd5",0.5
"230933","Znf263","B","Pi4ka",0.5
"230946","Znf263","B","Pip5k1c",0.5
"230947","Znf263","B","Pitpnm2",0.5
"230948","Znf263","B","Pitpnm3",0.5
"230954","Znf263","B","Pla2g6",0.5
"230959","Znf263","B","Plcg2",0.5
"230960","Znf263","B","Plch2",0.5
"230961","Znf263","B","Plec",0.5
"230968","Znf263","B","Plekhg5",0.5
"230975","Znf263","B","Plxna2",0.5
"230977","Znf263","B","Plxnd1",0.5
"230983","Znf263","B","Pnpla7",0.5
"230988","Znf263","B","Pole",0.5
"230997","Znf263","B","Por",0.5
"231001","Znf263","B","Ppargc1b",0.5
"231004","Znf263","B","Ppil2",0.5
"231007","Znf263","B","Ppm1f",0.5
"231028","Znf263","B","Prdm16",0.5
"231037","Znf263","B","Prkag2",0.5
"231038","Znf263","B","Prkar1b",0.5
"231041","Znf263","B","Prkce",0.5
"231043","Znf263","B","Prkcz",0.5
"231056","Znf263","B","Prr5",0.5
"231066","Znf263","B","Psd4",0.5
"231088","Znf263","B","Ptk7",0.5
"231103","Znf263","B","Ptprf",0.5
"231108","Znf263","B","Ptpru",0.5
"231116","Znf263","B","Pxn",0.5
"231123","Znf263","B","Rab11fip3",0.5
"231134","Znf263","B","Radil",0.5
"231140","Znf263","B","Ralgds",0.5
"231141","Znf263","B","Ralgps1",0.5
"231151","Znf263","B","Rap1gap",0.5
"231165","Znf263","B","Rbfox3",0.5
"231169","Znf263","B","Rbm19",0.5
"231187","Znf263","B","Ret",0.5
"231196","Znf263","B","Rgs12",0.5
"231198","Znf263","B","Rgs3",0.5
"231231","Znf263","B","Rnf220",0.5
"231240","Znf263","B","Ror2",0.5
"231242","Znf263","B","Rph3al",0.5
"231253","Znf263","B","Rps6ka1",0.5
"231254","Znf263","B","Rps6ka2",0.5
"231267","Znf263","B","Rtn4r",0.5
"231269","Znf263","B","Runx1",0.5
"231271","Znf263","B","Rxra",0.5
"231272","Znf263","B","Ryr1",0.5
"231283","Znf263","B","Sardh",0.5
"231287","Znf263","B","Sbno2",0.5
"231292","Znf263","B","Scarb1",0.5
"231299","Znf263","B","Sdc3",0.5
"231302","Znf263","B","Sdk2",0.5
"231303","Znf263","B","Sec14l1",0.5
"231315","Znf263","B","Septin9",0.5
"231339","Znf263","B","Sh3tc1",0.5
"231357","Znf263","B","Ski",0.5
"231362","Znf263","B","Slc12a7",0.5
"231370","Znf263","B","Slc22a23",0.5
"231374","Znf263","B","Slc25a10",0.5
"231390","Znf263","B","Slc38a10",0.5
"231404","Znf263","B","Slc66a1",0.5
"231406","Znf263","B","Slc6a18",0.5
"231409","Znf263","B","Slc6a6",0.5
"231416","Znf263","B","Slc9a1",0.5
"231424","Znf263","B","Smad3",0.5
"231426","Znf263","B","Smad7",0.5
"231427","Znf263","B","Smarcd3",0.5
"231429","Znf263","B","Smoc2",0.5
"231437","Znf263","B","Snd1",0.5
"231450","Znf263","B","Soga1",0.5
"231453","Znf263","B","Sorcs2",0.5
"231467","Znf263","B","Speg",0.5
"231478","Znf263","B","Spsb1",0.5
"231483","Znf263","B","Src",0.5
"231491","Znf263","B","Ssbp3",0.5
"231509","Znf263","B","Stk32c",0.5
"231518","Znf263","B","Stx1a",0.5
"231545","Znf263","B","Synj2",0.5
"231552","Znf263","B","Tacc2",0.5
"231564","Znf263","B","Tango2",0.5
"231579","Znf263","B","Tbcd",0.5
"231584","Znf263","B","Tbx1",0.5
"231592","Znf263","B","Tcerg1l",0.5
"231596","Znf263","B","Tcf3",0.5
"231605","Znf263","B","Tesc",0.5
"231614","Znf263","B","Tfeb",0.5
"231641","Znf263","B","Tle3",0.5
"231656","Znf263","B","Tmem132b",0.5
"231668","Znf263","B","Tmem201",0.5
"231703","Znf263","B","Tns1",0.5
"231704","Znf263","B","Tns3",0.5
"231711","Znf263","B","Top3b",0.5
"231716","Znf263","B","Tp73",0.5
"231733","Znf263","B","Trappc9",0.5
"231749","Znf263","B","Trio",0.5
"231774","Znf263","B","Ttc7a",0.5
"231777","Znf263","B","Ttyh3",0.5
"231784","Znf263","B","Txnrd2",0.5
"231790","Znf263","B","Ubac1",0.5
"231811","Znf263","B","Unc5a",0.5
"231833","Znf263","B","Vav2",0.5
"231864","Znf263","B","Wdr86",0.5
"231868","Znf263","B","Wnk2",0.5
"231873","Znf263","B","Wnt4",0.5
"231875","Znf263","B","Wnt7a",0.5
"231884","Znf263","B","Xxylt1",0.5
"231886","Znf263","B","Yeats2",0.5
"231893","Znf263","B","Zbtb16",0.5
"231900","Znf263","B","Zbtb7c",0.5
"231903","Znf263","B","Zc3h18",0.5
"231929","Znf263","B","Zfyve28",0.5
"231934","Znf263","B","Zmiz1",0.5
"231960","Znf263","B","Znf608",0.5
